[0.236s] DEBUG:colcon:Command line arguments: ['/usr/bin/colcon', 'build']
[0.236s] DEBUG:colcon:Parsed command line arguments: Namespace(log_base=None, log_level=None, verb_name='build', build_base='build', install_base='install', merge_install=False, symlink_install=False, test_result_base=None, continue_on_error=False, executor='parallel', parallel_workers=4, event_handlers=None, ignore_user_meta=False, metas=['./colcon.meta'], base_paths=['.'], packages_ignore=None, packages_ignore_regex=None, paths=None, packages_up_to=None, packages_up_to_regex=None, packages_above=None, packages_above_and_dependencies=None, packages_above_depth=None, packages_select_by_dep=None, packages_skip_by_dep=None, packages_skip_up_to=None, packages_select_build_failed=False, packages_skip_build_finished=False, packages_select_test_failures=False, packages_skip_test_passed=False, packages_select=None, packages_skip=None, packages_select_regex=None, packages_skip_regex=None, packages_start=None, packages_end=None, allow_overriding=[], cmake_args=None, cmake_target=None, cmake_target_skip_unavailable=False, cmake_clean_cache=False, cmake_clean_first=False, cmake_force_configure=False, ament_cmake_args=None, catkin_cmake_args=None, catkin_skip_building_tests=False, mixin_files=None, mixin=None, verb_parser=<colcon_mixin.mixin.mixin_argument.MixinArgumentDecorator object at 0x71eddfc19540>, verb_extension=<colcon_core.verb.build.BuildVerb object at 0x71eddfc19030>, main=<bound method BuildVerb.main of <colcon_core.verb.build.BuildVerb object at 0x71eddfc19030>>, mixin_verb=('build',))
[0.616s] Level 1:colcon.colcon_core.package_discovery:discover_packages(colcon_meta) check parameters
[0.616s] Level 1:colcon.colcon_core.package_discovery:discover_packages(recursive) check parameters
[0.616s] Level 1:colcon.colcon_core.package_discovery:discover_packages(ignore) check parameters
[0.616s] Level 1:colcon.colcon_core.package_discovery:discover_packages(path) check parameters
[0.616s] Level 1:colcon.colcon_core.package_discovery:discover_packages(colcon_meta) discover
[0.616s] Level 1:colcon.colcon_core.package_discovery:discover_packages(recursive) discover
[0.617s] INFO:colcon.colcon_core.package_discovery:Crawling recursively for packages in '/home/util/Documents/Projet/ros2_remote/ros_ws'
[0.617s] Level 1:colcon.colcon_core.package_identification:_identify(.) by extensions ['ignore', 'ignore_ament_install']
[0.617s] Level 1:colcon.colcon_core.package_identification:_identify(.) by extension 'ignore'
[0.617s] Level 1:colcon.colcon_core.package_identification:_identify(.) by extension 'ignore_ament_install'
[0.617s] Level 1:colcon.colcon_core.package_identification:_identify(.) by extensions ['colcon_pkg']
[0.618s] Level 1:colcon.colcon_core.package_identification:_identify(.) by extension 'colcon_pkg'
[0.618s] Level 1:colcon.colcon_core.package_identification:_identify(.) by extensions ['colcon_meta']
[0.618s] Level 1:colcon.colcon_core.package_identification:_identify(.) by extension 'colcon_meta'
[0.618s] Level 1:colcon.colcon_core.package_identification:_identify(.) by extensions ['ros']
[0.618s] Level 1:colcon.colcon_core.package_identification:_identify(.) by extension 'ros'
[0.640s] Level 1:colcon.colcon_core.package_identification:_identify(.) by extensions ['cmake', 'python']
[0.640s] Level 1:colcon.colcon_core.package_identification:_identify(.) by extension 'cmake'
[0.640s] Level 1:colcon.colcon_core.package_identification:_identify(.) by extension 'python'
[0.640s] Level 1:colcon.colcon_core.package_identification:_identify(.) by extensions ['python_setup_py']
[0.640s] Level 1:colcon.colcon_core.package_identification:_identify(.) by extension 'python_setup_py'
[0.641s] Level 1:colcon.colcon_core.package_identification:_identify(build) by extensions ['ignore', 'ignore_ament_install']
[0.641s] Level 1:colcon.colcon_core.package_identification:_identify(build) by extension 'ignore'
[0.642s] Level 1:colcon.colcon_core.package_identification:_identify(build) ignored
[0.642s] Level 1:colcon.colcon_core.package_identification:_identify(config) by extensions ['ignore', 'ignore_ament_install']
[0.642s] Level 1:colcon.colcon_core.package_identification:_identify(config) by extension 'ignore'
[0.642s] Level 1:colcon.colcon_core.package_identification:_identify(config) by extension 'ignore_ament_install'
[0.643s] Level 1:colcon.colcon_core.package_identification:_identify(config) by extensions ['colcon_pkg']
[0.643s] Level 1:colcon.colcon_core.package_identification:_identify(config) by extension 'colcon_pkg'
[0.643s] Level 1:colcon.colcon_core.package_identification:_identify(config) by extensions ['colcon_meta']
[0.643s] Level 1:colcon.colcon_core.package_identification:_identify(config) by extension 'colcon_meta'
[0.643s] Level 1:colcon.colcon_core.package_identification:_identify(config) by extensions ['ros']
[0.643s] Level 1:colcon.colcon_core.package_identification:_identify(config) by extension 'ros'
[0.643s] Level 1:colcon.colcon_core.package_identification:_identify(config) by extensions ['cmake', 'python']
[0.643s] Level 1:colcon.colcon_core.package_identification:_identify(config) by extension 'cmake'
[0.643s] Level 1:colcon.colcon_core.package_identification:_identify(config) by extension 'python'
[0.643s] Level 1:colcon.colcon_core.package_identification:_identify(config) by extensions ['python_setup_py']
[0.643s] Level 1:colcon.colcon_core.package_identification:_identify(config) by extension 'python_setup_py'
[0.644s] Level 1:colcon.colcon_core.package_identification:_identify(config/node_modules) by extensions ['ignore', 'ignore_ament_install']
[0.644s] Level 1:colcon.colcon_core.package_identification:_identify(config/node_modules) by extension 'ignore'
[0.644s] Level 1:colcon.colcon_core.package_identification:_identify(config/node_modules) by extension 'ignore_ament_install'
[0.644s] Level 1:colcon.colcon_core.package_identification:_identify(config/node_modules) by extensions ['colcon_pkg']
[0.644s] Level 1:colcon.colcon_core.package_identification:_identify(config/node_modules) by extension 'colcon_pkg'
[0.644s] Level 1:colcon.colcon_core.package_identification:_identify(config/node_modules) by extensions ['colcon_meta']
[0.644s] Level 1:colcon.colcon_core.package_identification:_identify(config/node_modules) by extension 'colcon_meta'
[0.644s] Level 1:colcon.colcon_core.package_identification:_identify(config/node_modules) by extensions ['ros']
[0.644s] Level 1:colcon.colcon_core.package_identification:_identify(config/node_modules) by extension 'ros'
[0.644s] Level 1:colcon.colcon_core.package_identification:_identify(config/node_modules) by extensions ['cmake', 'python']
[0.644s] Level 1:colcon.colcon_core.package_identification:_identify(config/node_modules) by extension 'cmake'
[0.644s] Level 1:colcon.colcon_core.package_identification:_identify(config/node_modules) by extension 'python'
[0.644s] Level 1:colcon.colcon_core.package_identification:_identify(config/node_modules) by extensions ['python_setup_py']
[0.644s] Level 1:colcon.colcon_core.package_identification:_identify(config/node_modules) by extension 'python_setup_py'
[0.645s] Level 1:colcon.colcon_core.package_identification:_identify(config/node_modules/@socket.io) by extensions ['ignore', 'ignore_ament_install']
[0.645s] Level 1:colcon.colcon_core.package_identification:_identify(config/node_modules/@socket.io) by extension 'ignore'
[0.645s] Level 1:colcon.colcon_core.package_identification:_identify(config/node_modules/@socket.io) by extension 'ignore_ament_install'
[0.645s] Level 1:colcon.colcon_core.package_identification:_identify(config/node_modules/@socket.io) by extensions ['colcon_pkg']
[0.645s] Level 1:colcon.colcon_core.package_identification:_identify(config/node_modules/@socket.io) by extension 'colcon_pkg'
[0.645s] Level 1:colcon.colcon_core.package_identification:_identify(config/node_modules/@socket.io) by extensions ['colcon_meta']
[0.645s] Level 1:colcon.colcon_core.package_identification:_identify(config/node_modules/@socket.io) by extension 'colcon_meta'
[0.645s] Level 1:colcon.colcon_core.package_identification:_identify(config/node_modules/@socket.io) by extensions ['ros']
[0.645s] Level 1:colcon.colcon_core.package_identification:_identify(config/node_modules/@socket.io) by extension 'ros'
[0.645s] Level 1:colcon.colcon_core.package_identification:_identify(config/node_modules/@socket.io) by extensions ['cmake', 'python']
[0.645s] Level 1:colcon.colcon_core.package_identification:_identify(config/node_modules/@socket.io) by extension 'cmake'
[0.645s] Level 1:colcon.colcon_core.package_identification:_identify(config/node_modules/@socket.io) by extension 'python'
[0.645s] Level 1:colcon.colcon_core.package_identification:_identify(config/node_modules/@socket.io) by extensions ['python_setup_py']
[0.645s] Level 1:colcon.colcon_core.package_identification:_identify(config/node_modules/@socket.io) by extension 'python_setup_py'
[0.646s] Level 1:colcon.colcon_core.package_identification:_identify(config/node_modules/@socket.io/component-emitter) by extensions ['ignore', 'ignore_ament_install']
[0.646s] Level 1:colcon.colcon_core.package_identification:_identify(config/node_modules/@socket.io/component-emitter) by extension 'ignore'
[0.646s] Level 1:colcon.colcon_core.package_identification:_identify(config/node_modules/@socket.io/component-emitter) by extension 'ignore_ament_install'
[0.646s] Level 1:colcon.colcon_core.package_identification:_identify(config/node_modules/@socket.io/component-emitter) by extensions ['colcon_pkg']
[0.646s] Level 1:colcon.colcon_core.package_identification:_identify(config/node_modules/@socket.io/component-emitter) by extension 'colcon_pkg'
[0.646s] Level 1:colcon.colcon_core.package_identification:_identify(config/node_modules/@socket.io/component-emitter) by extensions ['colcon_meta']
[0.646s] Level 1:colcon.colcon_core.package_identification:_identify(config/node_modules/@socket.io/component-emitter) by extension 'colcon_meta'
[0.646s] Level 1:colcon.colcon_core.package_identification:_identify(config/node_modules/@socket.io/component-emitter) by extensions ['ros']
[0.646s] Level 1:colcon.colcon_core.package_identification:_identify(config/node_modules/@socket.io/component-emitter) by extension 'ros'
[0.646s] Level 1:colcon.colcon_core.package_identification:_identify(config/node_modules/@socket.io/component-emitter) by extensions ['cmake', 'python']
[0.646s] Level 1:colcon.colcon_core.package_identification:_identify(config/node_modules/@socket.io/component-emitter) by extension 'cmake'
[0.646s] Level 1:colcon.colcon_core.package_identification:_identify(config/node_modules/@socket.io/component-emitter) by extension 'python'
[0.646s] Level 1:colcon.colcon_core.package_identification:_identify(config/node_modules/@socket.io/component-emitter) by extensions ['python_setup_py']
[0.646s] Level 1:colcon.colcon_core.package_identification:_identify(config/node_modules/@socket.io/component-emitter) by extension 'python_setup_py'
[0.647s] Level 1:colcon.colcon_core.package_identification:_identify(config/node_modules/@socket.io/component-emitter/lib) by extensions ['ignore', 'ignore_ament_install']
[0.647s] Level 1:colcon.colcon_core.package_identification:_identify(config/node_modules/@socket.io/component-emitter/lib) by extension 'ignore'
[0.647s] Level 1:colcon.colcon_core.package_identification:_identify(config/node_modules/@socket.io/component-emitter/lib) by extension 'ignore_ament_install'
[0.647s] Level 1:colcon.colcon_core.package_identification:_identify(config/node_modules/@socket.io/component-emitter/lib) by extensions ['colcon_pkg']
[0.647s] Level 1:colcon.colcon_core.package_identification:_identify(config/node_modules/@socket.io/component-emitter/lib) by extension 'colcon_pkg'
[0.647s] Level 1:colcon.colcon_core.package_identification:_identify(config/node_modules/@socket.io/component-emitter/lib) by extensions ['colcon_meta']
[0.647s] Level 1:colcon.colcon_core.package_identification:_identify(config/node_modules/@socket.io/component-emitter/lib) by extension 'colcon_meta'
[0.647s] Level 1:colcon.colcon_core.package_identification:_identify(config/node_modules/@socket.io/component-emitter/lib) by extensions ['ros']
[0.647s] Level 1:colcon.colcon_core.package_identification:_identify(config/node_modules/@socket.io/component-emitter/lib) by extension 'ros'
[0.647s] Level 1:colcon.colcon_core.package_identification:_identify(config/node_modules/@socket.io/component-emitter/lib) by extensions ['cmake', 'python']
[0.647s] Level 1:colcon.colcon_core.package_identification:_identify(config/node_modules/@socket.io/component-emitter/lib) by extension 'cmake'
[0.647s] Level 1:colcon.colcon_core.package_identification:_identify(config/node_modules/@socket.io/component-emitter/lib) by extension 'python'
[0.647s] Level 1:colcon.colcon_core.package_identification:_identify(config/node_modules/@socket.io/component-emitter/lib) by extensions ['python_setup_py']
[0.647s] Level 1:colcon.colcon_core.package_identification:_identify(config/node_modules/@socket.io/component-emitter/lib) by extension 'python_setup_py'
[0.648s] Level 1:colcon.colcon_core.package_identification:_identify(config/node_modules/@socket.io/component-emitter/lib/cjs) by extensions ['ignore', 'ignore_ament_install']
[0.648s] Level 1:colcon.colcon_core.package_identification:_identify(config/node_modules/@socket.io/component-emitter/lib/cjs) by extension 'ignore'
[0.648s] Level 1:colcon.colcon_core.package_identification:_identify(config/node_modules/@socket.io/component-emitter/lib/cjs) by extension 'ignore_ament_install'
[0.648s] Level 1:colcon.colcon_core.package_identification:_identify(config/node_modules/@socket.io/component-emitter/lib/cjs) by extensions ['colcon_pkg']
[0.648s] Level 1:colcon.colcon_core.package_identification:_identify(config/node_modules/@socket.io/component-emitter/lib/cjs) by extension 'colcon_pkg'
[0.648s] Level 1:colcon.colcon_core.package_identification:_identify(config/node_modules/@socket.io/component-emitter/lib/cjs) by extensions ['colcon_meta']
[0.648s] Level 1:colcon.colcon_core.package_identification:_identify(config/node_modules/@socket.io/component-emitter/lib/cjs) by extension 'colcon_meta'
[0.648s] Level 1:colcon.colcon_core.package_identification:_identify(config/node_modules/@socket.io/component-emitter/lib/cjs) by extensions ['ros']
[0.648s] Level 1:colcon.colcon_core.package_identification:_identify(config/node_modules/@socket.io/component-emitter/lib/cjs) by extension 'ros'
[0.648s] Level 1:colcon.colcon_core.package_identification:_identify(config/node_modules/@socket.io/component-emitter/lib/cjs) by extensions ['cmake', 'python']
[0.648s] Level 1:colcon.colcon_core.package_identification:_identify(config/node_modules/@socket.io/component-emitter/lib/cjs) by extension 'cmake'
[0.648s] Level 1:colcon.colcon_core.package_identification:_identify(config/node_modules/@socket.io/component-emitter/lib/cjs) by extension 'python'
[0.648s] Level 1:colcon.colcon_core.package_identification:_identify(config/node_modules/@socket.io/component-emitter/lib/cjs) by extensions ['python_setup_py']
[0.648s] Level 1:colcon.colcon_core.package_identification:_identify(config/node_modules/@socket.io/component-emitter/lib/cjs) by extension 'python_setup_py'
[0.649s] Level 1:colcon.colcon_core.package_identification:_identify(config/node_modules/@socket.io/component-emitter/lib/esm) by extensions ['ignore', 'ignore_ament_install']
[0.649s] Level 1:colcon.colcon_core.package_identification:_identify(config/node_modules/@socket.io/component-emitter/lib/esm) by extension 'ignore'
[0.649s] Level 1:colcon.colcon_core.package_identification:_identify(config/node_modules/@socket.io/component-emitter/lib/esm) by extension 'ignore_ament_install'
[0.649s] Level 1:colcon.colcon_core.package_identification:_identify(config/node_modules/@socket.io/component-emitter/lib/esm) by extensions ['colcon_pkg']
[0.649s] Level 1:colcon.colcon_core.package_identification:_identify(config/node_modules/@socket.io/component-emitter/lib/esm) by extension 'colcon_pkg'
[0.649s] Level 1:colcon.colcon_core.package_identification:_identify(config/node_modules/@socket.io/component-emitter/lib/esm) by extensions ['colcon_meta']
[0.649s] Level 1:colcon.colcon_core.package_identification:_identify(config/node_modules/@socket.io/component-emitter/lib/esm) by extension 'colcon_meta'
[0.649s] Level 1:colcon.colcon_core.package_identification:_identify(config/node_modules/@socket.io/component-emitter/lib/esm) by extensions ['ros']
[0.649s] Level 1:colcon.colcon_core.package_identification:_identify(config/node_modules/@socket.io/component-emitter/lib/esm) by extension 'ros'
[0.649s] Level 1:colcon.colcon_core.package_identification:_identify(config/node_modules/@socket.io/component-emitter/lib/esm) by extensions ['cmake', 'python']
[0.650s] Level 1:colcon.colcon_core.package_identification:_identify(config/node_modules/@socket.io/component-emitter/lib/esm) by extension 'cmake'
[0.650s] Level 1:colcon.colcon_core.package_identification:_identify(config/node_modules/@socket.io/component-emitter/lib/esm) by extension 'python'
[0.650s] Level 1:colcon.colcon_core.package_identification:_identify(config/node_modules/@socket.io/component-emitter/lib/esm) by extensions ['python_setup_py']
[0.650s] Level 1:colcon.colcon_core.package_identification:_identify(config/node_modules/@socket.io/component-emitter/lib/esm) by extension 'python_setup_py'
[0.650s] Level 1:colcon.colcon_core.package_identification:_identify(config/node_modules/@types) by extensions ['ignore', 'ignore_ament_install']
[0.650s] Level 1:colcon.colcon_core.package_identification:_identify(config/node_modules/@types) by extension 'ignore'
[0.650s] Level 1:colcon.colcon_core.package_identification:_identify(config/node_modules/@types) by extension 'ignore_ament_install'
[0.650s] Level 1:colcon.colcon_core.package_identification:_identify(config/node_modules/@types) by extensions ['colcon_pkg']
[0.650s] Level 1:colcon.colcon_core.package_identification:_identify(config/node_modules/@types) by extension 'colcon_pkg'
[0.650s] Level 1:colcon.colcon_core.package_identification:_identify(config/node_modules/@types) by extensions ['colcon_meta']
[0.650s] Level 1:colcon.colcon_core.package_identification:_identify(config/node_modules/@types) by extension 'colcon_meta'
[0.650s] Level 1:colcon.colcon_core.package_identification:_identify(config/node_modules/@types) by extensions ['ros']
[0.650s] Level 1:colcon.colcon_core.package_identification:_identify(config/node_modules/@types) by extension 'ros'
[0.650s] Level 1:colcon.colcon_core.package_identification:_identify(config/node_modules/@types) by extensions ['cmake', 'python']
[0.650s] Level 1:colcon.colcon_core.package_identification:_identify(config/node_modules/@types) by extension 'cmake'
[0.650s] Level 1:colcon.colcon_core.package_identification:_identify(config/node_modules/@types) by extension 'python'
[0.650s] Level 1:colcon.colcon_core.package_identification:_identify(config/node_modules/@types) by extensions ['python_setup_py']
[0.650s] Level 1:colcon.colcon_core.package_identification:_identify(config/node_modules/@types) by extension 'python_setup_py'
[0.650s] Level 1:colcon.colcon_core.package_identification:_identify(config/node_modules/@types/cors) by extensions ['ignore', 'ignore_ament_install']
[0.651s] Level 1:colcon.colcon_core.package_identification:_identify(config/node_modules/@types/cors) by extension 'ignore'
[0.651s] Level 1:colcon.colcon_core.package_identification:_identify(config/node_modules/@types/cors) by extension 'ignore_ament_install'
[0.651s] Level 1:colcon.colcon_core.package_identification:_identify(config/node_modules/@types/cors) by extensions ['colcon_pkg']
[0.651s] Level 1:colcon.colcon_core.package_identification:_identify(config/node_modules/@types/cors) by extension 'colcon_pkg'
[0.651s] Level 1:colcon.colcon_core.package_identification:_identify(config/node_modules/@types/cors) by extensions ['colcon_meta']
[0.651s] Level 1:colcon.colcon_core.package_identification:_identify(config/node_modules/@types/cors) by extension 'colcon_meta'
[0.651s] Level 1:colcon.colcon_core.package_identification:_identify(config/node_modules/@types/cors) by extensions ['ros']
[0.651s] Level 1:colcon.colcon_core.package_identification:_identify(config/node_modules/@types/cors) by extension 'ros'
[0.651s] Level 1:colcon.colcon_core.package_identification:_identify(config/node_modules/@types/cors) by extensions ['cmake', 'python']
[0.651s] Level 1:colcon.colcon_core.package_identification:_identify(config/node_modules/@types/cors) by extension 'cmake'
[0.651s] Level 1:colcon.colcon_core.package_identification:_identify(config/node_modules/@types/cors) by extension 'python'
[0.651s] Level 1:colcon.colcon_core.package_identification:_identify(config/node_modules/@types/cors) by extensions ['python_setup_py']
[0.651s] Level 1:colcon.colcon_core.package_identification:_identify(config/node_modules/@types/cors) by extension 'python_setup_py'
[0.651s] Level 1:colcon.colcon_core.package_identification:_identify(config/node_modules/@types/node) by extensions ['ignore', 'ignore_ament_install']
[0.651s] Level 1:colcon.colcon_core.package_identification:_identify(config/node_modules/@types/node) by extension 'ignore'
[0.651s] Level 1:colcon.colcon_core.package_identification:_identify(config/node_modules/@types/node) by extension 'ignore_ament_install'
[0.652s] Level 1:colcon.colcon_core.package_identification:_identify(config/node_modules/@types/node) by extensions ['colcon_pkg']
[0.652s] Level 1:colcon.colcon_core.package_identification:_identify(config/node_modules/@types/node) by extension 'colcon_pkg'
[0.652s] Level 1:colcon.colcon_core.package_identification:_identify(config/node_modules/@types/node) by extensions ['colcon_meta']
[0.652s] Level 1:colcon.colcon_core.package_identification:_identify(config/node_modules/@types/node) by extension 'colcon_meta'
[0.652s] Level 1:colcon.colcon_core.package_identification:_identify(config/node_modules/@types/node) by extensions ['ros']
[0.652s] Level 1:colcon.colcon_core.package_identification:_identify(config/node_modules/@types/node) by extension 'ros'
[0.652s] Level 1:colcon.colcon_core.package_identification:_identify(config/node_modules/@types/node) by extensions ['cmake', 'python']
[0.653s] Level 1:colcon.colcon_core.package_identification:_identify(config/node_modules/@types/node) by extension 'cmake'
[0.653s] Level 1:colcon.colcon_core.package_identification:_identify(config/node_modules/@types/node) by extension 'python'
[0.653s] Level 1:colcon.colcon_core.package_identification:_identify(config/node_modules/@types/node) by extensions ['python_setup_py']
[0.653s] Level 1:colcon.colcon_core.package_identification:_identify(config/node_modules/@types/node) by extension 'python_setup_py'
[0.653s] Level 1:colcon.colcon_core.package_identification:_identify(config/node_modules/@types/node/assert) by extensions ['ignore', 'ignore_ament_install']
[0.653s] Level 1:colcon.colcon_core.package_identification:_identify(config/node_modules/@types/node/assert) by extension 'ignore'
[0.653s] Level 1:colcon.colcon_core.package_identification:_identify(config/node_modules/@types/node/assert) by extension 'ignore_ament_install'
[0.653s] Level 1:colcon.colcon_core.package_identification:_identify(config/node_modules/@types/node/assert) by extensions ['colcon_pkg']
[0.653s] Level 1:colcon.colcon_core.package_identification:_identify(config/node_modules/@types/node/assert) by extension 'colcon_pkg'
[0.653s] Level 1:colcon.colcon_core.package_identification:_identify(config/node_modules/@types/node/assert) by extensions ['colcon_meta']
[0.653s] Level 1:colcon.colcon_core.package_identification:_identify(config/node_modules/@types/node/assert) by extension 'colcon_meta'
[0.654s] Level 1:colcon.colcon_core.package_identification:_identify(config/node_modules/@types/node/assert) by extensions ['ros']
[0.654s] Level 1:colcon.colcon_core.package_identification:_identify(config/node_modules/@types/node/assert) by extension 'ros'
[0.654s] Level 1:colcon.colcon_core.package_identification:_identify(config/node_modules/@types/node/assert) by extensions ['cmake', 'python']
[0.654s] Level 1:colcon.colcon_core.package_identification:_identify(config/node_modules/@types/node/assert) by extension 'cmake'
[0.654s] Level 1:colcon.colcon_core.package_identification:_identify(config/node_modules/@types/node/assert) by extension 'python'
[0.654s] Level 1:colcon.colcon_core.package_identification:_identify(config/node_modules/@types/node/assert) by extensions ['python_setup_py']
[0.654s] Level 1:colcon.colcon_core.package_identification:_identify(config/node_modules/@types/node/assert) by extension 'python_setup_py'
[0.654s] Level 1:colcon.colcon_core.package_identification:_identify(config/node_modules/@types/node/compatibility) by extensions ['ignore', 'ignore_ament_install']
[0.654s] Level 1:colcon.colcon_core.package_identification:_identify(config/node_modules/@types/node/compatibility) by extension 'ignore'
[0.654s] Level 1:colcon.colcon_core.package_identification:_identify(config/node_modules/@types/node/compatibility) by extension 'ignore_ament_install'
[0.654s] Level 1:colcon.colcon_core.package_identification:_identify(config/node_modules/@types/node/compatibility) by extensions ['colcon_pkg']
[0.654s] Level 1:colcon.colcon_core.package_identification:_identify(config/node_modules/@types/node/compatibility) by extension 'colcon_pkg'
[0.654s] Level 1:colcon.colcon_core.package_identification:_identify(config/node_modules/@types/node/compatibility) by extensions ['colcon_meta']
[0.654s] Level 1:colcon.colcon_core.package_identification:_identify(config/node_modules/@types/node/compatibility) by extension 'colcon_meta'
[0.655s] Level 1:colcon.colcon_core.package_identification:_identify(config/node_modules/@types/node/compatibility) by extensions ['ros']
[0.655s] Level 1:colcon.colcon_core.package_identification:_identify(config/node_modules/@types/node/compatibility) by extension 'ros'
[0.655s] Level 1:colcon.colcon_core.package_identification:_identify(config/node_modules/@types/node/compatibility) by extensions ['cmake', 'python']
[0.655s] Level 1:colcon.colcon_core.package_identification:_identify(config/node_modules/@types/node/compatibility) by extension 'cmake'
[0.655s] Level 1:colcon.colcon_core.package_identification:_identify(config/node_modules/@types/node/compatibility) by extension 'python'
[0.655s] Level 1:colcon.colcon_core.package_identification:_identify(config/node_modules/@types/node/compatibility) by extensions ['python_setup_py']
[0.655s] Level 1:colcon.colcon_core.package_identification:_identify(config/node_modules/@types/node/compatibility) by extension 'python_setup_py'
[0.655s] Level 1:colcon.colcon_core.package_identification:_identify(config/node_modules/@types/node/dns) by extensions ['ignore', 'ignore_ament_install']
[0.655s] Level 1:colcon.colcon_core.package_identification:_identify(config/node_modules/@types/node/dns) by extension 'ignore'
[0.655s] Level 1:colcon.colcon_core.package_identification:_identify(config/node_modules/@types/node/dns) by extension 'ignore_ament_install'
[0.655s] Level 1:colcon.colcon_core.package_identification:_identify(config/node_modules/@types/node/dns) by extensions ['colcon_pkg']
[0.655s] Level 1:colcon.colcon_core.package_identification:_identify(config/node_modules/@types/node/dns) by extension 'colcon_pkg'
[0.655s] Level 1:colcon.colcon_core.package_identification:_identify(config/node_modules/@types/node/dns) by extensions ['colcon_meta']
[0.655s] Level 1:colcon.colcon_core.package_identification:_identify(config/node_modules/@types/node/dns) by extension 'colcon_meta'
[0.655s] Level 1:colcon.colcon_core.package_identification:_identify(config/node_modules/@types/node/dns) by extensions ['ros']
[0.655s] Level 1:colcon.colcon_core.package_identification:_identify(config/node_modules/@types/node/dns) by extension 'ros'
[0.655s] Level 1:colcon.colcon_core.package_identification:_identify(config/node_modules/@types/node/dns) by extensions ['cmake', 'python']
[0.655s] Level 1:colcon.colcon_core.package_identification:_identify(config/node_modules/@types/node/dns) by extension 'cmake'
[0.655s] Level 1:colcon.colcon_core.package_identification:_identify(config/node_modules/@types/node/dns) by extension 'python'
[0.655s] Level 1:colcon.colcon_core.package_identification:_identify(config/node_modules/@types/node/dns) by extensions ['python_setup_py']
[0.655s] Level 1:colcon.colcon_core.package_identification:_identify(config/node_modules/@types/node/dns) by extension 'python_setup_py'
[0.655s] Level 1:colcon.colcon_core.package_identification:_identify(config/node_modules/@types/node/fs) by extensions ['ignore', 'ignore_ament_install']
[0.656s] Level 1:colcon.colcon_core.package_identification:_identify(config/node_modules/@types/node/fs) by extension 'ignore'
[0.656s] Level 1:colcon.colcon_core.package_identification:_identify(config/node_modules/@types/node/fs) by extension 'ignore_ament_install'
[0.656s] Level 1:colcon.colcon_core.package_identification:_identify(config/node_modules/@types/node/fs) by extensions ['colcon_pkg']
[0.656s] Level 1:colcon.colcon_core.package_identification:_identify(config/node_modules/@types/node/fs) by extension 'colcon_pkg'
[0.656s] Level 1:colcon.colcon_core.package_identification:_identify(config/node_modules/@types/node/fs) by extensions ['colcon_meta']
[0.656s] Level 1:colcon.colcon_core.package_identification:_identify(config/node_modules/@types/node/fs) by extension 'colcon_meta'
[0.656s] Level 1:colcon.colcon_core.package_identification:_identify(config/node_modules/@types/node/fs) by extensions ['ros']
[0.656s] Level 1:colcon.colcon_core.package_identification:_identify(config/node_modules/@types/node/fs) by extension 'ros'
[0.657s] Level 1:colcon.colcon_core.package_identification:_identify(config/node_modules/@types/node/fs) by extensions ['cmake', 'python']
[0.657s] Level 1:colcon.colcon_core.package_identification:_identify(config/node_modules/@types/node/fs) by extension 'cmake'
[0.657s] Level 1:colcon.colcon_core.package_identification:_identify(config/node_modules/@types/node/fs) by extension 'python'
[0.657s] Level 1:colcon.colcon_core.package_identification:_identify(config/node_modules/@types/node/fs) by extensions ['python_setup_py']
[0.657s] Level 1:colcon.colcon_core.package_identification:_identify(config/node_modules/@types/node/fs) by extension 'python_setup_py'
[0.657s] Level 1:colcon.colcon_core.package_identification:_identify(config/node_modules/@types/node/inspector) by extensions ['ignore', 'ignore_ament_install']
[0.657s] Level 1:colcon.colcon_core.package_identification:_identify(config/node_modules/@types/node/inspector) by extension 'ignore'
[0.657s] Level 1:colcon.colcon_core.package_identification:_identify(config/node_modules/@types/node/inspector) by extension 'ignore_ament_install'
[0.657s] Level 1:colcon.colcon_core.package_identification:_identify(config/node_modules/@types/node/inspector) by extensions ['colcon_pkg']
[0.657s] Level 1:colcon.colcon_core.package_identification:_identify(config/node_modules/@types/node/inspector) by extension 'colcon_pkg'
[0.657s] Level 1:colcon.colcon_core.package_identification:_identify(config/node_modules/@types/node/inspector) by extensions ['colcon_meta']
[0.657s] Level 1:colcon.colcon_core.package_identification:_identify(config/node_modules/@types/node/inspector) by extension 'colcon_meta'
[0.657s] Level 1:colcon.colcon_core.package_identification:_identify(config/node_modules/@types/node/inspector) by extensions ['ros']
[0.657s] Level 1:colcon.colcon_core.package_identification:_identify(config/node_modules/@types/node/inspector) by extension 'ros'
[0.657s] Level 1:colcon.colcon_core.package_identification:_identify(config/node_modules/@types/node/inspector) by extensions ['cmake', 'python']
[0.657s] Level 1:colcon.colcon_core.package_identification:_identify(config/node_modules/@types/node/inspector) by extension 'cmake'
[0.657s] Level 1:colcon.colcon_core.package_identification:_identify(config/node_modules/@types/node/inspector) by extension 'python'
[0.657s] Level 1:colcon.colcon_core.package_identification:_identify(config/node_modules/@types/node/inspector) by extensions ['python_setup_py']
[0.657s] Level 1:colcon.colcon_core.package_identification:_identify(config/node_modules/@types/node/inspector) by extension 'python_setup_py'
[0.657s] Level 1:colcon.colcon_core.package_identification:_identify(config/node_modules/@types/node/path) by extensions ['ignore', 'ignore_ament_install']
[0.658s] Level 1:colcon.colcon_core.package_identification:_identify(config/node_modules/@types/node/path) by extension 'ignore'
[0.658s] Level 1:colcon.colcon_core.package_identification:_identify(config/node_modules/@types/node/path) by extension 'ignore_ament_install'
[0.658s] Level 1:colcon.colcon_core.package_identification:_identify(config/node_modules/@types/node/path) by extensions ['colcon_pkg']
[0.658s] Level 1:colcon.colcon_core.package_identification:_identify(config/node_modules/@types/node/path) by extension 'colcon_pkg'
[0.658s] Level 1:colcon.colcon_core.package_identification:_identify(config/node_modules/@types/node/path) by extensions ['colcon_meta']
[0.658s] Level 1:colcon.colcon_core.package_identification:_identify(config/node_modules/@types/node/path) by extension 'colcon_meta'
[0.658s] Level 1:colcon.colcon_core.package_identification:_identify(config/node_modules/@types/node/path) by extensions ['ros']
[0.658s] Level 1:colcon.colcon_core.package_identification:_identify(config/node_modules/@types/node/path) by extension 'ros'
[0.658s] Level 1:colcon.colcon_core.package_identification:_identify(config/node_modules/@types/node/path) by extensions ['cmake', 'python']
[0.658s] Level 1:colcon.colcon_core.package_identification:_identify(config/node_modules/@types/node/path) by extension 'cmake'
[0.658s] Level 1:colcon.colcon_core.package_identification:_identify(config/node_modules/@types/node/path) by extension 'python'
[0.658s] Level 1:colcon.colcon_core.package_identification:_identify(config/node_modules/@types/node/path) by extensions ['python_setup_py']
[0.658s] Level 1:colcon.colcon_core.package_identification:_identify(config/node_modules/@types/node/path) by extension 'python_setup_py'
[0.658s] Level 1:colcon.colcon_core.package_identification:_identify(config/node_modules/@types/node/readline) by extensions ['ignore', 'ignore_ament_install']
[0.658s] Level 1:colcon.colcon_core.package_identification:_identify(config/node_modules/@types/node/readline) by extension 'ignore'
[0.658s] Level 1:colcon.colcon_core.package_identification:_identify(config/node_modules/@types/node/readline) by extension 'ignore_ament_install'
[0.658s] Level 1:colcon.colcon_core.package_identification:_identify(config/node_modules/@types/node/readline) by extensions ['colcon_pkg']
[0.658s] Level 1:colcon.colcon_core.package_identification:_identify(config/node_modules/@types/node/readline) by extension 'colcon_pkg'
[0.658s] Level 1:colcon.colcon_core.package_identification:_identify(config/node_modules/@types/node/readline) by extensions ['colcon_meta']
[0.658s] Level 1:colcon.colcon_core.package_identification:_identify(config/node_modules/@types/node/readline) by extension 'colcon_meta'
[0.659s] Level 1:colcon.colcon_core.package_identification:_identify(config/node_modules/@types/node/readline) by extensions ['ros']
[0.659s] Level 1:colcon.colcon_core.package_identification:_identify(config/node_modules/@types/node/readline) by extension 'ros'
[0.659s] Level 1:colcon.colcon_core.package_identification:_identify(config/node_modules/@types/node/readline) by extensions ['cmake', 'python']
[0.659s] Level 1:colcon.colcon_core.package_identification:_identify(config/node_modules/@types/node/readline) by extension 'cmake'
[0.659s] Level 1:colcon.colcon_core.package_identification:_identify(config/node_modules/@types/node/readline) by extension 'python'
[0.659s] Level 1:colcon.colcon_core.package_identification:_identify(config/node_modules/@types/node/readline) by extensions ['python_setup_py']
[0.659s] Level 1:colcon.colcon_core.package_identification:_identify(config/node_modules/@types/node/readline) by extension 'python_setup_py'
[0.659s] Level 1:colcon.colcon_core.package_identification:_identify(config/node_modules/@types/node/stream) by extensions ['ignore', 'ignore_ament_install']
[0.659s] Level 1:colcon.colcon_core.package_identification:_identify(config/node_modules/@types/node/stream) by extension 'ignore'
[0.659s] Level 1:colcon.colcon_core.package_identification:_identify(config/node_modules/@types/node/stream) by extension 'ignore_ament_install'
[0.659s] Level 1:colcon.colcon_core.package_identification:_identify(config/node_modules/@types/node/stream) by extensions ['colcon_pkg']
[0.659s] Level 1:colcon.colcon_core.package_identification:_identify(config/node_modules/@types/node/stream) by extension 'colcon_pkg'
[0.659s] Level 1:colcon.colcon_core.package_identification:_identify(config/node_modules/@types/node/stream) by extensions ['colcon_meta']
[0.659s] Level 1:colcon.colcon_core.package_identification:_identify(config/node_modules/@types/node/stream) by extension 'colcon_meta'
[0.659s] Level 1:colcon.colcon_core.package_identification:_identify(config/node_modules/@types/node/stream) by extensions ['ros']
[0.659s] Level 1:colcon.colcon_core.package_identification:_identify(config/node_modules/@types/node/stream) by extension 'ros'
[0.659s] Level 1:colcon.colcon_core.package_identification:_identify(config/node_modules/@types/node/stream) by extensions ['cmake', 'python']
[0.659s] Level 1:colcon.colcon_core.package_identification:_identify(config/node_modules/@types/node/stream) by extension 'cmake'
[0.659s] Level 1:colcon.colcon_core.package_identification:_identify(config/node_modules/@types/node/stream) by extension 'python'
[0.659s] Level 1:colcon.colcon_core.package_identification:_identify(config/node_modules/@types/node/stream) by extensions ['python_setup_py']
[0.659s] Level 1:colcon.colcon_core.package_identification:_identify(config/node_modules/@types/node/stream) by extension 'python_setup_py'
[0.660s] Level 1:colcon.colcon_core.package_identification:_identify(config/node_modules/@types/node/test) by extensions ['ignore', 'ignore_ament_install']
[0.660s] Level 1:colcon.colcon_core.package_identification:_identify(config/node_modules/@types/node/test) by extension 'ignore'
[0.660s] Level 1:colcon.colcon_core.package_identification:_identify(config/node_modules/@types/node/test) by extension 'ignore_ament_install'
[0.660s] Level 1:colcon.colcon_core.package_identification:_identify(config/node_modules/@types/node/test) by extensions ['colcon_pkg']
[0.660s] Level 1:colcon.colcon_core.package_identification:_identify(config/node_modules/@types/node/test) by extension 'colcon_pkg'
[0.660s] Level 1:colcon.colcon_core.package_identification:_identify(config/node_modules/@types/node/test) by extensions ['colcon_meta']
[0.660s] Level 1:colcon.colcon_core.package_identification:_identify(config/node_modules/@types/node/test) by extension 'colcon_meta'
[0.660s] Level 1:colcon.colcon_core.package_identification:_identify(config/node_modules/@types/node/test) by extensions ['ros']
[0.660s] Level 1:colcon.colcon_core.package_identification:_identify(config/node_modules/@types/node/test) by extension 'ros'
[0.660s] Level 1:colcon.colcon_core.package_identification:_identify(config/node_modules/@types/node/test) by extensions ['cmake', 'python']
[0.660s] Level 1:colcon.colcon_core.package_identification:_identify(config/node_modules/@types/node/test) by extension 'cmake'
[0.660s] Level 1:colcon.colcon_core.package_identification:_identify(config/node_modules/@types/node/test) by extension 'python'
[0.660s] Level 1:colcon.colcon_core.package_identification:_identify(config/node_modules/@types/node/test) by extensions ['python_setup_py']
[0.660s] Level 1:colcon.colcon_core.package_identification:_identify(config/node_modules/@types/node/test) by extension 'python_setup_py'
[0.660s] Level 1:colcon.colcon_core.package_identification:_identify(config/node_modules/@types/node/timers) by extensions ['ignore', 'ignore_ament_install']
[0.660s] Level 1:colcon.colcon_core.package_identification:_identify(config/node_modules/@types/node/timers) by extension 'ignore'
[0.660s] Level 1:colcon.colcon_core.package_identification:_identify(config/node_modules/@types/node/timers) by extension 'ignore_ament_install'
[0.660s] Level 1:colcon.colcon_core.package_identification:_identify(config/node_modules/@types/node/timers) by extensions ['colcon_pkg']
[0.660s] Level 1:colcon.colcon_core.package_identification:_identify(config/node_modules/@types/node/timers) by extension 'colcon_pkg'
[0.660s] Level 1:colcon.colcon_core.package_identification:_identify(config/node_modules/@types/node/timers) by extensions ['colcon_meta']
[0.660s] Level 1:colcon.colcon_core.package_identification:_identify(config/node_modules/@types/node/timers) by extension 'colcon_meta'
[0.660s] Level 1:colcon.colcon_core.package_identification:_identify(config/node_modules/@types/node/timers) by extensions ['ros']
[0.661s] Level 1:colcon.colcon_core.package_identification:_identify(config/node_modules/@types/node/timers) by extension 'ros'
[0.661s] Level 1:colcon.colcon_core.package_identification:_identify(config/node_modules/@types/node/timers) by extensions ['cmake', 'python']
[0.661s] Level 1:colcon.colcon_core.package_identification:_identify(config/node_modules/@types/node/timers) by extension 'cmake'
[0.661s] Level 1:colcon.colcon_core.package_identification:_identify(config/node_modules/@types/node/timers) by extension 'python'
[0.661s] Level 1:colcon.colcon_core.package_identification:_identify(config/node_modules/@types/node/timers) by extensions ['python_setup_py']
[0.661s] Level 1:colcon.colcon_core.package_identification:_identify(config/node_modules/@types/node/timers) by extension 'python_setup_py'
[0.661s] Level 1:colcon.colcon_core.package_identification:_identify(config/node_modules/@types/node/ts5.6) by extensions ['ignore', 'ignore_ament_install']
[0.661s] Level 1:colcon.colcon_core.package_identification:_identify(config/node_modules/@types/node/ts5.6) by extension 'ignore'
[0.661s] Level 1:colcon.colcon_core.package_identification:_identify(config/node_modules/@types/node/ts5.6) by extension 'ignore_ament_install'
[0.661s] Level 1:colcon.colcon_core.package_identification:_identify(config/node_modules/@types/node/ts5.6) by extensions ['colcon_pkg']
[0.661s] Level 1:colcon.colcon_core.package_identification:_identify(config/node_modules/@types/node/ts5.6) by extension 'colcon_pkg'
[0.661s] Level 1:colcon.colcon_core.package_identification:_identify(config/node_modules/@types/node/ts5.6) by extensions ['colcon_meta']
[0.661s] Level 1:colcon.colcon_core.package_identification:_identify(config/node_modules/@types/node/ts5.6) by extension 'colcon_meta'
[0.661s] Level 1:colcon.colcon_core.package_identification:_identify(config/node_modules/@types/node/ts5.6) by extensions ['ros']
[0.661s] Level 1:colcon.colcon_core.package_identification:_identify(config/node_modules/@types/node/ts5.6) by extension 'ros'
[0.661s] Level 1:colcon.colcon_core.package_identification:_identify(config/node_modules/@types/node/ts5.6) by extensions ['cmake', 'python']
[0.661s] Level 1:colcon.colcon_core.package_identification:_identify(config/node_modules/@types/node/ts5.6) by extension 'cmake'
[0.661s] Level 1:colcon.colcon_core.package_identification:_identify(config/node_modules/@types/node/ts5.6) by extension 'python'
[0.661s] Level 1:colcon.colcon_core.package_identification:_identify(config/node_modules/@types/node/ts5.6) by extensions ['python_setup_py']
[0.661s] Level 1:colcon.colcon_core.package_identification:_identify(config/node_modules/@types/node/ts5.6) by extension 'python_setup_py'
[0.662s] Level 1:colcon.colcon_core.package_identification:_identify(config/node_modules/@types/node/ts5.6/compatibility) by extensions ['ignore', 'ignore_ament_install']
[0.662s] Level 1:colcon.colcon_core.package_identification:_identify(config/node_modules/@types/node/ts5.6/compatibility) by extension 'ignore'
[0.662s] Level 1:colcon.colcon_core.package_identification:_identify(config/node_modules/@types/node/ts5.6/compatibility) by extension 'ignore_ament_install'
[0.662s] Level 1:colcon.colcon_core.package_identification:_identify(config/node_modules/@types/node/ts5.6/compatibility) by extensions ['colcon_pkg']
[0.662s] Level 1:colcon.colcon_core.package_identification:_identify(config/node_modules/@types/node/ts5.6/compatibility) by extension 'colcon_pkg'
[0.662s] Level 1:colcon.colcon_core.package_identification:_identify(config/node_modules/@types/node/ts5.6/compatibility) by extensions ['colcon_meta']
[0.662s] Level 1:colcon.colcon_core.package_identification:_identify(config/node_modules/@types/node/ts5.6/compatibility) by extension 'colcon_meta'
[0.662s] Level 1:colcon.colcon_core.package_identification:_identify(config/node_modules/@types/node/ts5.6/compatibility) by extensions ['ros']
[0.662s] Level 1:colcon.colcon_core.package_identification:_identify(config/node_modules/@types/node/ts5.6/compatibility) by extension 'ros'
[0.662s] Level 1:colcon.colcon_core.package_identification:_identify(config/node_modules/@types/node/ts5.6/compatibility) by extensions ['cmake', 'python']
[0.662s] Level 1:colcon.colcon_core.package_identification:_identify(config/node_modules/@types/node/ts5.6/compatibility) by extension 'cmake'
[0.662s] Level 1:colcon.colcon_core.package_identification:_identify(config/node_modules/@types/node/ts5.6/compatibility) by extension 'python'
[0.662s] Level 1:colcon.colcon_core.package_identification:_identify(config/node_modules/@types/node/ts5.6/compatibility) by extensions ['python_setup_py']
[0.662s] Level 1:colcon.colcon_core.package_identification:_identify(config/node_modules/@types/node/ts5.6/compatibility) by extension 'python_setup_py'
[0.662s] Level 1:colcon.colcon_core.package_identification:_identify(config/node_modules/@types/node/ts5.7) by extensions ['ignore', 'ignore_ament_install']
[0.662s] Level 1:colcon.colcon_core.package_identification:_identify(config/node_modules/@types/node/ts5.7) by extension 'ignore'
[0.663s] Level 1:colcon.colcon_core.package_identification:_identify(config/node_modules/@types/node/ts5.7) by extension 'ignore_ament_install'
[0.663s] Level 1:colcon.colcon_core.package_identification:_identify(config/node_modules/@types/node/ts5.7) by extensions ['colcon_pkg']
[0.663s] Level 1:colcon.colcon_core.package_identification:_identify(config/node_modules/@types/node/ts5.7) by extension 'colcon_pkg'
[0.663s] Level 1:colcon.colcon_core.package_identification:_identify(config/node_modules/@types/node/ts5.7) by extensions ['colcon_meta']
[0.663s] Level 1:colcon.colcon_core.package_identification:_identify(config/node_modules/@types/node/ts5.7) by extension 'colcon_meta'
[0.663s] Level 1:colcon.colcon_core.package_identification:_identify(config/node_modules/@types/node/ts5.7) by extensions ['ros']
[0.663s] Level 1:colcon.colcon_core.package_identification:_identify(config/node_modules/@types/node/ts5.7) by extension 'ros'
[0.663s] Level 1:colcon.colcon_core.package_identification:_identify(config/node_modules/@types/node/ts5.7) by extensions ['cmake', 'python']
[0.663s] Level 1:colcon.colcon_core.package_identification:_identify(config/node_modules/@types/node/ts5.7) by extension 'cmake'
[0.663s] Level 1:colcon.colcon_core.package_identification:_identify(config/node_modules/@types/node/ts5.7) by extension 'python'
[0.663s] Level 1:colcon.colcon_core.package_identification:_identify(config/node_modules/@types/node/ts5.7) by extensions ['python_setup_py']
[0.663s] Level 1:colcon.colcon_core.package_identification:_identify(config/node_modules/@types/node/ts5.7) by extension 'python_setup_py'
[0.663s] Level 1:colcon.colcon_core.package_identification:_identify(config/node_modules/@types/node/ts5.7/compatibility) by extensions ['ignore', 'ignore_ament_install']
[0.663s] Level 1:colcon.colcon_core.package_identification:_identify(config/node_modules/@types/node/ts5.7/compatibility) by extension 'ignore'
[0.663s] Level 1:colcon.colcon_core.package_identification:_identify(config/node_modules/@types/node/ts5.7/compatibility) by extension 'ignore_ament_install'
[0.663s] Level 1:colcon.colcon_core.package_identification:_identify(config/node_modules/@types/node/ts5.7/compatibility) by extensions ['colcon_pkg']
[0.664s] Level 1:colcon.colcon_core.package_identification:_identify(config/node_modules/@types/node/ts5.7/compatibility) by extension 'colcon_pkg'
[0.664s] Level 1:colcon.colcon_core.package_identification:_identify(config/node_modules/@types/node/ts5.7/compatibility) by extensions ['colcon_meta']
[0.664s] Level 1:colcon.colcon_core.package_identification:_identify(config/node_modules/@types/node/ts5.7/compatibility) by extension 'colcon_meta'
[0.664s] Level 1:colcon.colcon_core.package_identification:_identify(config/node_modules/@types/node/ts5.7/compatibility) by extensions ['ros']
[0.664s] Level 1:colcon.colcon_core.package_identification:_identify(config/node_modules/@types/node/ts5.7/compatibility) by extension 'ros'
[0.664s] Level 1:colcon.colcon_core.package_identification:_identify(config/node_modules/@types/node/ts5.7/compatibility) by extensions ['cmake', 'python']
[0.664s] Level 1:colcon.colcon_core.package_identification:_identify(config/node_modules/@types/node/ts5.7/compatibility) by extension 'cmake'
[0.664s] Level 1:colcon.colcon_core.package_identification:_identify(config/node_modules/@types/node/ts5.7/compatibility) by extension 'python'
[0.664s] Level 1:colcon.colcon_core.package_identification:_identify(config/node_modules/@types/node/ts5.7/compatibility) by extensions ['python_setup_py']
[0.664s] Level 1:colcon.colcon_core.package_identification:_identify(config/node_modules/@types/node/ts5.7/compatibility) by extension 'python_setup_py'
[0.664s] Level 1:colcon.colcon_core.package_identification:_identify(config/node_modules/@types/node/util) by extensions ['ignore', 'ignore_ament_install']
[0.664s] Level 1:colcon.colcon_core.package_identification:_identify(config/node_modules/@types/node/util) by extension 'ignore'
[0.664s] Level 1:colcon.colcon_core.package_identification:_identify(config/node_modules/@types/node/util) by extension 'ignore_ament_install'
[0.664s] Level 1:colcon.colcon_core.package_identification:_identify(config/node_modules/@types/node/util) by extensions ['colcon_pkg']
[0.664s] Level 1:colcon.colcon_core.package_identification:_identify(config/node_modules/@types/node/util) by extension 'colcon_pkg'
[0.664s] Level 1:colcon.colcon_core.package_identification:_identify(config/node_modules/@types/node/util) by extensions ['colcon_meta']
[0.664s] Level 1:colcon.colcon_core.package_identification:_identify(config/node_modules/@types/node/util) by extension 'colcon_meta'
[0.664s] Level 1:colcon.colcon_core.package_identification:_identify(config/node_modules/@types/node/util) by extensions ['ros']
[0.664s] Level 1:colcon.colcon_core.package_identification:_identify(config/node_modules/@types/node/util) by extension 'ros'
[0.665s] Level 1:colcon.colcon_core.package_identification:_identify(config/node_modules/@types/node/util) by extensions ['cmake', 'python']
[0.665s] Level 1:colcon.colcon_core.package_identification:_identify(config/node_modules/@types/node/util) by extension 'cmake'
[0.665s] Level 1:colcon.colcon_core.package_identification:_identify(config/node_modules/@types/node/util) by extension 'python'
[0.665s] Level 1:colcon.colcon_core.package_identification:_identify(config/node_modules/@types/node/util) by extensions ['python_setup_py']
[0.665s] Level 1:colcon.colcon_core.package_identification:_identify(config/node_modules/@types/node/util) by extension 'python_setup_py'
[0.665s] Level 1:colcon.colcon_core.package_identification:_identify(config/node_modules/@types/node/web-globals) by extensions ['ignore', 'ignore_ament_install']
[0.665s] Level 1:colcon.colcon_core.package_identification:_identify(config/node_modules/@types/node/web-globals) by extension 'ignore'
[0.665s] Level 1:colcon.colcon_core.package_identification:_identify(config/node_modules/@types/node/web-globals) by extension 'ignore_ament_install'
[0.665s] Level 1:colcon.colcon_core.package_identification:_identify(config/node_modules/@types/node/web-globals) by extensions ['colcon_pkg']
[0.665s] Level 1:colcon.colcon_core.package_identification:_identify(config/node_modules/@types/node/web-globals) by extension 'colcon_pkg'
[0.665s] Level 1:colcon.colcon_core.package_identification:_identify(config/node_modules/@types/node/web-globals) by extensions ['colcon_meta']
[0.665s] Level 1:colcon.colcon_core.package_identification:_identify(config/node_modules/@types/node/web-globals) by extension 'colcon_meta'
[0.665s] Level 1:colcon.colcon_core.package_identification:_identify(config/node_modules/@types/node/web-globals) by extensions ['ros']
[0.665s] Level 1:colcon.colcon_core.package_identification:_identify(config/node_modules/@types/node/web-globals) by extension 'ros'
[0.665s] Level 1:colcon.colcon_core.package_identification:_identify(config/node_modules/@types/node/web-globals) by extensions ['cmake', 'python']
[0.665s] Level 1:colcon.colcon_core.package_identification:_identify(config/node_modules/@types/node/web-globals) by extension 'cmake'
[0.665s] Level 1:colcon.colcon_core.package_identification:_identify(config/node_modules/@types/node/web-globals) by extension 'python'
[0.665s] Level 1:colcon.colcon_core.package_identification:_identify(config/node_modules/@types/node/web-globals) by extensions ['python_setup_py']
[0.665s] Level 1:colcon.colcon_core.package_identification:_identify(config/node_modules/@types/node/web-globals) by extension 'python_setup_py'
[0.665s] Level 1:colcon.colcon_core.package_identification:_identify(config/node_modules/accepts) by extensions ['ignore', 'ignore_ament_install']
[0.666s] Level 1:colcon.colcon_core.package_identification:_identify(config/node_modules/accepts) by extension 'ignore'
[0.666s] Level 1:colcon.colcon_core.package_identification:_identify(config/node_modules/accepts) by extension 'ignore_ament_install'
[0.666s] Level 1:colcon.colcon_core.package_identification:_identify(config/node_modules/accepts) by extensions ['colcon_pkg']
[0.666s] Level 1:colcon.colcon_core.package_identification:_identify(config/node_modules/accepts) by extension 'colcon_pkg'
[0.666s] Level 1:colcon.colcon_core.package_identification:_identify(config/node_modules/accepts) by extensions ['colcon_meta']
[0.666s] Level 1:colcon.colcon_core.package_identification:_identify(config/node_modules/accepts) by extension 'colcon_meta'
[0.666s] Level 1:colcon.colcon_core.package_identification:_identify(config/node_modules/accepts) by extensions ['ros']
[0.666s] Level 1:colcon.colcon_core.package_identification:_identify(config/node_modules/accepts) by extension 'ros'
[0.666s] Level 1:colcon.colcon_core.package_identification:_identify(config/node_modules/accepts) by extensions ['cmake', 'python']
[0.666s] Level 1:colcon.colcon_core.package_identification:_identify(config/node_modules/accepts) by extension 'cmake'
[0.666s] Level 1:colcon.colcon_core.package_identification:_identify(config/node_modules/accepts) by extension 'python'
[0.666s] Level 1:colcon.colcon_core.package_identification:_identify(config/node_modules/accepts) by extensions ['python_setup_py']
[0.666s] Level 1:colcon.colcon_core.package_identification:_identify(config/node_modules/accepts) by extension 'python_setup_py'
[0.666s] Level 1:colcon.colcon_core.package_identification:_identify(config/node_modules/accepts/node_modules) by extensions ['ignore', 'ignore_ament_install']
[0.666s] Level 1:colcon.colcon_core.package_identification:_identify(config/node_modules/accepts/node_modules) by extension 'ignore'
[0.666s] Level 1:colcon.colcon_core.package_identification:_identify(config/node_modules/accepts/node_modules) by extension 'ignore_ament_install'
[0.666s] Level 1:colcon.colcon_core.package_identification:_identify(config/node_modules/accepts/node_modules) by extensions ['colcon_pkg']
[0.666s] Level 1:colcon.colcon_core.package_identification:_identify(config/node_modules/accepts/node_modules) by extension 'colcon_pkg'
[0.666s] Level 1:colcon.colcon_core.package_identification:_identify(config/node_modules/accepts/node_modules) by extensions ['colcon_meta']
[0.666s] Level 1:colcon.colcon_core.package_identification:_identify(config/node_modules/accepts/node_modules) by extension 'colcon_meta'
[0.666s] Level 1:colcon.colcon_core.package_identification:_identify(config/node_modules/accepts/node_modules) by extensions ['ros']
[0.666s] Level 1:colcon.colcon_core.package_identification:_identify(config/node_modules/accepts/node_modules) by extension 'ros'
[0.667s] Level 1:colcon.colcon_core.package_identification:_identify(config/node_modules/accepts/node_modules) by extensions ['cmake', 'python']
[0.667s] Level 1:colcon.colcon_core.package_identification:_identify(config/node_modules/accepts/node_modules) by extension 'cmake'
[0.667s] Level 1:colcon.colcon_core.package_identification:_identify(config/node_modules/accepts/node_modules) by extension 'python'
[0.667s] Level 1:colcon.colcon_core.package_identification:_identify(config/node_modules/accepts/node_modules) by extensions ['python_setup_py']
[0.667s] Level 1:colcon.colcon_core.package_identification:_identify(config/node_modules/accepts/node_modules) by extension 'python_setup_py'
[0.667s] Level 1:colcon.colcon_core.package_identification:_identify(config/node_modules/accepts/node_modules/negotiator) by extensions ['ignore', 'ignore_ament_install']
[0.667s] Level 1:colcon.colcon_core.package_identification:_identify(config/node_modules/accepts/node_modules/negotiator) by extension 'ignore'
[0.667s] Level 1:colcon.colcon_core.package_identification:_identify(config/node_modules/accepts/node_modules/negotiator) by extension 'ignore_ament_install'
[0.667s] Level 1:colcon.colcon_core.package_identification:_identify(config/node_modules/accepts/node_modules/negotiator) by extensions ['colcon_pkg']
[0.667s] Level 1:colcon.colcon_core.package_identification:_identify(config/node_modules/accepts/node_modules/negotiator) by extension 'colcon_pkg'
[0.667s] Level 1:colcon.colcon_core.package_identification:_identify(config/node_modules/accepts/node_modules/negotiator) by extensions ['colcon_meta']
[0.667s] Level 1:colcon.colcon_core.package_identification:_identify(config/node_modules/accepts/node_modules/negotiator) by extension 'colcon_meta'
[0.668s] Level 1:colcon.colcon_core.package_identification:_identify(config/node_modules/accepts/node_modules/negotiator) by extensions ['ros']
[0.668s] Level 1:colcon.colcon_core.package_identification:_identify(config/node_modules/accepts/node_modules/negotiator) by extension 'ros'
[0.668s] Level 1:colcon.colcon_core.package_identification:_identify(config/node_modules/accepts/node_modules/negotiator) by extensions ['cmake', 'python']
[0.668s] Level 1:colcon.colcon_core.package_identification:_identify(config/node_modules/accepts/node_modules/negotiator) by extension 'cmake'
[0.668s] Level 1:colcon.colcon_core.package_identification:_identify(config/node_modules/accepts/node_modules/negotiator) by extension 'python'
[0.668s] Level 1:colcon.colcon_core.package_identification:_identify(config/node_modules/accepts/node_modules/negotiator) by extensions ['python_setup_py']
[0.668s] Level 1:colcon.colcon_core.package_identification:_identify(config/node_modules/accepts/node_modules/negotiator) by extension 'python_setup_py'
[0.668s] Level 1:colcon.colcon_core.package_identification:_identify(config/node_modules/accepts/node_modules/negotiator/lib) by extensions ['ignore', 'ignore_ament_install']
[0.668s] Level 1:colcon.colcon_core.package_identification:_identify(config/node_modules/accepts/node_modules/negotiator/lib) by extension 'ignore'
[0.668s] Level 1:colcon.colcon_core.package_identification:_identify(config/node_modules/accepts/node_modules/negotiator/lib) by extension 'ignore_ament_install'
[0.668s] Level 1:colcon.colcon_core.package_identification:_identify(config/node_modules/accepts/node_modules/negotiator/lib) by extensions ['colcon_pkg']
[0.668s] Level 1:colcon.colcon_core.package_identification:_identify(config/node_modules/accepts/node_modules/negotiator/lib) by extension 'colcon_pkg'
[0.668s] Level 1:colcon.colcon_core.package_identification:_identify(config/node_modules/accepts/node_modules/negotiator/lib) by extensions ['colcon_meta']
[0.668s] Level 1:colcon.colcon_core.package_identification:_identify(config/node_modules/accepts/node_modules/negotiator/lib) by extension 'colcon_meta'
[0.668s] Level 1:colcon.colcon_core.package_identification:_identify(config/node_modules/accepts/node_modules/negotiator/lib) by extensions ['ros']
[0.668s] Level 1:colcon.colcon_core.package_identification:_identify(config/node_modules/accepts/node_modules/negotiator/lib) by extension 'ros'
[0.668s] Level 1:colcon.colcon_core.package_identification:_identify(config/node_modules/accepts/node_modules/negotiator/lib) by extensions ['cmake', 'python']
[0.668s] Level 1:colcon.colcon_core.package_identification:_identify(config/node_modules/accepts/node_modules/negotiator/lib) by extension 'cmake'
[0.669s] Level 1:colcon.colcon_core.package_identification:_identify(config/node_modules/accepts/node_modules/negotiator/lib) by extension 'python'
[0.669s] Level 1:colcon.colcon_core.package_identification:_identify(config/node_modules/accepts/node_modules/negotiator/lib) by extensions ['python_setup_py']
[0.669s] Level 1:colcon.colcon_core.package_identification:_identify(config/node_modules/accepts/node_modules/negotiator/lib) by extension 'python_setup_py'
[0.669s] Level 1:colcon.colcon_core.package_identification:_identify(config/node_modules/base64id) by extensions ['ignore', 'ignore_ament_install']
[0.669s] Level 1:colcon.colcon_core.package_identification:_identify(config/node_modules/base64id) by extension 'ignore'
[0.669s] Level 1:colcon.colcon_core.package_identification:_identify(config/node_modules/base64id) by extension 'ignore_ament_install'
[0.669s] Level 1:colcon.colcon_core.package_identification:_identify(config/node_modules/base64id) by extensions ['colcon_pkg']
[0.669s] Level 1:colcon.colcon_core.package_identification:_identify(config/node_modules/base64id) by extension 'colcon_pkg'
[0.669s] Level 1:colcon.colcon_core.package_identification:_identify(config/node_modules/base64id) by extensions ['colcon_meta']
[0.669s] Level 1:colcon.colcon_core.package_identification:_identify(config/node_modules/base64id) by extension 'colcon_meta'
[0.669s] Level 1:colcon.colcon_core.package_identification:_identify(config/node_modules/base64id) by extensions ['ros']
[0.669s] Level 1:colcon.colcon_core.package_identification:_identify(config/node_modules/base64id) by extension 'ros'
[0.669s] Level 1:colcon.colcon_core.package_identification:_identify(config/node_modules/base64id) by extensions ['cmake', 'python']
[0.669s] Level 1:colcon.colcon_core.package_identification:_identify(config/node_modules/base64id) by extension 'cmake'
[0.669s] Level 1:colcon.colcon_core.package_identification:_identify(config/node_modules/base64id) by extension 'python'
[0.669s] Level 1:colcon.colcon_core.package_identification:_identify(config/node_modules/base64id) by extensions ['python_setup_py']
[0.669s] Level 1:colcon.colcon_core.package_identification:_identify(config/node_modules/base64id) by extension 'python_setup_py'
[0.670s] Level 1:colcon.colcon_core.package_identification:_identify(config/node_modules/base64id/lib) by extensions ['ignore', 'ignore_ament_install']
[0.670s] Level 1:colcon.colcon_core.package_identification:_identify(config/node_modules/base64id/lib) by extension 'ignore'
[0.670s] Level 1:colcon.colcon_core.package_identification:_identify(config/node_modules/base64id/lib) by extension 'ignore_ament_install'
[0.670s] Level 1:colcon.colcon_core.package_identification:_identify(config/node_modules/base64id/lib) by extensions ['colcon_pkg']
[0.670s] Level 1:colcon.colcon_core.package_identification:_identify(config/node_modules/base64id/lib) by extension 'colcon_pkg'
[0.670s] Level 1:colcon.colcon_core.package_identification:_identify(config/node_modules/base64id/lib) by extensions ['colcon_meta']
[0.670s] Level 1:colcon.colcon_core.package_identification:_identify(config/node_modules/base64id/lib) by extension 'colcon_meta'
[0.670s] Level 1:colcon.colcon_core.package_identification:_identify(config/node_modules/base64id/lib) by extensions ['ros']
[0.670s] Level 1:colcon.colcon_core.package_identification:_identify(config/node_modules/base64id/lib) by extension 'ros'
[0.670s] Level 1:colcon.colcon_core.package_identification:_identify(config/node_modules/base64id/lib) by extensions ['cmake', 'python']
[0.670s] Level 1:colcon.colcon_core.package_identification:_identify(config/node_modules/base64id/lib) by extension 'cmake'
[0.670s] Level 1:colcon.colcon_core.package_identification:_identify(config/node_modules/base64id/lib) by extension 'python'
[0.670s] Level 1:colcon.colcon_core.package_identification:_identify(config/node_modules/base64id/lib) by extensions ['python_setup_py']
[0.670s] Level 1:colcon.colcon_core.package_identification:_identify(config/node_modules/base64id/lib) by extension 'python_setup_py'
[0.670s] Level 1:colcon.colcon_core.package_identification:_identify(config/node_modules/bytes) by extensions ['ignore', 'ignore_ament_install']
[0.670s] Level 1:colcon.colcon_core.package_identification:_identify(config/node_modules/bytes) by extension 'ignore'
[0.670s] Level 1:colcon.colcon_core.package_identification:_identify(config/node_modules/bytes) by extension 'ignore_ament_install'
[0.671s] Level 1:colcon.colcon_core.package_identification:_identify(config/node_modules/bytes) by extensions ['colcon_pkg']
[0.671s] Level 1:colcon.colcon_core.package_identification:_identify(config/node_modules/bytes) by extension 'colcon_pkg'
[0.672s] Level 1:colcon.colcon_core.package_identification:_identify(config/node_modules/bytes) by extensions ['colcon_meta']
[0.672s] Level 1:colcon.colcon_core.package_identification:_identify(config/node_modules/bytes) by extension 'colcon_meta'
[0.672s] Level 1:colcon.colcon_core.package_identification:_identify(config/node_modules/bytes) by extensions ['ros']
[0.672s] Level 1:colcon.colcon_core.package_identification:_identify(config/node_modules/bytes) by extension 'ros'
[0.672s] Level 1:colcon.colcon_core.package_identification:_identify(config/node_modules/bytes) by extensions ['cmake', 'python']
[0.672s] Level 1:colcon.colcon_core.package_identification:_identify(config/node_modules/bytes) by extension 'cmake'
[0.672s] Level 1:colcon.colcon_core.package_identification:_identify(config/node_modules/bytes) by extension 'python'
[0.672s] Level 1:colcon.colcon_core.package_identification:_identify(config/node_modules/bytes) by extensions ['python_setup_py']
[0.672s] Level 1:colcon.colcon_core.package_identification:_identify(config/node_modules/bytes) by extension 'python_setup_py'
[0.672s] Level 1:colcon.colcon_core.package_identification:_identify(config/node_modules/compressible) by extensions ['ignore', 'ignore_ament_install']
[0.672s] Level 1:colcon.colcon_core.package_identification:_identify(config/node_modules/compressible) by extension 'ignore'
[0.673s] Level 1:colcon.colcon_core.package_identification:_identify(config/node_modules/compressible) by extension 'ignore_ament_install'
[0.673s] Level 1:colcon.colcon_core.package_identification:_identify(config/node_modules/compressible) by extensions ['colcon_pkg']
[0.673s] Level 1:colcon.colcon_core.package_identification:_identify(config/node_modules/compressible) by extension 'colcon_pkg'
[0.673s] Level 1:colcon.colcon_core.package_identification:_identify(config/node_modules/compressible) by extensions ['colcon_meta']
[0.673s] Level 1:colcon.colcon_core.package_identification:_identify(config/node_modules/compressible) by extension 'colcon_meta'
[0.673s] Level 1:colcon.colcon_core.package_identification:_identify(config/node_modules/compressible) by extensions ['ros']
[0.673s] Level 1:colcon.colcon_core.package_identification:_identify(config/node_modules/compressible) by extension 'ros'
[0.673s] Level 1:colcon.colcon_core.package_identification:_identify(config/node_modules/compressible) by extensions ['cmake', 'python']
[0.673s] Level 1:colcon.colcon_core.package_identification:_identify(config/node_modules/compressible) by extension 'cmake'
[0.673s] Level 1:colcon.colcon_core.package_identification:_identify(config/node_modules/compressible) by extension 'python'
[0.673s] Level 1:colcon.colcon_core.package_identification:_identify(config/node_modules/compressible) by extensions ['python_setup_py']
[0.673s] Level 1:colcon.colcon_core.package_identification:_identify(config/node_modules/compressible) by extension 'python_setup_py'
[0.673s] Level 1:colcon.colcon_core.package_identification:_identify(config/node_modules/compression) by extensions ['ignore', 'ignore_ament_install']
[0.673s] Level 1:colcon.colcon_core.package_identification:_identify(config/node_modules/compression) by extension 'ignore'
[0.673s] Level 1:colcon.colcon_core.package_identification:_identify(config/node_modules/compression) by extension 'ignore_ament_install'
[0.673s] Level 1:colcon.colcon_core.package_identification:_identify(config/node_modules/compression) by extensions ['colcon_pkg']
[0.673s] Level 1:colcon.colcon_core.package_identification:_identify(config/node_modules/compression) by extension 'colcon_pkg'
[0.674s] Level 1:colcon.colcon_core.package_identification:_identify(config/node_modules/compression) by extensions ['colcon_meta']
[0.674s] Level 1:colcon.colcon_core.package_identification:_identify(config/node_modules/compression) by extension 'colcon_meta'
[0.674s] Level 1:colcon.colcon_core.package_identification:_identify(config/node_modules/compression) by extensions ['ros']
[0.674s] Level 1:colcon.colcon_core.package_identification:_identify(config/node_modules/compression) by extension 'ros'
[0.674s] Level 1:colcon.colcon_core.package_identification:_identify(config/node_modules/compression) by extensions ['cmake', 'python']
[0.674s] Level 1:colcon.colcon_core.package_identification:_identify(config/node_modules/compression) by extension 'cmake'
[0.674s] Level 1:colcon.colcon_core.package_identification:_identify(config/node_modules/compression) by extension 'python'
[0.674s] Level 1:colcon.colcon_core.package_identification:_identify(config/node_modules/compression) by extensions ['python_setup_py']
[0.674s] Level 1:colcon.colcon_core.package_identification:_identify(config/node_modules/compression) by extension 'python_setup_py'
[0.674s] Level 1:colcon.colcon_core.package_identification:_identify(config/node_modules/cookie) by extensions ['ignore', 'ignore_ament_install']
[0.674s] Level 1:colcon.colcon_core.package_identification:_identify(config/node_modules/cookie) by extension 'ignore'
[0.674s] Level 1:colcon.colcon_core.package_identification:_identify(config/node_modules/cookie) by extension 'ignore_ament_install'
[0.674s] Level 1:colcon.colcon_core.package_identification:_identify(config/node_modules/cookie) by extensions ['colcon_pkg']
[0.674s] Level 1:colcon.colcon_core.package_identification:_identify(config/node_modules/cookie) by extension 'colcon_pkg'
[0.674s] Level 1:colcon.colcon_core.package_identification:_identify(config/node_modules/cookie) by extensions ['colcon_meta']
[0.675s] Level 1:colcon.colcon_core.package_identification:_identify(config/node_modules/cookie) by extension 'colcon_meta'
[0.675s] Level 1:colcon.colcon_core.package_identification:_identify(config/node_modules/cookie) by extensions ['ros']
[0.675s] Level 1:colcon.colcon_core.package_identification:_identify(config/node_modules/cookie) by extension 'ros'
[0.675s] Level 1:colcon.colcon_core.package_identification:_identify(config/node_modules/cookie) by extensions ['cmake', 'python']
[0.675s] Level 1:colcon.colcon_core.package_identification:_identify(config/node_modules/cookie) by extension 'cmake'
[0.675s] Level 1:colcon.colcon_core.package_identification:_identify(config/node_modules/cookie) by extension 'python'
[0.675s] Level 1:colcon.colcon_core.package_identification:_identify(config/node_modules/cookie) by extensions ['python_setup_py']
[0.675s] Level 1:colcon.colcon_core.package_identification:_identify(config/node_modules/cookie) by extension 'python_setup_py'
[0.675s] Level 1:colcon.colcon_core.package_identification:_identify(config/node_modules/cors) by extensions ['ignore', 'ignore_ament_install']
[0.675s] Level 1:colcon.colcon_core.package_identification:_identify(config/node_modules/cors) by extension 'ignore'
[0.675s] Level 1:colcon.colcon_core.package_identification:_identify(config/node_modules/cors) by extension 'ignore_ament_install'
[0.675s] Level 1:colcon.colcon_core.package_identification:_identify(config/node_modules/cors) by extensions ['colcon_pkg']
[0.675s] Level 1:colcon.colcon_core.package_identification:_identify(config/node_modules/cors) by extension 'colcon_pkg'
[0.675s] Level 1:colcon.colcon_core.package_identification:_identify(config/node_modules/cors) by extensions ['colcon_meta']
[0.675s] Level 1:colcon.colcon_core.package_identification:_identify(config/node_modules/cors) by extension 'colcon_meta'
[0.676s] Level 1:colcon.colcon_core.package_identification:_identify(config/node_modules/cors) by extensions ['ros']
[0.676s] Level 1:colcon.colcon_core.package_identification:_identify(config/node_modules/cors) by extension 'ros'
[0.676s] Level 1:colcon.colcon_core.package_identification:_identify(config/node_modules/cors) by extensions ['cmake', 'python']
[0.676s] Level 1:colcon.colcon_core.package_identification:_identify(config/node_modules/cors) by extension 'cmake'
[0.676s] Level 1:colcon.colcon_core.package_identification:_identify(config/node_modules/cors) by extension 'python'
[0.676s] Level 1:colcon.colcon_core.package_identification:_identify(config/node_modules/cors) by extensions ['python_setup_py']
[0.676s] Level 1:colcon.colcon_core.package_identification:_identify(config/node_modules/cors) by extension 'python_setup_py'
[0.676s] Level 1:colcon.colcon_core.package_identification:_identify(config/node_modules/cors/lib) by extensions ['ignore', 'ignore_ament_install']
[0.676s] Level 1:colcon.colcon_core.package_identification:_identify(config/node_modules/cors/lib) by extension 'ignore'
[0.676s] Level 1:colcon.colcon_core.package_identification:_identify(config/node_modules/cors/lib) by extension 'ignore_ament_install'
[0.676s] Level 1:colcon.colcon_core.package_identification:_identify(config/node_modules/cors/lib) by extensions ['colcon_pkg']
[0.676s] Level 1:colcon.colcon_core.package_identification:_identify(config/node_modules/cors/lib) by extension 'colcon_pkg'
[0.676s] Level 1:colcon.colcon_core.package_identification:_identify(config/node_modules/cors/lib) by extensions ['colcon_meta']
[0.676s] Level 1:colcon.colcon_core.package_identification:_identify(config/node_modules/cors/lib) by extension 'colcon_meta'
[0.676s] Level 1:colcon.colcon_core.package_identification:_identify(config/node_modules/cors/lib) by extensions ['ros']
[0.676s] Level 1:colcon.colcon_core.package_identification:_identify(config/node_modules/cors/lib) by extension 'ros'
[0.677s] Level 1:colcon.colcon_core.package_identification:_identify(config/node_modules/cors/lib) by extensions ['cmake', 'python']
[0.677s] Level 1:colcon.colcon_core.package_identification:_identify(config/node_modules/cors/lib) by extension 'cmake'
[0.677s] Level 1:colcon.colcon_core.package_identification:_identify(config/node_modules/cors/lib) by extension 'python'
[0.677s] Level 1:colcon.colcon_core.package_identification:_identify(config/node_modules/cors/lib) by extensions ['python_setup_py']
[0.677s] Level 1:colcon.colcon_core.package_identification:_identify(config/node_modules/cors/lib) by extension 'python_setup_py'
[0.677s] Level 1:colcon.colcon_core.package_identification:_identify(config/node_modules/debug) by extensions ['ignore', 'ignore_ament_install']
[0.677s] Level 1:colcon.colcon_core.package_identification:_identify(config/node_modules/debug) by extension 'ignore'
[0.677s] Level 1:colcon.colcon_core.package_identification:_identify(config/node_modules/debug) by extension 'ignore_ament_install'
[0.677s] Level 1:colcon.colcon_core.package_identification:_identify(config/node_modules/debug) by extensions ['colcon_pkg']
[0.677s] Level 1:colcon.colcon_core.package_identification:_identify(config/node_modules/debug) by extension 'colcon_pkg'
[0.677s] Level 1:colcon.colcon_core.package_identification:_identify(config/node_modules/debug) by extensions ['colcon_meta']
[0.677s] Level 1:colcon.colcon_core.package_identification:_identify(config/node_modules/debug) by extension 'colcon_meta'
[0.677s] Level 1:colcon.colcon_core.package_identification:_identify(config/node_modules/debug) by extensions ['ros']
[0.677s] Level 1:colcon.colcon_core.package_identification:_identify(config/node_modules/debug) by extension 'ros'
[0.677s] Level 1:colcon.colcon_core.package_identification:_identify(config/node_modules/debug) by extensions ['cmake', 'python']
[0.677s] Level 1:colcon.colcon_core.package_identification:_identify(config/node_modules/debug) by extension 'cmake'
[0.678s] Level 1:colcon.colcon_core.package_identification:_identify(config/node_modules/debug) by extension 'python'
[0.678s] Level 1:colcon.colcon_core.package_identification:_identify(config/node_modules/debug) by extensions ['python_setup_py']
[0.678s] Level 1:colcon.colcon_core.package_identification:_identify(config/node_modules/debug) by extension 'python_setup_py'
[0.678s] Level 1:colcon.colcon_core.package_identification:_identify(config/node_modules/debug/src) by extensions ['ignore', 'ignore_ament_install']
[0.678s] Level 1:colcon.colcon_core.package_identification:_identify(config/node_modules/debug/src) by extension 'ignore'
[0.678s] Level 1:colcon.colcon_core.package_identification:_identify(config/node_modules/debug/src) by extension 'ignore_ament_install'
[0.678s] Level 1:colcon.colcon_core.package_identification:_identify(config/node_modules/debug/src) by extensions ['colcon_pkg']
[0.678s] Level 1:colcon.colcon_core.package_identification:_identify(config/node_modules/debug/src) by extension 'colcon_pkg'
[0.678s] Level 1:colcon.colcon_core.package_identification:_identify(config/node_modules/debug/src) by extensions ['colcon_meta']
[0.678s] Level 1:colcon.colcon_core.package_identification:_identify(config/node_modules/debug/src) by extension 'colcon_meta'
[0.678s] Level 1:colcon.colcon_core.package_identification:_identify(config/node_modules/debug/src) by extensions ['ros']
[0.678s] Level 1:colcon.colcon_core.package_identification:_identify(config/node_modules/debug/src) by extension 'ros'
[0.678s] Level 1:colcon.colcon_core.package_identification:_identify(config/node_modules/debug/src) by extensions ['cmake', 'python']
[0.678s] Level 1:colcon.colcon_core.package_identification:_identify(config/node_modules/debug/src) by extension 'cmake'
[0.678s] Level 1:colcon.colcon_core.package_identification:_identify(config/node_modules/debug/src) by extension 'python'
[0.678s] Level 1:colcon.colcon_core.package_identification:_identify(config/node_modules/debug/src) by extensions ['python_setup_py']
[0.679s] Level 1:colcon.colcon_core.package_identification:_identify(config/node_modules/debug/src) by extension 'python_setup_py'
[0.679s] Level 1:colcon.colcon_core.package_identification:_identify(config/node_modules/depd) by extensions ['ignore', 'ignore_ament_install']
[0.679s] Level 1:colcon.colcon_core.package_identification:_identify(config/node_modules/depd) by extension 'ignore'
[0.679s] Level 1:colcon.colcon_core.package_identification:_identify(config/node_modules/depd) by extension 'ignore_ament_install'
[0.679s] Level 1:colcon.colcon_core.package_identification:_identify(config/node_modules/depd) by extensions ['colcon_pkg']
[0.679s] Level 1:colcon.colcon_core.package_identification:_identify(config/node_modules/depd) by extension 'colcon_pkg'
[0.679s] Level 1:colcon.colcon_core.package_identification:_identify(config/node_modules/depd) by extensions ['colcon_meta']
[0.679s] Level 1:colcon.colcon_core.package_identification:_identify(config/node_modules/depd) by extension 'colcon_meta'
[0.679s] Level 1:colcon.colcon_core.package_identification:_identify(config/node_modules/depd) by extensions ['ros']
[0.679s] Level 1:colcon.colcon_core.package_identification:_identify(config/node_modules/depd) by extension 'ros'
[0.679s] Level 1:colcon.colcon_core.package_identification:_identify(config/node_modules/depd) by extensions ['cmake', 'python']
[0.679s] Level 1:colcon.colcon_core.package_identification:_identify(config/node_modules/depd) by extension 'cmake'
[0.679s] Level 1:colcon.colcon_core.package_identification:_identify(config/node_modules/depd) by extension 'python'
[0.679s] Level 1:colcon.colcon_core.package_identification:_identify(config/node_modules/depd) by extensions ['python_setup_py']
[0.679s] Level 1:colcon.colcon_core.package_identification:_identify(config/node_modules/depd) by extension 'python_setup_py'
[0.679s] Level 1:colcon.colcon_core.package_identification:_identify(config/node_modules/depd/lib) by extensions ['ignore', 'ignore_ament_install']
[0.680s] Level 1:colcon.colcon_core.package_identification:_identify(config/node_modules/depd/lib) by extension 'ignore'
[0.680s] Level 1:colcon.colcon_core.package_identification:_identify(config/node_modules/depd/lib) by extension 'ignore_ament_install'
[0.680s] Level 1:colcon.colcon_core.package_identification:_identify(config/node_modules/depd/lib) by extensions ['colcon_pkg']
[0.680s] Level 1:colcon.colcon_core.package_identification:_identify(config/node_modules/depd/lib) by extension 'colcon_pkg'
[0.680s] Level 1:colcon.colcon_core.package_identification:_identify(config/node_modules/depd/lib) by extensions ['colcon_meta']
[0.680s] Level 1:colcon.colcon_core.package_identification:_identify(config/node_modules/depd/lib) by extension 'colcon_meta'
[0.680s] Level 1:colcon.colcon_core.package_identification:_identify(config/node_modules/depd/lib) by extensions ['ros']
[0.680s] Level 1:colcon.colcon_core.package_identification:_identify(config/node_modules/depd/lib) by extension 'ros'
[0.680s] Level 1:colcon.colcon_core.package_identification:_identify(config/node_modules/depd/lib) by extensions ['cmake', 'python']
[0.680s] Level 1:colcon.colcon_core.package_identification:_identify(config/node_modules/depd/lib) by extension 'cmake'
[0.680s] Level 1:colcon.colcon_core.package_identification:_identify(config/node_modules/depd/lib) by extension 'python'
[0.680s] Level 1:colcon.colcon_core.package_identification:_identify(config/node_modules/depd/lib) by extensions ['python_setup_py']
[0.680s] Level 1:colcon.colcon_core.package_identification:_identify(config/node_modules/depd/lib) by extension 'python_setup_py'
[0.680s] Level 1:colcon.colcon_core.package_identification:_identify(config/node_modules/depd/lib/browser) by extensions ['ignore', 'ignore_ament_install']
[0.680s] Level 1:colcon.colcon_core.package_identification:_identify(config/node_modules/depd/lib/browser) by extension 'ignore'
[0.681s] Level 1:colcon.colcon_core.package_identification:_identify(config/node_modules/depd/lib/browser) by extension 'ignore_ament_install'
[0.681s] Level 1:colcon.colcon_core.package_identification:_identify(config/node_modules/depd/lib/browser) by extensions ['colcon_pkg']
[0.681s] Level 1:colcon.colcon_core.package_identification:_identify(config/node_modules/depd/lib/browser) by extension 'colcon_pkg'
[0.681s] Level 1:colcon.colcon_core.package_identification:_identify(config/node_modules/depd/lib/browser) by extensions ['colcon_meta']
[0.681s] Level 1:colcon.colcon_core.package_identification:_identify(config/node_modules/depd/lib/browser) by extension 'colcon_meta'
[0.681s] Level 1:colcon.colcon_core.package_identification:_identify(config/node_modules/depd/lib/browser) by extensions ['ros']
[0.681s] Level 1:colcon.colcon_core.package_identification:_identify(config/node_modules/depd/lib/browser) by extension 'ros'
[0.681s] Level 1:colcon.colcon_core.package_identification:_identify(config/node_modules/depd/lib/browser) by extensions ['cmake', 'python']
[0.681s] Level 1:colcon.colcon_core.package_identification:_identify(config/node_modules/depd/lib/browser) by extension 'cmake'
[0.681s] Level 1:colcon.colcon_core.package_identification:_identify(config/node_modules/depd/lib/browser) by extension 'python'
[0.681s] Level 1:colcon.colcon_core.package_identification:_identify(config/node_modules/depd/lib/browser) by extensions ['python_setup_py']
[0.681s] Level 1:colcon.colcon_core.package_identification:_identify(config/node_modules/depd/lib/browser) by extension 'python_setup_py'
[0.681s] Level 1:colcon.colcon_core.package_identification:_identify(config/node_modules/destroy) by extensions ['ignore', 'ignore_ament_install']
[0.681s] Level 1:colcon.colcon_core.package_identification:_identify(config/node_modules/destroy) by extension 'ignore'
[0.681s] Level 1:colcon.colcon_core.package_identification:_identify(config/node_modules/destroy) by extension 'ignore_ament_install'
[0.682s] Level 1:colcon.colcon_core.package_identification:_identify(config/node_modules/destroy) by extensions ['colcon_pkg']
[0.682s] Level 1:colcon.colcon_core.package_identification:_identify(config/node_modules/destroy) by extension 'colcon_pkg'
[0.682s] Level 1:colcon.colcon_core.package_identification:_identify(config/node_modules/destroy) by extensions ['colcon_meta']
[0.682s] Level 1:colcon.colcon_core.package_identification:_identify(config/node_modules/destroy) by extension 'colcon_meta'
[0.682s] Level 1:colcon.colcon_core.package_identification:_identify(config/node_modules/destroy) by extensions ['ros']
[0.682s] Level 1:colcon.colcon_core.package_identification:_identify(config/node_modules/destroy) by extension 'ros'
[0.682s] Level 1:colcon.colcon_core.package_identification:_identify(config/node_modules/destroy) by extensions ['cmake', 'python']
[0.682s] Level 1:colcon.colcon_core.package_identification:_identify(config/node_modules/destroy) by extension 'cmake'
[0.682s] Level 1:colcon.colcon_core.package_identification:_identify(config/node_modules/destroy) by extension 'python'
[0.682s] Level 1:colcon.colcon_core.package_identification:_identify(config/node_modules/destroy) by extensions ['python_setup_py']
[0.682s] Level 1:colcon.colcon_core.package_identification:_identify(config/node_modules/destroy) by extension 'python_setup_py'
[0.682s] Level 1:colcon.colcon_core.package_identification:_identify(config/node_modules/ee-first) by extensions ['ignore', 'ignore_ament_install']
[0.682s] Level 1:colcon.colcon_core.package_identification:_identify(config/node_modules/ee-first) by extension 'ignore'
[0.683s] Level 1:colcon.colcon_core.package_identification:_identify(config/node_modules/ee-first) by extension 'ignore_ament_install'
[0.683s] Level 1:colcon.colcon_core.package_identification:_identify(config/node_modules/ee-first) by extensions ['colcon_pkg']
[0.683s] Level 1:colcon.colcon_core.package_identification:_identify(config/node_modules/ee-first) by extension 'colcon_pkg'
[0.683s] Level 1:colcon.colcon_core.package_identification:_identify(config/node_modules/ee-first) by extensions ['colcon_meta']
[0.683s] Level 1:colcon.colcon_core.package_identification:_identify(config/node_modules/ee-first) by extension 'colcon_meta'
[0.683s] Level 1:colcon.colcon_core.package_identification:_identify(config/node_modules/ee-first) by extensions ['ros']
[0.683s] Level 1:colcon.colcon_core.package_identification:_identify(config/node_modules/ee-first) by extension 'ros'
[0.683s] Level 1:colcon.colcon_core.package_identification:_identify(config/node_modules/ee-first) by extensions ['cmake', 'python']
[0.683s] Level 1:colcon.colcon_core.package_identification:_identify(config/node_modules/ee-first) by extension 'cmake'
[0.683s] Level 1:colcon.colcon_core.package_identification:_identify(config/node_modules/ee-first) by extension 'python'
[0.683s] Level 1:colcon.colcon_core.package_identification:_identify(config/node_modules/ee-first) by extensions ['python_setup_py']
[0.683s] Level 1:colcon.colcon_core.package_identification:_identify(config/node_modules/ee-first) by extension 'python_setup_py'
[0.683s] Level 1:colcon.colcon_core.package_identification:_identify(config/node_modules/encodeurl) by extensions ['ignore', 'ignore_ament_install']
[0.683s] Level 1:colcon.colcon_core.package_identification:_identify(config/node_modules/encodeurl) by extension 'ignore'
[0.683s] Level 1:colcon.colcon_core.package_identification:_identify(config/node_modules/encodeurl) by extension 'ignore_ament_install'
[0.684s] Level 1:colcon.colcon_core.package_identification:_identify(config/node_modules/encodeurl) by extensions ['colcon_pkg']
[0.684s] Level 1:colcon.colcon_core.package_identification:_identify(config/node_modules/encodeurl) by extension 'colcon_pkg'
[0.684s] Level 1:colcon.colcon_core.package_identification:_identify(config/node_modules/encodeurl) by extensions ['colcon_meta']
[0.684s] Level 1:colcon.colcon_core.package_identification:_identify(config/node_modules/encodeurl) by extension 'colcon_meta'
[0.684s] Level 1:colcon.colcon_core.package_identification:_identify(config/node_modules/encodeurl) by extensions ['ros']
[0.684s] Level 1:colcon.colcon_core.package_identification:_identify(config/node_modules/encodeurl) by extension 'ros'
[0.684s] Level 1:colcon.colcon_core.package_identification:_identify(config/node_modules/encodeurl) by extensions ['cmake', 'python']
[0.684s] Level 1:colcon.colcon_core.package_identification:_identify(config/node_modules/encodeurl) by extension 'cmake'
[0.684s] Level 1:colcon.colcon_core.package_identification:_identify(config/node_modules/encodeurl) by extension 'python'
[0.684s] Level 1:colcon.colcon_core.package_identification:_identify(config/node_modules/encodeurl) by extensions ['python_setup_py']
[0.684s] Level 1:colcon.colcon_core.package_identification:_identify(config/node_modules/encodeurl) by extension 'python_setup_py'
[0.684s] Level 1:colcon.colcon_core.package_identification:_identify(config/node_modules/engine.io) by extensions ['ignore', 'ignore_ament_install']
[0.684s] Level 1:colcon.colcon_core.package_identification:_identify(config/node_modules/engine.io) by extension 'ignore'
[0.684s] Level 1:colcon.colcon_core.package_identification:_identify(config/node_modules/engine.io) by extension 'ignore_ament_install'
[0.684s] Level 1:colcon.colcon_core.package_identification:_identify(config/node_modules/engine.io) by extensions ['colcon_pkg']
[0.684s] Level 1:colcon.colcon_core.package_identification:_identify(config/node_modules/engine.io) by extension 'colcon_pkg'
[0.685s] Level 1:colcon.colcon_core.package_identification:_identify(config/node_modules/engine.io) by extensions ['colcon_meta']
[0.685s] Level 1:colcon.colcon_core.package_identification:_identify(config/node_modules/engine.io) by extension 'colcon_meta'
[0.685s] Level 1:colcon.colcon_core.package_identification:_identify(config/node_modules/engine.io) by extensions ['ros']
[0.685s] Level 1:colcon.colcon_core.package_identification:_identify(config/node_modules/engine.io) by extension 'ros'
[0.685s] Level 1:colcon.colcon_core.package_identification:_identify(config/node_modules/engine.io) by extensions ['cmake', 'python']
[0.685s] Level 1:colcon.colcon_core.package_identification:_identify(config/node_modules/engine.io) by extension 'cmake'
[0.685s] Level 1:colcon.colcon_core.package_identification:_identify(config/node_modules/engine.io) by extension 'python'
[0.685s] Level 1:colcon.colcon_core.package_identification:_identify(config/node_modules/engine.io) by extensions ['python_setup_py']
[0.685s] Level 1:colcon.colcon_core.package_identification:_identify(config/node_modules/engine.io) by extension 'python_setup_py'
[0.685s] Level 1:colcon.colcon_core.package_identification:_identify(config/node_modules/engine.io/build) by extensions ['ignore', 'ignore_ament_install']
[0.685s] Level 1:colcon.colcon_core.package_identification:_identify(config/node_modules/engine.io/build) by extension 'ignore'
[0.685s] Level 1:colcon.colcon_core.package_identification:_identify(config/node_modules/engine.io/build) by extension 'ignore_ament_install'
[0.686s] Level 1:colcon.colcon_core.package_identification:_identify(config/node_modules/engine.io/build) by extensions ['colcon_pkg']
[0.686s] Level 1:colcon.colcon_core.package_identification:_identify(config/node_modules/engine.io/build) by extension 'colcon_pkg'
[0.686s] Level 1:colcon.colcon_core.package_identification:_identify(config/node_modules/engine.io/build) by extensions ['colcon_meta']
[0.686s] Level 1:colcon.colcon_core.package_identification:_identify(config/node_modules/engine.io/build) by extension 'colcon_meta'
[0.686s] Level 1:colcon.colcon_core.package_identification:_identify(config/node_modules/engine.io/build) by extensions ['ros']
[0.686s] Level 1:colcon.colcon_core.package_identification:_identify(config/node_modules/engine.io/build) by extension 'ros'
[0.686s] Level 1:colcon.colcon_core.package_identification:_identify(config/node_modules/engine.io/build) by extensions ['cmake', 'python']
[0.686s] Level 1:colcon.colcon_core.package_identification:_identify(config/node_modules/engine.io/build) by extension 'cmake'
[0.686s] Level 1:colcon.colcon_core.package_identification:_identify(config/node_modules/engine.io/build) by extension 'python'
[0.686s] Level 1:colcon.colcon_core.package_identification:_identify(config/node_modules/engine.io/build) by extensions ['python_setup_py']
[0.686s] Level 1:colcon.colcon_core.package_identification:_identify(config/node_modules/engine.io/build) by extension 'python_setup_py'
[0.686s] Level 1:colcon.colcon_core.package_identification:_identify(config/node_modules/engine.io/build/contrib) by extensions ['ignore', 'ignore_ament_install']
[0.686s] Level 1:colcon.colcon_core.package_identification:_identify(config/node_modules/engine.io/build/contrib) by extension 'ignore'
[0.686s] Level 1:colcon.colcon_core.package_identification:_identify(config/node_modules/engine.io/build/contrib) by extension 'ignore_ament_install'
[0.687s] Level 1:colcon.colcon_core.package_identification:_identify(config/node_modules/engine.io/build/contrib) by extensions ['colcon_pkg']
[0.687s] Level 1:colcon.colcon_core.package_identification:_identify(config/node_modules/engine.io/build/contrib) by extension 'colcon_pkg'
[0.687s] Level 1:colcon.colcon_core.package_identification:_identify(config/node_modules/engine.io/build/contrib) by extensions ['colcon_meta']
[0.687s] Level 1:colcon.colcon_core.package_identification:_identify(config/node_modules/engine.io/build/contrib) by extension 'colcon_meta'
[0.687s] Level 1:colcon.colcon_core.package_identification:_identify(config/node_modules/engine.io/build/contrib) by extensions ['ros']
[0.687s] Level 1:colcon.colcon_core.package_identification:_identify(config/node_modules/engine.io/build/contrib) by extension 'ros'
[0.687s] Level 1:colcon.colcon_core.package_identification:_identify(config/node_modules/engine.io/build/contrib) by extensions ['cmake', 'python']
[0.687s] Level 1:colcon.colcon_core.package_identification:_identify(config/node_modules/engine.io/build/contrib) by extension 'cmake'
[0.687s] Level 1:colcon.colcon_core.package_identification:_identify(config/node_modules/engine.io/build/contrib) by extension 'python'
[0.687s] Level 1:colcon.colcon_core.package_identification:_identify(config/node_modules/engine.io/build/contrib) by extensions ['python_setup_py']
[0.687s] Level 1:colcon.colcon_core.package_identification:_identify(config/node_modules/engine.io/build/contrib) by extension 'python_setup_py'
[0.687s] Level 1:colcon.colcon_core.package_identification:_identify(config/node_modules/engine.io/build/parser-v3) by extensions ['ignore', 'ignore_ament_install']
[0.687s] Level 1:colcon.colcon_core.package_identification:_identify(config/node_modules/engine.io/build/parser-v3) by extension 'ignore'
[0.687s] Level 1:colcon.colcon_core.package_identification:_identify(config/node_modules/engine.io/build/parser-v3) by extension 'ignore_ament_install'
[0.688s] Level 1:colcon.colcon_core.package_identification:_identify(config/node_modules/engine.io/build/parser-v3) by extensions ['colcon_pkg']
[0.688s] Level 1:colcon.colcon_core.package_identification:_identify(config/node_modules/engine.io/build/parser-v3) by extension 'colcon_pkg'
[0.688s] Level 1:colcon.colcon_core.package_identification:_identify(config/node_modules/engine.io/build/parser-v3) by extensions ['colcon_meta']
[0.688s] Level 1:colcon.colcon_core.package_identification:_identify(config/node_modules/engine.io/build/parser-v3) by extension 'colcon_meta'
[0.688s] Level 1:colcon.colcon_core.package_identification:_identify(config/node_modules/engine.io/build/parser-v3) by extensions ['ros']
[0.688s] Level 1:colcon.colcon_core.package_identification:_identify(config/node_modules/engine.io/build/parser-v3) by extension 'ros'
[0.688s] Level 1:colcon.colcon_core.package_identification:_identify(config/node_modules/engine.io/build/parser-v3) by extensions ['cmake', 'python']
[0.688s] Level 1:colcon.colcon_core.package_identification:_identify(config/node_modules/engine.io/build/parser-v3) by extension 'cmake'
[0.688s] Level 1:colcon.colcon_core.package_identification:_identify(config/node_modules/engine.io/build/parser-v3) by extension 'python'
[0.688s] Level 1:colcon.colcon_core.package_identification:_identify(config/node_modules/engine.io/build/parser-v3) by extensions ['python_setup_py']
[0.688s] Level 1:colcon.colcon_core.package_identification:_identify(config/node_modules/engine.io/build/parser-v3) by extension 'python_setup_py'
[0.688s] Level 1:colcon.colcon_core.package_identification:_identify(config/node_modules/engine.io/build/transports) by extensions ['ignore', 'ignore_ament_install']
[0.688s] Level 1:colcon.colcon_core.package_identification:_identify(config/node_modules/engine.io/build/transports) by extension 'ignore'
[0.688s] Level 1:colcon.colcon_core.package_identification:_identify(config/node_modules/engine.io/build/transports) by extension 'ignore_ament_install'
[0.688s] Level 1:colcon.colcon_core.package_identification:_identify(config/node_modules/engine.io/build/transports) by extensions ['colcon_pkg']
[0.688s] Level 1:colcon.colcon_core.package_identification:_identify(config/node_modules/engine.io/build/transports) by extension 'colcon_pkg'
[0.689s] Level 1:colcon.colcon_core.package_identification:_identify(config/node_modules/engine.io/build/transports) by extensions ['colcon_meta']
[0.689s] Level 1:colcon.colcon_core.package_identification:_identify(config/node_modules/engine.io/build/transports) by extension 'colcon_meta'
[0.689s] Level 1:colcon.colcon_core.package_identification:_identify(config/node_modules/engine.io/build/transports) by extensions ['ros']
[0.689s] Level 1:colcon.colcon_core.package_identification:_identify(config/node_modules/engine.io/build/transports) by extension 'ros'
[0.689s] Level 1:colcon.colcon_core.package_identification:_identify(config/node_modules/engine.io/build/transports) by extensions ['cmake', 'python']
[0.689s] Level 1:colcon.colcon_core.package_identification:_identify(config/node_modules/engine.io/build/transports) by extension 'cmake'
[0.689s] Level 1:colcon.colcon_core.package_identification:_identify(config/node_modules/engine.io/build/transports) by extension 'python'
[0.689s] Level 1:colcon.colcon_core.package_identification:_identify(config/node_modules/engine.io/build/transports) by extensions ['python_setup_py']
[0.689s] Level 1:colcon.colcon_core.package_identification:_identify(config/node_modules/engine.io/build/transports) by extension 'python_setup_py'
[0.689s] Level 1:colcon.colcon_core.package_identification:_identify(config/node_modules/engine.io/build/transports-uws) by extensions ['ignore', 'ignore_ament_install']
[0.689s] Level 1:colcon.colcon_core.package_identification:_identify(config/node_modules/engine.io/build/transports-uws) by extension 'ignore'
[0.689s] Level 1:colcon.colcon_core.package_identification:_identify(config/node_modules/engine.io/build/transports-uws) by extension 'ignore_ament_install'
[0.689s] Level 1:colcon.colcon_core.package_identification:_identify(config/node_modules/engine.io/build/transports-uws) by extensions ['colcon_pkg']
[0.689s] Level 1:colcon.colcon_core.package_identification:_identify(config/node_modules/engine.io/build/transports-uws) by extension 'colcon_pkg'
[0.689s] Level 1:colcon.colcon_core.package_identification:_identify(config/node_modules/engine.io/build/transports-uws) by extensions ['colcon_meta']
[0.690s] Level 1:colcon.colcon_core.package_identification:_identify(config/node_modules/engine.io/build/transports-uws) by extension 'colcon_meta'
[0.690s] Level 1:colcon.colcon_core.package_identification:_identify(config/node_modules/engine.io/build/transports-uws) by extensions ['ros']
[0.690s] Level 1:colcon.colcon_core.package_identification:_identify(config/node_modules/engine.io/build/transports-uws) by extension 'ros'
[0.690s] Level 1:colcon.colcon_core.package_identification:_identify(config/node_modules/engine.io/build/transports-uws) by extensions ['cmake', 'python']
[0.690s] Level 1:colcon.colcon_core.package_identification:_identify(config/node_modules/engine.io/build/transports-uws) by extension 'cmake'
[0.690s] Level 1:colcon.colcon_core.package_identification:_identify(config/node_modules/engine.io/build/transports-uws) by extension 'python'
[0.690s] Level 1:colcon.colcon_core.package_identification:_identify(config/node_modules/engine.io/build/transports-uws) by extensions ['python_setup_py']
[0.690s] Level 1:colcon.colcon_core.package_identification:_identify(config/node_modules/engine.io/build/transports-uws) by extension 'python_setup_py'
[0.690s] Level 1:colcon.colcon_core.package_identification:_identify(config/node_modules/engine.io/node_modules) by extensions ['ignore', 'ignore_ament_install']
[0.690s] Level 1:colcon.colcon_core.package_identification:_identify(config/node_modules/engine.io/node_modules) by extension 'ignore'
[0.690s] Level 1:colcon.colcon_core.package_identification:_identify(config/node_modules/engine.io/node_modules) by extension 'ignore_ament_install'
[0.690s] Level 1:colcon.colcon_core.package_identification:_identify(config/node_modules/engine.io/node_modules) by extensions ['colcon_pkg']
[0.690s] Level 1:colcon.colcon_core.package_identification:_identify(config/node_modules/engine.io/node_modules) by extension 'colcon_pkg'
[0.690s] Level 1:colcon.colcon_core.package_identification:_identify(config/node_modules/engine.io/node_modules) by extensions ['colcon_meta']
[0.690s] Level 1:colcon.colcon_core.package_identification:_identify(config/node_modules/engine.io/node_modules) by extension 'colcon_meta'
[0.691s] Level 1:colcon.colcon_core.package_identification:_identify(config/node_modules/engine.io/node_modules) by extensions ['ros']
[0.691s] Level 1:colcon.colcon_core.package_identification:_identify(config/node_modules/engine.io/node_modules) by extension 'ros'
[0.691s] Level 1:colcon.colcon_core.package_identification:_identify(config/node_modules/engine.io/node_modules) by extensions ['cmake', 'python']
[0.691s] Level 1:colcon.colcon_core.package_identification:_identify(config/node_modules/engine.io/node_modules) by extension 'cmake'
[0.691s] Level 1:colcon.colcon_core.package_identification:_identify(config/node_modules/engine.io/node_modules) by extension 'python'
[0.691s] Level 1:colcon.colcon_core.package_identification:_identify(config/node_modules/engine.io/node_modules) by extensions ['python_setup_py']
[0.691s] Level 1:colcon.colcon_core.package_identification:_identify(config/node_modules/engine.io/node_modules) by extension 'python_setup_py'
[0.691s] Level 1:colcon.colcon_core.package_identification:_identify(config/node_modules/engine.io/node_modules/debug) by extensions ['ignore', 'ignore_ament_install']
[0.691s] Level 1:colcon.colcon_core.package_identification:_identify(config/node_modules/engine.io/node_modules/debug) by extension 'ignore'
[0.691s] Level 1:colcon.colcon_core.package_identification:_identify(config/node_modules/engine.io/node_modules/debug) by extension 'ignore_ament_install'
[0.691s] Level 1:colcon.colcon_core.package_identification:_identify(config/node_modules/engine.io/node_modules/debug) by extensions ['colcon_pkg']
[0.691s] Level 1:colcon.colcon_core.package_identification:_identify(config/node_modules/engine.io/node_modules/debug) by extension 'colcon_pkg'
[0.691s] Level 1:colcon.colcon_core.package_identification:_identify(config/node_modules/engine.io/node_modules/debug) by extensions ['colcon_meta']
[0.691s] Level 1:colcon.colcon_core.package_identification:_identify(config/node_modules/engine.io/node_modules/debug) by extension 'colcon_meta'
[0.691s] Level 1:colcon.colcon_core.package_identification:_identify(config/node_modules/engine.io/node_modules/debug) by extensions ['ros']
[0.692s] Level 1:colcon.colcon_core.package_identification:_identify(config/node_modules/engine.io/node_modules/debug) by extension 'ros'
[0.692s] Level 1:colcon.colcon_core.package_identification:_identify(config/node_modules/engine.io/node_modules/debug) by extensions ['cmake', 'python']
[0.692s] Level 1:colcon.colcon_core.package_identification:_identify(config/node_modules/engine.io/node_modules/debug) by extension 'cmake'
[0.692s] Level 1:colcon.colcon_core.package_identification:_identify(config/node_modules/engine.io/node_modules/debug) by extension 'python'
[0.692s] Level 1:colcon.colcon_core.package_identification:_identify(config/node_modules/engine.io/node_modules/debug) by extensions ['python_setup_py']
[0.692s] Level 1:colcon.colcon_core.package_identification:_identify(config/node_modules/engine.io/node_modules/debug) by extension 'python_setup_py'
[0.692s] Level 1:colcon.colcon_core.package_identification:_identify(config/node_modules/engine.io/node_modules/debug/src) by extensions ['ignore', 'ignore_ament_install']
[0.692s] Level 1:colcon.colcon_core.package_identification:_identify(config/node_modules/engine.io/node_modules/debug/src) by extension 'ignore'
[0.692s] Level 1:colcon.colcon_core.package_identification:_identify(config/node_modules/engine.io/node_modules/debug/src) by extension 'ignore_ament_install'
[0.693s] Level 1:colcon.colcon_core.package_identification:_identify(config/node_modules/engine.io/node_modules/debug/src) by extensions ['colcon_pkg']
[0.693s] Level 1:colcon.colcon_core.package_identification:_identify(config/node_modules/engine.io/node_modules/debug/src) by extension 'colcon_pkg'
[0.693s] Level 1:colcon.colcon_core.package_identification:_identify(config/node_modules/engine.io/node_modules/debug/src) by extensions ['colcon_meta']
[0.693s] Level 1:colcon.colcon_core.package_identification:_identify(config/node_modules/engine.io/node_modules/debug/src) by extension 'colcon_meta'
[0.693s] Level 1:colcon.colcon_core.package_identification:_identify(config/node_modules/engine.io/node_modules/debug/src) by extensions ['ros']
[0.693s] Level 1:colcon.colcon_core.package_identification:_identify(config/node_modules/engine.io/node_modules/debug/src) by extension 'ros'
[0.693s] Level 1:colcon.colcon_core.package_identification:_identify(config/node_modules/engine.io/node_modules/debug/src) by extensions ['cmake', 'python']
[0.693s] Level 1:colcon.colcon_core.package_identification:_identify(config/node_modules/engine.io/node_modules/debug/src) by extension 'cmake'
[0.693s] Level 1:colcon.colcon_core.package_identification:_identify(config/node_modules/engine.io/node_modules/debug/src) by extension 'python'
[0.693s] Level 1:colcon.colcon_core.package_identification:_identify(config/node_modules/engine.io/node_modules/debug/src) by extensions ['python_setup_py']
[0.693s] Level 1:colcon.colcon_core.package_identification:_identify(config/node_modules/engine.io/node_modules/debug/src) by extension 'python_setup_py'
[0.693s] Level 1:colcon.colcon_core.package_identification:_identify(config/node_modules/engine.io/node_modules/ms) by extensions ['ignore', 'ignore_ament_install']
[0.693s] Level 1:colcon.colcon_core.package_identification:_identify(config/node_modules/engine.io/node_modules/ms) by extension 'ignore'
[0.693s] Level 1:colcon.colcon_core.package_identification:_identify(config/node_modules/engine.io/node_modules/ms) by extension 'ignore_ament_install'
[0.693s] Level 1:colcon.colcon_core.package_identification:_identify(config/node_modules/engine.io/node_modules/ms) by extensions ['colcon_pkg']
[0.694s] Level 1:colcon.colcon_core.package_identification:_identify(config/node_modules/engine.io/node_modules/ms) by extension 'colcon_pkg'
[0.694s] Level 1:colcon.colcon_core.package_identification:_identify(config/node_modules/engine.io/node_modules/ms) by extensions ['colcon_meta']
[0.694s] Level 1:colcon.colcon_core.package_identification:_identify(config/node_modules/engine.io/node_modules/ms) by extension 'colcon_meta'
[0.694s] Level 1:colcon.colcon_core.package_identification:_identify(config/node_modules/engine.io/node_modules/ms) by extensions ['ros']
[0.694s] Level 1:colcon.colcon_core.package_identification:_identify(config/node_modules/engine.io/node_modules/ms) by extension 'ros'
[0.694s] Level 1:colcon.colcon_core.package_identification:_identify(config/node_modules/engine.io/node_modules/ms) by extensions ['cmake', 'python']
[0.694s] Level 1:colcon.colcon_core.package_identification:_identify(config/node_modules/engine.io/node_modules/ms) by extension 'cmake'
[0.694s] Level 1:colcon.colcon_core.package_identification:_identify(config/node_modules/engine.io/node_modules/ms) by extension 'python'
[0.694s] Level 1:colcon.colcon_core.package_identification:_identify(config/node_modules/engine.io/node_modules/ms) by extensions ['python_setup_py']
[0.694s] Level 1:colcon.colcon_core.package_identification:_identify(config/node_modules/engine.io/node_modules/ms) by extension 'python_setup_py'
[0.694s] Level 1:colcon.colcon_core.package_identification:_identify(config/node_modules/engine.io-parser) by extensions ['ignore', 'ignore_ament_install']
[0.694s] Level 1:colcon.colcon_core.package_identification:_identify(config/node_modules/engine.io-parser) by extension 'ignore'
[0.694s] Level 1:colcon.colcon_core.package_identification:_identify(config/node_modules/engine.io-parser) by extension 'ignore_ament_install'
[0.694s] Level 1:colcon.colcon_core.package_identification:_identify(config/node_modules/engine.io-parser) by extensions ['colcon_pkg']
[0.694s] Level 1:colcon.colcon_core.package_identification:_identify(config/node_modules/engine.io-parser) by extension 'colcon_pkg'
[0.695s] Level 1:colcon.colcon_core.package_identification:_identify(config/node_modules/engine.io-parser) by extensions ['colcon_meta']
[0.695s] Level 1:colcon.colcon_core.package_identification:_identify(config/node_modules/engine.io-parser) by extension 'colcon_meta'
[0.695s] Level 1:colcon.colcon_core.package_identification:_identify(config/node_modules/engine.io-parser) by extensions ['ros']
[0.695s] Level 1:colcon.colcon_core.package_identification:_identify(config/node_modules/engine.io-parser) by extension 'ros'
[0.695s] Level 1:colcon.colcon_core.package_identification:_identify(config/node_modules/engine.io-parser) by extensions ['cmake', 'python']
[0.695s] Level 1:colcon.colcon_core.package_identification:_identify(config/node_modules/engine.io-parser) by extension 'cmake'
[0.695s] Level 1:colcon.colcon_core.package_identification:_identify(config/node_modules/engine.io-parser) by extension 'python'
[0.695s] Level 1:colcon.colcon_core.package_identification:_identify(config/node_modules/engine.io-parser) by extensions ['python_setup_py']
[0.695s] Level 1:colcon.colcon_core.package_identification:_identify(config/node_modules/engine.io-parser) by extension 'python_setup_py'
[0.695s] Level 1:colcon.colcon_core.package_identification:_identify(config/node_modules/engine.io-parser/build) by extensions ['ignore', 'ignore_ament_install']
[0.695s] Level 1:colcon.colcon_core.package_identification:_identify(config/node_modules/engine.io-parser/build) by extension 'ignore'
[0.695s] Level 1:colcon.colcon_core.package_identification:_identify(config/node_modules/engine.io-parser/build) by extension 'ignore_ament_install'
[0.695s] Level 1:colcon.colcon_core.package_identification:_identify(config/node_modules/engine.io-parser/build) by extensions ['colcon_pkg']
[0.695s] Level 1:colcon.colcon_core.package_identification:_identify(config/node_modules/engine.io-parser/build) by extension 'colcon_pkg'
[0.695s] Level 1:colcon.colcon_core.package_identification:_identify(config/node_modules/engine.io-parser/build) by extensions ['colcon_meta']
[0.695s] Level 1:colcon.colcon_core.package_identification:_identify(config/node_modules/engine.io-parser/build) by extension 'colcon_meta'
[0.696s] Level 1:colcon.colcon_core.package_identification:_identify(config/node_modules/engine.io-parser/build) by extensions ['ros']
[0.696s] Level 1:colcon.colcon_core.package_identification:_identify(config/node_modules/engine.io-parser/build) by extension 'ros'
[0.696s] Level 1:colcon.colcon_core.package_identification:_identify(config/node_modules/engine.io-parser/build) by extensions ['cmake', 'python']
[0.696s] Level 1:colcon.colcon_core.package_identification:_identify(config/node_modules/engine.io-parser/build) by extension 'cmake'
[0.696s] Level 1:colcon.colcon_core.package_identification:_identify(config/node_modules/engine.io-parser/build) by extension 'python'
[0.696s] Level 1:colcon.colcon_core.package_identification:_identify(config/node_modules/engine.io-parser/build) by extensions ['python_setup_py']
[0.696s] Level 1:colcon.colcon_core.package_identification:_identify(config/node_modules/engine.io-parser/build) by extension 'python_setup_py'
[0.696s] Level 1:colcon.colcon_core.package_identification:_identify(config/node_modules/engine.io-parser/build/cjs) by extensions ['ignore', 'ignore_ament_install']
[0.696s] Level 1:colcon.colcon_core.package_identification:_identify(config/node_modules/engine.io-parser/build/cjs) by extension 'ignore'
[0.696s] Level 1:colcon.colcon_core.package_identification:_identify(config/node_modules/engine.io-parser/build/cjs) by extension 'ignore_ament_install'
[0.696s] Level 1:colcon.colcon_core.package_identification:_identify(config/node_modules/engine.io-parser/build/cjs) by extensions ['colcon_pkg']
[0.696s] Level 1:colcon.colcon_core.package_identification:_identify(config/node_modules/engine.io-parser/build/cjs) by extension 'colcon_pkg'
[0.696s] Level 1:colcon.colcon_core.package_identification:_identify(config/node_modules/engine.io-parser/build/cjs) by extensions ['colcon_meta']
[0.696s] Level 1:colcon.colcon_core.package_identification:_identify(config/node_modules/engine.io-parser/build/cjs) by extension 'colcon_meta'
[0.696s] Level 1:colcon.colcon_core.package_identification:_identify(config/node_modules/engine.io-parser/build/cjs) by extensions ['ros']
[0.697s] Level 1:colcon.colcon_core.package_identification:_identify(config/node_modules/engine.io-parser/build/cjs) by extension 'ros'
[0.697s] Level 1:colcon.colcon_core.package_identification:_identify(config/node_modules/engine.io-parser/build/cjs) by extensions ['cmake', 'python']
[0.697s] Level 1:colcon.colcon_core.package_identification:_identify(config/node_modules/engine.io-parser/build/cjs) by extension 'cmake'
[0.697s] Level 1:colcon.colcon_core.package_identification:_identify(config/node_modules/engine.io-parser/build/cjs) by extension 'python'
[0.697s] Level 1:colcon.colcon_core.package_identification:_identify(config/node_modules/engine.io-parser/build/cjs) by extensions ['python_setup_py']
[0.697s] Level 1:colcon.colcon_core.package_identification:_identify(config/node_modules/engine.io-parser/build/cjs) by extension 'python_setup_py'
[0.697s] Level 1:colcon.colcon_core.package_identification:_identify(config/node_modules/engine.io-parser/build/cjs/contrib) by extensions ['ignore', 'ignore_ament_install']
[0.697s] Level 1:colcon.colcon_core.package_identification:_identify(config/node_modules/engine.io-parser/build/cjs/contrib) by extension 'ignore'
[0.697s] Level 1:colcon.colcon_core.package_identification:_identify(config/node_modules/engine.io-parser/build/cjs/contrib) by extension 'ignore_ament_install'
[0.697s] Level 1:colcon.colcon_core.package_identification:_identify(config/node_modules/engine.io-parser/build/cjs/contrib) by extensions ['colcon_pkg']
[0.697s] Level 1:colcon.colcon_core.package_identification:_identify(config/node_modules/engine.io-parser/build/cjs/contrib) by extension 'colcon_pkg'
[0.697s] Level 1:colcon.colcon_core.package_identification:_identify(config/node_modules/engine.io-parser/build/cjs/contrib) by extensions ['colcon_meta']
[0.697s] Level 1:colcon.colcon_core.package_identification:_identify(config/node_modules/engine.io-parser/build/cjs/contrib) by extension 'colcon_meta'
[0.697s] Level 1:colcon.colcon_core.package_identification:_identify(config/node_modules/engine.io-parser/build/cjs/contrib) by extensions ['ros']
[0.697s] Level 1:colcon.colcon_core.package_identification:_identify(config/node_modules/engine.io-parser/build/cjs/contrib) by extension 'ros'
[0.697s] Level 1:colcon.colcon_core.package_identification:_identify(config/node_modules/engine.io-parser/build/cjs/contrib) by extensions ['cmake', 'python']
[0.698s] Level 1:colcon.colcon_core.package_identification:_identify(config/node_modules/engine.io-parser/build/cjs/contrib) by extension 'cmake'
[0.698s] Level 1:colcon.colcon_core.package_identification:_identify(config/node_modules/engine.io-parser/build/cjs/contrib) by extension 'python'
[0.698s] Level 1:colcon.colcon_core.package_identification:_identify(config/node_modules/engine.io-parser/build/cjs/contrib) by extensions ['python_setup_py']
[0.698s] Level 1:colcon.colcon_core.package_identification:_identify(config/node_modules/engine.io-parser/build/cjs/contrib) by extension 'python_setup_py'
[0.698s] Level 1:colcon.colcon_core.package_identification:_identify(config/node_modules/engine.io-parser/build/esm) by extensions ['ignore', 'ignore_ament_install']
[0.698s] Level 1:colcon.colcon_core.package_identification:_identify(config/node_modules/engine.io-parser/build/esm) by extension 'ignore'
[0.698s] Level 1:colcon.colcon_core.package_identification:_identify(config/node_modules/engine.io-parser/build/esm) by extension 'ignore_ament_install'
[0.698s] Level 1:colcon.colcon_core.package_identification:_identify(config/node_modules/engine.io-parser/build/esm) by extensions ['colcon_pkg']
[0.698s] Level 1:colcon.colcon_core.package_identification:_identify(config/node_modules/engine.io-parser/build/esm) by extension 'colcon_pkg'
[0.698s] Level 1:colcon.colcon_core.package_identification:_identify(config/node_modules/engine.io-parser/build/esm) by extensions ['colcon_meta']
[0.698s] Level 1:colcon.colcon_core.package_identification:_identify(config/node_modules/engine.io-parser/build/esm) by extension 'colcon_meta'
[0.698s] Level 1:colcon.colcon_core.package_identification:_identify(config/node_modules/engine.io-parser/build/esm) by extensions ['ros']
[0.698s] Level 1:colcon.colcon_core.package_identification:_identify(config/node_modules/engine.io-parser/build/esm) by extension 'ros'
[0.698s] Level 1:colcon.colcon_core.package_identification:_identify(config/node_modules/engine.io-parser/build/esm) by extensions ['cmake', 'python']
[0.698s] Level 1:colcon.colcon_core.package_identification:_identify(config/node_modules/engine.io-parser/build/esm) by extension 'cmake'
[0.698s] Level 1:colcon.colcon_core.package_identification:_identify(config/node_modules/engine.io-parser/build/esm) by extension 'python'
[0.699s] Level 1:colcon.colcon_core.package_identification:_identify(config/node_modules/engine.io-parser/build/esm) by extensions ['python_setup_py']
[0.699s] Level 1:colcon.colcon_core.package_identification:_identify(config/node_modules/engine.io-parser/build/esm) by extension 'python_setup_py'
[0.699s] Level 1:colcon.colcon_core.package_identification:_identify(config/node_modules/engine.io-parser/build/esm/contrib) by extensions ['ignore', 'ignore_ament_install']
[0.699s] Level 1:colcon.colcon_core.package_identification:_identify(config/node_modules/engine.io-parser/build/esm/contrib) by extension 'ignore'
[0.699s] Level 1:colcon.colcon_core.package_identification:_identify(config/node_modules/engine.io-parser/build/esm/contrib) by extension 'ignore_ament_install'
[0.699s] Level 1:colcon.colcon_core.package_identification:_identify(config/node_modules/engine.io-parser/build/esm/contrib) by extensions ['colcon_pkg']
[0.699s] Level 1:colcon.colcon_core.package_identification:_identify(config/node_modules/engine.io-parser/build/esm/contrib) by extension 'colcon_pkg'
[0.699s] Level 1:colcon.colcon_core.package_identification:_identify(config/node_modules/engine.io-parser/build/esm/contrib) by extensions ['colcon_meta']
[0.699s] Level 1:colcon.colcon_core.package_identification:_identify(config/node_modules/engine.io-parser/build/esm/contrib) by extension 'colcon_meta'
[0.699s] Level 1:colcon.colcon_core.package_identification:_identify(config/node_modules/engine.io-parser/build/esm/contrib) by extensions ['ros']
[0.699s] Level 1:colcon.colcon_core.package_identification:_identify(config/node_modules/engine.io-parser/build/esm/contrib) by extension 'ros'
[0.699s] Level 1:colcon.colcon_core.package_identification:_identify(config/node_modules/engine.io-parser/build/esm/contrib) by extensions ['cmake', 'python']
[0.699s] Level 1:colcon.colcon_core.package_identification:_identify(config/node_modules/engine.io-parser/build/esm/contrib) by extension 'cmake'
[0.699s] Level 1:colcon.colcon_core.package_identification:_identify(config/node_modules/engine.io-parser/build/esm/contrib) by extension 'python'
[0.699s] Level 1:colcon.colcon_core.package_identification:_identify(config/node_modules/engine.io-parser/build/esm/contrib) by extensions ['python_setup_py']
[0.700s] Level 1:colcon.colcon_core.package_identification:_identify(config/node_modules/engine.io-parser/build/esm/contrib) by extension 'python_setup_py'
[0.700s] Level 1:colcon.colcon_core.package_identification:_identify(config/node_modules/escape-html) by extensions ['ignore', 'ignore_ament_install']
[0.700s] Level 1:colcon.colcon_core.package_identification:_identify(config/node_modules/escape-html) by extension 'ignore'
[0.700s] Level 1:colcon.colcon_core.package_identification:_identify(config/node_modules/escape-html) by extension 'ignore_ament_install'
[0.700s] Level 1:colcon.colcon_core.package_identification:_identify(config/node_modules/escape-html) by extensions ['colcon_pkg']
[0.700s] Level 1:colcon.colcon_core.package_identification:_identify(config/node_modules/escape-html) by extension 'colcon_pkg'
[0.700s] Level 1:colcon.colcon_core.package_identification:_identify(config/node_modules/escape-html) by extensions ['colcon_meta']
[0.700s] Level 1:colcon.colcon_core.package_identification:_identify(config/node_modules/escape-html) by extension 'colcon_meta'
[0.700s] Level 1:colcon.colcon_core.package_identification:_identify(config/node_modules/escape-html) by extensions ['ros']
[0.700s] Level 1:colcon.colcon_core.package_identification:_identify(config/node_modules/escape-html) by extension 'ros'
[0.700s] Level 1:colcon.colcon_core.package_identification:_identify(config/node_modules/escape-html) by extensions ['cmake', 'python']
[0.700s] Level 1:colcon.colcon_core.package_identification:_identify(config/node_modules/escape-html) by extension 'cmake'
[0.700s] Level 1:colcon.colcon_core.package_identification:_identify(config/node_modules/escape-html) by extension 'python'
[0.700s] Level 1:colcon.colcon_core.package_identification:_identify(config/node_modules/escape-html) by extensions ['python_setup_py']
[0.700s] Level 1:colcon.colcon_core.package_identification:_identify(config/node_modules/escape-html) by extension 'python_setup_py'
[0.701s] Level 1:colcon.colcon_core.package_identification:_identify(config/node_modules/etag) by extensions ['ignore', 'ignore_ament_install']
[0.701s] Level 1:colcon.colcon_core.package_identification:_identify(config/node_modules/etag) by extension 'ignore'
[0.701s] Level 1:colcon.colcon_core.package_identification:_identify(config/node_modules/etag) by extension 'ignore_ament_install'
[0.701s] Level 1:colcon.colcon_core.package_identification:_identify(config/node_modules/etag) by extensions ['colcon_pkg']
[0.701s] Level 1:colcon.colcon_core.package_identification:_identify(config/node_modules/etag) by extension 'colcon_pkg'
[0.701s] Level 1:colcon.colcon_core.package_identification:_identify(config/node_modules/etag) by extensions ['colcon_meta']
[0.701s] Level 1:colcon.colcon_core.package_identification:_identify(config/node_modules/etag) by extension 'colcon_meta'
[0.701s] Level 1:colcon.colcon_core.package_identification:_identify(config/node_modules/etag) by extensions ['ros']
[0.701s] Level 1:colcon.colcon_core.package_identification:_identify(config/node_modules/etag) by extension 'ros'
[0.701s] Level 1:colcon.colcon_core.package_identification:_identify(config/node_modules/etag) by extensions ['cmake', 'python']
[0.701s] Level 1:colcon.colcon_core.package_identification:_identify(config/node_modules/etag) by extension 'cmake'
[0.701s] Level 1:colcon.colcon_core.package_identification:_identify(config/node_modules/etag) by extension 'python'
[0.701s] Level 1:colcon.colcon_core.package_identification:_identify(config/node_modules/etag) by extensions ['python_setup_py']
[0.701s] Level 1:colcon.colcon_core.package_identification:_identify(config/node_modules/etag) by extension 'python_setup_py'
[0.701s] Level 1:colcon.colcon_core.package_identification:_identify(config/node_modules/fresh) by extensions ['ignore', 'ignore_ament_install']
[0.701s] Level 1:colcon.colcon_core.package_identification:_identify(config/node_modules/fresh) by extension 'ignore'
[0.701s] Level 1:colcon.colcon_core.package_identification:_identify(config/node_modules/fresh) by extension 'ignore_ament_install'
[0.701s] Level 1:colcon.colcon_core.package_identification:_identify(config/node_modules/fresh) by extensions ['colcon_pkg']
[0.702s] Level 1:colcon.colcon_core.package_identification:_identify(config/node_modules/fresh) by extension 'colcon_pkg'
[0.702s] Level 1:colcon.colcon_core.package_identification:_identify(config/node_modules/fresh) by extensions ['colcon_meta']
[0.702s] Level 1:colcon.colcon_core.package_identification:_identify(config/node_modules/fresh) by extension 'colcon_meta'
[0.702s] Level 1:colcon.colcon_core.package_identification:_identify(config/node_modules/fresh) by extensions ['ros']
[0.702s] Level 1:colcon.colcon_core.package_identification:_identify(config/node_modules/fresh) by extension 'ros'
[0.702s] Level 1:colcon.colcon_core.package_identification:_identify(config/node_modules/fresh) by extensions ['cmake', 'python']
[0.702s] Level 1:colcon.colcon_core.package_identification:_identify(config/node_modules/fresh) by extension 'cmake'
[0.702s] Level 1:colcon.colcon_core.package_identification:_identify(config/node_modules/fresh) by extension 'python'
[0.702s] Level 1:colcon.colcon_core.package_identification:_identify(config/node_modules/fresh) by extensions ['python_setup_py']
[0.702s] Level 1:colcon.colcon_core.package_identification:_identify(config/node_modules/fresh) by extension 'python_setup_py'
[0.702s] Level 1:colcon.colcon_core.package_identification:_identify(config/node_modules/gridstack) by extensions ['ignore', 'ignore_ament_install']
[0.702s] Level 1:colcon.colcon_core.package_identification:_identify(config/node_modules/gridstack) by extension 'ignore'
[0.703s] Level 1:colcon.colcon_core.package_identification:_identify(config/node_modules/gridstack) by extension 'ignore_ament_install'
[0.703s] Level 1:colcon.colcon_core.package_identification:_identify(config/node_modules/gridstack) by extensions ['colcon_pkg']
[0.703s] Level 1:colcon.colcon_core.package_identification:_identify(config/node_modules/gridstack) by extension 'colcon_pkg'
[0.703s] Level 1:colcon.colcon_core.package_identification:_identify(config/node_modules/gridstack) by extensions ['colcon_meta']
[0.703s] Level 1:colcon.colcon_core.package_identification:_identify(config/node_modules/gridstack) by extension 'colcon_meta'
[0.703s] Level 1:colcon.colcon_core.package_identification:_identify(config/node_modules/gridstack) by extensions ['ros']
[0.703s] Level 1:colcon.colcon_core.package_identification:_identify(config/node_modules/gridstack) by extension 'ros'
[0.703s] Level 1:colcon.colcon_core.package_identification:_identify(config/node_modules/gridstack) by extensions ['cmake', 'python']
[0.703s] Level 1:colcon.colcon_core.package_identification:_identify(config/node_modules/gridstack) by extension 'cmake'
[0.703s] Level 1:colcon.colcon_core.package_identification:_identify(config/node_modules/gridstack) by extension 'python'
[0.703s] Level 1:colcon.colcon_core.package_identification:_identify(config/node_modules/gridstack) by extensions ['python_setup_py']
[0.703s] Level 1:colcon.colcon_core.package_identification:_identify(config/node_modules/gridstack) by extension 'python_setup_py'
[0.703s] Level 1:colcon.colcon_core.package_identification:_identify(config/node_modules/gridstack/dist) by extensions ['ignore', 'ignore_ament_install']
[0.703s] Level 1:colcon.colcon_core.package_identification:_identify(config/node_modules/gridstack/dist) by extension 'ignore'
[0.703s] Level 1:colcon.colcon_core.package_identification:_identify(config/node_modules/gridstack/dist) by extension 'ignore_ament_install'
[0.703s] Level 1:colcon.colcon_core.package_identification:_identify(config/node_modules/gridstack/dist) by extensions ['colcon_pkg']
[0.704s] Level 1:colcon.colcon_core.package_identification:_identify(config/node_modules/gridstack/dist) by extension 'colcon_pkg'
[0.704s] Level 1:colcon.colcon_core.package_identification:_identify(config/node_modules/gridstack/dist) by extensions ['colcon_meta']
[0.704s] Level 1:colcon.colcon_core.package_identification:_identify(config/node_modules/gridstack/dist) by extension 'colcon_meta'
[0.704s] Level 1:colcon.colcon_core.package_identification:_identify(config/node_modules/gridstack/dist) by extensions ['ros']
[0.704s] Level 1:colcon.colcon_core.package_identification:_identify(config/node_modules/gridstack/dist) by extension 'ros'
[0.704s] Level 1:colcon.colcon_core.package_identification:_identify(config/node_modules/gridstack/dist) by extensions ['cmake', 'python']
[0.704s] Level 1:colcon.colcon_core.package_identification:_identify(config/node_modules/gridstack/dist) by extension 'cmake'
[0.704s] Level 1:colcon.colcon_core.package_identification:_identify(config/node_modules/gridstack/dist) by extension 'python'
[0.704s] Level 1:colcon.colcon_core.package_identification:_identify(config/node_modules/gridstack/dist) by extensions ['python_setup_py']
[0.704s] Level 1:colcon.colcon_core.package_identification:_identify(config/node_modules/gridstack/dist) by extension 'python_setup_py'
[0.704s] Level 1:colcon.colcon_core.package_identification:_identify(config/node_modules/gridstack/doc) by extensions ['ignore', 'ignore_ament_install']
[0.704s] Level 1:colcon.colcon_core.package_identification:_identify(config/node_modules/gridstack/doc) by extension 'ignore'
[0.704s] Level 1:colcon.colcon_core.package_identification:_identify(config/node_modules/gridstack/doc) by extension 'ignore_ament_install'
[0.704s] Level 1:colcon.colcon_core.package_identification:_identify(config/node_modules/gridstack/doc) by extensions ['colcon_pkg']
[0.705s] Level 1:colcon.colcon_core.package_identification:_identify(config/node_modules/gridstack/doc) by extension 'colcon_pkg'
[0.705s] Level 1:colcon.colcon_core.package_identification:_identify(config/node_modules/gridstack/doc) by extensions ['colcon_meta']
[0.705s] Level 1:colcon.colcon_core.package_identification:_identify(config/node_modules/gridstack/doc) by extension 'colcon_meta'
[0.705s] Level 1:colcon.colcon_core.package_identification:_identify(config/node_modules/gridstack/doc) by extensions ['ros']
[0.705s] Level 1:colcon.colcon_core.package_identification:_identify(config/node_modules/gridstack/doc) by extension 'ros'
[0.705s] Level 1:colcon.colcon_core.package_identification:_identify(config/node_modules/gridstack/doc) by extensions ['cmake', 'python']
[0.705s] Level 1:colcon.colcon_core.package_identification:_identify(config/node_modules/gridstack/doc) by extension 'cmake'
[0.705s] Level 1:colcon.colcon_core.package_identification:_identify(config/node_modules/gridstack/doc) by extension 'python'
[0.705s] Level 1:colcon.colcon_core.package_identification:_identify(config/node_modules/gridstack/doc) by extensions ['python_setup_py']
[0.705s] Level 1:colcon.colcon_core.package_identification:_identify(config/node_modules/gridstack/doc) by extension 'python_setup_py'
[0.705s] Level 1:colcon.colcon_core.package_identification:_identify(config/node_modules/http-errors) by extensions ['ignore', 'ignore_ament_install']
[0.706s] Level 1:colcon.colcon_core.package_identification:_identify(config/node_modules/http-errors) by extension 'ignore'
[0.706s] Level 1:colcon.colcon_core.package_identification:_identify(config/node_modules/http-errors) by extension 'ignore_ament_install'
[0.706s] Level 1:colcon.colcon_core.package_identification:_identify(config/node_modules/http-errors) by extensions ['colcon_pkg']
[0.706s] Level 1:colcon.colcon_core.package_identification:_identify(config/node_modules/http-errors) by extension 'colcon_pkg'
[0.706s] Level 1:colcon.colcon_core.package_identification:_identify(config/node_modules/http-errors) by extensions ['colcon_meta']
[0.706s] Level 1:colcon.colcon_core.package_identification:_identify(config/node_modules/http-errors) by extension 'colcon_meta'
[0.706s] Level 1:colcon.colcon_core.package_identification:_identify(config/node_modules/http-errors) by extensions ['ros']
[0.706s] Level 1:colcon.colcon_core.package_identification:_identify(config/node_modules/http-errors) by extension 'ros'
[0.706s] Level 1:colcon.colcon_core.package_identification:_identify(config/node_modules/http-errors) by extensions ['cmake', 'python']
[0.706s] Level 1:colcon.colcon_core.package_identification:_identify(config/node_modules/http-errors) by extension 'cmake'
[0.706s] Level 1:colcon.colcon_core.package_identification:_identify(config/node_modules/http-errors) by extension 'python'
[0.706s] Level 1:colcon.colcon_core.package_identification:_identify(config/node_modules/http-errors) by extensions ['python_setup_py']
[0.706s] Level 1:colcon.colcon_core.package_identification:_identify(config/node_modules/http-errors) by extension 'python_setup_py'
[0.706s] Level 1:colcon.colcon_core.package_identification:_identify(config/node_modules/inherits) by extensions ['ignore', 'ignore_ament_install']
[0.706s] Level 1:colcon.colcon_core.package_identification:_identify(config/node_modules/inherits) by extension 'ignore'
[0.707s] Level 1:colcon.colcon_core.package_identification:_identify(config/node_modules/inherits) by extension 'ignore_ament_install'
[0.707s] Level 1:colcon.colcon_core.package_identification:_identify(config/node_modules/inherits) by extensions ['colcon_pkg']
[0.707s] Level 1:colcon.colcon_core.package_identification:_identify(config/node_modules/inherits) by extension 'colcon_pkg'
[0.707s] Level 1:colcon.colcon_core.package_identification:_identify(config/node_modules/inherits) by extensions ['colcon_meta']
[0.707s] Level 1:colcon.colcon_core.package_identification:_identify(config/node_modules/inherits) by extension 'colcon_meta'
[0.707s] Level 1:colcon.colcon_core.package_identification:_identify(config/node_modules/inherits) by extensions ['ros']
[0.707s] Level 1:colcon.colcon_core.package_identification:_identify(config/node_modules/inherits) by extension 'ros'
[0.707s] Level 1:colcon.colcon_core.package_identification:_identify(config/node_modules/inherits) by extensions ['cmake', 'python']
[0.707s] Level 1:colcon.colcon_core.package_identification:_identify(config/node_modules/inherits) by extension 'cmake'
[0.707s] Level 1:colcon.colcon_core.package_identification:_identify(config/node_modules/inherits) by extension 'python'
[0.707s] Level 1:colcon.colcon_core.package_identification:_identify(config/node_modules/inherits) by extensions ['python_setup_py']
[0.707s] Level 1:colcon.colcon_core.package_identification:_identify(config/node_modules/inherits) by extension 'python_setup_py'
[0.707s] Level 1:colcon.colcon_core.package_identification:_identify(config/node_modules/jquery) by extensions ['ignore', 'ignore_ament_install']
[0.707s] Level 1:colcon.colcon_core.package_identification:_identify(config/node_modules/jquery) by extension 'ignore'
[0.707s] Level 1:colcon.colcon_core.package_identification:_identify(config/node_modules/jquery) by extension 'ignore_ament_install'
[0.707s] Level 1:colcon.colcon_core.package_identification:_identify(config/node_modules/jquery) by extensions ['colcon_pkg']
[0.707s] Level 1:colcon.colcon_core.package_identification:_identify(config/node_modules/jquery) by extension 'colcon_pkg'
[0.707s] Level 1:colcon.colcon_core.package_identification:_identify(config/node_modules/jquery) by extensions ['colcon_meta']
[0.707s] Level 1:colcon.colcon_core.package_identification:_identify(config/node_modules/jquery) by extension 'colcon_meta'
[0.707s] Level 1:colcon.colcon_core.package_identification:_identify(config/node_modules/jquery) by extensions ['ros']
[0.707s] Level 1:colcon.colcon_core.package_identification:_identify(config/node_modules/jquery) by extension 'ros'
[0.707s] Level 1:colcon.colcon_core.package_identification:_identify(config/node_modules/jquery) by extensions ['cmake', 'python']
[0.708s] Level 1:colcon.colcon_core.package_identification:_identify(config/node_modules/jquery) by extension 'cmake'
[0.708s] Level 1:colcon.colcon_core.package_identification:_identify(config/node_modules/jquery) by extension 'python'
[0.708s] Level 1:colcon.colcon_core.package_identification:_identify(config/node_modules/jquery) by extensions ['python_setup_py']
[0.708s] Level 1:colcon.colcon_core.package_identification:_identify(config/node_modules/jquery) by extension 'python_setup_py'
[0.708s] Level 1:colcon.colcon_core.package_identification:_identify(config/node_modules/jquery/dist) by extensions ['ignore', 'ignore_ament_install']
[0.708s] Level 1:colcon.colcon_core.package_identification:_identify(config/node_modules/jquery/dist) by extension 'ignore'
[0.708s] Level 1:colcon.colcon_core.package_identification:_identify(config/node_modules/jquery/dist) by extension 'ignore_ament_install'
[0.708s] Level 1:colcon.colcon_core.package_identification:_identify(config/node_modules/jquery/dist) by extensions ['colcon_pkg']
[0.708s] Level 1:colcon.colcon_core.package_identification:_identify(config/node_modules/jquery/dist) by extension 'colcon_pkg'
[0.708s] Level 1:colcon.colcon_core.package_identification:_identify(config/node_modules/jquery/dist) by extensions ['colcon_meta']
[0.708s] Level 1:colcon.colcon_core.package_identification:_identify(config/node_modules/jquery/dist) by extension 'colcon_meta'
[0.708s] Level 1:colcon.colcon_core.package_identification:_identify(config/node_modules/jquery/dist) by extensions ['ros']
[0.708s] Level 1:colcon.colcon_core.package_identification:_identify(config/node_modules/jquery/dist) by extension 'ros'
[0.708s] Level 1:colcon.colcon_core.package_identification:_identify(config/node_modules/jquery/dist) by extensions ['cmake', 'python']
[0.708s] Level 1:colcon.colcon_core.package_identification:_identify(config/node_modules/jquery/dist) by extension 'cmake'
[0.708s] Level 1:colcon.colcon_core.package_identification:_identify(config/node_modules/jquery/dist) by extension 'python'
[0.708s] Level 1:colcon.colcon_core.package_identification:_identify(config/node_modules/jquery/dist) by extensions ['python_setup_py']
[0.708s] Level 1:colcon.colcon_core.package_identification:_identify(config/node_modules/jquery/dist) by extension 'python_setup_py'
[0.708s] Level 1:colcon.colcon_core.package_identification:_identify(config/node_modules/jquery/src) by extensions ['ignore', 'ignore_ament_install']
[0.709s] Level 1:colcon.colcon_core.package_identification:_identify(config/node_modules/jquery/src) by extension 'ignore'
[0.709s] Level 1:colcon.colcon_core.package_identification:_identify(config/node_modules/jquery/src) by extension 'ignore_ament_install'
[0.709s] Level 1:colcon.colcon_core.package_identification:_identify(config/node_modules/jquery/src) by extensions ['colcon_pkg']
[0.709s] Level 1:colcon.colcon_core.package_identification:_identify(config/node_modules/jquery/src) by extension 'colcon_pkg'
[0.709s] Level 1:colcon.colcon_core.package_identification:_identify(config/node_modules/jquery/src) by extensions ['colcon_meta']
[0.709s] Level 1:colcon.colcon_core.package_identification:_identify(config/node_modules/jquery/src) by extension 'colcon_meta'
[0.709s] Level 1:colcon.colcon_core.package_identification:_identify(config/node_modules/jquery/src) by extensions ['ros']
[0.709s] Level 1:colcon.colcon_core.package_identification:_identify(config/node_modules/jquery/src) by extension 'ros'
[0.709s] Level 1:colcon.colcon_core.package_identification:_identify(config/node_modules/jquery/src) by extensions ['cmake', 'python']
[0.709s] Level 1:colcon.colcon_core.package_identification:_identify(config/node_modules/jquery/src) by extension 'cmake'
[0.709s] Level 1:colcon.colcon_core.package_identification:_identify(config/node_modules/jquery/src) by extension 'python'
[0.709s] Level 1:colcon.colcon_core.package_identification:_identify(config/node_modules/jquery/src) by extensions ['python_setup_py']
[0.709s] Level 1:colcon.colcon_core.package_identification:_identify(config/node_modules/jquery/src) by extension 'python_setup_py'
[0.709s] Level 1:colcon.colcon_core.package_identification:_identify(config/node_modules/jquery/src/ajax) by extensions ['ignore', 'ignore_ament_install']
[0.709s] Level 1:colcon.colcon_core.package_identification:_identify(config/node_modules/jquery/src/ajax) by extension 'ignore'
[0.709s] Level 1:colcon.colcon_core.package_identification:_identify(config/node_modules/jquery/src/ajax) by extension 'ignore_ament_install'
[0.709s] Level 1:colcon.colcon_core.package_identification:_identify(config/node_modules/jquery/src/ajax) by extensions ['colcon_pkg']
[0.709s] Level 1:colcon.colcon_core.package_identification:_identify(config/node_modules/jquery/src/ajax) by extension 'colcon_pkg'
[0.709s] Level 1:colcon.colcon_core.package_identification:_identify(config/node_modules/jquery/src/ajax) by extensions ['colcon_meta']
[0.709s] Level 1:colcon.colcon_core.package_identification:_identify(config/node_modules/jquery/src/ajax) by extension 'colcon_meta'
[0.709s] Level 1:colcon.colcon_core.package_identification:_identify(config/node_modules/jquery/src/ajax) by extensions ['ros']
[0.709s] Level 1:colcon.colcon_core.package_identification:_identify(config/node_modules/jquery/src/ajax) by extension 'ros'
[0.709s] Level 1:colcon.colcon_core.package_identification:_identify(config/node_modules/jquery/src/ajax) by extensions ['cmake', 'python']
[0.709s] Level 1:colcon.colcon_core.package_identification:_identify(config/node_modules/jquery/src/ajax) by extension 'cmake'
[0.709s] Level 1:colcon.colcon_core.package_identification:_identify(config/node_modules/jquery/src/ajax) by extension 'python'
[0.710s] Level 1:colcon.colcon_core.package_identification:_identify(config/node_modules/jquery/src/ajax) by extensions ['python_setup_py']
[0.710s] Level 1:colcon.colcon_core.package_identification:_identify(config/node_modules/jquery/src/ajax) by extension 'python_setup_py'
[0.710s] Level 1:colcon.colcon_core.package_identification:_identify(config/node_modules/jquery/src/ajax/var) by extensions ['ignore', 'ignore_ament_install']
[0.710s] Level 1:colcon.colcon_core.package_identification:_identify(config/node_modules/jquery/src/ajax/var) by extension 'ignore'
[0.710s] Level 1:colcon.colcon_core.package_identification:_identify(config/node_modules/jquery/src/ajax/var) by extension 'ignore_ament_install'
[0.710s] Level 1:colcon.colcon_core.package_identification:_identify(config/node_modules/jquery/src/ajax/var) by extensions ['colcon_pkg']
[0.710s] Level 1:colcon.colcon_core.package_identification:_identify(config/node_modules/jquery/src/ajax/var) by extension 'colcon_pkg'
[0.710s] Level 1:colcon.colcon_core.package_identification:_identify(config/node_modules/jquery/src/ajax/var) by extensions ['colcon_meta']
[0.710s] Level 1:colcon.colcon_core.package_identification:_identify(config/node_modules/jquery/src/ajax/var) by extension 'colcon_meta'
[0.710s] Level 1:colcon.colcon_core.package_identification:_identify(config/node_modules/jquery/src/ajax/var) by extensions ['ros']
[0.710s] Level 1:colcon.colcon_core.package_identification:_identify(config/node_modules/jquery/src/ajax/var) by extension 'ros'
[0.710s] Level 1:colcon.colcon_core.package_identification:_identify(config/node_modules/jquery/src/ajax/var) by extensions ['cmake', 'python']
[0.710s] Level 1:colcon.colcon_core.package_identification:_identify(config/node_modules/jquery/src/ajax/var) by extension 'cmake'
[0.710s] Level 1:colcon.colcon_core.package_identification:_identify(config/node_modules/jquery/src/ajax/var) by extension 'python'
[0.710s] Level 1:colcon.colcon_core.package_identification:_identify(config/node_modules/jquery/src/ajax/var) by extensions ['python_setup_py']
[0.710s] Level 1:colcon.colcon_core.package_identification:_identify(config/node_modules/jquery/src/ajax/var) by extension 'python_setup_py'
[0.710s] Level 1:colcon.colcon_core.package_identification:_identify(config/node_modules/jquery/src/attributes) by extensions ['ignore', 'ignore_ament_install']
[0.710s] Level 1:colcon.colcon_core.package_identification:_identify(config/node_modules/jquery/src/attributes) by extension 'ignore'
[0.710s] Level 1:colcon.colcon_core.package_identification:_identify(config/node_modules/jquery/src/attributes) by extension 'ignore_ament_install'
[0.710s] Level 1:colcon.colcon_core.package_identification:_identify(config/node_modules/jquery/src/attributes) by extensions ['colcon_pkg']
[0.711s] Level 1:colcon.colcon_core.package_identification:_identify(config/node_modules/jquery/src/attributes) by extension 'colcon_pkg'
[0.711s] Level 1:colcon.colcon_core.package_identification:_identify(config/node_modules/jquery/src/attributes) by extensions ['colcon_meta']
[0.711s] Level 1:colcon.colcon_core.package_identification:_identify(config/node_modules/jquery/src/attributes) by extension 'colcon_meta'
[0.711s] Level 1:colcon.colcon_core.package_identification:_identify(config/node_modules/jquery/src/attributes) by extensions ['ros']
[0.711s] Level 1:colcon.colcon_core.package_identification:_identify(config/node_modules/jquery/src/attributes) by extension 'ros'
[0.711s] Level 1:colcon.colcon_core.package_identification:_identify(config/node_modules/jquery/src/attributes) by extensions ['cmake', 'python']
[0.711s] Level 1:colcon.colcon_core.package_identification:_identify(config/node_modules/jquery/src/attributes) by extension 'cmake'
[0.711s] Level 1:colcon.colcon_core.package_identification:_identify(config/node_modules/jquery/src/attributes) by extension 'python'
[0.711s] Level 1:colcon.colcon_core.package_identification:_identify(config/node_modules/jquery/src/attributes) by extensions ['python_setup_py']
[0.711s] Level 1:colcon.colcon_core.package_identification:_identify(config/node_modules/jquery/src/attributes) by extension 'python_setup_py'
[0.711s] Level 1:colcon.colcon_core.package_identification:_identify(config/node_modules/jquery/src/core) by extensions ['ignore', 'ignore_ament_install']
[0.711s] Level 1:colcon.colcon_core.package_identification:_identify(config/node_modules/jquery/src/core) by extension 'ignore'
[0.711s] Level 1:colcon.colcon_core.package_identification:_identify(config/node_modules/jquery/src/core) by extension 'ignore_ament_install'
[0.711s] Level 1:colcon.colcon_core.package_identification:_identify(config/node_modules/jquery/src/core) by extensions ['colcon_pkg']
[0.711s] Level 1:colcon.colcon_core.package_identification:_identify(config/node_modules/jquery/src/core) by extension 'colcon_pkg'
[0.711s] Level 1:colcon.colcon_core.package_identification:_identify(config/node_modules/jquery/src/core) by extensions ['colcon_meta']
[0.711s] Level 1:colcon.colcon_core.package_identification:_identify(config/node_modules/jquery/src/core) by extension 'colcon_meta'
[0.711s] Level 1:colcon.colcon_core.package_identification:_identify(config/node_modules/jquery/src/core) by extensions ['ros']
[0.711s] Level 1:colcon.colcon_core.package_identification:_identify(config/node_modules/jquery/src/core) by extension 'ros'
[0.711s] Level 1:colcon.colcon_core.package_identification:_identify(config/node_modules/jquery/src/core) by extensions ['cmake', 'python']
[0.711s] Level 1:colcon.colcon_core.package_identification:_identify(config/node_modules/jquery/src/core) by extension 'cmake'
[0.711s] Level 1:colcon.colcon_core.package_identification:_identify(config/node_modules/jquery/src/core) by extension 'python'
[0.711s] Level 1:colcon.colcon_core.package_identification:_identify(config/node_modules/jquery/src/core) by extensions ['python_setup_py']
[0.711s] Level 1:colcon.colcon_core.package_identification:_identify(config/node_modules/jquery/src/core) by extension 'python_setup_py'
[0.711s] Level 1:colcon.colcon_core.package_identification:_identify(config/node_modules/jquery/src/core/var) by extensions ['ignore', 'ignore_ament_install']
[0.711s] Level 1:colcon.colcon_core.package_identification:_identify(config/node_modules/jquery/src/core/var) by extension 'ignore'
[0.712s] Level 1:colcon.colcon_core.package_identification:_identify(config/node_modules/jquery/src/core/var) by extension 'ignore_ament_install'
[0.712s] Level 1:colcon.colcon_core.package_identification:_identify(config/node_modules/jquery/src/core/var) by extensions ['colcon_pkg']
[0.712s] Level 1:colcon.colcon_core.package_identification:_identify(config/node_modules/jquery/src/core/var) by extension 'colcon_pkg'
[0.712s] Level 1:colcon.colcon_core.package_identification:_identify(config/node_modules/jquery/src/core/var) by extensions ['colcon_meta']
[0.712s] Level 1:colcon.colcon_core.package_identification:_identify(config/node_modules/jquery/src/core/var) by extension 'colcon_meta'
[0.712s] Level 1:colcon.colcon_core.package_identification:_identify(config/node_modules/jquery/src/core/var) by extensions ['ros']
[0.712s] Level 1:colcon.colcon_core.package_identification:_identify(config/node_modules/jquery/src/core/var) by extension 'ros'
[0.712s] Level 1:colcon.colcon_core.package_identification:_identify(config/node_modules/jquery/src/core/var) by extensions ['cmake', 'python']
[0.712s] Level 1:colcon.colcon_core.package_identification:_identify(config/node_modules/jquery/src/core/var) by extension 'cmake'
[0.712s] Level 1:colcon.colcon_core.package_identification:_identify(config/node_modules/jquery/src/core/var) by extension 'python'
[0.712s] Level 1:colcon.colcon_core.package_identification:_identify(config/node_modules/jquery/src/core/var) by extensions ['python_setup_py']
[0.712s] Level 1:colcon.colcon_core.package_identification:_identify(config/node_modules/jquery/src/core/var) by extension 'python_setup_py'
[0.712s] Level 1:colcon.colcon_core.package_identification:_identify(config/node_modules/jquery/src/css) by extensions ['ignore', 'ignore_ament_install']
[0.712s] Level 1:colcon.colcon_core.package_identification:_identify(config/node_modules/jquery/src/css) by extension 'ignore'
[0.712s] Level 1:colcon.colcon_core.package_identification:_identify(config/node_modules/jquery/src/css) by extension 'ignore_ament_install'
[0.712s] Level 1:colcon.colcon_core.package_identification:_identify(config/node_modules/jquery/src/css) by extensions ['colcon_pkg']
[0.712s] Level 1:colcon.colcon_core.package_identification:_identify(config/node_modules/jquery/src/css) by extension 'colcon_pkg'
[0.712s] Level 1:colcon.colcon_core.package_identification:_identify(config/node_modules/jquery/src/css) by extensions ['colcon_meta']
[0.712s] Level 1:colcon.colcon_core.package_identification:_identify(config/node_modules/jquery/src/css) by extension 'colcon_meta'
[0.712s] Level 1:colcon.colcon_core.package_identification:_identify(config/node_modules/jquery/src/css) by extensions ['ros']
[0.712s] Level 1:colcon.colcon_core.package_identification:_identify(config/node_modules/jquery/src/css) by extension 'ros'
[0.713s] Level 1:colcon.colcon_core.package_identification:_identify(config/node_modules/jquery/src/css) by extensions ['cmake', 'python']
[0.713s] Level 1:colcon.colcon_core.package_identification:_identify(config/node_modules/jquery/src/css) by extension 'cmake'
[0.713s] Level 1:colcon.colcon_core.package_identification:_identify(config/node_modules/jquery/src/css) by extension 'python'
[0.713s] Level 1:colcon.colcon_core.package_identification:_identify(config/node_modules/jquery/src/css) by extensions ['python_setup_py']
[0.713s] Level 1:colcon.colcon_core.package_identification:_identify(config/node_modules/jquery/src/css) by extension 'python_setup_py'
[0.713s] Level 1:colcon.colcon_core.package_identification:_identify(config/node_modules/jquery/src/css/var) by extensions ['ignore', 'ignore_ament_install']
[0.713s] Level 1:colcon.colcon_core.package_identification:_identify(config/node_modules/jquery/src/css/var) by extension 'ignore'
[0.713s] Level 1:colcon.colcon_core.package_identification:_identify(config/node_modules/jquery/src/css/var) by extension 'ignore_ament_install'
[0.713s] Level 1:colcon.colcon_core.package_identification:_identify(config/node_modules/jquery/src/css/var) by extensions ['colcon_pkg']
[0.713s] Level 1:colcon.colcon_core.package_identification:_identify(config/node_modules/jquery/src/css/var) by extension 'colcon_pkg'
[0.713s] Level 1:colcon.colcon_core.package_identification:_identify(config/node_modules/jquery/src/css/var) by extensions ['colcon_meta']
[0.713s] Level 1:colcon.colcon_core.package_identification:_identify(config/node_modules/jquery/src/css/var) by extension 'colcon_meta'
[0.713s] Level 1:colcon.colcon_core.package_identification:_identify(config/node_modules/jquery/src/css/var) by extensions ['ros']
[0.713s] Level 1:colcon.colcon_core.package_identification:_identify(config/node_modules/jquery/src/css/var) by extension 'ros'
[0.713s] Level 1:colcon.colcon_core.package_identification:_identify(config/node_modules/jquery/src/css/var) by extensions ['cmake', 'python']
[0.713s] Level 1:colcon.colcon_core.package_identification:_identify(config/node_modules/jquery/src/css/var) by extension 'cmake'
[0.713s] Level 1:colcon.colcon_core.package_identification:_identify(config/node_modules/jquery/src/css/var) by extension 'python'
[0.713s] Level 1:colcon.colcon_core.package_identification:_identify(config/node_modules/jquery/src/css/var) by extensions ['python_setup_py']
[0.713s] Level 1:colcon.colcon_core.package_identification:_identify(config/node_modules/jquery/src/css/var) by extension 'python_setup_py'
[0.713s] Level 1:colcon.colcon_core.package_identification:_identify(config/node_modules/jquery/src/data) by extensions ['ignore', 'ignore_ament_install']
[0.713s] Level 1:colcon.colcon_core.package_identification:_identify(config/node_modules/jquery/src/data) by extension 'ignore'
[0.713s] Level 1:colcon.colcon_core.package_identification:_identify(config/node_modules/jquery/src/data) by extension 'ignore_ament_install'
[0.713s] Level 1:colcon.colcon_core.package_identification:_identify(config/node_modules/jquery/src/data) by extensions ['colcon_pkg']
[0.713s] Level 1:colcon.colcon_core.package_identification:_identify(config/node_modules/jquery/src/data) by extension 'colcon_pkg'
[0.713s] Level 1:colcon.colcon_core.package_identification:_identify(config/node_modules/jquery/src/data) by extensions ['colcon_meta']
[0.713s] Level 1:colcon.colcon_core.package_identification:_identify(config/node_modules/jquery/src/data) by extension 'colcon_meta'
[0.713s] Level 1:colcon.colcon_core.package_identification:_identify(config/node_modules/jquery/src/data) by extensions ['ros']
[0.714s] Level 1:colcon.colcon_core.package_identification:_identify(config/node_modules/jquery/src/data) by extension 'ros'
[0.714s] Level 1:colcon.colcon_core.package_identification:_identify(config/node_modules/jquery/src/data) by extensions ['cmake', 'python']
[0.714s] Level 1:colcon.colcon_core.package_identification:_identify(config/node_modules/jquery/src/data) by extension 'cmake'
[0.714s] Level 1:colcon.colcon_core.package_identification:_identify(config/node_modules/jquery/src/data) by extension 'python'
[0.714s] Level 1:colcon.colcon_core.package_identification:_identify(config/node_modules/jquery/src/data) by extensions ['python_setup_py']
[0.714s] Level 1:colcon.colcon_core.package_identification:_identify(config/node_modules/jquery/src/data) by extension 'python_setup_py'
[0.714s] Level 1:colcon.colcon_core.package_identification:_identify(config/node_modules/jquery/src/data/var) by extensions ['ignore', 'ignore_ament_install']
[0.714s] Level 1:colcon.colcon_core.package_identification:_identify(config/node_modules/jquery/src/data/var) by extension 'ignore'
[0.714s] Level 1:colcon.colcon_core.package_identification:_identify(config/node_modules/jquery/src/data/var) by extension 'ignore_ament_install'
[0.714s] Level 1:colcon.colcon_core.package_identification:_identify(config/node_modules/jquery/src/data/var) by extensions ['colcon_pkg']
[0.714s] Level 1:colcon.colcon_core.package_identification:_identify(config/node_modules/jquery/src/data/var) by extension 'colcon_pkg'
[0.714s] Level 1:colcon.colcon_core.package_identification:_identify(config/node_modules/jquery/src/data/var) by extensions ['colcon_meta']
[0.714s] Level 1:colcon.colcon_core.package_identification:_identify(config/node_modules/jquery/src/data/var) by extension 'colcon_meta'
[0.714s] Level 1:colcon.colcon_core.package_identification:_identify(config/node_modules/jquery/src/data/var) by extensions ['ros']
[0.714s] Level 1:colcon.colcon_core.package_identification:_identify(config/node_modules/jquery/src/data/var) by extension 'ros'
[0.714s] Level 1:colcon.colcon_core.package_identification:_identify(config/node_modules/jquery/src/data/var) by extensions ['cmake', 'python']
[0.714s] Level 1:colcon.colcon_core.package_identification:_identify(config/node_modules/jquery/src/data/var) by extension 'cmake'
[0.714s] Level 1:colcon.colcon_core.package_identification:_identify(config/node_modules/jquery/src/data/var) by extension 'python'
[0.714s] Level 1:colcon.colcon_core.package_identification:_identify(config/node_modules/jquery/src/data/var) by extensions ['python_setup_py']
[0.714s] Level 1:colcon.colcon_core.package_identification:_identify(config/node_modules/jquery/src/data/var) by extension 'python_setup_py'
[0.714s] Level 1:colcon.colcon_core.package_identification:_identify(config/node_modules/jquery/src/deferred) by extensions ['ignore', 'ignore_ament_install']
[0.715s] Level 1:colcon.colcon_core.package_identification:_identify(config/node_modules/jquery/src/deferred) by extension 'ignore'
[0.715s] Level 1:colcon.colcon_core.package_identification:_identify(config/node_modules/jquery/src/deferred) by extension 'ignore_ament_install'
[0.715s] Level 1:colcon.colcon_core.package_identification:_identify(config/node_modules/jquery/src/deferred) by extensions ['colcon_pkg']
[0.715s] Level 1:colcon.colcon_core.package_identification:_identify(config/node_modules/jquery/src/deferred) by extension 'colcon_pkg'
[0.715s] Level 1:colcon.colcon_core.package_identification:_identify(config/node_modules/jquery/src/deferred) by extensions ['colcon_meta']
[0.715s] Level 1:colcon.colcon_core.package_identification:_identify(config/node_modules/jquery/src/deferred) by extension 'colcon_meta'
[0.715s] Level 1:colcon.colcon_core.package_identification:_identify(config/node_modules/jquery/src/deferred) by extensions ['ros']
[0.715s] Level 1:colcon.colcon_core.package_identification:_identify(config/node_modules/jquery/src/deferred) by extension 'ros'
[0.715s] Level 1:colcon.colcon_core.package_identification:_identify(config/node_modules/jquery/src/deferred) by extensions ['cmake', 'python']
[0.715s] Level 1:colcon.colcon_core.package_identification:_identify(config/node_modules/jquery/src/deferred) by extension 'cmake'
[0.715s] Level 1:colcon.colcon_core.package_identification:_identify(config/node_modules/jquery/src/deferred) by extension 'python'
[0.715s] Level 1:colcon.colcon_core.package_identification:_identify(config/node_modules/jquery/src/deferred) by extensions ['python_setup_py']
[0.715s] Level 1:colcon.colcon_core.package_identification:_identify(config/node_modules/jquery/src/deferred) by extension 'python_setup_py'
[0.715s] Level 1:colcon.colcon_core.package_identification:_identify(config/node_modules/jquery/src/deprecated) by extensions ['ignore', 'ignore_ament_install']
[0.715s] Level 1:colcon.colcon_core.package_identification:_identify(config/node_modules/jquery/src/deprecated) by extension 'ignore'
[0.715s] Level 1:colcon.colcon_core.package_identification:_identify(config/node_modules/jquery/src/deprecated) by extension 'ignore_ament_install'
[0.715s] Level 1:colcon.colcon_core.package_identification:_identify(config/node_modules/jquery/src/deprecated) by extensions ['colcon_pkg']
[0.715s] Level 1:colcon.colcon_core.package_identification:_identify(config/node_modules/jquery/src/deprecated) by extension 'colcon_pkg'
[0.715s] Level 1:colcon.colcon_core.package_identification:_identify(config/node_modules/jquery/src/deprecated) by extensions ['colcon_meta']
[0.715s] Level 1:colcon.colcon_core.package_identification:_identify(config/node_modules/jquery/src/deprecated) by extension 'colcon_meta'
[0.715s] Level 1:colcon.colcon_core.package_identification:_identify(config/node_modules/jquery/src/deprecated) by extensions ['ros']
[0.716s] Level 1:colcon.colcon_core.package_identification:_identify(config/node_modules/jquery/src/deprecated) by extension 'ros'
[0.716s] Level 1:colcon.colcon_core.package_identification:_identify(config/node_modules/jquery/src/deprecated) by extensions ['cmake', 'python']
[0.716s] Level 1:colcon.colcon_core.package_identification:_identify(config/node_modules/jquery/src/deprecated) by extension 'cmake'
[0.716s] Level 1:colcon.colcon_core.package_identification:_identify(config/node_modules/jquery/src/deprecated) by extension 'python'
[0.716s] Level 1:colcon.colcon_core.package_identification:_identify(config/node_modules/jquery/src/deprecated) by extensions ['python_setup_py']
[0.716s] Level 1:colcon.colcon_core.package_identification:_identify(config/node_modules/jquery/src/deprecated) by extension 'python_setup_py'
[0.716s] Level 1:colcon.colcon_core.package_identification:_identify(config/node_modules/jquery/src/effects) by extensions ['ignore', 'ignore_ament_install']
[0.716s] Level 1:colcon.colcon_core.package_identification:_identify(config/node_modules/jquery/src/effects) by extension 'ignore'
[0.716s] Level 1:colcon.colcon_core.package_identification:_identify(config/node_modules/jquery/src/effects) by extension 'ignore_ament_install'
[0.716s] Level 1:colcon.colcon_core.package_identification:_identify(config/node_modules/jquery/src/effects) by extensions ['colcon_pkg']
[0.716s] Level 1:colcon.colcon_core.package_identification:_identify(config/node_modules/jquery/src/effects) by extension 'colcon_pkg'
[0.716s] Level 1:colcon.colcon_core.package_identification:_identify(config/node_modules/jquery/src/effects) by extensions ['colcon_meta']
[0.716s] Level 1:colcon.colcon_core.package_identification:_identify(config/node_modules/jquery/src/effects) by extension 'colcon_meta'
[0.716s] Level 1:colcon.colcon_core.package_identification:_identify(config/node_modules/jquery/src/effects) by extensions ['ros']
[0.716s] Level 1:colcon.colcon_core.package_identification:_identify(config/node_modules/jquery/src/effects) by extension 'ros'
[0.716s] Level 1:colcon.colcon_core.package_identification:_identify(config/node_modules/jquery/src/effects) by extensions ['cmake', 'python']
[0.716s] Level 1:colcon.colcon_core.package_identification:_identify(config/node_modules/jquery/src/effects) by extension 'cmake'
[0.716s] Level 1:colcon.colcon_core.package_identification:_identify(config/node_modules/jquery/src/effects) by extension 'python'
[0.716s] Level 1:colcon.colcon_core.package_identification:_identify(config/node_modules/jquery/src/effects) by extensions ['python_setup_py']
[0.716s] Level 1:colcon.colcon_core.package_identification:_identify(config/node_modules/jquery/src/effects) by extension 'python_setup_py'
[0.717s] Level 1:colcon.colcon_core.package_identification:_identify(config/node_modules/jquery/src/event) by extensions ['ignore', 'ignore_ament_install']
[0.717s] Level 1:colcon.colcon_core.package_identification:_identify(config/node_modules/jquery/src/event) by extension 'ignore'
[0.717s] Level 1:colcon.colcon_core.package_identification:_identify(config/node_modules/jquery/src/event) by extension 'ignore_ament_install'
[0.717s] Level 1:colcon.colcon_core.package_identification:_identify(config/node_modules/jquery/src/event) by extensions ['colcon_pkg']
[0.717s] Level 1:colcon.colcon_core.package_identification:_identify(config/node_modules/jquery/src/event) by extension 'colcon_pkg'
[0.717s] Level 1:colcon.colcon_core.package_identification:_identify(config/node_modules/jquery/src/event) by extensions ['colcon_meta']
[0.717s] Level 1:colcon.colcon_core.package_identification:_identify(config/node_modules/jquery/src/event) by extension 'colcon_meta'
[0.717s] Level 1:colcon.colcon_core.package_identification:_identify(config/node_modules/jquery/src/event) by extensions ['ros']
[0.717s] Level 1:colcon.colcon_core.package_identification:_identify(config/node_modules/jquery/src/event) by extension 'ros'
[0.717s] Level 1:colcon.colcon_core.package_identification:_identify(config/node_modules/jquery/src/event) by extensions ['cmake', 'python']
[0.717s] Level 1:colcon.colcon_core.package_identification:_identify(config/node_modules/jquery/src/event) by extension 'cmake'
[0.717s] Level 1:colcon.colcon_core.package_identification:_identify(config/node_modules/jquery/src/event) by extension 'python'
[0.717s] Level 1:colcon.colcon_core.package_identification:_identify(config/node_modules/jquery/src/event) by extensions ['python_setup_py']
[0.717s] Level 1:colcon.colcon_core.package_identification:_identify(config/node_modules/jquery/src/event) by extension 'python_setup_py'
[0.717s] Level 1:colcon.colcon_core.package_identification:_identify(config/node_modules/jquery/src/exports) by extensions ['ignore', 'ignore_ament_install']
[0.717s] Level 1:colcon.colcon_core.package_identification:_identify(config/node_modules/jquery/src/exports) by extension 'ignore'
[0.717s] Level 1:colcon.colcon_core.package_identification:_identify(config/node_modules/jquery/src/exports) by extension 'ignore_ament_install'
[0.717s] Level 1:colcon.colcon_core.package_identification:_identify(config/node_modules/jquery/src/exports) by extensions ['colcon_pkg']
[0.717s] Level 1:colcon.colcon_core.package_identification:_identify(config/node_modules/jquery/src/exports) by extension 'colcon_pkg'
[0.717s] Level 1:colcon.colcon_core.package_identification:_identify(config/node_modules/jquery/src/exports) by extensions ['colcon_meta']
[0.717s] Level 1:colcon.colcon_core.package_identification:_identify(config/node_modules/jquery/src/exports) by extension 'colcon_meta'
[0.717s] Level 1:colcon.colcon_core.package_identification:_identify(config/node_modules/jquery/src/exports) by extensions ['ros']
[0.717s] Level 1:colcon.colcon_core.package_identification:_identify(config/node_modules/jquery/src/exports) by extension 'ros'
[0.717s] Level 1:colcon.colcon_core.package_identification:_identify(config/node_modules/jquery/src/exports) by extensions ['cmake', 'python']
[0.718s] Level 1:colcon.colcon_core.package_identification:_identify(config/node_modules/jquery/src/exports) by extension 'cmake'
[0.718s] Level 1:colcon.colcon_core.package_identification:_identify(config/node_modules/jquery/src/exports) by extension 'python'
[0.718s] Level 1:colcon.colcon_core.package_identification:_identify(config/node_modules/jquery/src/exports) by extensions ['python_setup_py']
[0.718s] Level 1:colcon.colcon_core.package_identification:_identify(config/node_modules/jquery/src/exports) by extension 'python_setup_py'
[0.718s] Level 1:colcon.colcon_core.package_identification:_identify(config/node_modules/jquery/src/manipulation) by extensions ['ignore', 'ignore_ament_install']
[0.718s] Level 1:colcon.colcon_core.package_identification:_identify(config/node_modules/jquery/src/manipulation) by extension 'ignore'
[0.718s] Level 1:colcon.colcon_core.package_identification:_identify(config/node_modules/jquery/src/manipulation) by extension 'ignore_ament_install'
[0.718s] Level 1:colcon.colcon_core.package_identification:_identify(config/node_modules/jquery/src/manipulation) by extensions ['colcon_pkg']
[0.718s] Level 1:colcon.colcon_core.package_identification:_identify(config/node_modules/jquery/src/manipulation) by extension 'colcon_pkg'
[0.718s] Level 1:colcon.colcon_core.package_identification:_identify(config/node_modules/jquery/src/manipulation) by extensions ['colcon_meta']
[0.718s] Level 1:colcon.colcon_core.package_identification:_identify(config/node_modules/jquery/src/manipulation) by extension 'colcon_meta'
[0.718s] Level 1:colcon.colcon_core.package_identification:_identify(config/node_modules/jquery/src/manipulation) by extensions ['ros']
[0.718s] Level 1:colcon.colcon_core.package_identification:_identify(config/node_modules/jquery/src/manipulation) by extension 'ros'
[0.718s] Level 1:colcon.colcon_core.package_identification:_identify(config/node_modules/jquery/src/manipulation) by extensions ['cmake', 'python']
[0.718s] Level 1:colcon.colcon_core.package_identification:_identify(config/node_modules/jquery/src/manipulation) by extension 'cmake'
[0.718s] Level 1:colcon.colcon_core.package_identification:_identify(config/node_modules/jquery/src/manipulation) by extension 'python'
[0.718s] Level 1:colcon.colcon_core.package_identification:_identify(config/node_modules/jquery/src/manipulation) by extensions ['python_setup_py']
[0.718s] Level 1:colcon.colcon_core.package_identification:_identify(config/node_modules/jquery/src/manipulation) by extension 'python_setup_py'
[0.718s] Level 1:colcon.colcon_core.package_identification:_identify(config/node_modules/jquery/src/manipulation/var) by extensions ['ignore', 'ignore_ament_install']
[0.718s] Level 1:colcon.colcon_core.package_identification:_identify(config/node_modules/jquery/src/manipulation/var) by extension 'ignore'
[0.718s] Level 1:colcon.colcon_core.package_identification:_identify(config/node_modules/jquery/src/manipulation/var) by extension 'ignore_ament_install'
[0.719s] Level 1:colcon.colcon_core.package_identification:_identify(config/node_modules/jquery/src/manipulation/var) by extensions ['colcon_pkg']
[0.719s] Level 1:colcon.colcon_core.package_identification:_identify(config/node_modules/jquery/src/manipulation/var) by extension 'colcon_pkg'
[0.719s] Level 1:colcon.colcon_core.package_identification:_identify(config/node_modules/jquery/src/manipulation/var) by extensions ['colcon_meta']
[0.719s] Level 1:colcon.colcon_core.package_identification:_identify(config/node_modules/jquery/src/manipulation/var) by extension 'colcon_meta'
[0.719s] Level 1:colcon.colcon_core.package_identification:_identify(config/node_modules/jquery/src/manipulation/var) by extensions ['ros']
[0.719s] Level 1:colcon.colcon_core.package_identification:_identify(config/node_modules/jquery/src/manipulation/var) by extension 'ros'
[0.719s] Level 1:colcon.colcon_core.package_identification:_identify(config/node_modules/jquery/src/manipulation/var) by extensions ['cmake', 'python']
[0.719s] Level 1:colcon.colcon_core.package_identification:_identify(config/node_modules/jquery/src/manipulation/var) by extension 'cmake'
[0.719s] Level 1:colcon.colcon_core.package_identification:_identify(config/node_modules/jquery/src/manipulation/var) by extension 'python'
[0.719s] Level 1:colcon.colcon_core.package_identification:_identify(config/node_modules/jquery/src/manipulation/var) by extensions ['python_setup_py']
[0.719s] Level 1:colcon.colcon_core.package_identification:_identify(config/node_modules/jquery/src/manipulation/var) by extension 'python_setup_py'
[0.719s] Level 1:colcon.colcon_core.package_identification:_identify(config/node_modules/jquery/src/queue) by extensions ['ignore', 'ignore_ament_install']
[0.719s] Level 1:colcon.colcon_core.package_identification:_identify(config/node_modules/jquery/src/queue) by extension 'ignore'
[0.719s] Level 1:colcon.colcon_core.package_identification:_identify(config/node_modules/jquery/src/queue) by extension 'ignore_ament_install'
[0.719s] Level 1:colcon.colcon_core.package_identification:_identify(config/node_modules/jquery/src/queue) by extensions ['colcon_pkg']
[0.719s] Level 1:colcon.colcon_core.package_identification:_identify(config/node_modules/jquery/src/queue) by extension 'colcon_pkg'
[0.719s] Level 1:colcon.colcon_core.package_identification:_identify(config/node_modules/jquery/src/queue) by extensions ['colcon_meta']
[0.719s] Level 1:colcon.colcon_core.package_identification:_identify(config/node_modules/jquery/src/queue) by extension 'colcon_meta'
[0.719s] Level 1:colcon.colcon_core.package_identification:_identify(config/node_modules/jquery/src/queue) by extensions ['ros']
[0.719s] Level 1:colcon.colcon_core.package_identification:_identify(config/node_modules/jquery/src/queue) by extension 'ros'
[0.719s] Level 1:colcon.colcon_core.package_identification:_identify(config/node_modules/jquery/src/queue) by extensions ['cmake', 'python']
[0.719s] Level 1:colcon.colcon_core.package_identification:_identify(config/node_modules/jquery/src/queue) by extension 'cmake'
[0.719s] Level 1:colcon.colcon_core.package_identification:_identify(config/node_modules/jquery/src/queue) by extension 'python'
[0.719s] Level 1:colcon.colcon_core.package_identification:_identify(config/node_modules/jquery/src/queue) by extensions ['python_setup_py']
[0.719s] Level 1:colcon.colcon_core.package_identification:_identify(config/node_modules/jquery/src/queue) by extension 'python_setup_py'
[0.719s] Level 1:colcon.colcon_core.package_identification:_identify(config/node_modules/jquery/src/selector) by extensions ['ignore', 'ignore_ament_install']
[0.720s] Level 1:colcon.colcon_core.package_identification:_identify(config/node_modules/jquery/src/selector) by extension 'ignore'
[0.720s] Level 1:colcon.colcon_core.package_identification:_identify(config/node_modules/jquery/src/selector) by extension 'ignore_ament_install'
[0.720s] Level 1:colcon.colcon_core.package_identification:_identify(config/node_modules/jquery/src/selector) by extensions ['colcon_pkg']
[0.720s] Level 1:colcon.colcon_core.package_identification:_identify(config/node_modules/jquery/src/selector) by extension 'colcon_pkg'
[0.720s] Level 1:colcon.colcon_core.package_identification:_identify(config/node_modules/jquery/src/selector) by extensions ['colcon_meta']
[0.720s] Level 1:colcon.colcon_core.package_identification:_identify(config/node_modules/jquery/src/selector) by extension 'colcon_meta'
[0.720s] Level 1:colcon.colcon_core.package_identification:_identify(config/node_modules/jquery/src/selector) by extensions ['ros']
[0.720s] Level 1:colcon.colcon_core.package_identification:_identify(config/node_modules/jquery/src/selector) by extension 'ros'
[0.720s] Level 1:colcon.colcon_core.package_identification:_identify(config/node_modules/jquery/src/selector) by extensions ['cmake', 'python']
[0.720s] Level 1:colcon.colcon_core.package_identification:_identify(config/node_modules/jquery/src/selector) by extension 'cmake'
[0.720s] Level 1:colcon.colcon_core.package_identification:_identify(config/node_modules/jquery/src/selector) by extension 'python'
[0.720s] Level 1:colcon.colcon_core.package_identification:_identify(config/node_modules/jquery/src/selector) by extensions ['python_setup_py']
[0.720s] Level 1:colcon.colcon_core.package_identification:_identify(config/node_modules/jquery/src/selector) by extension 'python_setup_py'
[0.720s] Level 1:colcon.colcon_core.package_identification:_identify(config/node_modules/jquery/src/traversing) by extensions ['ignore', 'ignore_ament_install']
[0.720s] Level 1:colcon.colcon_core.package_identification:_identify(config/node_modules/jquery/src/traversing) by extension 'ignore'
[0.720s] Level 1:colcon.colcon_core.package_identification:_identify(config/node_modules/jquery/src/traversing) by extension 'ignore_ament_install'
[0.720s] Level 1:colcon.colcon_core.package_identification:_identify(config/node_modules/jquery/src/traversing) by extensions ['colcon_pkg']
[0.720s] Level 1:colcon.colcon_core.package_identification:_identify(config/node_modules/jquery/src/traversing) by extension 'colcon_pkg'
[0.720s] Level 1:colcon.colcon_core.package_identification:_identify(config/node_modules/jquery/src/traversing) by extensions ['colcon_meta']
[0.720s] Level 1:colcon.colcon_core.package_identification:_identify(config/node_modules/jquery/src/traversing) by extension 'colcon_meta'
[0.720s] Level 1:colcon.colcon_core.package_identification:_identify(config/node_modules/jquery/src/traversing) by extensions ['ros']
[0.720s] Level 1:colcon.colcon_core.package_identification:_identify(config/node_modules/jquery/src/traversing) by extension 'ros'
[0.720s] Level 1:colcon.colcon_core.package_identification:_identify(config/node_modules/jquery/src/traversing) by extensions ['cmake', 'python']
[0.720s] Level 1:colcon.colcon_core.package_identification:_identify(config/node_modules/jquery/src/traversing) by extension 'cmake'
[0.720s] Level 1:colcon.colcon_core.package_identification:_identify(config/node_modules/jquery/src/traversing) by extension 'python'
[0.720s] Level 1:colcon.colcon_core.package_identification:_identify(config/node_modules/jquery/src/traversing) by extensions ['python_setup_py']
[0.720s] Level 1:colcon.colcon_core.package_identification:_identify(config/node_modules/jquery/src/traversing) by extension 'python_setup_py'
[0.721s] Level 1:colcon.colcon_core.package_identification:_identify(config/node_modules/jquery/src/traversing/var) by extensions ['ignore', 'ignore_ament_install']
[0.721s] Level 1:colcon.colcon_core.package_identification:_identify(config/node_modules/jquery/src/traversing/var) by extension 'ignore'
[0.721s] Level 1:colcon.colcon_core.package_identification:_identify(config/node_modules/jquery/src/traversing/var) by extension 'ignore_ament_install'
[0.721s] Level 1:colcon.colcon_core.package_identification:_identify(config/node_modules/jquery/src/traversing/var) by extensions ['colcon_pkg']
[0.721s] Level 1:colcon.colcon_core.package_identification:_identify(config/node_modules/jquery/src/traversing/var) by extension 'colcon_pkg'
[0.721s] Level 1:colcon.colcon_core.package_identification:_identify(config/node_modules/jquery/src/traversing/var) by extensions ['colcon_meta']
[0.721s] Level 1:colcon.colcon_core.package_identification:_identify(config/node_modules/jquery/src/traversing/var) by extension 'colcon_meta'
[0.721s] Level 1:colcon.colcon_core.package_identification:_identify(config/node_modules/jquery/src/traversing/var) by extensions ['ros']
[0.721s] Level 1:colcon.colcon_core.package_identification:_identify(config/node_modules/jquery/src/traversing/var) by extension 'ros'
[0.721s] Level 1:colcon.colcon_core.package_identification:_identify(config/node_modules/jquery/src/traversing/var) by extensions ['cmake', 'python']
[0.721s] Level 1:colcon.colcon_core.package_identification:_identify(config/node_modules/jquery/src/traversing/var) by extension 'cmake'
[0.721s] Level 1:colcon.colcon_core.package_identification:_identify(config/node_modules/jquery/src/traversing/var) by extension 'python'
[0.721s] Level 1:colcon.colcon_core.package_identification:_identify(config/node_modules/jquery/src/traversing/var) by extensions ['python_setup_py']
[0.721s] Level 1:colcon.colcon_core.package_identification:_identify(config/node_modules/jquery/src/traversing/var) by extension 'python_setup_py'
[0.721s] Level 1:colcon.colcon_core.package_identification:_identify(config/node_modules/jquery/src/var) by extensions ['ignore', 'ignore_ament_install']
[0.721s] Level 1:colcon.colcon_core.package_identification:_identify(config/node_modules/jquery/src/var) by extension 'ignore'
[0.721s] Level 1:colcon.colcon_core.package_identification:_identify(config/node_modules/jquery/src/var) by extension 'ignore_ament_install'
[0.721s] Level 1:colcon.colcon_core.package_identification:_identify(config/node_modules/jquery/src/var) by extensions ['colcon_pkg']
[0.721s] Level 1:colcon.colcon_core.package_identification:_identify(config/node_modules/jquery/src/var) by extension 'colcon_pkg'
[0.721s] Level 1:colcon.colcon_core.package_identification:_identify(config/node_modules/jquery/src/var) by extensions ['colcon_meta']
[0.721s] Level 1:colcon.colcon_core.package_identification:_identify(config/node_modules/jquery/src/var) by extension 'colcon_meta'
[0.721s] Level 1:colcon.colcon_core.package_identification:_identify(config/node_modules/jquery/src/var) by extensions ['ros']
[0.722s] Level 1:colcon.colcon_core.package_identification:_identify(config/node_modules/jquery/src/var) by extension 'ros'
[0.722s] Level 1:colcon.colcon_core.package_identification:_identify(config/node_modules/jquery/src/var) by extensions ['cmake', 'python']
[0.722s] Level 1:colcon.colcon_core.package_identification:_identify(config/node_modules/jquery/src/var) by extension 'cmake'
[0.722s] Level 1:colcon.colcon_core.package_identification:_identify(config/node_modules/jquery/src/var) by extension 'python'
[0.722s] Level 1:colcon.colcon_core.package_identification:_identify(config/node_modules/jquery/src/var) by extensions ['python_setup_py']
[0.722s] Level 1:colcon.colcon_core.package_identification:_identify(config/node_modules/jquery/src/var) by extension 'python_setup_py'
[0.722s] Level 1:colcon.colcon_core.package_identification:_identify(config/node_modules/mime) by extensions ['ignore', 'ignore_ament_install']
[0.722s] Level 1:colcon.colcon_core.package_identification:_identify(config/node_modules/mime) by extension 'ignore'
[0.722s] Level 1:colcon.colcon_core.package_identification:_identify(config/node_modules/mime) by extension 'ignore_ament_install'
[0.722s] Level 1:colcon.colcon_core.package_identification:_identify(config/node_modules/mime) by extensions ['colcon_pkg']
[0.722s] Level 1:colcon.colcon_core.package_identification:_identify(config/node_modules/mime) by extension 'colcon_pkg'
[0.722s] Level 1:colcon.colcon_core.package_identification:_identify(config/node_modules/mime) by extensions ['colcon_meta']
[0.722s] Level 1:colcon.colcon_core.package_identification:_identify(config/node_modules/mime) by extension 'colcon_meta'
[0.722s] Level 1:colcon.colcon_core.package_identification:_identify(config/node_modules/mime) by extensions ['ros']
[0.722s] Level 1:colcon.colcon_core.package_identification:_identify(config/node_modules/mime) by extension 'ros'
[0.722s] Level 1:colcon.colcon_core.package_identification:_identify(config/node_modules/mime) by extensions ['cmake', 'python']
[0.722s] Level 1:colcon.colcon_core.package_identification:_identify(config/node_modules/mime) by extension 'cmake'
[0.723s] Level 1:colcon.colcon_core.package_identification:_identify(config/node_modules/mime) by extension 'python'
[0.723s] Level 1:colcon.colcon_core.package_identification:_identify(config/node_modules/mime) by extensions ['python_setup_py']
[0.723s] Level 1:colcon.colcon_core.package_identification:_identify(config/node_modules/mime) by extension 'python_setup_py'
[0.723s] Level 1:colcon.colcon_core.package_identification:_identify(config/node_modules/mime/src) by extensions ['ignore', 'ignore_ament_install']
[0.723s] Level 1:colcon.colcon_core.package_identification:_identify(config/node_modules/mime/src) by extension 'ignore'
[0.723s] Level 1:colcon.colcon_core.package_identification:_identify(config/node_modules/mime/src) by extension 'ignore_ament_install'
[0.723s] Level 1:colcon.colcon_core.package_identification:_identify(config/node_modules/mime/src) by extensions ['colcon_pkg']
[0.723s] Level 1:colcon.colcon_core.package_identification:_identify(config/node_modules/mime/src) by extension 'colcon_pkg'
[0.723s] Level 1:colcon.colcon_core.package_identification:_identify(config/node_modules/mime/src) by extensions ['colcon_meta']
[0.723s] Level 1:colcon.colcon_core.package_identification:_identify(config/node_modules/mime/src) by extension 'colcon_meta'
[0.723s] Level 1:colcon.colcon_core.package_identification:_identify(config/node_modules/mime/src) by extensions ['ros']
[0.723s] Level 1:colcon.colcon_core.package_identification:_identify(config/node_modules/mime/src) by extension 'ros'
[0.723s] Level 1:colcon.colcon_core.package_identification:_identify(config/node_modules/mime/src) by extensions ['cmake', 'python']
[0.723s] Level 1:colcon.colcon_core.package_identification:_identify(config/node_modules/mime/src) by extension 'cmake'
[0.723s] Level 1:colcon.colcon_core.package_identification:_identify(config/node_modules/mime/src) by extension 'python'
[0.723s] Level 1:colcon.colcon_core.package_identification:_identify(config/node_modules/mime/src) by extensions ['python_setup_py']
[0.723s] Level 1:colcon.colcon_core.package_identification:_identify(config/node_modules/mime/src) by extension 'python_setup_py'
[0.723s] Level 1:colcon.colcon_core.package_identification:_identify(config/node_modules/mime-db) by extensions ['ignore', 'ignore_ament_install']
[0.723s] Level 1:colcon.colcon_core.package_identification:_identify(config/node_modules/mime-db) by extension 'ignore'
[0.723s] Level 1:colcon.colcon_core.package_identification:_identify(config/node_modules/mime-db) by extension 'ignore_ament_install'
[0.723s] Level 1:colcon.colcon_core.package_identification:_identify(config/node_modules/mime-db) by extensions ['colcon_pkg']
[0.723s] Level 1:colcon.colcon_core.package_identification:_identify(config/node_modules/mime-db) by extension 'colcon_pkg'
[0.724s] Level 1:colcon.colcon_core.package_identification:_identify(config/node_modules/mime-db) by extensions ['colcon_meta']
[0.724s] Level 1:colcon.colcon_core.package_identification:_identify(config/node_modules/mime-db) by extension 'colcon_meta'
[0.724s] Level 1:colcon.colcon_core.package_identification:_identify(config/node_modules/mime-db) by extensions ['ros']
[0.724s] Level 1:colcon.colcon_core.package_identification:_identify(config/node_modules/mime-db) by extension 'ros'
[0.724s] Level 1:colcon.colcon_core.package_identification:_identify(config/node_modules/mime-db) by extensions ['cmake', 'python']
[0.724s] Level 1:colcon.colcon_core.package_identification:_identify(config/node_modules/mime-db) by extension 'cmake'
[0.724s] Level 1:colcon.colcon_core.package_identification:_identify(config/node_modules/mime-db) by extension 'python'
[0.724s] Level 1:colcon.colcon_core.package_identification:_identify(config/node_modules/mime-db) by extensions ['python_setup_py']
[0.724s] Level 1:colcon.colcon_core.package_identification:_identify(config/node_modules/mime-db) by extension 'python_setup_py'
[0.724s] Level 1:colcon.colcon_core.package_identification:_identify(config/node_modules/mime-types) by extensions ['ignore', 'ignore_ament_install']
[0.724s] Level 1:colcon.colcon_core.package_identification:_identify(config/node_modules/mime-types) by extension 'ignore'
[0.724s] Level 1:colcon.colcon_core.package_identification:_identify(config/node_modules/mime-types) by extension 'ignore_ament_install'
[0.724s] Level 1:colcon.colcon_core.package_identification:_identify(config/node_modules/mime-types) by extensions ['colcon_pkg']
[0.724s] Level 1:colcon.colcon_core.package_identification:_identify(config/node_modules/mime-types) by extension 'colcon_pkg'
[0.724s] Level 1:colcon.colcon_core.package_identification:_identify(config/node_modules/mime-types) by extensions ['colcon_meta']
[0.724s] Level 1:colcon.colcon_core.package_identification:_identify(config/node_modules/mime-types) by extension 'colcon_meta'
[0.724s] Level 1:colcon.colcon_core.package_identification:_identify(config/node_modules/mime-types) by extensions ['ros']
[0.724s] Level 1:colcon.colcon_core.package_identification:_identify(config/node_modules/mime-types) by extension 'ros'
[0.724s] Level 1:colcon.colcon_core.package_identification:_identify(config/node_modules/mime-types) by extensions ['cmake', 'python']
[0.724s] Level 1:colcon.colcon_core.package_identification:_identify(config/node_modules/mime-types) by extension 'cmake'
[0.724s] Level 1:colcon.colcon_core.package_identification:_identify(config/node_modules/mime-types) by extension 'python'
[0.724s] Level 1:colcon.colcon_core.package_identification:_identify(config/node_modules/mime-types) by extensions ['python_setup_py']
[0.724s] Level 1:colcon.colcon_core.package_identification:_identify(config/node_modules/mime-types) by extension 'python_setup_py'
[0.724s] Level 1:colcon.colcon_core.package_identification:_identify(config/node_modules/mime-types/node_modules) by extensions ['ignore', 'ignore_ament_install']
[0.724s] Level 1:colcon.colcon_core.package_identification:_identify(config/node_modules/mime-types/node_modules) by extension 'ignore'
[0.724s] Level 1:colcon.colcon_core.package_identification:_identify(config/node_modules/mime-types/node_modules) by extension 'ignore_ament_install'
[0.725s] Level 1:colcon.colcon_core.package_identification:_identify(config/node_modules/mime-types/node_modules) by extensions ['colcon_pkg']
[0.725s] Level 1:colcon.colcon_core.package_identification:_identify(config/node_modules/mime-types/node_modules) by extension 'colcon_pkg'
[0.725s] Level 1:colcon.colcon_core.package_identification:_identify(config/node_modules/mime-types/node_modules) by extensions ['colcon_meta']
[0.725s] Level 1:colcon.colcon_core.package_identification:_identify(config/node_modules/mime-types/node_modules) by extension 'colcon_meta'
[0.725s] Level 1:colcon.colcon_core.package_identification:_identify(config/node_modules/mime-types/node_modules) by extensions ['ros']
[0.725s] Level 1:colcon.colcon_core.package_identification:_identify(config/node_modules/mime-types/node_modules) by extension 'ros'
[0.725s] Level 1:colcon.colcon_core.package_identification:_identify(config/node_modules/mime-types/node_modules) by extensions ['cmake', 'python']
[0.725s] Level 1:colcon.colcon_core.package_identification:_identify(config/node_modules/mime-types/node_modules) by extension 'cmake'
[0.725s] Level 1:colcon.colcon_core.package_identification:_identify(config/node_modules/mime-types/node_modules) by extension 'python'
[0.725s] Level 1:colcon.colcon_core.package_identification:_identify(config/node_modules/mime-types/node_modules) by extensions ['python_setup_py']
[0.725s] Level 1:colcon.colcon_core.package_identification:_identify(config/node_modules/mime-types/node_modules) by extension 'python_setup_py'
[0.725s] Level 1:colcon.colcon_core.package_identification:_identify(config/node_modules/mime-types/node_modules/mime-db) by extensions ['ignore', 'ignore_ament_install']
[0.725s] Level 1:colcon.colcon_core.package_identification:_identify(config/node_modules/mime-types/node_modules/mime-db) by extension 'ignore'
[0.725s] Level 1:colcon.colcon_core.package_identification:_identify(config/node_modules/mime-types/node_modules/mime-db) by extension 'ignore_ament_install'
[0.725s] Level 1:colcon.colcon_core.package_identification:_identify(config/node_modules/mime-types/node_modules/mime-db) by extensions ['colcon_pkg']
[0.725s] Level 1:colcon.colcon_core.package_identification:_identify(config/node_modules/mime-types/node_modules/mime-db) by extension 'colcon_pkg'
[0.725s] Level 1:colcon.colcon_core.package_identification:_identify(config/node_modules/mime-types/node_modules/mime-db) by extensions ['colcon_meta']
[0.725s] Level 1:colcon.colcon_core.package_identification:_identify(config/node_modules/mime-types/node_modules/mime-db) by extension 'colcon_meta'
[0.725s] Level 1:colcon.colcon_core.package_identification:_identify(config/node_modules/mime-types/node_modules/mime-db) by extensions ['ros']
[0.725s] Level 1:colcon.colcon_core.package_identification:_identify(config/node_modules/mime-types/node_modules/mime-db) by extension 'ros'
[0.725s] Level 1:colcon.colcon_core.package_identification:_identify(config/node_modules/mime-types/node_modules/mime-db) by extensions ['cmake', 'python']
[0.725s] Level 1:colcon.colcon_core.package_identification:_identify(config/node_modules/mime-types/node_modules/mime-db) by extension 'cmake'
[0.725s] Level 1:colcon.colcon_core.package_identification:_identify(config/node_modules/mime-types/node_modules/mime-db) by extension 'python'
[0.725s] Level 1:colcon.colcon_core.package_identification:_identify(config/node_modules/mime-types/node_modules/mime-db) by extensions ['python_setup_py']
[0.725s] Level 1:colcon.colcon_core.package_identification:_identify(config/node_modules/mime-types/node_modules/mime-db) by extension 'python_setup_py'
[0.725s] Level 1:colcon.colcon_core.package_identification:_identify(config/node_modules/ms) by extensions ['ignore', 'ignore_ament_install']
[0.725s] Level 1:colcon.colcon_core.package_identification:_identify(config/node_modules/ms) by extension 'ignore'
[0.726s] Level 1:colcon.colcon_core.package_identification:_identify(config/node_modules/ms) by extension 'ignore_ament_install'
[0.726s] Level 1:colcon.colcon_core.package_identification:_identify(config/node_modules/ms) by extensions ['colcon_pkg']
[0.726s] Level 1:colcon.colcon_core.package_identification:_identify(config/node_modules/ms) by extension 'colcon_pkg'
[0.726s] Level 1:colcon.colcon_core.package_identification:_identify(config/node_modules/ms) by extensions ['colcon_meta']
[0.726s] Level 1:colcon.colcon_core.package_identification:_identify(config/node_modules/ms) by extension 'colcon_meta'
[0.726s] Level 1:colcon.colcon_core.package_identification:_identify(config/node_modules/ms) by extensions ['ros']
[0.726s] Level 1:colcon.colcon_core.package_identification:_identify(config/node_modules/ms) by extension 'ros'
[0.726s] Level 1:colcon.colcon_core.package_identification:_identify(config/node_modules/ms) by extensions ['cmake', 'python']
[0.726s] Level 1:colcon.colcon_core.package_identification:_identify(config/node_modules/ms) by extension 'cmake'
[0.726s] Level 1:colcon.colcon_core.package_identification:_identify(config/node_modules/ms) by extension 'python'
[0.726s] Level 1:colcon.colcon_core.package_identification:_identify(config/node_modules/ms) by extensions ['python_setup_py']
[0.726s] Level 1:colcon.colcon_core.package_identification:_identify(config/node_modules/ms) by extension 'python_setup_py'
[0.726s] Level 1:colcon.colcon_core.package_identification:_identify(config/node_modules/negotiator) by extensions ['ignore', 'ignore_ament_install']
[0.726s] Level 1:colcon.colcon_core.package_identification:_identify(config/node_modules/negotiator) by extension 'ignore'
[0.726s] Level 1:colcon.colcon_core.package_identification:_identify(config/node_modules/negotiator) by extension 'ignore_ament_install'
[0.726s] Level 1:colcon.colcon_core.package_identification:_identify(config/node_modules/negotiator) by extensions ['colcon_pkg']
[0.726s] Level 1:colcon.colcon_core.package_identification:_identify(config/node_modules/negotiator) by extension 'colcon_pkg'
[0.726s] Level 1:colcon.colcon_core.package_identification:_identify(config/node_modules/negotiator) by extensions ['colcon_meta']
[0.726s] Level 1:colcon.colcon_core.package_identification:_identify(config/node_modules/negotiator) by extension 'colcon_meta'
[0.726s] Level 1:colcon.colcon_core.package_identification:_identify(config/node_modules/negotiator) by extensions ['ros']
[0.726s] Level 1:colcon.colcon_core.package_identification:_identify(config/node_modules/negotiator) by extension 'ros'
[0.726s] Level 1:colcon.colcon_core.package_identification:_identify(config/node_modules/negotiator) by extensions ['cmake', 'python']
[0.726s] Level 1:colcon.colcon_core.package_identification:_identify(config/node_modules/negotiator) by extension 'cmake'
[0.726s] Level 1:colcon.colcon_core.package_identification:_identify(config/node_modules/negotiator) by extension 'python'
[0.726s] Level 1:colcon.colcon_core.package_identification:_identify(config/node_modules/negotiator) by extensions ['python_setup_py']
[0.726s] Level 1:colcon.colcon_core.package_identification:_identify(config/node_modules/negotiator) by extension 'python_setup_py'
[0.726s] Level 1:colcon.colcon_core.package_identification:_identify(config/node_modules/negotiator/lib) by extensions ['ignore', 'ignore_ament_install']
[0.727s] Level 1:colcon.colcon_core.package_identification:_identify(config/node_modules/negotiator/lib) by extension 'ignore'
[0.727s] Level 1:colcon.colcon_core.package_identification:_identify(config/node_modules/negotiator/lib) by extension 'ignore_ament_install'
[0.727s] Level 1:colcon.colcon_core.package_identification:_identify(config/node_modules/negotiator/lib) by extensions ['colcon_pkg']
[0.727s] Level 1:colcon.colcon_core.package_identification:_identify(config/node_modules/negotiator/lib) by extension 'colcon_pkg'
[0.727s] Level 1:colcon.colcon_core.package_identification:_identify(config/node_modules/negotiator/lib) by extensions ['colcon_meta']
[0.727s] Level 1:colcon.colcon_core.package_identification:_identify(config/node_modules/negotiator/lib) by extension 'colcon_meta'
[0.727s] Level 1:colcon.colcon_core.package_identification:_identify(config/node_modules/negotiator/lib) by extensions ['ros']
[0.727s] Level 1:colcon.colcon_core.package_identification:_identify(config/node_modules/negotiator/lib) by extension 'ros'
[0.727s] Level 1:colcon.colcon_core.package_identification:_identify(config/node_modules/negotiator/lib) by extensions ['cmake', 'python']
[0.727s] Level 1:colcon.colcon_core.package_identification:_identify(config/node_modules/negotiator/lib) by extension 'cmake'
[0.727s] Level 1:colcon.colcon_core.package_identification:_identify(config/node_modules/negotiator/lib) by extension 'python'
[0.727s] Level 1:colcon.colcon_core.package_identification:_identify(config/node_modules/negotiator/lib) by extensions ['python_setup_py']
[0.727s] Level 1:colcon.colcon_core.package_identification:_identify(config/node_modules/negotiator/lib) by extension 'python_setup_py'
[0.727s] Level 1:colcon.colcon_core.package_identification:_identify(config/node_modules/node-red-dashboard) by extensions ['ignore', 'ignore_ament_install']
[0.727s] Level 1:colcon.colcon_core.package_identification:_identify(config/node_modules/node-red-dashboard) by extension 'ignore'
[0.727s] Level 1:colcon.colcon_core.package_identification:_identify(config/node_modules/node-red-dashboard) by extension 'ignore_ament_install'
[0.727s] Level 1:colcon.colcon_core.package_identification:_identify(config/node_modules/node-red-dashboard) by extensions ['colcon_pkg']
[0.727s] Level 1:colcon.colcon_core.package_identification:_identify(config/node_modules/node-red-dashboard) by extension 'colcon_pkg'
[0.727s] Level 1:colcon.colcon_core.package_identification:_identify(config/node_modules/node-red-dashboard) by extensions ['colcon_meta']
[0.727s] Level 1:colcon.colcon_core.package_identification:_identify(config/node_modules/node-red-dashboard) by extension 'colcon_meta'
[0.727s] Level 1:colcon.colcon_core.package_identification:_identify(config/node_modules/node-red-dashboard) by extensions ['ros']
[0.727s] Level 1:colcon.colcon_core.package_identification:_identify(config/node_modules/node-red-dashboard) by extension 'ros'
[0.727s] Level 1:colcon.colcon_core.package_identification:_identify(config/node_modules/node-red-dashboard) by extensions ['cmake', 'python']
[0.727s] Level 1:colcon.colcon_core.package_identification:_identify(config/node_modules/node-red-dashboard) by extension 'cmake'
[0.728s] Level 1:colcon.colcon_core.package_identification:_identify(config/node_modules/node-red-dashboard) by extension 'python'
[0.728s] Level 1:colcon.colcon_core.package_identification:_identify(config/node_modules/node-red-dashboard) by extensions ['python_setup_py']
[0.728s] Level 1:colcon.colcon_core.package_identification:_identify(config/node_modules/node-red-dashboard) by extension 'python_setup_py'
[0.728s] Level 1:colcon.colcon_core.package_identification:_identify(config/node_modules/node-red-dashboard/dist) by extensions ['ignore', 'ignore_ament_install']
[0.728s] Level 1:colcon.colcon_core.package_identification:_identify(config/node_modules/node-red-dashboard/dist) by extension 'ignore'
[0.728s] Level 1:colcon.colcon_core.package_identification:_identify(config/node_modules/node-red-dashboard/dist) by extension 'ignore_ament_install'
[0.728s] Level 1:colcon.colcon_core.package_identification:_identify(config/node_modules/node-red-dashboard/dist) by extensions ['colcon_pkg']
[0.728s] Level 1:colcon.colcon_core.package_identification:_identify(config/node_modules/node-red-dashboard/dist) by extension 'colcon_pkg'
[0.728s] Level 1:colcon.colcon_core.package_identification:_identify(config/node_modules/node-red-dashboard/dist) by extensions ['colcon_meta']
[0.728s] Level 1:colcon.colcon_core.package_identification:_identify(config/node_modules/node-red-dashboard/dist) by extension 'colcon_meta'
[0.728s] Level 1:colcon.colcon_core.package_identification:_identify(config/node_modules/node-red-dashboard/dist) by extensions ['ros']
[0.728s] Level 1:colcon.colcon_core.package_identification:_identify(config/node_modules/node-red-dashboard/dist) by extension 'ros'
[0.728s] Level 1:colcon.colcon_core.package_identification:_identify(config/node_modules/node-red-dashboard/dist) by extensions ['cmake', 'python']
[0.728s] Level 1:colcon.colcon_core.package_identification:_identify(config/node_modules/node-red-dashboard/dist) by extension 'cmake'
[0.728s] Level 1:colcon.colcon_core.package_identification:_identify(config/node_modules/node-red-dashboard/dist) by extension 'python'
[0.728s] Level 1:colcon.colcon_core.package_identification:_identify(config/node_modules/node-red-dashboard/dist) by extensions ['python_setup_py']
[0.728s] Level 1:colcon.colcon_core.package_identification:_identify(config/node_modules/node-red-dashboard/dist) by extension 'python_setup_py'
[0.728s] Level 1:colcon.colcon_core.package_identification:_identify(config/node_modules/node-red-dashboard/dist/css) by extensions ['ignore', 'ignore_ament_install']
[0.728s] Level 1:colcon.colcon_core.package_identification:_identify(config/node_modules/node-red-dashboard/dist/css) by extension 'ignore'
[0.728s] Level 1:colcon.colcon_core.package_identification:_identify(config/node_modules/node-red-dashboard/dist/css) by extension 'ignore_ament_install'
[0.728s] Level 1:colcon.colcon_core.package_identification:_identify(config/node_modules/node-red-dashboard/dist/css) by extensions ['colcon_pkg']
[0.728s] Level 1:colcon.colcon_core.package_identification:_identify(config/node_modules/node-red-dashboard/dist/css) by extension 'colcon_pkg'
[0.728s] Level 1:colcon.colcon_core.package_identification:_identify(config/node_modules/node-red-dashboard/dist/css) by extensions ['colcon_meta']
[0.728s] Level 1:colcon.colcon_core.package_identification:_identify(config/node_modules/node-red-dashboard/dist/css) by extension 'colcon_meta'
[0.729s] Level 1:colcon.colcon_core.package_identification:_identify(config/node_modules/node-red-dashboard/dist/css) by extensions ['ros']
[0.729s] Level 1:colcon.colcon_core.package_identification:_identify(config/node_modules/node-red-dashboard/dist/css) by extension 'ros'
[0.729s] Level 1:colcon.colcon_core.package_identification:_identify(config/node_modules/node-red-dashboard/dist/css) by extensions ['cmake', 'python']
[0.729s] Level 1:colcon.colcon_core.package_identification:_identify(config/node_modules/node-red-dashboard/dist/css) by extension 'cmake'
[0.729s] Level 1:colcon.colcon_core.package_identification:_identify(config/node_modules/node-red-dashboard/dist/css) by extension 'python'
[0.729s] Level 1:colcon.colcon_core.package_identification:_identify(config/node_modules/node-red-dashboard/dist/css) by extensions ['python_setup_py']
[0.729s] Level 1:colcon.colcon_core.package_identification:_identify(config/node_modules/node-red-dashboard/dist/css) by extension 'python_setup_py'
[0.729s] Level 1:colcon.colcon_core.package_identification:_identify(config/node_modules/node-red-dashboard/dist/fonts) by extensions ['ignore', 'ignore_ament_install']
[0.729s] Level 1:colcon.colcon_core.package_identification:_identify(config/node_modules/node-red-dashboard/dist/fonts) by extension 'ignore'
[0.729s] Level 1:colcon.colcon_core.package_identification:_identify(config/node_modules/node-red-dashboard/dist/fonts) by extension 'ignore_ament_install'
[0.729s] Level 1:colcon.colcon_core.package_identification:_identify(config/node_modules/node-red-dashboard/dist/fonts) by extensions ['colcon_pkg']
[0.729s] Level 1:colcon.colcon_core.package_identification:_identify(config/node_modules/node-red-dashboard/dist/fonts) by extension 'colcon_pkg'
[0.729s] Level 1:colcon.colcon_core.package_identification:_identify(config/node_modules/node-red-dashboard/dist/fonts) by extensions ['colcon_meta']
[0.729s] Level 1:colcon.colcon_core.package_identification:_identify(config/node_modules/node-red-dashboard/dist/fonts) by extension 'colcon_meta'
[0.729s] Level 1:colcon.colcon_core.package_identification:_identify(config/node_modules/node-red-dashboard/dist/fonts) by extensions ['ros']
[0.729s] Level 1:colcon.colcon_core.package_identification:_identify(config/node_modules/node-red-dashboard/dist/fonts) by extension 'ros'
[0.729s] Level 1:colcon.colcon_core.package_identification:_identify(config/node_modules/node-red-dashboard/dist/fonts) by extensions ['cmake', 'python']
[0.729s] Level 1:colcon.colcon_core.package_identification:_identify(config/node_modules/node-red-dashboard/dist/fonts) by extension 'cmake'
[0.729s] Level 1:colcon.colcon_core.package_identification:_identify(config/node_modules/node-red-dashboard/dist/fonts) by extension 'python'
[0.729s] Level 1:colcon.colcon_core.package_identification:_identify(config/node_modules/node-red-dashboard/dist/fonts) by extensions ['python_setup_py']
[0.729s] Level 1:colcon.colcon_core.package_identification:_identify(config/node_modules/node-red-dashboard/dist/fonts) by extension 'python_setup_py'
[0.729s] Level 1:colcon.colcon_core.package_identification:_identify(config/node_modules/node-red-dashboard/dist/js) by extensions ['ignore', 'ignore_ament_install']
[0.730s] Level 1:colcon.colcon_core.package_identification:_identify(config/node_modules/node-red-dashboard/dist/js) by extension 'ignore'
[0.730s] Level 1:colcon.colcon_core.package_identification:_identify(config/node_modules/node-red-dashboard/dist/js) by extension 'ignore_ament_install'
[0.730s] Level 1:colcon.colcon_core.package_identification:_identify(config/node_modules/node-red-dashboard/dist/js) by extensions ['colcon_pkg']
[0.730s] Level 1:colcon.colcon_core.package_identification:_identify(config/node_modules/node-red-dashboard/dist/js) by extension 'colcon_pkg'
[0.730s] Level 1:colcon.colcon_core.package_identification:_identify(config/node_modules/node-red-dashboard/dist/js) by extensions ['colcon_meta']
[0.730s] Level 1:colcon.colcon_core.package_identification:_identify(config/node_modules/node-red-dashboard/dist/js) by extension 'colcon_meta'
[0.730s] Level 1:colcon.colcon_core.package_identification:_identify(config/node_modules/node-red-dashboard/dist/js) by extensions ['ros']
[0.730s] Level 1:colcon.colcon_core.package_identification:_identify(config/node_modules/node-red-dashboard/dist/js) by extension 'ros'
[0.730s] Level 1:colcon.colcon_core.package_identification:_identify(config/node_modules/node-red-dashboard/dist/js) by extensions ['cmake', 'python']
[0.730s] Level 1:colcon.colcon_core.package_identification:_identify(config/node_modules/node-red-dashboard/dist/js) by extension 'cmake'
[0.730s] Level 1:colcon.colcon_core.package_identification:_identify(config/node_modules/node-red-dashboard/dist/js) by extension 'python'
[0.730s] Level 1:colcon.colcon_core.package_identification:_identify(config/node_modules/node-red-dashboard/dist/js) by extensions ['python_setup_py']
[0.730s] Level 1:colcon.colcon_core.package_identification:_identify(config/node_modules/node-red-dashboard/dist/js) by extension 'python_setup_py'
[0.730s] Level 1:colcon.colcon_core.package_identification:_identify(config/node_modules/node-red-dashboard/nodes) by extensions ['ignore', 'ignore_ament_install']
[0.730s] Level 1:colcon.colcon_core.package_identification:_identify(config/node_modules/node-red-dashboard/nodes) by extension 'ignore'
[0.730s] Level 1:colcon.colcon_core.package_identification:_identify(config/node_modules/node-red-dashboard/nodes) by extension 'ignore_ament_install'
[0.730s] Level 1:colcon.colcon_core.package_identification:_identify(config/node_modules/node-red-dashboard/nodes) by extensions ['colcon_pkg']
[0.731s] Level 1:colcon.colcon_core.package_identification:_identify(config/node_modules/node-red-dashboard/nodes) by extension 'colcon_pkg'
[0.731s] Level 1:colcon.colcon_core.package_identification:_identify(config/node_modules/node-red-dashboard/nodes) by extensions ['colcon_meta']
[0.731s] Level 1:colcon.colcon_core.package_identification:_identify(config/node_modules/node-red-dashboard/nodes) by extension 'colcon_meta'
[0.731s] Level 1:colcon.colcon_core.package_identification:_identify(config/node_modules/node-red-dashboard/nodes) by extensions ['ros']
[0.731s] Level 1:colcon.colcon_core.package_identification:_identify(config/node_modules/node-red-dashboard/nodes) by extension 'ros'
[0.731s] Level 1:colcon.colcon_core.package_identification:_identify(config/node_modules/node-red-dashboard/nodes) by extensions ['cmake', 'python']
[0.731s] Level 1:colcon.colcon_core.package_identification:_identify(config/node_modules/node-red-dashboard/nodes) by extension 'cmake'
[0.731s] Level 1:colcon.colcon_core.package_identification:_identify(config/node_modules/node-red-dashboard/nodes) by extension 'python'
[0.731s] Level 1:colcon.colcon_core.package_identification:_identify(config/node_modules/node-red-dashboard/nodes) by extensions ['python_setup_py']
[0.731s] Level 1:colcon.colcon_core.package_identification:_identify(config/node_modules/node-red-dashboard/nodes) by extension 'python_setup_py'
[0.731s] Level 1:colcon.colcon_core.package_identification:_identify(config/node_modules/node-red-dashboard/nodes/icons) by extensions ['ignore', 'ignore_ament_install']
[0.731s] Level 1:colcon.colcon_core.package_identification:_identify(config/node_modules/node-red-dashboard/nodes/icons) by extension 'ignore'
[0.731s] Level 1:colcon.colcon_core.package_identification:_identify(config/node_modules/node-red-dashboard/nodes/icons) by extension 'ignore_ament_install'
[0.731s] Level 1:colcon.colcon_core.package_identification:_identify(config/node_modules/node-red-dashboard/nodes/icons) by extensions ['colcon_pkg']
[0.731s] Level 1:colcon.colcon_core.package_identification:_identify(config/node_modules/node-red-dashboard/nodes/icons) by extension 'colcon_pkg'
[0.731s] Level 1:colcon.colcon_core.package_identification:_identify(config/node_modules/node-red-dashboard/nodes/icons) by extensions ['colcon_meta']
[0.731s] Level 1:colcon.colcon_core.package_identification:_identify(config/node_modules/node-red-dashboard/nodes/icons) by extension 'colcon_meta'
[0.731s] Level 1:colcon.colcon_core.package_identification:_identify(config/node_modules/node-red-dashboard/nodes/icons) by extensions ['ros']
[0.731s] Level 1:colcon.colcon_core.package_identification:_identify(config/node_modules/node-red-dashboard/nodes/icons) by extension 'ros'
[0.731s] Level 1:colcon.colcon_core.package_identification:_identify(config/node_modules/node-red-dashboard/nodes/icons) by extensions ['cmake', 'python']
[0.731s] Level 1:colcon.colcon_core.package_identification:_identify(config/node_modules/node-red-dashboard/nodes/icons) by extension 'cmake'
[0.731s] Level 1:colcon.colcon_core.package_identification:_identify(config/node_modules/node-red-dashboard/nodes/icons) by extension 'python'
[0.731s] Level 1:colcon.colcon_core.package_identification:_identify(config/node_modules/node-red-dashboard/nodes/icons) by extensions ['python_setup_py']
[0.731s] Level 1:colcon.colcon_core.package_identification:_identify(config/node_modules/node-red-dashboard/nodes/icons) by extension 'python_setup_py'
[0.732s] Level 1:colcon.colcon_core.package_identification:_identify(config/node_modules/node-red-dashboard/nodes/locales) by extensions ['ignore', 'ignore_ament_install']
[0.732s] Level 1:colcon.colcon_core.package_identification:_identify(config/node_modules/node-red-dashboard/nodes/locales) by extension 'ignore'
[0.732s] Level 1:colcon.colcon_core.package_identification:_identify(config/node_modules/node-red-dashboard/nodes/locales) by extension 'ignore_ament_install'
[0.732s] Level 1:colcon.colcon_core.package_identification:_identify(config/node_modules/node-red-dashboard/nodes/locales) by extensions ['colcon_pkg']
[0.732s] Level 1:colcon.colcon_core.package_identification:_identify(config/node_modules/node-red-dashboard/nodes/locales) by extension 'colcon_pkg'
[0.732s] Level 1:colcon.colcon_core.package_identification:_identify(config/node_modules/node-red-dashboard/nodes/locales) by extensions ['colcon_meta']
[0.732s] Level 1:colcon.colcon_core.package_identification:_identify(config/node_modules/node-red-dashboard/nodes/locales) by extension 'colcon_meta'
[0.732s] Level 1:colcon.colcon_core.package_identification:_identify(config/node_modules/node-red-dashboard/nodes/locales) by extensions ['ros']
[0.732s] Level 1:colcon.colcon_core.package_identification:_identify(config/node_modules/node-red-dashboard/nodes/locales) by extension 'ros'
[0.732s] Level 1:colcon.colcon_core.package_identification:_identify(config/node_modules/node-red-dashboard/nodes/locales) by extensions ['cmake', 'python']
[0.732s] Level 1:colcon.colcon_core.package_identification:_identify(config/node_modules/node-red-dashboard/nodes/locales) by extension 'cmake'
[0.732s] Level 1:colcon.colcon_core.package_identification:_identify(config/node_modules/node-red-dashboard/nodes/locales) by extension 'python'
[0.732s] Level 1:colcon.colcon_core.package_identification:_identify(config/node_modules/node-red-dashboard/nodes/locales) by extensions ['python_setup_py']
[0.732s] Level 1:colcon.colcon_core.package_identification:_identify(config/node_modules/node-red-dashboard/nodes/locales) by extension 'python_setup_py'
[0.732s] Level 1:colcon.colcon_core.package_identification:_identify(config/node_modules/node-red-dashboard/nodes/locales/de) by extensions ['ignore', 'ignore_ament_install']
[0.733s] Level 1:colcon.colcon_core.package_identification:_identify(config/node_modules/node-red-dashboard/nodes/locales/de) by extension 'ignore'
[0.733s] Level 1:colcon.colcon_core.package_identification:_identify(config/node_modules/node-red-dashboard/nodes/locales/de) by extension 'ignore_ament_install'
[0.733s] Level 1:colcon.colcon_core.package_identification:_identify(config/node_modules/node-red-dashboard/nodes/locales/de) by extensions ['colcon_pkg']
[0.733s] Level 1:colcon.colcon_core.package_identification:_identify(config/node_modules/node-red-dashboard/nodes/locales/de) by extension 'colcon_pkg'
[0.733s] Level 1:colcon.colcon_core.package_identification:_identify(config/node_modules/node-red-dashboard/nodes/locales/de) by extensions ['colcon_meta']
[0.733s] Level 1:colcon.colcon_core.package_identification:_identify(config/node_modules/node-red-dashboard/nodes/locales/de) by extension 'colcon_meta'
[0.733s] Level 1:colcon.colcon_core.package_identification:_identify(config/node_modules/node-red-dashboard/nodes/locales/de) by extensions ['ros']
[0.733s] Level 1:colcon.colcon_core.package_identification:_identify(config/node_modules/node-red-dashboard/nodes/locales/de) by extension 'ros'
[0.733s] Level 1:colcon.colcon_core.package_identification:_identify(config/node_modules/node-red-dashboard/nodes/locales/de) by extensions ['cmake', 'python']
[0.733s] Level 1:colcon.colcon_core.package_identification:_identify(config/node_modules/node-red-dashboard/nodes/locales/de) by extension 'cmake'
[0.733s] Level 1:colcon.colcon_core.package_identification:_identify(config/node_modules/node-red-dashboard/nodes/locales/de) by extension 'python'
[0.733s] Level 1:colcon.colcon_core.package_identification:_identify(config/node_modules/node-red-dashboard/nodes/locales/de) by extensions ['python_setup_py']
[0.733s] Level 1:colcon.colcon_core.package_identification:_identify(config/node_modules/node-red-dashboard/nodes/locales/de) by extension 'python_setup_py'
[0.733s] Level 1:colcon.colcon_core.package_identification:_identify(config/node_modules/node-red-dashboard/nodes/locales/en-US) by extensions ['ignore', 'ignore_ament_install']
[0.733s] Level 1:colcon.colcon_core.package_identification:_identify(config/node_modules/node-red-dashboard/nodes/locales/en-US) by extension 'ignore'
[0.733s] Level 1:colcon.colcon_core.package_identification:_identify(config/node_modules/node-red-dashboard/nodes/locales/en-US) by extension 'ignore_ament_install'
[0.733s] Level 1:colcon.colcon_core.package_identification:_identify(config/node_modules/node-red-dashboard/nodes/locales/en-US) by extensions ['colcon_pkg']
[0.733s] Level 1:colcon.colcon_core.package_identification:_identify(config/node_modules/node-red-dashboard/nodes/locales/en-US) by extension 'colcon_pkg'
[0.733s] Level 1:colcon.colcon_core.package_identification:_identify(config/node_modules/node-red-dashboard/nodes/locales/en-US) by extensions ['colcon_meta']
[0.733s] Level 1:colcon.colcon_core.package_identification:_identify(config/node_modules/node-red-dashboard/nodes/locales/en-US) by extension 'colcon_meta'
[0.733s] Level 1:colcon.colcon_core.package_identification:_identify(config/node_modules/node-red-dashboard/nodes/locales/en-US) by extensions ['ros']
[0.733s] Level 1:colcon.colcon_core.package_identification:_identify(config/node_modules/node-red-dashboard/nodes/locales/en-US) by extension 'ros'
[0.734s] Level 1:colcon.colcon_core.package_identification:_identify(config/node_modules/node-red-dashboard/nodes/locales/en-US) by extensions ['cmake', 'python']
[0.734s] Level 1:colcon.colcon_core.package_identification:_identify(config/node_modules/node-red-dashboard/nodes/locales/en-US) by extension 'cmake'
[0.734s] Level 1:colcon.colcon_core.package_identification:_identify(config/node_modules/node-red-dashboard/nodes/locales/en-US) by extension 'python'
[0.734s] Level 1:colcon.colcon_core.package_identification:_identify(config/node_modules/node-red-dashboard/nodes/locales/en-US) by extensions ['python_setup_py']
[0.734s] Level 1:colcon.colcon_core.package_identification:_identify(config/node_modules/node-red-dashboard/nodes/locales/en-US) by extension 'python_setup_py'
[0.734s] Level 1:colcon.colcon_core.package_identification:_identify(config/node_modules/node-red-dashboard/nodes/locales/ja) by extensions ['ignore', 'ignore_ament_install']
[0.734s] Level 1:colcon.colcon_core.package_identification:_identify(config/node_modules/node-red-dashboard/nodes/locales/ja) by extension 'ignore'
[0.734s] Level 1:colcon.colcon_core.package_identification:_identify(config/node_modules/node-red-dashboard/nodes/locales/ja) by extension 'ignore_ament_install'
[0.734s] Level 1:colcon.colcon_core.package_identification:_identify(config/node_modules/node-red-dashboard/nodes/locales/ja) by extensions ['colcon_pkg']
[0.734s] Level 1:colcon.colcon_core.package_identification:_identify(config/node_modules/node-red-dashboard/nodes/locales/ja) by extension 'colcon_pkg'
[0.734s] Level 1:colcon.colcon_core.package_identification:_identify(config/node_modules/node-red-dashboard/nodes/locales/ja) by extensions ['colcon_meta']
[0.734s] Level 1:colcon.colcon_core.package_identification:_identify(config/node_modules/node-red-dashboard/nodes/locales/ja) by extension 'colcon_meta'
[0.734s] Level 1:colcon.colcon_core.package_identification:_identify(config/node_modules/node-red-dashboard/nodes/locales/ja) by extensions ['ros']
[0.734s] Level 1:colcon.colcon_core.package_identification:_identify(config/node_modules/node-red-dashboard/nodes/locales/ja) by extension 'ros'
[0.734s] Level 1:colcon.colcon_core.package_identification:_identify(config/node_modules/node-red-dashboard/nodes/locales/ja) by extensions ['cmake', 'python']
[0.734s] Level 1:colcon.colcon_core.package_identification:_identify(config/node_modules/node-red-dashboard/nodes/locales/ja) by extension 'cmake'
[0.734s] Level 1:colcon.colcon_core.package_identification:_identify(config/node_modules/node-red-dashboard/nodes/locales/ja) by extension 'python'
[0.734s] Level 1:colcon.colcon_core.package_identification:_identify(config/node_modules/node-red-dashboard/nodes/locales/ja) by extensions ['python_setup_py']
[0.734s] Level 1:colcon.colcon_core.package_identification:_identify(config/node_modules/node-red-dashboard/nodes/locales/ja) by extension 'python_setup_py'
[0.734s] Level 1:colcon.colcon_core.package_identification:_identify(config/node_modules/object-assign) by extensions ['ignore', 'ignore_ament_install']
[0.734s] Level 1:colcon.colcon_core.package_identification:_identify(config/node_modules/object-assign) by extension 'ignore'
[0.734s] Level 1:colcon.colcon_core.package_identification:_identify(config/node_modules/object-assign) by extension 'ignore_ament_install'
[0.735s] Level 1:colcon.colcon_core.package_identification:_identify(config/node_modules/object-assign) by extensions ['colcon_pkg']
[0.735s] Level 1:colcon.colcon_core.package_identification:_identify(config/node_modules/object-assign) by extension 'colcon_pkg'
[0.735s] Level 1:colcon.colcon_core.package_identification:_identify(config/node_modules/object-assign) by extensions ['colcon_meta']
[0.735s] Level 1:colcon.colcon_core.package_identification:_identify(config/node_modules/object-assign) by extension 'colcon_meta'
[0.735s] Level 1:colcon.colcon_core.package_identification:_identify(config/node_modules/object-assign) by extensions ['ros']
[0.735s] Level 1:colcon.colcon_core.package_identification:_identify(config/node_modules/object-assign) by extension 'ros'
[0.735s] Level 1:colcon.colcon_core.package_identification:_identify(config/node_modules/object-assign) by extensions ['cmake', 'python']
[0.735s] Level 1:colcon.colcon_core.package_identification:_identify(config/node_modules/object-assign) by extension 'cmake'
[0.735s] Level 1:colcon.colcon_core.package_identification:_identify(config/node_modules/object-assign) by extension 'python'
[0.735s] Level 1:colcon.colcon_core.package_identification:_identify(config/node_modules/object-assign) by extensions ['python_setup_py']
[0.735s] Level 1:colcon.colcon_core.package_identification:_identify(config/node_modules/object-assign) by extension 'python_setup_py'
[0.735s] Level 1:colcon.colcon_core.package_identification:_identify(config/node_modules/on-finished) by extensions ['ignore', 'ignore_ament_install']
[0.735s] Level 1:colcon.colcon_core.package_identification:_identify(config/node_modules/on-finished) by extension 'ignore'
[0.735s] Level 1:colcon.colcon_core.package_identification:_identify(config/node_modules/on-finished) by extension 'ignore_ament_install'
[0.735s] Level 1:colcon.colcon_core.package_identification:_identify(config/node_modules/on-finished) by extensions ['colcon_pkg']
[0.735s] Level 1:colcon.colcon_core.package_identification:_identify(config/node_modules/on-finished) by extension 'colcon_pkg'
[0.735s] Level 1:colcon.colcon_core.package_identification:_identify(config/node_modules/on-finished) by extensions ['colcon_meta']
[0.735s] Level 1:colcon.colcon_core.package_identification:_identify(config/node_modules/on-finished) by extension 'colcon_meta'
[0.735s] Level 1:colcon.colcon_core.package_identification:_identify(config/node_modules/on-finished) by extensions ['ros']
[0.735s] Level 1:colcon.colcon_core.package_identification:_identify(config/node_modules/on-finished) by extension 'ros'
[0.735s] Level 1:colcon.colcon_core.package_identification:_identify(config/node_modules/on-finished) by extensions ['cmake', 'python']
[0.736s] Level 1:colcon.colcon_core.package_identification:_identify(config/node_modules/on-finished) by extension 'cmake'
[0.736s] Level 1:colcon.colcon_core.package_identification:_identify(config/node_modules/on-finished) by extension 'python'
[0.736s] Level 1:colcon.colcon_core.package_identification:_identify(config/node_modules/on-finished) by extensions ['python_setup_py']
[0.736s] Level 1:colcon.colcon_core.package_identification:_identify(config/node_modules/on-finished) by extension 'python_setup_py'
[0.736s] Level 1:colcon.colcon_core.package_identification:_identify(config/node_modules/on-headers) by extensions ['ignore', 'ignore_ament_install']
[0.736s] Level 1:colcon.colcon_core.package_identification:_identify(config/node_modules/on-headers) by extension 'ignore'
[0.736s] Level 1:colcon.colcon_core.package_identification:_identify(config/node_modules/on-headers) by extension 'ignore_ament_install'
[0.736s] Level 1:colcon.colcon_core.package_identification:_identify(config/node_modules/on-headers) by extensions ['colcon_pkg']
[0.736s] Level 1:colcon.colcon_core.package_identification:_identify(config/node_modules/on-headers) by extension 'colcon_pkg'
[0.736s] Level 1:colcon.colcon_core.package_identification:_identify(config/node_modules/on-headers) by extensions ['colcon_meta']
[0.736s] Level 1:colcon.colcon_core.package_identification:_identify(config/node_modules/on-headers) by extension 'colcon_meta'
[0.736s] Level 1:colcon.colcon_core.package_identification:_identify(config/node_modules/on-headers) by extensions ['ros']
[0.736s] Level 1:colcon.colcon_core.package_identification:_identify(config/node_modules/on-headers) by extension 'ros'
[0.736s] Level 1:colcon.colcon_core.package_identification:_identify(config/node_modules/on-headers) by extensions ['cmake', 'python']
[0.736s] Level 1:colcon.colcon_core.package_identification:_identify(config/node_modules/on-headers) by extension 'cmake'
[0.736s] Level 1:colcon.colcon_core.package_identification:_identify(config/node_modules/on-headers) by extension 'python'
[0.736s] Level 1:colcon.colcon_core.package_identification:_identify(config/node_modules/on-headers) by extensions ['python_setup_py']
[0.736s] Level 1:colcon.colcon_core.package_identification:_identify(config/node_modules/on-headers) by extension 'python_setup_py'
[0.736s] Level 1:colcon.colcon_core.package_identification:_identify(config/node_modules/parseurl) by extensions ['ignore', 'ignore_ament_install']
[0.736s] Level 1:colcon.colcon_core.package_identification:_identify(config/node_modules/parseurl) by extension 'ignore'
[0.736s] Level 1:colcon.colcon_core.package_identification:_identify(config/node_modules/parseurl) by extension 'ignore_ament_install'
[0.737s] Level 1:colcon.colcon_core.package_identification:_identify(config/node_modules/parseurl) by extensions ['colcon_pkg']
[0.737s] Level 1:colcon.colcon_core.package_identification:_identify(config/node_modules/parseurl) by extension 'colcon_pkg'
[0.737s] Level 1:colcon.colcon_core.package_identification:_identify(config/node_modules/parseurl) by extensions ['colcon_meta']
[0.737s] Level 1:colcon.colcon_core.package_identification:_identify(config/node_modules/parseurl) by extension 'colcon_meta'
[0.737s] Level 1:colcon.colcon_core.package_identification:_identify(config/node_modules/parseurl) by extensions ['ros']
[0.737s] Level 1:colcon.colcon_core.package_identification:_identify(config/node_modules/parseurl) by extension 'ros'
[0.737s] Level 1:colcon.colcon_core.package_identification:_identify(config/node_modules/parseurl) by extensions ['cmake', 'python']
[0.737s] Level 1:colcon.colcon_core.package_identification:_identify(config/node_modules/parseurl) by extension 'cmake'
[0.737s] Level 1:colcon.colcon_core.package_identification:_identify(config/node_modules/parseurl) by extension 'python'
[0.737s] Level 1:colcon.colcon_core.package_identification:_identify(config/node_modules/parseurl) by extensions ['python_setup_py']
[0.737s] Level 1:colcon.colcon_core.package_identification:_identify(config/node_modules/parseurl) by extension 'python_setup_py'
[0.737s] Level 1:colcon.colcon_core.package_identification:_identify(config/node_modules/range-parser) by extensions ['ignore', 'ignore_ament_install']
[0.737s] Level 1:colcon.colcon_core.package_identification:_identify(config/node_modules/range-parser) by extension 'ignore'
[0.737s] Level 1:colcon.colcon_core.package_identification:_identify(config/node_modules/range-parser) by extension 'ignore_ament_install'
[0.737s] Level 1:colcon.colcon_core.package_identification:_identify(config/node_modules/range-parser) by extensions ['colcon_pkg']
[0.738s] Level 1:colcon.colcon_core.package_identification:_identify(config/node_modules/range-parser) by extension 'colcon_pkg'
[0.738s] Level 1:colcon.colcon_core.package_identification:_identify(config/node_modules/range-parser) by extensions ['colcon_meta']
[0.738s] Level 1:colcon.colcon_core.package_identification:_identify(config/node_modules/range-parser) by extension 'colcon_meta'
[0.738s] Level 1:colcon.colcon_core.package_identification:_identify(config/node_modules/range-parser) by extensions ['ros']
[0.738s] Level 1:colcon.colcon_core.package_identification:_identify(config/node_modules/range-parser) by extension 'ros'
[0.738s] Level 1:colcon.colcon_core.package_identification:_identify(config/node_modules/range-parser) by extensions ['cmake', 'python']
[0.738s] Level 1:colcon.colcon_core.package_identification:_identify(config/node_modules/range-parser) by extension 'cmake'
[0.738s] Level 1:colcon.colcon_core.package_identification:_identify(config/node_modules/range-parser) by extension 'python'
[0.738s] Level 1:colcon.colcon_core.package_identification:_identify(config/node_modules/range-parser) by extensions ['python_setup_py']
[0.738s] Level 1:colcon.colcon_core.package_identification:_identify(config/node_modules/range-parser) by extension 'python_setup_py'
[0.738s] Level 1:colcon.colcon_core.package_identification:_identify(config/node_modules/safe-buffer) by extensions ['ignore', 'ignore_ament_install']
[0.738s] Level 1:colcon.colcon_core.package_identification:_identify(config/node_modules/safe-buffer) by extension 'ignore'
[0.738s] Level 1:colcon.colcon_core.package_identification:_identify(config/node_modules/safe-buffer) by extension 'ignore_ament_install'
[0.738s] Level 1:colcon.colcon_core.package_identification:_identify(config/node_modules/safe-buffer) by extensions ['colcon_pkg']
[0.738s] Level 1:colcon.colcon_core.package_identification:_identify(config/node_modules/safe-buffer) by extension 'colcon_pkg'
[0.738s] Level 1:colcon.colcon_core.package_identification:_identify(config/node_modules/safe-buffer) by extensions ['colcon_meta']
[0.738s] Level 1:colcon.colcon_core.package_identification:_identify(config/node_modules/safe-buffer) by extension 'colcon_meta'
[0.738s] Level 1:colcon.colcon_core.package_identification:_identify(config/node_modules/safe-buffer) by extensions ['ros']
[0.738s] Level 1:colcon.colcon_core.package_identification:_identify(config/node_modules/safe-buffer) by extension 'ros'
[0.738s] Level 1:colcon.colcon_core.package_identification:_identify(config/node_modules/safe-buffer) by extensions ['cmake', 'python']
[0.738s] Level 1:colcon.colcon_core.package_identification:_identify(config/node_modules/safe-buffer) by extension 'cmake'
[0.738s] Level 1:colcon.colcon_core.package_identification:_identify(config/node_modules/safe-buffer) by extension 'python'
[0.738s] Level 1:colcon.colcon_core.package_identification:_identify(config/node_modules/safe-buffer) by extensions ['python_setup_py']
[0.738s] Level 1:colcon.colcon_core.package_identification:_identify(config/node_modules/safe-buffer) by extension 'python_setup_py'
[0.739s] Level 1:colcon.colcon_core.package_identification:_identify(config/node_modules/send) by extensions ['ignore', 'ignore_ament_install']
[0.739s] Level 1:colcon.colcon_core.package_identification:_identify(config/node_modules/send) by extension 'ignore'
[0.739s] Level 1:colcon.colcon_core.package_identification:_identify(config/node_modules/send) by extension 'ignore_ament_install'
[0.739s] Level 1:colcon.colcon_core.package_identification:_identify(config/node_modules/send) by extensions ['colcon_pkg']
[0.739s] Level 1:colcon.colcon_core.package_identification:_identify(config/node_modules/send) by extension 'colcon_pkg'
[0.739s] Level 1:colcon.colcon_core.package_identification:_identify(config/node_modules/send) by extensions ['colcon_meta']
[0.739s] Level 1:colcon.colcon_core.package_identification:_identify(config/node_modules/send) by extension 'colcon_meta'
[0.739s] Level 1:colcon.colcon_core.package_identification:_identify(config/node_modules/send) by extensions ['ros']
[0.739s] Level 1:colcon.colcon_core.package_identification:_identify(config/node_modules/send) by extension 'ros'
[0.739s] Level 1:colcon.colcon_core.package_identification:_identify(config/node_modules/send) by extensions ['cmake', 'python']
[0.739s] Level 1:colcon.colcon_core.package_identification:_identify(config/node_modules/send) by extension 'cmake'
[0.739s] Level 1:colcon.colcon_core.package_identification:_identify(config/node_modules/send) by extension 'python'
[0.739s] Level 1:colcon.colcon_core.package_identification:_identify(config/node_modules/send) by extensions ['python_setup_py']
[0.739s] Level 1:colcon.colcon_core.package_identification:_identify(config/node_modules/send) by extension 'python_setup_py'
[0.739s] Level 1:colcon.colcon_core.package_identification:_identify(config/node_modules/send/node_modules) by extensions ['ignore', 'ignore_ament_install']
[0.739s] Level 1:colcon.colcon_core.package_identification:_identify(config/node_modules/send/node_modules) by extension 'ignore'
[0.739s] Level 1:colcon.colcon_core.package_identification:_identify(config/node_modules/send/node_modules) by extension 'ignore_ament_install'
[0.739s] Level 1:colcon.colcon_core.package_identification:_identify(config/node_modules/send/node_modules) by extensions ['colcon_pkg']
[0.739s] Level 1:colcon.colcon_core.package_identification:_identify(config/node_modules/send/node_modules) by extension 'colcon_pkg'
[0.739s] Level 1:colcon.colcon_core.package_identification:_identify(config/node_modules/send/node_modules) by extensions ['colcon_meta']
[0.739s] Level 1:colcon.colcon_core.package_identification:_identify(config/node_modules/send/node_modules) by extension 'colcon_meta'
[0.740s] Level 1:colcon.colcon_core.package_identification:_identify(config/node_modules/send/node_modules) by extensions ['ros']
[0.740s] Level 1:colcon.colcon_core.package_identification:_identify(config/node_modules/send/node_modules) by extension 'ros'
[0.740s] Level 1:colcon.colcon_core.package_identification:_identify(config/node_modules/send/node_modules) by extensions ['cmake', 'python']
[0.740s] Level 1:colcon.colcon_core.package_identification:_identify(config/node_modules/send/node_modules) by extension 'cmake'
[0.740s] Level 1:colcon.colcon_core.package_identification:_identify(config/node_modules/send/node_modules) by extension 'python'
[0.740s] Level 1:colcon.colcon_core.package_identification:_identify(config/node_modules/send/node_modules) by extensions ['python_setup_py']
[0.740s] Level 1:colcon.colcon_core.package_identification:_identify(config/node_modules/send/node_modules) by extension 'python_setup_py'
[0.740s] Level 1:colcon.colcon_core.package_identification:_identify(config/node_modules/send/node_modules/ms) by extensions ['ignore', 'ignore_ament_install']
[0.740s] Level 1:colcon.colcon_core.package_identification:_identify(config/node_modules/send/node_modules/ms) by extension 'ignore'
[0.740s] Level 1:colcon.colcon_core.package_identification:_identify(config/node_modules/send/node_modules/ms) by extension 'ignore_ament_install'
[0.740s] Level 1:colcon.colcon_core.package_identification:_identify(config/node_modules/send/node_modules/ms) by extensions ['colcon_pkg']
[0.740s] Level 1:colcon.colcon_core.package_identification:_identify(config/node_modules/send/node_modules/ms) by extension 'colcon_pkg'
[0.740s] Level 1:colcon.colcon_core.package_identification:_identify(config/node_modules/send/node_modules/ms) by extensions ['colcon_meta']
[0.740s] Level 1:colcon.colcon_core.package_identification:_identify(config/node_modules/send/node_modules/ms) by extension 'colcon_meta'
[0.740s] Level 1:colcon.colcon_core.package_identification:_identify(config/node_modules/send/node_modules/ms) by extensions ['ros']
[0.740s] Level 1:colcon.colcon_core.package_identification:_identify(config/node_modules/send/node_modules/ms) by extension 'ros'
[0.740s] Level 1:colcon.colcon_core.package_identification:_identify(config/node_modules/send/node_modules/ms) by extensions ['cmake', 'python']
[0.740s] Level 1:colcon.colcon_core.package_identification:_identify(config/node_modules/send/node_modules/ms) by extension 'cmake'
[0.740s] Level 1:colcon.colcon_core.package_identification:_identify(config/node_modules/send/node_modules/ms) by extension 'python'
[0.740s] Level 1:colcon.colcon_core.package_identification:_identify(config/node_modules/send/node_modules/ms) by extensions ['python_setup_py']
[0.740s] Level 1:colcon.colcon_core.package_identification:_identify(config/node_modules/send/node_modules/ms) by extension 'python_setup_py'
[0.740s] Level 1:colcon.colcon_core.package_identification:_identify(config/node_modules/serve-static) by extensions ['ignore', 'ignore_ament_install']
[0.741s] Level 1:colcon.colcon_core.package_identification:_identify(config/node_modules/serve-static) by extension 'ignore'
[0.741s] Level 1:colcon.colcon_core.package_identification:_identify(config/node_modules/serve-static) by extension 'ignore_ament_install'
[0.741s] Level 1:colcon.colcon_core.package_identification:_identify(config/node_modules/serve-static) by extensions ['colcon_pkg']
[0.741s] Level 1:colcon.colcon_core.package_identification:_identify(config/node_modules/serve-static) by extension 'colcon_pkg'
[0.741s] Level 1:colcon.colcon_core.package_identification:_identify(config/node_modules/serve-static) by extensions ['colcon_meta']
[0.741s] Level 1:colcon.colcon_core.package_identification:_identify(config/node_modules/serve-static) by extension 'colcon_meta'
[0.741s] Level 1:colcon.colcon_core.package_identification:_identify(config/node_modules/serve-static) by extensions ['ros']
[0.741s] Level 1:colcon.colcon_core.package_identification:_identify(config/node_modules/serve-static) by extension 'ros'
[0.741s] Level 1:colcon.colcon_core.package_identification:_identify(config/node_modules/serve-static) by extensions ['cmake', 'python']
[0.741s] Level 1:colcon.colcon_core.package_identification:_identify(config/node_modules/serve-static) by extension 'cmake'
[0.741s] Level 1:colcon.colcon_core.package_identification:_identify(config/node_modules/serve-static) by extension 'python'
[0.741s] Level 1:colcon.colcon_core.package_identification:_identify(config/node_modules/serve-static) by extensions ['python_setup_py']
[0.741s] Level 1:colcon.colcon_core.package_identification:_identify(config/node_modules/serve-static) by extension 'python_setup_py'
[0.741s] Level 1:colcon.colcon_core.package_identification:_identify(config/node_modules/setprototypeof) by extensions ['ignore', 'ignore_ament_install']
[0.741s] Level 1:colcon.colcon_core.package_identification:_identify(config/node_modules/setprototypeof) by extension 'ignore'
[0.741s] Level 1:colcon.colcon_core.package_identification:_identify(config/node_modules/setprototypeof) by extension 'ignore_ament_install'
[0.741s] Level 1:colcon.colcon_core.package_identification:_identify(config/node_modules/setprototypeof) by extensions ['colcon_pkg']
[0.741s] Level 1:colcon.colcon_core.package_identification:_identify(config/node_modules/setprototypeof) by extension 'colcon_pkg'
[0.741s] Level 1:colcon.colcon_core.package_identification:_identify(config/node_modules/setprototypeof) by extensions ['colcon_meta']
[0.741s] Level 1:colcon.colcon_core.package_identification:_identify(config/node_modules/setprototypeof) by extension 'colcon_meta'
[0.741s] Level 1:colcon.colcon_core.package_identification:_identify(config/node_modules/setprototypeof) by extensions ['ros']
[0.741s] Level 1:colcon.colcon_core.package_identification:_identify(config/node_modules/setprototypeof) by extension 'ros'
[0.741s] Level 1:colcon.colcon_core.package_identification:_identify(config/node_modules/setprototypeof) by extensions ['cmake', 'python']
[0.741s] Level 1:colcon.colcon_core.package_identification:_identify(config/node_modules/setprototypeof) by extension 'cmake'
[0.742s] Level 1:colcon.colcon_core.package_identification:_identify(config/node_modules/setprototypeof) by extension 'python'
[0.742s] Level 1:colcon.colcon_core.package_identification:_identify(config/node_modules/setprototypeof) by extensions ['python_setup_py']
[0.742s] Level 1:colcon.colcon_core.package_identification:_identify(config/node_modules/setprototypeof) by extension 'python_setup_py'
[0.742s] Level 1:colcon.colcon_core.package_identification:_identify(config/node_modules/setprototypeof/test) by extensions ['ignore', 'ignore_ament_install']
[0.742s] Level 1:colcon.colcon_core.package_identification:_identify(config/node_modules/setprototypeof/test) by extension 'ignore'
[0.742s] Level 1:colcon.colcon_core.package_identification:_identify(config/node_modules/setprototypeof/test) by extension 'ignore_ament_install'
[0.742s] Level 1:colcon.colcon_core.package_identification:_identify(config/node_modules/setprototypeof/test) by extensions ['colcon_pkg']
[0.742s] Level 1:colcon.colcon_core.package_identification:_identify(config/node_modules/setprototypeof/test) by extension 'colcon_pkg'
[0.742s] Level 1:colcon.colcon_core.package_identification:_identify(config/node_modules/setprototypeof/test) by extensions ['colcon_meta']
[0.742s] Level 1:colcon.colcon_core.package_identification:_identify(config/node_modules/setprototypeof/test) by extension 'colcon_meta'
[0.742s] Level 1:colcon.colcon_core.package_identification:_identify(config/node_modules/setprototypeof/test) by extensions ['ros']
[0.742s] Level 1:colcon.colcon_core.package_identification:_identify(config/node_modules/setprototypeof/test) by extension 'ros'
[0.742s] Level 1:colcon.colcon_core.package_identification:_identify(config/node_modules/setprototypeof/test) by extensions ['cmake', 'python']
[0.742s] Level 1:colcon.colcon_core.package_identification:_identify(config/node_modules/setprototypeof/test) by extension 'cmake'
[0.742s] Level 1:colcon.colcon_core.package_identification:_identify(config/node_modules/setprototypeof/test) by extension 'python'
[0.742s] Level 1:colcon.colcon_core.package_identification:_identify(config/node_modules/setprototypeof/test) by extensions ['python_setup_py']
[0.742s] Level 1:colcon.colcon_core.package_identification:_identify(config/node_modules/setprototypeof/test) by extension 'python_setup_py'
[0.742s] Level 1:colcon.colcon_core.package_identification:_identify(config/node_modules/socket.io) by extensions ['ignore', 'ignore_ament_install']
[0.743s] Level 1:colcon.colcon_core.package_identification:_identify(config/node_modules/socket.io) by extension 'ignore'
[0.743s] Level 1:colcon.colcon_core.package_identification:_identify(config/node_modules/socket.io) by extension 'ignore_ament_install'
[0.743s] Level 1:colcon.colcon_core.package_identification:_identify(config/node_modules/socket.io) by extensions ['colcon_pkg']
[0.743s] Level 1:colcon.colcon_core.package_identification:_identify(config/node_modules/socket.io) by extension 'colcon_pkg'
[0.743s] Level 1:colcon.colcon_core.package_identification:_identify(config/node_modules/socket.io) by extensions ['colcon_meta']
[0.743s] Level 1:colcon.colcon_core.package_identification:_identify(config/node_modules/socket.io) by extension 'colcon_meta'
[0.743s] Level 1:colcon.colcon_core.package_identification:_identify(config/node_modules/socket.io) by extensions ['ros']
[0.743s] Level 1:colcon.colcon_core.package_identification:_identify(config/node_modules/socket.io) by extension 'ros'
[0.743s] Level 1:colcon.colcon_core.package_identification:_identify(config/node_modules/socket.io) by extensions ['cmake', 'python']
[0.743s] Level 1:colcon.colcon_core.package_identification:_identify(config/node_modules/socket.io) by extension 'cmake'
[0.743s] Level 1:colcon.colcon_core.package_identification:_identify(config/node_modules/socket.io) by extension 'python'
[0.743s] Level 1:colcon.colcon_core.package_identification:_identify(config/node_modules/socket.io) by extensions ['python_setup_py']
[0.743s] Level 1:colcon.colcon_core.package_identification:_identify(config/node_modules/socket.io) by extension 'python_setup_py'
[0.743s] Level 1:colcon.colcon_core.package_identification:_identify(config/node_modules/socket.io/client-dist) by extensions ['ignore', 'ignore_ament_install']
[0.743s] Level 1:colcon.colcon_core.package_identification:_identify(config/node_modules/socket.io/client-dist) by extension 'ignore'
[0.743s] Level 1:colcon.colcon_core.package_identification:_identify(config/node_modules/socket.io/client-dist) by extension 'ignore_ament_install'
[0.743s] Level 1:colcon.colcon_core.package_identification:_identify(config/node_modules/socket.io/client-dist) by extensions ['colcon_pkg']
[0.743s] Level 1:colcon.colcon_core.package_identification:_identify(config/node_modules/socket.io/client-dist) by extension 'colcon_pkg'
[0.743s] Level 1:colcon.colcon_core.package_identification:_identify(config/node_modules/socket.io/client-dist) by extensions ['colcon_meta']
[0.743s] Level 1:colcon.colcon_core.package_identification:_identify(config/node_modules/socket.io/client-dist) by extension 'colcon_meta'
[0.744s] Level 1:colcon.colcon_core.package_identification:_identify(config/node_modules/socket.io/client-dist) by extensions ['ros']
[0.744s] Level 1:colcon.colcon_core.package_identification:_identify(config/node_modules/socket.io/client-dist) by extension 'ros'
[0.744s] Level 1:colcon.colcon_core.package_identification:_identify(config/node_modules/socket.io/client-dist) by extensions ['cmake', 'python']
[0.744s] Level 1:colcon.colcon_core.package_identification:_identify(config/node_modules/socket.io/client-dist) by extension 'cmake'
[0.744s] Level 1:colcon.colcon_core.package_identification:_identify(config/node_modules/socket.io/client-dist) by extension 'python'
[0.744s] Level 1:colcon.colcon_core.package_identification:_identify(config/node_modules/socket.io/client-dist) by extensions ['python_setup_py']
[0.744s] Level 1:colcon.colcon_core.package_identification:_identify(config/node_modules/socket.io/client-dist) by extension 'python_setup_py'
[0.744s] Level 1:colcon.colcon_core.package_identification:_identify(config/node_modules/socket.io/dist) by extensions ['ignore', 'ignore_ament_install']
[0.744s] Level 1:colcon.colcon_core.package_identification:_identify(config/node_modules/socket.io/dist) by extension 'ignore'
[0.744s] Level 1:colcon.colcon_core.package_identification:_identify(config/node_modules/socket.io/dist) by extension 'ignore_ament_install'
[0.744s] Level 1:colcon.colcon_core.package_identification:_identify(config/node_modules/socket.io/dist) by extensions ['colcon_pkg']
[0.744s] Level 1:colcon.colcon_core.package_identification:_identify(config/node_modules/socket.io/dist) by extension 'colcon_pkg'
[0.744s] Level 1:colcon.colcon_core.package_identification:_identify(config/node_modules/socket.io/dist) by extensions ['colcon_meta']
[0.744s] Level 1:colcon.colcon_core.package_identification:_identify(config/node_modules/socket.io/dist) by extension 'colcon_meta'
[0.744s] Level 1:colcon.colcon_core.package_identification:_identify(config/node_modules/socket.io/dist) by extensions ['ros']
[0.744s] Level 1:colcon.colcon_core.package_identification:_identify(config/node_modules/socket.io/dist) by extension 'ros'
[0.744s] Level 1:colcon.colcon_core.package_identification:_identify(config/node_modules/socket.io/dist) by extensions ['cmake', 'python']
[0.744s] Level 1:colcon.colcon_core.package_identification:_identify(config/node_modules/socket.io/dist) by extension 'cmake'
[0.744s] Level 1:colcon.colcon_core.package_identification:_identify(config/node_modules/socket.io/dist) by extension 'python'
[0.744s] Level 1:colcon.colcon_core.package_identification:_identify(config/node_modules/socket.io/dist) by extensions ['python_setup_py']
[0.744s] Level 1:colcon.colcon_core.package_identification:_identify(config/node_modules/socket.io/dist) by extension 'python_setup_py'
[0.745s] Level 1:colcon.colcon_core.package_identification:_identify(config/node_modules/socket.io/node_modules) by extensions ['ignore', 'ignore_ament_install']
[0.745s] Level 1:colcon.colcon_core.package_identification:_identify(config/node_modules/socket.io/node_modules) by extension 'ignore'
[0.745s] Level 1:colcon.colcon_core.package_identification:_identify(config/node_modules/socket.io/node_modules) by extension 'ignore_ament_install'
[0.745s] Level 1:colcon.colcon_core.package_identification:_identify(config/node_modules/socket.io/node_modules) by extensions ['colcon_pkg']
[0.745s] Level 1:colcon.colcon_core.package_identification:_identify(config/node_modules/socket.io/node_modules) by extension 'colcon_pkg'
[0.745s] Level 1:colcon.colcon_core.package_identification:_identify(config/node_modules/socket.io/node_modules) by extensions ['colcon_meta']
[0.745s] Level 1:colcon.colcon_core.package_identification:_identify(config/node_modules/socket.io/node_modules) by extension 'colcon_meta'
[0.745s] Level 1:colcon.colcon_core.package_identification:_identify(config/node_modules/socket.io/node_modules) by extensions ['ros']
[0.745s] Level 1:colcon.colcon_core.package_identification:_identify(config/node_modules/socket.io/node_modules) by extension 'ros'
[0.745s] Level 1:colcon.colcon_core.package_identification:_identify(config/node_modules/socket.io/node_modules) by extensions ['cmake', 'python']
[0.745s] Level 1:colcon.colcon_core.package_identification:_identify(config/node_modules/socket.io/node_modules) by extension 'cmake'
[0.745s] Level 1:colcon.colcon_core.package_identification:_identify(config/node_modules/socket.io/node_modules) by extension 'python'
[0.745s] Level 1:colcon.colcon_core.package_identification:_identify(config/node_modules/socket.io/node_modules) by extensions ['python_setup_py']
[0.745s] Level 1:colcon.colcon_core.package_identification:_identify(config/node_modules/socket.io/node_modules) by extension 'python_setup_py'
[0.745s] Level 1:colcon.colcon_core.package_identification:_identify(config/node_modules/socket.io/node_modules/debug) by extensions ['ignore', 'ignore_ament_install']
[0.745s] Level 1:colcon.colcon_core.package_identification:_identify(config/node_modules/socket.io/node_modules/debug) by extension 'ignore'
[0.745s] Level 1:colcon.colcon_core.package_identification:_identify(config/node_modules/socket.io/node_modules/debug) by extension 'ignore_ament_install'
[0.745s] Level 1:colcon.colcon_core.package_identification:_identify(config/node_modules/socket.io/node_modules/debug) by extensions ['colcon_pkg']
[0.745s] Level 1:colcon.colcon_core.package_identification:_identify(config/node_modules/socket.io/node_modules/debug) by extension 'colcon_pkg'
[0.745s] Level 1:colcon.colcon_core.package_identification:_identify(config/node_modules/socket.io/node_modules/debug) by extensions ['colcon_meta']
[0.745s] Level 1:colcon.colcon_core.package_identification:_identify(config/node_modules/socket.io/node_modules/debug) by extension 'colcon_meta'
[0.745s] Level 1:colcon.colcon_core.package_identification:_identify(config/node_modules/socket.io/node_modules/debug) by extensions ['ros']
[0.745s] Level 1:colcon.colcon_core.package_identification:_identify(config/node_modules/socket.io/node_modules/debug) by extension 'ros'
[0.746s] Level 1:colcon.colcon_core.package_identification:_identify(config/node_modules/socket.io/node_modules/debug) by extensions ['cmake', 'python']
[0.746s] Level 1:colcon.colcon_core.package_identification:_identify(config/node_modules/socket.io/node_modules/debug) by extension 'cmake'
[0.746s] Level 1:colcon.colcon_core.package_identification:_identify(config/node_modules/socket.io/node_modules/debug) by extension 'python'
[0.746s] Level 1:colcon.colcon_core.package_identification:_identify(config/node_modules/socket.io/node_modules/debug) by extensions ['python_setup_py']
[0.746s] Level 1:colcon.colcon_core.package_identification:_identify(config/node_modules/socket.io/node_modules/debug) by extension 'python_setup_py'
[0.746s] Level 1:colcon.colcon_core.package_identification:_identify(config/node_modules/socket.io/node_modules/debug/src) by extensions ['ignore', 'ignore_ament_install']
[0.746s] Level 1:colcon.colcon_core.package_identification:_identify(config/node_modules/socket.io/node_modules/debug/src) by extension 'ignore'
[0.746s] Level 1:colcon.colcon_core.package_identification:_identify(config/node_modules/socket.io/node_modules/debug/src) by extension 'ignore_ament_install'
[0.746s] Level 1:colcon.colcon_core.package_identification:_identify(config/node_modules/socket.io/node_modules/debug/src) by extensions ['colcon_pkg']
[0.746s] Level 1:colcon.colcon_core.package_identification:_identify(config/node_modules/socket.io/node_modules/debug/src) by extension 'colcon_pkg'
[0.746s] Level 1:colcon.colcon_core.package_identification:_identify(config/node_modules/socket.io/node_modules/debug/src) by extensions ['colcon_meta']
[0.746s] Level 1:colcon.colcon_core.package_identification:_identify(config/node_modules/socket.io/node_modules/debug/src) by extension 'colcon_meta'
[0.746s] Level 1:colcon.colcon_core.package_identification:_identify(config/node_modules/socket.io/node_modules/debug/src) by extensions ['ros']
[0.746s] Level 1:colcon.colcon_core.package_identification:_identify(config/node_modules/socket.io/node_modules/debug/src) by extension 'ros'
[0.746s] Level 1:colcon.colcon_core.package_identification:_identify(config/node_modules/socket.io/node_modules/debug/src) by extensions ['cmake', 'python']
[0.746s] Level 1:colcon.colcon_core.package_identification:_identify(config/node_modules/socket.io/node_modules/debug/src) by extension 'cmake'
[0.746s] Level 1:colcon.colcon_core.package_identification:_identify(config/node_modules/socket.io/node_modules/debug/src) by extension 'python'
[0.746s] Level 1:colcon.colcon_core.package_identification:_identify(config/node_modules/socket.io/node_modules/debug/src) by extensions ['python_setup_py']
[0.746s] Level 1:colcon.colcon_core.package_identification:_identify(config/node_modules/socket.io/node_modules/debug/src) by extension 'python_setup_py'
[0.746s] Level 1:colcon.colcon_core.package_identification:_identify(config/node_modules/socket.io/node_modules/ms) by extensions ['ignore', 'ignore_ament_install']
[0.746s] Level 1:colcon.colcon_core.package_identification:_identify(config/node_modules/socket.io/node_modules/ms) by extension 'ignore'
[0.746s] Level 1:colcon.colcon_core.package_identification:_identify(config/node_modules/socket.io/node_modules/ms) by extension 'ignore_ament_install'
[0.746s] Level 1:colcon.colcon_core.package_identification:_identify(config/node_modules/socket.io/node_modules/ms) by extensions ['colcon_pkg']
[0.746s] Level 1:colcon.colcon_core.package_identification:_identify(config/node_modules/socket.io/node_modules/ms) by extension 'colcon_pkg'
[0.746s] Level 1:colcon.colcon_core.package_identification:_identify(config/node_modules/socket.io/node_modules/ms) by extensions ['colcon_meta']
[0.747s] Level 1:colcon.colcon_core.package_identification:_identify(config/node_modules/socket.io/node_modules/ms) by extension 'colcon_meta'
[0.747s] Level 1:colcon.colcon_core.package_identification:_identify(config/node_modules/socket.io/node_modules/ms) by extensions ['ros']
[0.747s] Level 1:colcon.colcon_core.package_identification:_identify(config/node_modules/socket.io/node_modules/ms) by extension 'ros'
[0.747s] Level 1:colcon.colcon_core.package_identification:_identify(config/node_modules/socket.io/node_modules/ms) by extensions ['cmake', 'python']
[0.747s] Level 1:colcon.colcon_core.package_identification:_identify(config/node_modules/socket.io/node_modules/ms) by extension 'cmake'
[0.747s] Level 1:colcon.colcon_core.package_identification:_identify(config/node_modules/socket.io/node_modules/ms) by extension 'python'
[0.747s] Level 1:colcon.colcon_core.package_identification:_identify(config/node_modules/socket.io/node_modules/ms) by extensions ['python_setup_py']
[0.747s] Level 1:colcon.colcon_core.package_identification:_identify(config/node_modules/socket.io/node_modules/ms) by extension 'python_setup_py'
[0.747s] Level 1:colcon.colcon_core.package_identification:_identify(config/node_modules/socket.io-adapter) by extensions ['ignore', 'ignore_ament_install']
[0.747s] Level 1:colcon.colcon_core.package_identification:_identify(config/node_modules/socket.io-adapter) by extension 'ignore'
[0.747s] Level 1:colcon.colcon_core.package_identification:_identify(config/node_modules/socket.io-adapter) by extension 'ignore_ament_install'
[0.747s] Level 1:colcon.colcon_core.package_identification:_identify(config/node_modules/socket.io-adapter) by extensions ['colcon_pkg']
[0.747s] Level 1:colcon.colcon_core.package_identification:_identify(config/node_modules/socket.io-adapter) by extension 'colcon_pkg'
[0.747s] Level 1:colcon.colcon_core.package_identification:_identify(config/node_modules/socket.io-adapter) by extensions ['colcon_meta']
[0.747s] Level 1:colcon.colcon_core.package_identification:_identify(config/node_modules/socket.io-adapter) by extension 'colcon_meta'
[0.747s] Level 1:colcon.colcon_core.package_identification:_identify(config/node_modules/socket.io-adapter) by extensions ['ros']
[0.747s] Level 1:colcon.colcon_core.package_identification:_identify(config/node_modules/socket.io-adapter) by extension 'ros'
[0.747s] Level 1:colcon.colcon_core.package_identification:_identify(config/node_modules/socket.io-adapter) by extensions ['cmake', 'python']
[0.747s] Level 1:colcon.colcon_core.package_identification:_identify(config/node_modules/socket.io-adapter) by extension 'cmake'
[0.747s] Level 1:colcon.colcon_core.package_identification:_identify(config/node_modules/socket.io-adapter) by extension 'python'
[0.747s] Level 1:colcon.colcon_core.package_identification:_identify(config/node_modules/socket.io-adapter) by extensions ['python_setup_py']
[0.747s] Level 1:colcon.colcon_core.package_identification:_identify(config/node_modules/socket.io-adapter) by extension 'python_setup_py'
[0.747s] Level 1:colcon.colcon_core.package_identification:_identify(config/node_modules/socket.io-adapter/dist) by extensions ['ignore', 'ignore_ament_install']
[0.748s] Level 1:colcon.colcon_core.package_identification:_identify(config/node_modules/socket.io-adapter/dist) by extension 'ignore'
[0.748s] Level 1:colcon.colcon_core.package_identification:_identify(config/node_modules/socket.io-adapter/dist) by extension 'ignore_ament_install'
[0.748s] Level 1:colcon.colcon_core.package_identification:_identify(config/node_modules/socket.io-adapter/dist) by extensions ['colcon_pkg']
[0.748s] Level 1:colcon.colcon_core.package_identification:_identify(config/node_modules/socket.io-adapter/dist) by extension 'colcon_pkg'
[0.748s] Level 1:colcon.colcon_core.package_identification:_identify(config/node_modules/socket.io-adapter/dist) by extensions ['colcon_meta']
[0.748s] Level 1:colcon.colcon_core.package_identification:_identify(config/node_modules/socket.io-adapter/dist) by extension 'colcon_meta'
[0.748s] Level 1:colcon.colcon_core.package_identification:_identify(config/node_modules/socket.io-adapter/dist) by extensions ['ros']
[0.748s] Level 1:colcon.colcon_core.package_identification:_identify(config/node_modules/socket.io-adapter/dist) by extension 'ros'
[0.748s] Level 1:colcon.colcon_core.package_identification:_identify(config/node_modules/socket.io-adapter/dist) by extensions ['cmake', 'python']
[0.748s] Level 1:colcon.colcon_core.package_identification:_identify(config/node_modules/socket.io-adapter/dist) by extension 'cmake'
[0.748s] Level 1:colcon.colcon_core.package_identification:_identify(config/node_modules/socket.io-adapter/dist) by extension 'python'
[0.748s] Level 1:colcon.colcon_core.package_identification:_identify(config/node_modules/socket.io-adapter/dist) by extensions ['python_setup_py']
[0.748s] Level 1:colcon.colcon_core.package_identification:_identify(config/node_modules/socket.io-adapter/dist) by extension 'python_setup_py'
[0.748s] Level 1:colcon.colcon_core.package_identification:_identify(config/node_modules/socket.io-adapter/dist/contrib) by extensions ['ignore', 'ignore_ament_install']
[0.748s] Level 1:colcon.colcon_core.package_identification:_identify(config/node_modules/socket.io-adapter/dist/contrib) by extension 'ignore'
[0.748s] Level 1:colcon.colcon_core.package_identification:_identify(config/node_modules/socket.io-adapter/dist/contrib) by extension 'ignore_ament_install'
[0.748s] Level 1:colcon.colcon_core.package_identification:_identify(config/node_modules/socket.io-adapter/dist/contrib) by extensions ['colcon_pkg']
[0.748s] Level 1:colcon.colcon_core.package_identification:_identify(config/node_modules/socket.io-adapter/dist/contrib) by extension 'colcon_pkg'
[0.748s] Level 1:colcon.colcon_core.package_identification:_identify(config/node_modules/socket.io-adapter/dist/contrib) by extensions ['colcon_meta']
[0.748s] Level 1:colcon.colcon_core.package_identification:_identify(config/node_modules/socket.io-adapter/dist/contrib) by extension 'colcon_meta'
[0.748s] Level 1:colcon.colcon_core.package_identification:_identify(config/node_modules/socket.io-adapter/dist/contrib) by extensions ['ros']
[0.748s] Level 1:colcon.colcon_core.package_identification:_identify(config/node_modules/socket.io-adapter/dist/contrib) by extension 'ros'
[0.748s] Level 1:colcon.colcon_core.package_identification:_identify(config/node_modules/socket.io-adapter/dist/contrib) by extensions ['cmake', 'python']
[0.748s] Level 1:colcon.colcon_core.package_identification:_identify(config/node_modules/socket.io-adapter/dist/contrib) by extension 'cmake'
[0.749s] Level 1:colcon.colcon_core.package_identification:_identify(config/node_modules/socket.io-adapter/dist/contrib) by extension 'python'
[0.749s] Level 1:colcon.colcon_core.package_identification:_identify(config/node_modules/socket.io-adapter/dist/contrib) by extensions ['python_setup_py']
[0.749s] Level 1:colcon.colcon_core.package_identification:_identify(config/node_modules/socket.io-adapter/dist/contrib) by extension 'python_setup_py'
[0.749s] Level 1:colcon.colcon_core.package_identification:_identify(config/node_modules/socket.io-adapter/node_modules) by extensions ['ignore', 'ignore_ament_install']
[0.749s] Level 1:colcon.colcon_core.package_identification:_identify(config/node_modules/socket.io-adapter/node_modules) by extension 'ignore'
[0.749s] Level 1:colcon.colcon_core.package_identification:_identify(config/node_modules/socket.io-adapter/node_modules) by extension 'ignore_ament_install'
[0.749s] Level 1:colcon.colcon_core.package_identification:_identify(config/node_modules/socket.io-adapter/node_modules) by extensions ['colcon_pkg']
[0.749s] Level 1:colcon.colcon_core.package_identification:_identify(config/node_modules/socket.io-adapter/node_modules) by extension 'colcon_pkg'
[0.749s] Level 1:colcon.colcon_core.package_identification:_identify(config/node_modules/socket.io-adapter/node_modules) by extensions ['colcon_meta']
[0.749s] Level 1:colcon.colcon_core.package_identification:_identify(config/node_modules/socket.io-adapter/node_modules) by extension 'colcon_meta'
[0.749s] Level 1:colcon.colcon_core.package_identification:_identify(config/node_modules/socket.io-adapter/node_modules) by extensions ['ros']
[0.749s] Level 1:colcon.colcon_core.package_identification:_identify(config/node_modules/socket.io-adapter/node_modules) by extension 'ros'
[0.749s] Level 1:colcon.colcon_core.package_identification:_identify(config/node_modules/socket.io-adapter/node_modules) by extensions ['cmake', 'python']
[0.749s] Level 1:colcon.colcon_core.package_identification:_identify(config/node_modules/socket.io-adapter/node_modules) by extension 'cmake'
[0.749s] Level 1:colcon.colcon_core.package_identification:_identify(config/node_modules/socket.io-adapter/node_modules) by extension 'python'
[0.749s] Level 1:colcon.colcon_core.package_identification:_identify(config/node_modules/socket.io-adapter/node_modules) by extensions ['python_setup_py']
[0.749s] Level 1:colcon.colcon_core.package_identification:_identify(config/node_modules/socket.io-adapter/node_modules) by extension 'python_setup_py'
[0.749s] Level 1:colcon.colcon_core.package_identification:_identify(config/node_modules/socket.io-adapter/node_modules/debug) by extensions ['ignore', 'ignore_ament_install']
[0.749s] Level 1:colcon.colcon_core.package_identification:_identify(config/node_modules/socket.io-adapter/node_modules/debug) by extension 'ignore'
[0.749s] Level 1:colcon.colcon_core.package_identification:_identify(config/node_modules/socket.io-adapter/node_modules/debug) by extension 'ignore_ament_install'
[0.750s] Level 1:colcon.colcon_core.package_identification:_identify(config/node_modules/socket.io-adapter/node_modules/debug) by extensions ['colcon_pkg']
[0.750s] Level 1:colcon.colcon_core.package_identification:_identify(config/node_modules/socket.io-adapter/node_modules/debug) by extension 'colcon_pkg'
[0.750s] Level 1:colcon.colcon_core.package_identification:_identify(config/node_modules/socket.io-adapter/node_modules/debug) by extensions ['colcon_meta']
[0.750s] Level 1:colcon.colcon_core.package_identification:_identify(config/node_modules/socket.io-adapter/node_modules/debug) by extension 'colcon_meta'
[0.750s] Level 1:colcon.colcon_core.package_identification:_identify(config/node_modules/socket.io-adapter/node_modules/debug) by extensions ['ros']
[0.750s] Level 1:colcon.colcon_core.package_identification:_identify(config/node_modules/socket.io-adapter/node_modules/debug) by extension 'ros'
[0.750s] Level 1:colcon.colcon_core.package_identification:_identify(config/node_modules/socket.io-adapter/node_modules/debug) by extensions ['cmake', 'python']
[0.750s] Level 1:colcon.colcon_core.package_identification:_identify(config/node_modules/socket.io-adapter/node_modules/debug) by extension 'cmake'
[0.750s] Level 1:colcon.colcon_core.package_identification:_identify(config/node_modules/socket.io-adapter/node_modules/debug) by extension 'python'
[0.750s] Level 1:colcon.colcon_core.package_identification:_identify(config/node_modules/socket.io-adapter/node_modules/debug) by extensions ['python_setup_py']
[0.750s] Level 1:colcon.colcon_core.package_identification:_identify(config/node_modules/socket.io-adapter/node_modules/debug) by extension 'python_setup_py'
[0.750s] Level 1:colcon.colcon_core.package_identification:_identify(config/node_modules/socket.io-adapter/node_modules/debug/src) by extensions ['ignore', 'ignore_ament_install']
[0.750s] Level 1:colcon.colcon_core.package_identification:_identify(config/node_modules/socket.io-adapter/node_modules/debug/src) by extension 'ignore'
[0.750s] Level 1:colcon.colcon_core.package_identification:_identify(config/node_modules/socket.io-adapter/node_modules/debug/src) by extension 'ignore_ament_install'
[0.750s] Level 1:colcon.colcon_core.package_identification:_identify(config/node_modules/socket.io-adapter/node_modules/debug/src) by extensions ['colcon_pkg']
[0.750s] Level 1:colcon.colcon_core.package_identification:_identify(config/node_modules/socket.io-adapter/node_modules/debug/src) by extension 'colcon_pkg'
[0.750s] Level 1:colcon.colcon_core.package_identification:_identify(config/node_modules/socket.io-adapter/node_modules/debug/src) by extensions ['colcon_meta']
[0.750s] Level 1:colcon.colcon_core.package_identification:_identify(config/node_modules/socket.io-adapter/node_modules/debug/src) by extension 'colcon_meta'
[0.750s] Level 1:colcon.colcon_core.package_identification:_identify(config/node_modules/socket.io-adapter/node_modules/debug/src) by extensions ['ros']
[0.750s] Level 1:colcon.colcon_core.package_identification:_identify(config/node_modules/socket.io-adapter/node_modules/debug/src) by extension 'ros'
[0.750s] Level 1:colcon.colcon_core.package_identification:_identify(config/node_modules/socket.io-adapter/node_modules/debug/src) by extensions ['cmake', 'python']
[0.750s] Level 1:colcon.colcon_core.package_identification:_identify(config/node_modules/socket.io-adapter/node_modules/debug/src) by extension 'cmake'
[0.750s] Level 1:colcon.colcon_core.package_identification:_identify(config/node_modules/socket.io-adapter/node_modules/debug/src) by extension 'python'
[0.750s] Level 1:colcon.colcon_core.package_identification:_identify(config/node_modules/socket.io-adapter/node_modules/debug/src) by extensions ['python_setup_py']
[0.750s] Level 1:colcon.colcon_core.package_identification:_identify(config/node_modules/socket.io-adapter/node_modules/debug/src) by extension 'python_setup_py'
[0.751s] Level 1:colcon.colcon_core.package_identification:_identify(config/node_modules/socket.io-adapter/node_modules/ms) by extensions ['ignore', 'ignore_ament_install']
[0.751s] Level 1:colcon.colcon_core.package_identification:_identify(config/node_modules/socket.io-adapter/node_modules/ms) by extension 'ignore'
[0.751s] Level 1:colcon.colcon_core.package_identification:_identify(config/node_modules/socket.io-adapter/node_modules/ms) by extension 'ignore_ament_install'
[0.751s] Level 1:colcon.colcon_core.package_identification:_identify(config/node_modules/socket.io-adapter/node_modules/ms) by extensions ['colcon_pkg']
[0.751s] Level 1:colcon.colcon_core.package_identification:_identify(config/node_modules/socket.io-adapter/node_modules/ms) by extension 'colcon_pkg'
[0.751s] Level 1:colcon.colcon_core.package_identification:_identify(config/node_modules/socket.io-adapter/node_modules/ms) by extensions ['colcon_meta']
[0.751s] Level 1:colcon.colcon_core.package_identification:_identify(config/node_modules/socket.io-adapter/node_modules/ms) by extension 'colcon_meta'
[0.751s] Level 1:colcon.colcon_core.package_identification:_identify(config/node_modules/socket.io-adapter/node_modules/ms) by extensions ['ros']
[0.751s] Level 1:colcon.colcon_core.package_identification:_identify(config/node_modules/socket.io-adapter/node_modules/ms) by extension 'ros'
[0.751s] Level 1:colcon.colcon_core.package_identification:_identify(config/node_modules/socket.io-adapter/node_modules/ms) by extensions ['cmake', 'python']
[0.751s] Level 1:colcon.colcon_core.package_identification:_identify(config/node_modules/socket.io-adapter/node_modules/ms) by extension 'cmake'
[0.751s] Level 1:colcon.colcon_core.package_identification:_identify(config/node_modules/socket.io-adapter/node_modules/ms) by extension 'python'
[0.751s] Level 1:colcon.colcon_core.package_identification:_identify(config/node_modules/socket.io-adapter/node_modules/ms) by extensions ['python_setup_py']
[0.751s] Level 1:colcon.colcon_core.package_identification:_identify(config/node_modules/socket.io-adapter/node_modules/ms) by extension 'python_setup_py'
[0.751s] Level 1:colcon.colcon_core.package_identification:_identify(config/node_modules/socket.io-parser) by extensions ['ignore', 'ignore_ament_install']
[0.752s] Level 1:colcon.colcon_core.package_identification:_identify(config/node_modules/socket.io-parser) by extension 'ignore'
[0.752s] Level 1:colcon.colcon_core.package_identification:_identify(config/node_modules/socket.io-parser) by extension 'ignore_ament_install'
[0.752s] Level 1:colcon.colcon_core.package_identification:_identify(config/node_modules/socket.io-parser) by extensions ['colcon_pkg']
[0.752s] Level 1:colcon.colcon_core.package_identification:_identify(config/node_modules/socket.io-parser) by extension 'colcon_pkg'
[0.752s] Level 1:colcon.colcon_core.package_identification:_identify(config/node_modules/socket.io-parser) by extensions ['colcon_meta']
[0.752s] Level 1:colcon.colcon_core.package_identification:_identify(config/node_modules/socket.io-parser) by extension 'colcon_meta'
[0.752s] Level 1:colcon.colcon_core.package_identification:_identify(config/node_modules/socket.io-parser) by extensions ['ros']
[0.752s] Level 1:colcon.colcon_core.package_identification:_identify(config/node_modules/socket.io-parser) by extension 'ros'
[0.753s] Level 1:colcon.colcon_core.package_identification:_identify(config/node_modules/socket.io-parser) by extensions ['cmake', 'python']
[0.753s] Level 1:colcon.colcon_core.package_identification:_identify(config/node_modules/socket.io-parser) by extension 'cmake'
[0.753s] Level 1:colcon.colcon_core.package_identification:_identify(config/node_modules/socket.io-parser) by extension 'python'
[0.753s] Level 1:colcon.colcon_core.package_identification:_identify(config/node_modules/socket.io-parser) by extensions ['python_setup_py']
[0.753s] Level 1:colcon.colcon_core.package_identification:_identify(config/node_modules/socket.io-parser) by extension 'python_setup_py'
[0.753s] Level 1:colcon.colcon_core.package_identification:_identify(config/node_modules/socket.io-parser/build) by extensions ['ignore', 'ignore_ament_install']
[0.753s] Level 1:colcon.colcon_core.package_identification:_identify(config/node_modules/socket.io-parser/build) by extension 'ignore'
[0.753s] Level 1:colcon.colcon_core.package_identification:_identify(config/node_modules/socket.io-parser/build) by extension 'ignore_ament_install'
[0.754s] Level 1:colcon.colcon_core.package_identification:_identify(config/node_modules/socket.io-parser/build) by extensions ['colcon_pkg']
[0.754s] Level 1:colcon.colcon_core.package_identification:_identify(config/node_modules/socket.io-parser/build) by extension 'colcon_pkg'
[0.754s] Level 1:colcon.colcon_core.package_identification:_identify(config/node_modules/socket.io-parser/build) by extensions ['colcon_meta']
[0.754s] Level 1:colcon.colcon_core.package_identification:_identify(config/node_modules/socket.io-parser/build) by extension 'colcon_meta'
[0.754s] Level 1:colcon.colcon_core.package_identification:_identify(config/node_modules/socket.io-parser/build) by extensions ['ros']
[0.754s] Level 1:colcon.colcon_core.package_identification:_identify(config/node_modules/socket.io-parser/build) by extension 'ros'
[0.754s] Level 1:colcon.colcon_core.package_identification:_identify(config/node_modules/socket.io-parser/build) by extensions ['cmake', 'python']
[0.754s] Level 1:colcon.colcon_core.package_identification:_identify(config/node_modules/socket.io-parser/build) by extension 'cmake'
[0.754s] Level 1:colcon.colcon_core.package_identification:_identify(config/node_modules/socket.io-parser/build) by extension 'python'
[0.754s] Level 1:colcon.colcon_core.package_identification:_identify(config/node_modules/socket.io-parser/build) by extensions ['python_setup_py']
[0.754s] Level 1:colcon.colcon_core.package_identification:_identify(config/node_modules/socket.io-parser/build) by extension 'python_setup_py'
[0.754s] Level 1:colcon.colcon_core.package_identification:_identify(config/node_modules/socket.io-parser/build/cjs) by extensions ['ignore', 'ignore_ament_install']
[0.754s] Level 1:colcon.colcon_core.package_identification:_identify(config/node_modules/socket.io-parser/build/cjs) by extension 'ignore'
[0.754s] Level 1:colcon.colcon_core.package_identification:_identify(config/node_modules/socket.io-parser/build/cjs) by extension 'ignore_ament_install'
[0.754s] Level 1:colcon.colcon_core.package_identification:_identify(config/node_modules/socket.io-parser/build/cjs) by extensions ['colcon_pkg']
[0.754s] Level 1:colcon.colcon_core.package_identification:_identify(config/node_modules/socket.io-parser/build/cjs) by extension 'colcon_pkg'
[0.754s] Level 1:colcon.colcon_core.package_identification:_identify(config/node_modules/socket.io-parser/build/cjs) by extensions ['colcon_meta']
[0.754s] Level 1:colcon.colcon_core.package_identification:_identify(config/node_modules/socket.io-parser/build/cjs) by extension 'colcon_meta'
[0.754s] Level 1:colcon.colcon_core.package_identification:_identify(config/node_modules/socket.io-parser/build/cjs) by extensions ['ros']
[0.754s] Level 1:colcon.colcon_core.package_identification:_identify(config/node_modules/socket.io-parser/build/cjs) by extension 'ros'
[0.755s] Level 1:colcon.colcon_core.package_identification:_identify(config/node_modules/socket.io-parser/build/cjs) by extensions ['cmake', 'python']
[0.755s] Level 1:colcon.colcon_core.package_identification:_identify(config/node_modules/socket.io-parser/build/cjs) by extension 'cmake'
[0.755s] Level 1:colcon.colcon_core.package_identification:_identify(config/node_modules/socket.io-parser/build/cjs) by extension 'python'
[0.755s] Level 1:colcon.colcon_core.package_identification:_identify(config/node_modules/socket.io-parser/build/cjs) by extensions ['python_setup_py']
[0.755s] Level 1:colcon.colcon_core.package_identification:_identify(config/node_modules/socket.io-parser/build/cjs) by extension 'python_setup_py'
[0.755s] Level 1:colcon.colcon_core.package_identification:_identify(config/node_modules/socket.io-parser/build/esm) by extensions ['ignore', 'ignore_ament_install']
[0.755s] Level 1:colcon.colcon_core.package_identification:_identify(config/node_modules/socket.io-parser/build/esm) by extension 'ignore'
[0.755s] Level 1:colcon.colcon_core.package_identification:_identify(config/node_modules/socket.io-parser/build/esm) by extension 'ignore_ament_install'
[0.755s] Level 1:colcon.colcon_core.package_identification:_identify(config/node_modules/socket.io-parser/build/esm) by extensions ['colcon_pkg']
[0.755s] Level 1:colcon.colcon_core.package_identification:_identify(config/node_modules/socket.io-parser/build/esm) by extension 'colcon_pkg'
[0.755s] Level 1:colcon.colcon_core.package_identification:_identify(config/node_modules/socket.io-parser/build/esm) by extensions ['colcon_meta']
[0.755s] Level 1:colcon.colcon_core.package_identification:_identify(config/node_modules/socket.io-parser/build/esm) by extension 'colcon_meta'
[0.755s] Level 1:colcon.colcon_core.package_identification:_identify(config/node_modules/socket.io-parser/build/esm) by extensions ['ros']
[0.755s] Level 1:colcon.colcon_core.package_identification:_identify(config/node_modules/socket.io-parser/build/esm) by extension 'ros'
[0.755s] Level 1:colcon.colcon_core.package_identification:_identify(config/node_modules/socket.io-parser/build/esm) by extensions ['cmake', 'python']
[0.755s] Level 1:colcon.colcon_core.package_identification:_identify(config/node_modules/socket.io-parser/build/esm) by extension 'cmake'
[0.756s] Level 1:colcon.colcon_core.package_identification:_identify(config/node_modules/socket.io-parser/build/esm) by extension 'python'
[0.756s] Level 1:colcon.colcon_core.package_identification:_identify(config/node_modules/socket.io-parser/build/esm) by extensions ['python_setup_py']
[0.756s] Level 1:colcon.colcon_core.package_identification:_identify(config/node_modules/socket.io-parser/build/esm) by extension 'python_setup_py'
[0.756s] Level 1:colcon.colcon_core.package_identification:_identify(config/node_modules/socket.io-parser/build/esm-debug) by extensions ['ignore', 'ignore_ament_install']
[0.756s] Level 1:colcon.colcon_core.package_identification:_identify(config/node_modules/socket.io-parser/build/esm-debug) by extension 'ignore'
[0.756s] Level 1:colcon.colcon_core.package_identification:_identify(config/node_modules/socket.io-parser/build/esm-debug) by extension 'ignore_ament_install'
[0.756s] Level 1:colcon.colcon_core.package_identification:_identify(config/node_modules/socket.io-parser/build/esm-debug) by extensions ['colcon_pkg']
[0.756s] Level 1:colcon.colcon_core.package_identification:_identify(config/node_modules/socket.io-parser/build/esm-debug) by extension 'colcon_pkg'
[0.756s] Level 1:colcon.colcon_core.package_identification:_identify(config/node_modules/socket.io-parser/build/esm-debug) by extensions ['colcon_meta']
[0.756s] Level 1:colcon.colcon_core.package_identification:_identify(config/node_modules/socket.io-parser/build/esm-debug) by extension 'colcon_meta'
[0.756s] Level 1:colcon.colcon_core.package_identification:_identify(config/node_modules/socket.io-parser/build/esm-debug) by extensions ['ros']
[0.757s] Level 1:colcon.colcon_core.package_identification:_identify(config/node_modules/socket.io-parser/build/esm-debug) by extension 'ros'
[0.757s] Level 1:colcon.colcon_core.package_identification:_identify(config/node_modules/socket.io-parser/build/esm-debug) by extensions ['cmake', 'python']
[0.757s] Level 1:colcon.colcon_core.package_identification:_identify(config/node_modules/socket.io-parser/build/esm-debug) by extension 'cmake'
[0.757s] Level 1:colcon.colcon_core.package_identification:_identify(config/node_modules/socket.io-parser/build/esm-debug) by extension 'python'
[0.757s] Level 1:colcon.colcon_core.package_identification:_identify(config/node_modules/socket.io-parser/build/esm-debug) by extensions ['python_setup_py']
[0.757s] Level 1:colcon.colcon_core.package_identification:_identify(config/node_modules/socket.io-parser/build/esm-debug) by extension 'python_setup_py'
[0.757s] Level 1:colcon.colcon_core.package_identification:_identify(config/node_modules/socket.io-parser/node_modules) by extensions ['ignore', 'ignore_ament_install']
[0.757s] Level 1:colcon.colcon_core.package_identification:_identify(config/node_modules/socket.io-parser/node_modules) by extension 'ignore'
[0.757s] Level 1:colcon.colcon_core.package_identification:_identify(config/node_modules/socket.io-parser/node_modules) by extension 'ignore_ament_install'
[0.757s] Level 1:colcon.colcon_core.package_identification:_identify(config/node_modules/socket.io-parser/node_modules) by extensions ['colcon_pkg']
[0.757s] Level 1:colcon.colcon_core.package_identification:_identify(config/node_modules/socket.io-parser/node_modules) by extension 'colcon_pkg'
[0.757s] Level 1:colcon.colcon_core.package_identification:_identify(config/node_modules/socket.io-parser/node_modules) by extensions ['colcon_meta']
[0.757s] Level 1:colcon.colcon_core.package_identification:_identify(config/node_modules/socket.io-parser/node_modules) by extension 'colcon_meta'
[0.757s] Level 1:colcon.colcon_core.package_identification:_identify(config/node_modules/socket.io-parser/node_modules) by extensions ['ros']
[0.757s] Level 1:colcon.colcon_core.package_identification:_identify(config/node_modules/socket.io-parser/node_modules) by extension 'ros'
[0.758s] Level 1:colcon.colcon_core.package_identification:_identify(config/node_modules/socket.io-parser/node_modules) by extensions ['cmake', 'python']
[0.758s] Level 1:colcon.colcon_core.package_identification:_identify(config/node_modules/socket.io-parser/node_modules) by extension 'cmake'
[0.758s] Level 1:colcon.colcon_core.package_identification:_identify(config/node_modules/socket.io-parser/node_modules) by extension 'python'
[0.758s] Level 1:colcon.colcon_core.package_identification:_identify(config/node_modules/socket.io-parser/node_modules) by extensions ['python_setup_py']
[0.758s] Level 1:colcon.colcon_core.package_identification:_identify(config/node_modules/socket.io-parser/node_modules) by extension 'python_setup_py'
[0.758s] Level 1:colcon.colcon_core.package_identification:_identify(config/node_modules/socket.io-parser/node_modules/debug) by extensions ['ignore', 'ignore_ament_install']
[0.758s] Level 1:colcon.colcon_core.package_identification:_identify(config/node_modules/socket.io-parser/node_modules/debug) by extension 'ignore'
[0.758s] Level 1:colcon.colcon_core.package_identification:_identify(config/node_modules/socket.io-parser/node_modules/debug) by extension 'ignore_ament_install'
[0.758s] Level 1:colcon.colcon_core.package_identification:_identify(config/node_modules/socket.io-parser/node_modules/debug) by extensions ['colcon_pkg']
[0.758s] Level 1:colcon.colcon_core.package_identification:_identify(config/node_modules/socket.io-parser/node_modules/debug) by extension 'colcon_pkg'
[0.758s] Level 1:colcon.colcon_core.package_identification:_identify(config/node_modules/socket.io-parser/node_modules/debug) by extensions ['colcon_meta']
[0.758s] Level 1:colcon.colcon_core.package_identification:_identify(config/node_modules/socket.io-parser/node_modules/debug) by extension 'colcon_meta'
[0.758s] Level 1:colcon.colcon_core.package_identification:_identify(config/node_modules/socket.io-parser/node_modules/debug) by extensions ['ros']
[0.758s] Level 1:colcon.colcon_core.package_identification:_identify(config/node_modules/socket.io-parser/node_modules/debug) by extension 'ros'
[0.758s] Level 1:colcon.colcon_core.package_identification:_identify(config/node_modules/socket.io-parser/node_modules/debug) by extensions ['cmake', 'python']
[0.758s] Level 1:colcon.colcon_core.package_identification:_identify(config/node_modules/socket.io-parser/node_modules/debug) by extension 'cmake'
[0.759s] Level 1:colcon.colcon_core.package_identification:_identify(config/node_modules/socket.io-parser/node_modules/debug) by extension 'python'
[0.759s] Level 1:colcon.colcon_core.package_identification:_identify(config/node_modules/socket.io-parser/node_modules/debug) by extensions ['python_setup_py']
[0.759s] Level 1:colcon.colcon_core.package_identification:_identify(config/node_modules/socket.io-parser/node_modules/debug) by extension 'python_setup_py'
[0.759s] Level 1:colcon.colcon_core.package_identification:_identify(config/node_modules/socket.io-parser/node_modules/debug/src) by extensions ['ignore', 'ignore_ament_install']
[0.759s] Level 1:colcon.colcon_core.package_identification:_identify(config/node_modules/socket.io-parser/node_modules/debug/src) by extension 'ignore'
[0.759s] Level 1:colcon.colcon_core.package_identification:_identify(config/node_modules/socket.io-parser/node_modules/debug/src) by extension 'ignore_ament_install'
[0.759s] Level 1:colcon.colcon_core.package_identification:_identify(config/node_modules/socket.io-parser/node_modules/debug/src) by extensions ['colcon_pkg']
[0.759s] Level 1:colcon.colcon_core.package_identification:_identify(config/node_modules/socket.io-parser/node_modules/debug/src) by extension 'colcon_pkg'
[0.759s] Level 1:colcon.colcon_core.package_identification:_identify(config/node_modules/socket.io-parser/node_modules/debug/src) by extensions ['colcon_meta']
[0.759s] Level 1:colcon.colcon_core.package_identification:_identify(config/node_modules/socket.io-parser/node_modules/debug/src) by extension 'colcon_meta'
[0.759s] Level 1:colcon.colcon_core.package_identification:_identify(config/node_modules/socket.io-parser/node_modules/debug/src) by extensions ['ros']
[0.759s] Level 1:colcon.colcon_core.package_identification:_identify(config/node_modules/socket.io-parser/node_modules/debug/src) by extension 'ros'
[0.759s] Level 1:colcon.colcon_core.package_identification:_identify(config/node_modules/socket.io-parser/node_modules/debug/src) by extensions ['cmake', 'python']
[0.759s] Level 1:colcon.colcon_core.package_identification:_identify(config/node_modules/socket.io-parser/node_modules/debug/src) by extension 'cmake'
[0.759s] Level 1:colcon.colcon_core.package_identification:_identify(config/node_modules/socket.io-parser/node_modules/debug/src) by extension 'python'
[0.759s] Level 1:colcon.colcon_core.package_identification:_identify(config/node_modules/socket.io-parser/node_modules/debug/src) by extensions ['python_setup_py']
[0.759s] Level 1:colcon.colcon_core.package_identification:_identify(config/node_modules/socket.io-parser/node_modules/debug/src) by extension 'python_setup_py'
[0.759s] Level 1:colcon.colcon_core.package_identification:_identify(config/node_modules/socket.io-parser/node_modules/ms) by extensions ['ignore', 'ignore_ament_install']
[0.759s] Level 1:colcon.colcon_core.package_identification:_identify(config/node_modules/socket.io-parser/node_modules/ms) by extension 'ignore'
[0.760s] Level 1:colcon.colcon_core.package_identification:_identify(config/node_modules/socket.io-parser/node_modules/ms) by extension 'ignore_ament_install'
[0.760s] Level 1:colcon.colcon_core.package_identification:_identify(config/node_modules/socket.io-parser/node_modules/ms) by extensions ['colcon_pkg']
[0.760s] Level 1:colcon.colcon_core.package_identification:_identify(config/node_modules/socket.io-parser/node_modules/ms) by extension 'colcon_pkg'
[0.760s] Level 1:colcon.colcon_core.package_identification:_identify(config/node_modules/socket.io-parser/node_modules/ms) by extensions ['colcon_meta']
[0.760s] Level 1:colcon.colcon_core.package_identification:_identify(config/node_modules/socket.io-parser/node_modules/ms) by extension 'colcon_meta'
[0.760s] Level 1:colcon.colcon_core.package_identification:_identify(config/node_modules/socket.io-parser/node_modules/ms) by extensions ['ros']
[0.760s] Level 1:colcon.colcon_core.package_identification:_identify(config/node_modules/socket.io-parser/node_modules/ms) by extension 'ros'
[0.760s] Level 1:colcon.colcon_core.package_identification:_identify(config/node_modules/socket.io-parser/node_modules/ms) by extensions ['cmake', 'python']
[0.760s] Level 1:colcon.colcon_core.package_identification:_identify(config/node_modules/socket.io-parser/node_modules/ms) by extension 'cmake'
[0.760s] Level 1:colcon.colcon_core.package_identification:_identify(config/node_modules/socket.io-parser/node_modules/ms) by extension 'python'
[0.760s] Level 1:colcon.colcon_core.package_identification:_identify(config/node_modules/socket.io-parser/node_modules/ms) by extensions ['python_setup_py']
[0.760s] Level 1:colcon.colcon_core.package_identification:_identify(config/node_modules/socket.io-parser/node_modules/ms) by extension 'python_setup_py'
[0.760s] Level 1:colcon.colcon_core.package_identification:_identify(config/node_modules/statuses) by extensions ['ignore', 'ignore_ament_install']
[0.760s] Level 1:colcon.colcon_core.package_identification:_identify(config/node_modules/statuses) by extension 'ignore'
[0.760s] Level 1:colcon.colcon_core.package_identification:_identify(config/node_modules/statuses) by extension 'ignore_ament_install'
[0.760s] Level 1:colcon.colcon_core.package_identification:_identify(config/node_modules/statuses) by extensions ['colcon_pkg']
[0.760s] Level 1:colcon.colcon_core.package_identification:_identify(config/node_modules/statuses) by extension 'colcon_pkg'
[0.760s] Level 1:colcon.colcon_core.package_identification:_identify(config/node_modules/statuses) by extensions ['colcon_meta']
[0.760s] Level 1:colcon.colcon_core.package_identification:_identify(config/node_modules/statuses) by extension 'colcon_meta'
[0.760s] Level 1:colcon.colcon_core.package_identification:_identify(config/node_modules/statuses) by extensions ['ros']
[0.760s] Level 1:colcon.colcon_core.package_identification:_identify(config/node_modules/statuses) by extension 'ros'
[0.760s] Level 1:colcon.colcon_core.package_identification:_identify(config/node_modules/statuses) by extensions ['cmake', 'python']
[0.760s] Level 1:colcon.colcon_core.package_identification:_identify(config/node_modules/statuses) by extension 'cmake'
[0.760s] Level 1:colcon.colcon_core.package_identification:_identify(config/node_modules/statuses) by extension 'python'
[0.761s] Level 1:colcon.colcon_core.package_identification:_identify(config/node_modules/statuses) by extensions ['python_setup_py']
[0.761s] Level 1:colcon.colcon_core.package_identification:_identify(config/node_modules/statuses) by extension 'python_setup_py'
[0.761s] Level 1:colcon.colcon_core.package_identification:_identify(config/node_modules/toidentifier) by extensions ['ignore', 'ignore_ament_install']
[0.761s] Level 1:colcon.colcon_core.package_identification:_identify(config/node_modules/toidentifier) by extension 'ignore'
[0.761s] Level 1:colcon.colcon_core.package_identification:_identify(config/node_modules/toidentifier) by extension 'ignore_ament_install'
[0.761s] Level 1:colcon.colcon_core.package_identification:_identify(config/node_modules/toidentifier) by extensions ['colcon_pkg']
[0.761s] Level 1:colcon.colcon_core.package_identification:_identify(config/node_modules/toidentifier) by extension 'colcon_pkg'
[0.761s] Level 1:colcon.colcon_core.package_identification:_identify(config/node_modules/toidentifier) by extensions ['colcon_meta']
[0.761s] Level 1:colcon.colcon_core.package_identification:_identify(config/node_modules/toidentifier) by extension 'colcon_meta'
[0.761s] Level 1:colcon.colcon_core.package_identification:_identify(config/node_modules/toidentifier) by extensions ['ros']
[0.761s] Level 1:colcon.colcon_core.package_identification:_identify(config/node_modules/toidentifier) by extension 'ros'
[0.761s] Level 1:colcon.colcon_core.package_identification:_identify(config/node_modules/toidentifier) by extensions ['cmake', 'python']
[0.761s] Level 1:colcon.colcon_core.package_identification:_identify(config/node_modules/toidentifier) by extension 'cmake'
[0.761s] Level 1:colcon.colcon_core.package_identification:_identify(config/node_modules/toidentifier) by extension 'python'
[0.761s] Level 1:colcon.colcon_core.package_identification:_identify(config/node_modules/toidentifier) by extensions ['python_setup_py']
[0.761s] Level 1:colcon.colcon_core.package_identification:_identify(config/node_modules/toidentifier) by extension 'python_setup_py'
[0.761s] Level 1:colcon.colcon_core.package_identification:_identify(config/node_modules/undici-types) by extensions ['ignore', 'ignore_ament_install']
[0.761s] Level 1:colcon.colcon_core.package_identification:_identify(config/node_modules/undici-types) by extension 'ignore'
[0.761s] Level 1:colcon.colcon_core.package_identification:_identify(config/node_modules/undici-types) by extension 'ignore_ament_install'
[0.761s] Level 1:colcon.colcon_core.package_identification:_identify(config/node_modules/undici-types) by extensions ['colcon_pkg']
[0.761s] Level 1:colcon.colcon_core.package_identification:_identify(config/node_modules/undici-types) by extension 'colcon_pkg'
[0.761s] Level 1:colcon.colcon_core.package_identification:_identify(config/node_modules/undici-types) by extensions ['colcon_meta']
[0.761s] Level 1:colcon.colcon_core.package_identification:_identify(config/node_modules/undici-types) by extension 'colcon_meta'
[0.761s] Level 1:colcon.colcon_core.package_identification:_identify(config/node_modules/undici-types) by extensions ['ros']
[0.762s] Level 1:colcon.colcon_core.package_identification:_identify(config/node_modules/undici-types) by extension 'ros'
[0.762s] Level 1:colcon.colcon_core.package_identification:_identify(config/node_modules/undici-types) by extensions ['cmake', 'python']
[0.762s] Level 1:colcon.colcon_core.package_identification:_identify(config/node_modules/undici-types) by extension 'cmake'
[0.762s] Level 1:colcon.colcon_core.package_identification:_identify(config/node_modules/undici-types) by extension 'python'
[0.762s] Level 1:colcon.colcon_core.package_identification:_identify(config/node_modules/undici-types) by extensions ['python_setup_py']
[0.762s] Level 1:colcon.colcon_core.package_identification:_identify(config/node_modules/undici-types) by extension 'python_setup_py'
[0.762s] Level 1:colcon.colcon_core.package_identification:_identify(config/node_modules/vary) by extensions ['ignore', 'ignore_ament_install']
[0.762s] Level 1:colcon.colcon_core.package_identification:_identify(config/node_modules/vary) by extension 'ignore'
[0.762s] Level 1:colcon.colcon_core.package_identification:_identify(config/node_modules/vary) by extension 'ignore_ament_install'
[0.762s] Level 1:colcon.colcon_core.package_identification:_identify(config/node_modules/vary) by extensions ['colcon_pkg']
[0.762s] Level 1:colcon.colcon_core.package_identification:_identify(config/node_modules/vary) by extension 'colcon_pkg'
[0.762s] Level 1:colcon.colcon_core.package_identification:_identify(config/node_modules/vary) by extensions ['colcon_meta']
[0.762s] Level 1:colcon.colcon_core.package_identification:_identify(config/node_modules/vary) by extension 'colcon_meta'
[0.762s] Level 1:colcon.colcon_core.package_identification:_identify(config/node_modules/vary) by extensions ['ros']
[0.762s] Level 1:colcon.colcon_core.package_identification:_identify(config/node_modules/vary) by extension 'ros'
[0.763s] Level 1:colcon.colcon_core.package_identification:_identify(config/node_modules/vary) by extensions ['cmake', 'python']
[0.763s] Level 1:colcon.colcon_core.package_identification:_identify(config/node_modules/vary) by extension 'cmake'
[0.763s] Level 1:colcon.colcon_core.package_identification:_identify(config/node_modules/vary) by extension 'python'
[0.763s] Level 1:colcon.colcon_core.package_identification:_identify(config/node_modules/vary) by extensions ['python_setup_py']
[0.763s] Level 1:colcon.colcon_core.package_identification:_identify(config/node_modules/vary) by extension 'python_setup_py'
[0.763s] Level 1:colcon.colcon_core.package_identification:_identify(config/node_modules/ws) by extensions ['ignore', 'ignore_ament_install']
[0.763s] Level 1:colcon.colcon_core.package_identification:_identify(config/node_modules/ws) by extension 'ignore'
[0.763s] Level 1:colcon.colcon_core.package_identification:_identify(config/node_modules/ws) by extension 'ignore_ament_install'
[0.763s] Level 1:colcon.colcon_core.package_identification:_identify(config/node_modules/ws) by extensions ['colcon_pkg']
[0.763s] Level 1:colcon.colcon_core.package_identification:_identify(config/node_modules/ws) by extension 'colcon_pkg'
[0.763s] Level 1:colcon.colcon_core.package_identification:_identify(config/node_modules/ws) by extensions ['colcon_meta']
[0.763s] Level 1:colcon.colcon_core.package_identification:_identify(config/node_modules/ws) by extension 'colcon_meta'
[0.763s] Level 1:colcon.colcon_core.package_identification:_identify(config/node_modules/ws) by extensions ['ros']
[0.763s] Level 1:colcon.colcon_core.package_identification:_identify(config/node_modules/ws) by extension 'ros'
[0.763s] Level 1:colcon.colcon_core.package_identification:_identify(config/node_modules/ws) by extensions ['cmake', 'python']
[0.763s] Level 1:colcon.colcon_core.package_identification:_identify(config/node_modules/ws) by extension 'cmake'
[0.763s] Level 1:colcon.colcon_core.package_identification:_identify(config/node_modules/ws) by extension 'python'
[0.763s] Level 1:colcon.colcon_core.package_identification:_identify(config/node_modules/ws) by extensions ['python_setup_py']
[0.763s] Level 1:colcon.colcon_core.package_identification:_identify(config/node_modules/ws) by extension 'python_setup_py'
[0.764s] Level 1:colcon.colcon_core.package_identification:_identify(config/node_modules/ws/lib) by extensions ['ignore', 'ignore_ament_install']
[0.764s] Level 1:colcon.colcon_core.package_identification:_identify(config/node_modules/ws/lib) by extension 'ignore'
[0.764s] Level 1:colcon.colcon_core.package_identification:_identify(config/node_modules/ws/lib) by extension 'ignore_ament_install'
[0.764s] Level 1:colcon.colcon_core.package_identification:_identify(config/node_modules/ws/lib) by extensions ['colcon_pkg']
[0.764s] Level 1:colcon.colcon_core.package_identification:_identify(config/node_modules/ws/lib) by extension 'colcon_pkg'
[0.764s] Level 1:colcon.colcon_core.package_identification:_identify(config/node_modules/ws/lib) by extensions ['colcon_meta']
[0.764s] Level 1:colcon.colcon_core.package_identification:_identify(config/node_modules/ws/lib) by extension 'colcon_meta'
[0.764s] Level 1:colcon.colcon_core.package_identification:_identify(config/node_modules/ws/lib) by extensions ['ros']
[0.764s] Level 1:colcon.colcon_core.package_identification:_identify(config/node_modules/ws/lib) by extension 'ros'
[0.764s] Level 1:colcon.colcon_core.package_identification:_identify(config/node_modules/ws/lib) by extensions ['cmake', 'python']
[0.764s] Level 1:colcon.colcon_core.package_identification:_identify(config/node_modules/ws/lib) by extension 'cmake'
[0.764s] Level 1:colcon.colcon_core.package_identification:_identify(config/node_modules/ws/lib) by extension 'python'
[0.764s] Level 1:colcon.colcon_core.package_identification:_identify(config/node_modules/ws/lib) by extensions ['python_setup_py']
[0.764s] Level 1:colcon.colcon_core.package_identification:_identify(config/node_modules/ws/lib) by extension 'python_setup_py'
[0.764s] Level 1:colcon.colcon_core.package_identification:_identify(install) by extensions ['ignore', 'ignore_ament_install']
[0.764s] Level 1:colcon.colcon_core.package_identification:_identify(install) by extension 'ignore'
[0.764s] Level 1:colcon.colcon_core.package_identification:_identify(install) ignored
[0.764s] Level 1:colcon.colcon_core.package_identification:_identify(log) by extensions ['ignore', 'ignore_ament_install']
[0.764s] Level 1:colcon.colcon_core.package_identification:_identify(log) by extension 'ignore'
[0.765s] Level 1:colcon.colcon_core.package_identification:_identify(log) ignored
[0.765s] Level 1:colcon.colcon_core.package_identification:_identify(src) by extensions ['ignore', 'ignore_ament_install']
[0.765s] Level 1:colcon.colcon_core.package_identification:_identify(src) by extension 'ignore'
[0.765s] Level 1:colcon.colcon_core.package_identification:_identify(src) by extension 'ignore_ament_install'
[0.765s] Level 1:colcon.colcon_core.package_identification:_identify(src) by extensions ['colcon_pkg']
[0.765s] Level 1:colcon.colcon_core.package_identification:_identify(src) by extension 'colcon_pkg'
[0.765s] Level 1:colcon.colcon_core.package_identification:_identify(src) by extensions ['colcon_meta']
[0.765s] Level 1:colcon.colcon_core.package_identification:_identify(src) by extension 'colcon_meta'
[0.765s] Level 1:colcon.colcon_core.package_identification:_identify(src) by extensions ['ros']
[0.765s] Level 1:colcon.colcon_core.package_identification:_identify(src) by extension 'ros'
[0.765s] Level 1:colcon.colcon_core.package_identification:_identify(src) by extensions ['cmake', 'python']
[0.765s] Level 1:colcon.colcon_core.package_identification:_identify(src) by extension 'cmake'
[0.765s] Level 1:colcon.colcon_core.package_identification:_identify(src) by extension 'python'
[0.765s] Level 1:colcon.colcon_core.package_identification:_identify(src) by extensions ['python_setup_py']
[0.765s] Level 1:colcon.colcon_core.package_identification:_identify(src) by extension 'python_setup_py'
[0.765s] Level 1:colcon.colcon_core.package_identification:_identify(src/bridge_manette) by extensions ['ignore', 'ignore_ament_install']
[0.765s] Level 1:colcon.colcon_core.package_identification:_identify(src/bridge_manette) by extension 'ignore'
[0.765s] Level 1:colcon.colcon_core.package_identification:_identify(src/bridge_manette) by extension 'ignore_ament_install'
[0.765s] Level 1:colcon.colcon_core.package_identification:_identify(src/bridge_manette) by extensions ['colcon_pkg']
[0.766s] Level 1:colcon.colcon_core.package_identification:_identify(src/bridge_manette) by extension 'colcon_pkg'
[0.766s] Level 1:colcon.colcon_core.package_identification:_identify(src/bridge_manette) by extensions ['colcon_meta']
[0.766s] Level 1:colcon.colcon_core.package_identification:_identify(src/bridge_manette) by extension 'colcon_meta'
[0.766s] Level 1:colcon.colcon_core.package_identification:_identify(src/bridge_manette) by extensions ['ros']
[0.766s] Level 1:colcon.colcon_core.package_identification:_identify(src/bridge_manette) by extension 'ros'
[0.771s] DEBUG:colcon.colcon_core.package_identification:Package 'src/bridge_manette' with type 'ros.ament_python' and name 'bridge_manette'
[0.771s] Level 1:colcon.colcon_core.package_discovery:discover_packages(recursive) using defaults
[0.771s] Level 1:colcon.colcon_core.package_discovery:discover_packages(ignore) discover
[0.771s] Level 1:colcon.colcon_core.package_discovery:discover_packages(ignore) using defaults
[0.771s] Level 1:colcon.colcon_core.package_discovery:discover_packages(path) discover
[0.771s] Level 1:colcon.colcon_core.package_discovery:discover_packages(path) using defaults
[0.806s] Level 1:colcon.colcon_core.package_discovery:discover_packages(prefix_path) check parameters
[0.806s] Level 1:colcon.colcon_core.package_discovery:discover_packages(prefix_path) discover
[0.811s] DEBUG:colcon.colcon_installed_package_information.package_discovery:Found 286 installed packages in /opt/ros/humble
[0.812s] Level 1:colcon.colcon_core.package_discovery:discover_packages(prefix_path) using defaults
[0.840s] Level 5:colcon.colcon_core.verb:set package 'bridge_manette' build argument 'cmake_args' from command line to 'None'
[0.840s] Level 5:colcon.colcon_core.verb:set package 'bridge_manette' build argument 'cmake_target' from command line to 'None'
[0.840s] Level 5:colcon.colcon_core.verb:set package 'bridge_manette' build argument 'cmake_target_skip_unavailable' from command line to 'False'
[0.840s] Level 5:colcon.colcon_core.verb:set package 'bridge_manette' build argument 'cmake_clean_cache' from command line to 'False'
[0.840s] Level 5:colcon.colcon_core.verb:set package 'bridge_manette' build argument 'cmake_clean_first' from command line to 'False'
[0.840s] Level 5:colcon.colcon_core.verb:set package 'bridge_manette' build argument 'cmake_force_configure' from command line to 'False'
[0.840s] Level 5:colcon.colcon_core.verb:set package 'bridge_manette' build argument 'ament_cmake_args' from command line to 'None'
[0.840s] Level 5:colcon.colcon_core.verb:set package 'bridge_manette' build argument 'catkin_cmake_args' from command line to 'None'
[0.840s] Level 5:colcon.colcon_core.verb:set package 'bridge_manette' build argument 'catkin_skip_building_tests' from command line to 'False'
[0.841s] DEBUG:colcon.colcon_core.verb:Building package 'bridge_manette' with the following arguments: {'ament_cmake_args': None, 'build_base': '/home/util/Documents/Projet/ros2_remote/ros_ws/build/bridge_manette', 'catkin_cmake_args': None, 'catkin_skip_building_tests': False, 'cmake_args': None, 'cmake_clean_cache': False, 'cmake_clean_first': False, 'cmake_force_configure': False, 'cmake_target': None, 'cmake_target_skip_unavailable': False, 'install_base': '/home/util/Documents/Projet/ros2_remote/ros_ws/install/bridge_manette', 'merge_install': False, 'path': '/home/util/Documents/Projet/ros2_remote/ros_ws/src/bridge_manette', 'symlink_install': False, 'test_result_base': None}
[0.841s] INFO:colcon.colcon_core.executor:Executing jobs using 'parallel' executor
[0.843s] DEBUG:colcon.colcon_parallel_executor.executor.parallel:run_until_complete
[0.843s] INFO:colcon.colcon_ros.task.ament_python.build:Building ROS package in '/home/util/Documents/Projet/ros2_remote/ros_ws/src/bridge_manette' with build type 'ament_python'
[0.844s] Level 1:colcon.colcon_core.shell:create_environment_hook('bridge_manette', 'ament_prefix_path')
[0.862s] INFO:colcon.colcon_core.plugin_system:Skipping extension 'colcon_core.shell.bat': Not used on non-Windows systems
[0.862s] INFO:colcon.colcon_core.shell:Creating environment hook '/home/util/Documents/Projet/ros2_remote/ros_ws/install/bridge_manette/share/bridge_manette/hook/ament_prefix_path.ps1'
[0.864s] INFO:colcon.colcon_core.shell:Creating environment descriptor '/home/util/Documents/Projet/ros2_remote/ros_ws/install/bridge_manette/share/bridge_manette/hook/ament_prefix_path.dsv'
[0.865s] INFO:colcon.colcon_core.shell:Creating environment hook '/home/util/Documents/Projet/ros2_remote/ros_ws/install/bridge_manette/share/bridge_manette/hook/ament_prefix_path.sh'
[0.867s] INFO:colcon.colcon_core.shell:Skip shell extension 'powershell' for command environment: Not usable outside of PowerShell
[0.867s] DEBUG:colcon.colcon_core.shell:Skip shell extension 'dsv' for command environment
[1.078s] INFO:colcon.colcon_core.task.python.build:Building Python package in '/home/util/Documents/Projet/ros2_remote/ros_ws/src/bridge_manette'
[1.079s] INFO:colcon.colcon_core.shell:Skip shell extension 'powershell' for command environment: Not usable outside of PowerShell
[1.079s] DEBUG:colcon.colcon_core.shell:Skip shell extension 'dsv' for command environment
[1.397s] DEBUG:colcon.colcon_core.event_handler.log_command:Invoking command in '/home/util/Documents/Projet/ros2_remote/ros_ws/src/bridge_manette': PYTHONPATH=/home/util/Documents/Projet/ros2_remote/ros_ws/build/bridge_manette/prefix_override:/usr/lib/python3/dist-packages/colcon_core/task/python/colcon_distutils_commands:/home/util/Documents/Projet/ros2_remote/ros_ws/install/bridge_manette/lib/python3.10/site-packages:${PYTHONPATH} /usr/bin/python3 -W ignore:setup.py install is deprecated -W ignore:easy_install command is deprecated setup.py egg_info --egg-base ../../build/bridge_manette build --build-base /home/util/Documents/Projet/ros2_remote/ros_ws/build/bridge_manette/build install --record /home/util/Documents/Projet/ros2_remote/ros_ws/build/bridge_manette/install.log --single-version-externally-managed install_data
[1.635s] DEBUG:colcon.colcon_core.event_handler.log_command:Invoked command in '/home/util/Documents/Projet/ros2_remote/ros_ws/src/bridge_manette' returned '0': PYTHONPATH=/home/util/Documents/Projet/ros2_remote/ros_ws/build/bridge_manette/prefix_override:/usr/lib/python3/dist-packages/colcon_core/task/python/colcon_distutils_commands:/home/util/Documents/Projet/ros2_remote/ros_ws/install/bridge_manette/lib/python3.10/site-packages:${PYTHONPATH} /usr/bin/python3 -W ignore:setup.py install is deprecated -W ignore:easy_install command is deprecated setup.py egg_info --egg-base ../../build/bridge_manette build --build-base /home/util/Documents/Projet/ros2_remote/ros_ws/build/bridge_manette/build install --record /home/util/Documents/Projet/ros2_remote/ros_ws/build/bridge_manette/install.log --single-version-externally-managed install_data
[1.649s] Level 1:colcon.colcon_core.environment:checking '/home/util/Documents/Projet/ros2_remote/ros_ws/install/bridge_manette' for CMake module files
[1.650s] Level 1:colcon.colcon_core.environment:checking '/home/util/Documents/Projet/ros2_remote/ros_ws/install/bridge_manette' for CMake config files
[1.650s] Level 1:colcon.colcon_core.environment:checking '/home/util/Documents/Projet/ros2_remote/ros_ws/install/bridge_manette/lib'
[1.650s] Level 1:colcon.colcon_core.environment:checking '/home/util/Documents/Projet/ros2_remote/ros_ws/install/bridge_manette/bin'
[1.651s] Level 1:colcon.colcon_core.environment:checking '/home/util/Documents/Projet/ros2_remote/ros_ws/install/bridge_manette/lib/pkgconfig/bridge_manette.pc'
[1.651s] Level 1:colcon.colcon_core.environment:checking '/home/util/Documents/Projet/ros2_remote/ros_ws/install/bridge_manette/lib/python3.10/site-packages'
[1.651s] Level 1:colcon.colcon_core.shell:create_environment_hook('bridge_manette', 'pythonpath')
[1.651s] INFO:colcon.colcon_core.shell:Creating environment hook '/home/util/Documents/Projet/ros2_remote/ros_ws/install/bridge_manette/share/bridge_manette/hook/pythonpath.ps1'
[1.652s] INFO:colcon.colcon_core.shell:Creating environment descriptor '/home/util/Documents/Projet/ros2_remote/ros_ws/install/bridge_manette/share/bridge_manette/hook/pythonpath.dsv'
[1.653s] INFO:colcon.colcon_core.shell:Creating environment hook '/home/util/Documents/Projet/ros2_remote/ros_ws/install/bridge_manette/share/bridge_manette/hook/pythonpath.sh'
[1.654s] Level 1:colcon.colcon_core.environment:checking '/home/util/Documents/Projet/ros2_remote/ros_ws/install/bridge_manette/bin'
[1.654s] Level 1:colcon.colcon_core.environment:create_environment_scripts_only(bridge_manette)
[1.654s] INFO:colcon.colcon_core.shell:Creating package script '/home/util/Documents/Projet/ros2_remote/ros_ws/install/bridge_manette/share/bridge_manette/package.ps1'
[1.656s] INFO:colcon.colcon_core.shell:Creating package descriptor '/home/util/Documents/Projet/ros2_remote/ros_ws/install/bridge_manette/share/bridge_manette/package.dsv'
[1.657s] INFO:colcon.colcon_core.shell:Creating package script '/home/util/Documents/Projet/ros2_remote/ros_ws/install/bridge_manette/share/bridge_manette/package.sh'
[1.659s] INFO:colcon.colcon_core.shell:Creating package script '/home/util/Documents/Projet/ros2_remote/ros_ws/install/bridge_manette/share/bridge_manette/package.bash'
[1.661s] INFO:colcon.colcon_core.shell:Creating package script '/home/util/Documents/Projet/ros2_remote/ros_ws/install/bridge_manette/share/bridge_manette/package.zsh'
[1.663s] Level 1:colcon.colcon_core.environment:create_file_with_runtime_dependencies(/home/util/Documents/Projet/ros2_remote/ros_ws/install/bridge_manette/share/colcon-core/packages/bridge_manette)
[1.663s] DEBUG:colcon.colcon_parallel_executor.executor.parallel:closing loop
[1.664s] DEBUG:colcon.colcon_parallel_executor.executor.parallel:loop closed
[1.664s] DEBUG:colcon.colcon_parallel_executor.executor.parallel:run_until_complete finished with '0'
[1.664s] DEBUG:colcon.colcon_core.event_reactor:joining thread
[1.675s] INFO:colcon.colcon_core.plugin_system:Skipping extension 'colcon_notification.desktop_notification.terminal_notifier': Not used on non-Darwin systems
[1.675s] INFO:colcon.colcon_core.plugin_system:Skipping extension 'colcon_notification.desktop_notification.win32': Not used on non-Windows systems
[1.675s] INFO:colcon.colcon_notification.desktop_notification:Sending desktop notification using 'notify2'
[1.717s] DEBUG:colcon.colcon_core.event_reactor:joined thread
[1.718s] INFO:colcon.colcon_core.shell:Creating prefix script '/home/util/Documents/Projet/ros2_remote/ros_ws/install/local_setup.ps1'
[1.720s] INFO:colcon.colcon_core.shell:Creating prefix util module '/home/util/Documents/Projet/ros2_remote/ros_ws/install/_local_setup_util_ps1.py'
[1.723s] INFO:colcon.colcon_core.shell:Creating prefix chain script '/home/util/Documents/Projet/ros2_remote/ros_ws/install/setup.ps1'
[1.726s] INFO:colcon.colcon_core.shell:Creating prefix script '/home/util/Documents/Projet/ros2_remote/ros_ws/install/local_setup.sh'
[1.728s] INFO:colcon.colcon_core.shell:Creating prefix util module '/home/util/Documents/Projet/ros2_remote/ros_ws/install/_local_setup_util_sh.py'
[1.728s] INFO:colcon.colcon_core.shell:Creating prefix chain script '/home/util/Documents/Projet/ros2_remote/ros_ws/install/setup.sh'
[1.730s] INFO:colcon.colcon_core.shell:Creating prefix script '/home/util/Documents/Projet/ros2_remote/ros_ws/install/local_setup.bash'
[1.731s] INFO:colcon.colcon_core.shell:Creating prefix chain script '/home/util/Documents/Projet/ros2_remote/ros_ws/install/setup.bash'
[1.733s] INFO:colcon.colcon_core.shell:Creating prefix script '/home/util/Documents/Projet/ros2_remote/ros_ws/install/local_setup.zsh'
[1.734s] INFO:colcon.colcon_core.shell:Creating prefix chain script '/home/util/Documents/Projet/ros2_remote/ros_ws/install/setup.zsh'
