[0.125s] DEBUG:colcon:Command line arguments: ['/usr/bin/colcon', 'build']
[0.125s] DEBUG:colcon:Parsed command line arguments: Namespace(log_base=None, log_level=None, verb_name='build', build_base='build', install_base='install', merge_install=False, symlink_install=False, test_result_base=None, continue_on_error=False, executor='parallel', parallel_workers=4, event_handlers=None, ignore_user_meta=False, metas=['./colcon.meta'], base_paths=['.'], packages_ignore=None, packages_ignore_regex=None, paths=None, packages_up_to=None, packages_up_to_regex=None, packages_above=None, packages_above_and_dependencies=None, packages_above_depth=None, packages_select_by_dep=None, packages_skip_by_dep=None, packages_skip_up_to=None, packages_select_build_failed=False, packages_skip_build_finished=False, packages_select_test_failures=False, packages_skip_test_passed=False, packages_select=None, packages_skip=None, packages_select_regex=None, packages_skip_regex=None, packages_start=None, packages_end=None, allow_overriding=[], cmake_args=None, cmake_target=None, cmake_target_skip_unavailable=False, cmake_clean_cache=False, cmake_clean_first=False, cmake_force_configure=False, ament_cmake_args=None, catkin_cmake_args=None, catkin_skip_building_tests=False, mixin_files=None, mixin=None, verb_parser=<colcon_mixin.mixin.mixin_argument.MixinArgumentDecorator object at 0x74b0436451e0>, verb_extension=<colcon_core.verb.build.BuildVerb object at 0x74b043644cd0>, main=<bound method BuildVerb.main of <colcon_core.verb.build.BuildVerb object at 0x74b043644cd0>>, mixin_verb=('build',))
[0.475s] Level 1:colcon.colcon_core.package_discovery:discover_packages(colcon_meta) check parameters
[0.475s] Level 1:colcon.colcon_core.package_discovery:discover_packages(recursive) check parameters
[0.475s] Level 1:colcon.colcon_core.package_discovery:discover_packages(ignore) check parameters
[0.475s] Level 1:colcon.colcon_core.package_discovery:discover_packages(path) check parameters
[0.475s] Level 1:colcon.colcon_core.package_discovery:discover_packages(colcon_meta) discover
[0.476s] Level 1:colcon.colcon_core.package_discovery:discover_packages(recursive) discover
[0.476s] INFO:colcon.colcon_core.package_discovery:Crawling recursively for packages in '/home/util/Documents/Projet/ros2_remote/ros_ws'
[0.476s] Level 1:colcon.colcon_core.package_identification:_identify(.) by extensions ['ignore', 'ignore_ament_install']
[0.476s] Level 1:colcon.colcon_core.package_identification:_identify(.) by extension 'ignore'
[0.476s] Level 1:colcon.colcon_core.package_identification:_identify(.) by extension 'ignore_ament_install'
[0.476s] Level 1:colcon.colcon_core.package_identification:_identify(.) by extensions ['colcon_pkg']
[0.476s] Level 1:colcon.colcon_core.package_identification:_identify(.) by extension 'colcon_pkg'
[0.477s] Level 1:colcon.colcon_core.package_identification:_identify(.) by extensions ['colcon_meta']
[0.477s] Level 1:colcon.colcon_core.package_identification:_identify(.) by extension 'colcon_meta'
[0.477s] Level 1:colcon.colcon_core.package_identification:_identify(.) by extensions ['ros']
[0.477s] Level 1:colcon.colcon_core.package_identification:_identify(.) by extension 'ros'
[0.490s] Level 1:colcon.colcon_core.package_identification:_identify(.) by extensions ['cmake', 'python']
[0.490s] Level 1:colcon.colcon_core.package_identification:_identify(.) by extension 'cmake'
[0.490s] Level 1:colcon.colcon_core.package_identification:_identify(.) by extension 'python'
[0.490s] Level 1:colcon.colcon_core.package_identification:_identify(.) by extensions ['python_setup_py']
[0.490s] Level 1:colcon.colcon_core.package_identification:_identify(.) by extension 'python_setup_py'
[0.490s] Level 1:colcon.colcon_core.package_identification:_identify(build) by extensions ['ignore', 'ignore_ament_install']
[0.491s] Level 1:colcon.colcon_core.package_identification:_identify(build) by extension 'ignore'
[0.491s] Level 1:colcon.colcon_core.package_identification:_identify(build) ignored
[0.491s] Level 1:colcon.colcon_core.package_identification:_identify(config) by extensions ['ignore', 'ignore_ament_install']
[0.491s] Level 1:colcon.colcon_core.package_identification:_identify(config) by extension 'ignore'
[0.491s] Level 1:colcon.colcon_core.package_identification:_identify(config) by extension 'ignore_ament_install'
[0.491s] Level 1:colcon.colcon_core.package_identification:_identify(config) by extensions ['colcon_pkg']
[0.491s] Level 1:colcon.colcon_core.package_identification:_identify(config) by extension 'colcon_pkg'
[0.491s] Level 1:colcon.colcon_core.package_identification:_identify(config) by extensions ['colcon_meta']
[0.491s] Level 1:colcon.colcon_core.package_identification:_identify(config) by extension 'colcon_meta'
[0.491s] Level 1:colcon.colcon_core.package_identification:_identify(config) by extensions ['ros']
[0.491s] Level 1:colcon.colcon_core.package_identification:_identify(config) by extension 'ros'
[0.491s] Level 1:colcon.colcon_core.package_identification:_identify(config) by extensions ['cmake', 'python']
[0.491s] Level 1:colcon.colcon_core.package_identification:_identify(config) by extension 'cmake'
[0.492s] Level 1:colcon.colcon_core.package_identification:_identify(config) by extension 'python'
[0.492s] Level 1:colcon.colcon_core.package_identification:_identify(config) by extensions ['python_setup_py']
[0.492s] Level 1:colcon.colcon_core.package_identification:_identify(config) by extension 'python_setup_py'
[0.492s] Level 1:colcon.colcon_core.package_identification:_identify(config/lora_uart_node) by extensions ['ignore', 'ignore_ament_install']
[0.492s] Level 1:colcon.colcon_core.package_identification:_identify(config/lora_uart_node) by extension 'ignore'
[0.492s] Level 1:colcon.colcon_core.package_identification:_identify(config/lora_uart_node) by extension 'ignore_ament_install'
[0.492s] Level 1:colcon.colcon_core.package_identification:_identify(config/lora_uart_node) by extensions ['colcon_pkg']
[0.492s] Level 1:colcon.colcon_core.package_identification:_identify(config/lora_uart_node) by extension 'colcon_pkg'
[0.492s] Level 1:colcon.colcon_core.package_identification:_identify(config/lora_uart_node) by extensions ['colcon_meta']
[0.492s] Level 1:colcon.colcon_core.package_identification:_identify(config/lora_uart_node) by extension 'colcon_meta'
[0.492s] Level 1:colcon.colcon_core.package_identification:_identify(config/lora_uart_node) by extensions ['ros']
[0.492s] Level 1:colcon.colcon_core.package_identification:_identify(config/lora_uart_node) by extension 'ros'
[0.498s] DEBUG:colcon.colcon_core.package_identification:Package 'config/lora_uart_node' with type 'ros.ament_python' and name 'lora_uart_node'
[0.498s] Level 1:colcon.colcon_core.package_identification:_identify(config/node_modules) by extensions ['ignore', 'ignore_ament_install']
[0.499s] Level 1:colcon.colcon_core.package_identification:_identify(config/node_modules) by extension 'ignore'
[0.499s] Level 1:colcon.colcon_core.package_identification:_identify(config/node_modules) by extension 'ignore_ament_install'
[0.499s] Level 1:colcon.colcon_core.package_identification:_identify(config/node_modules) by extensions ['colcon_pkg']
[0.499s] Level 1:colcon.colcon_core.package_identification:_identify(config/node_modules) by extension 'colcon_pkg'
[0.499s] Level 1:colcon.colcon_core.package_identification:_identify(config/node_modules) by extensions ['colcon_meta']
[0.499s] Level 1:colcon.colcon_core.package_identification:_identify(config/node_modules) by extension 'colcon_meta'
[0.499s] Level 1:colcon.colcon_core.package_identification:_identify(config/node_modules) by extensions ['ros']
[0.499s] Level 1:colcon.colcon_core.package_identification:_identify(config/node_modules) by extension 'ros'
[0.500s] Level 1:colcon.colcon_core.package_identification:_identify(config/node_modules) by extensions ['cmake', 'python']
[0.500s] Level 1:colcon.colcon_core.package_identification:_identify(config/node_modules) by extension 'cmake'
[0.500s] Level 1:colcon.colcon_core.package_identification:_identify(config/node_modules) by extension 'python'
[0.500s] Level 1:colcon.colcon_core.package_identification:_identify(config/node_modules) by extensions ['python_setup_py']
[0.500s] Level 1:colcon.colcon_core.package_identification:_identify(config/node_modules) by extension 'python_setup_py'
[0.500s] Level 1:colcon.colcon_core.package_identification:_identify(config/node_modules/@socket.io) by extensions ['ignore', 'ignore_ament_install']
[0.500s] Level 1:colcon.colcon_core.package_identification:_identify(config/node_modules/@socket.io) by extension 'ignore'
[0.500s] Level 1:colcon.colcon_core.package_identification:_identify(config/node_modules/@socket.io) by extension 'ignore_ament_install'
[0.501s] Level 1:colcon.colcon_core.package_identification:_identify(config/node_modules/@socket.io) by extensions ['colcon_pkg']
[0.501s] Level 1:colcon.colcon_core.package_identification:_identify(config/node_modules/@socket.io) by extension 'colcon_pkg'
[0.501s] Level 1:colcon.colcon_core.package_identification:_identify(config/node_modules/@socket.io) by extensions ['colcon_meta']
[0.501s] Level 1:colcon.colcon_core.package_identification:_identify(config/node_modules/@socket.io) by extension 'colcon_meta'
[0.501s] Level 1:colcon.colcon_core.package_identification:_identify(config/node_modules/@socket.io) by extensions ['ros']
[0.501s] Level 1:colcon.colcon_core.package_identification:_identify(config/node_modules/@socket.io) by extension 'ros'
[0.501s] Level 1:colcon.colcon_core.package_identification:_identify(config/node_modules/@socket.io) by extensions ['cmake', 'python']
[0.501s] Level 1:colcon.colcon_core.package_identification:_identify(config/node_modules/@socket.io) by extension 'cmake'
[0.501s] Level 1:colcon.colcon_core.package_identification:_identify(config/node_modules/@socket.io) by extension 'python'
[0.501s] Level 1:colcon.colcon_core.package_identification:_identify(config/node_modules/@socket.io) by extensions ['python_setup_py']
[0.501s] Level 1:colcon.colcon_core.package_identification:_identify(config/node_modules/@socket.io) by extension 'python_setup_py'
[0.501s] Level 1:colcon.colcon_core.package_identification:_identify(config/node_modules/@socket.io/component-emitter) by extensions ['ignore', 'ignore_ament_install']
[0.501s] Level 1:colcon.colcon_core.package_identification:_identify(config/node_modules/@socket.io/component-emitter) by extension 'ignore'
[0.501s] Level 1:colcon.colcon_core.package_identification:_identify(config/node_modules/@socket.io/component-emitter) by extension 'ignore_ament_install'
[0.501s] Level 1:colcon.colcon_core.package_identification:_identify(config/node_modules/@socket.io/component-emitter) by extensions ['colcon_pkg']
[0.502s] Level 1:colcon.colcon_core.package_identification:_identify(config/node_modules/@socket.io/component-emitter) by extension 'colcon_pkg'
[0.502s] Level 1:colcon.colcon_core.package_identification:_identify(config/node_modules/@socket.io/component-emitter) by extensions ['colcon_meta']
[0.502s] Level 1:colcon.colcon_core.package_identification:_identify(config/node_modules/@socket.io/component-emitter) by extension 'colcon_meta'
[0.502s] Level 1:colcon.colcon_core.package_identification:_identify(config/node_modules/@socket.io/component-emitter) by extensions ['ros']
[0.502s] Level 1:colcon.colcon_core.package_identification:_identify(config/node_modules/@socket.io/component-emitter) by extension 'ros'
[0.502s] Level 1:colcon.colcon_core.package_identification:_identify(config/node_modules/@socket.io/component-emitter) by extensions ['cmake', 'python']
[0.502s] Level 1:colcon.colcon_core.package_identification:_identify(config/node_modules/@socket.io/component-emitter) by extension 'cmake'
[0.502s] Level 1:colcon.colcon_core.package_identification:_identify(config/node_modules/@socket.io/component-emitter) by extension 'python'
[0.502s] Level 1:colcon.colcon_core.package_identification:_identify(config/node_modules/@socket.io/component-emitter) by extensions ['python_setup_py']
[0.502s] Level 1:colcon.colcon_core.package_identification:_identify(config/node_modules/@socket.io/component-emitter) by extension 'python_setup_py'
[0.502s] Level 1:colcon.colcon_core.package_identification:_identify(config/node_modules/@socket.io/component-emitter/lib) by extensions ['ignore', 'ignore_ament_install']
[0.503s] Level 1:colcon.colcon_core.package_identification:_identify(config/node_modules/@socket.io/component-emitter/lib) by extension 'ignore'
[0.503s] Level 1:colcon.colcon_core.package_identification:_identify(config/node_modules/@socket.io/component-emitter/lib) by extension 'ignore_ament_install'
[0.503s] Level 1:colcon.colcon_core.package_identification:_identify(config/node_modules/@socket.io/component-emitter/lib) by extensions ['colcon_pkg']
[0.503s] Level 1:colcon.colcon_core.package_identification:_identify(config/node_modules/@socket.io/component-emitter/lib) by extension 'colcon_pkg'
[0.503s] Level 1:colcon.colcon_core.package_identification:_identify(config/node_modules/@socket.io/component-emitter/lib) by extensions ['colcon_meta']
[0.503s] Level 1:colcon.colcon_core.package_identification:_identify(config/node_modules/@socket.io/component-emitter/lib) by extension 'colcon_meta'
[0.503s] Level 1:colcon.colcon_core.package_identification:_identify(config/node_modules/@socket.io/component-emitter/lib) by extensions ['ros']
[0.504s] Level 1:colcon.colcon_core.package_identification:_identify(config/node_modules/@socket.io/component-emitter/lib) by extension 'ros'
[0.504s] Level 1:colcon.colcon_core.package_identification:_identify(config/node_modules/@socket.io/component-emitter/lib) by extensions ['cmake', 'python']
[0.504s] Level 1:colcon.colcon_core.package_identification:_identify(config/node_modules/@socket.io/component-emitter/lib) by extension 'cmake'
[0.504s] Level 1:colcon.colcon_core.package_identification:_identify(config/node_modules/@socket.io/component-emitter/lib) by extension 'python'
[0.504s] Level 1:colcon.colcon_core.package_identification:_identify(config/node_modules/@socket.io/component-emitter/lib) by extensions ['python_setup_py']
[0.504s] Level 1:colcon.colcon_core.package_identification:_identify(config/node_modules/@socket.io/component-emitter/lib) by extension 'python_setup_py'
[0.504s] Level 1:colcon.colcon_core.package_identification:_identify(config/node_modules/@socket.io/component-emitter/lib/cjs) by extensions ['ignore', 'ignore_ament_install']
[0.504s] Level 1:colcon.colcon_core.package_identification:_identify(config/node_modules/@socket.io/component-emitter/lib/cjs) by extension 'ignore'
[0.504s] Level 1:colcon.colcon_core.package_identification:_identify(config/node_modules/@socket.io/component-emitter/lib/cjs) by extension 'ignore_ament_install'
[0.505s] Level 1:colcon.colcon_core.package_identification:_identify(config/node_modules/@socket.io/component-emitter/lib/cjs) by extensions ['colcon_pkg']
[0.505s] Level 1:colcon.colcon_core.package_identification:_identify(config/node_modules/@socket.io/component-emitter/lib/cjs) by extension 'colcon_pkg'
[0.505s] Level 1:colcon.colcon_core.package_identification:_identify(config/node_modules/@socket.io/component-emitter/lib/cjs) by extensions ['colcon_meta']
[0.505s] Level 1:colcon.colcon_core.package_identification:_identify(config/node_modules/@socket.io/component-emitter/lib/cjs) by extension 'colcon_meta'
[0.505s] Level 1:colcon.colcon_core.package_identification:_identify(config/node_modules/@socket.io/component-emitter/lib/cjs) by extensions ['ros']
[0.505s] Level 1:colcon.colcon_core.package_identification:_identify(config/node_modules/@socket.io/component-emitter/lib/cjs) by extension 'ros'
[0.505s] Level 1:colcon.colcon_core.package_identification:_identify(config/node_modules/@socket.io/component-emitter/lib/cjs) by extensions ['cmake', 'python']
[0.505s] Level 1:colcon.colcon_core.package_identification:_identify(config/node_modules/@socket.io/component-emitter/lib/cjs) by extension 'cmake'
[0.505s] Level 1:colcon.colcon_core.package_identification:_identify(config/node_modules/@socket.io/component-emitter/lib/cjs) by extension 'python'
[0.505s] Level 1:colcon.colcon_core.package_identification:_identify(config/node_modules/@socket.io/component-emitter/lib/cjs) by extensions ['python_setup_py']
[0.505s] Level 1:colcon.colcon_core.package_identification:_identify(config/node_modules/@socket.io/component-emitter/lib/cjs) by extension 'python_setup_py'
[0.505s] Level 1:colcon.colcon_core.package_identification:_identify(config/node_modules/@socket.io/component-emitter/lib/esm) by extensions ['ignore', 'ignore_ament_install']
[0.505s] Level 1:colcon.colcon_core.package_identification:_identify(config/node_modules/@socket.io/component-emitter/lib/esm) by extension 'ignore'
[0.505s] Level 1:colcon.colcon_core.package_identification:_identify(config/node_modules/@socket.io/component-emitter/lib/esm) by extension 'ignore_ament_install'
[0.505s] Level 1:colcon.colcon_core.package_identification:_identify(config/node_modules/@socket.io/component-emitter/lib/esm) by extensions ['colcon_pkg']
[0.505s] Level 1:colcon.colcon_core.package_identification:_identify(config/node_modules/@socket.io/component-emitter/lib/esm) by extension 'colcon_pkg'
[0.505s] Level 1:colcon.colcon_core.package_identification:_identify(config/node_modules/@socket.io/component-emitter/lib/esm) by extensions ['colcon_meta']
[0.505s] Level 1:colcon.colcon_core.package_identification:_identify(config/node_modules/@socket.io/component-emitter/lib/esm) by extension 'colcon_meta'
[0.505s] Level 1:colcon.colcon_core.package_identification:_identify(config/node_modules/@socket.io/component-emitter/lib/esm) by extensions ['ros']
[0.505s] Level 1:colcon.colcon_core.package_identification:_identify(config/node_modules/@socket.io/component-emitter/lib/esm) by extension 'ros'
[0.505s] Level 1:colcon.colcon_core.package_identification:_identify(config/node_modules/@socket.io/component-emitter/lib/esm) by extensions ['cmake', 'python']
[0.505s] Level 1:colcon.colcon_core.package_identification:_identify(config/node_modules/@socket.io/component-emitter/lib/esm) by extension 'cmake'
[0.506s] Level 1:colcon.colcon_core.package_identification:_identify(config/node_modules/@socket.io/component-emitter/lib/esm) by extension 'python'
[0.506s] Level 1:colcon.colcon_core.package_identification:_identify(config/node_modules/@socket.io/component-emitter/lib/esm) by extensions ['python_setup_py']
[0.506s] Level 1:colcon.colcon_core.package_identification:_identify(config/node_modules/@socket.io/component-emitter/lib/esm) by extension 'python_setup_py'
[0.506s] Level 1:colcon.colcon_core.package_identification:_identify(config/node_modules/@types) by extensions ['ignore', 'ignore_ament_install']
[0.506s] Level 1:colcon.colcon_core.package_identification:_identify(config/node_modules/@types) by extension 'ignore'
[0.506s] Level 1:colcon.colcon_core.package_identification:_identify(config/node_modules/@types) by extension 'ignore_ament_install'
[0.506s] Level 1:colcon.colcon_core.package_identification:_identify(config/node_modules/@types) by extensions ['colcon_pkg']
[0.506s] Level 1:colcon.colcon_core.package_identification:_identify(config/node_modules/@types) by extension 'colcon_pkg'
[0.506s] Level 1:colcon.colcon_core.package_identification:_identify(config/node_modules/@types) by extensions ['colcon_meta']
[0.506s] Level 1:colcon.colcon_core.package_identification:_identify(config/node_modules/@types) by extension 'colcon_meta'
[0.506s] Level 1:colcon.colcon_core.package_identification:_identify(config/node_modules/@types) by extensions ['ros']
[0.506s] Level 1:colcon.colcon_core.package_identification:_identify(config/node_modules/@types) by extension 'ros'
[0.506s] Level 1:colcon.colcon_core.package_identification:_identify(config/node_modules/@types) by extensions ['cmake', 'python']
[0.507s] Level 1:colcon.colcon_core.package_identification:_identify(config/node_modules/@types) by extension 'cmake'
[0.507s] Level 1:colcon.colcon_core.package_identification:_identify(config/node_modules/@types) by extension 'python'
[0.507s] Level 1:colcon.colcon_core.package_identification:_identify(config/node_modules/@types) by extensions ['python_setup_py']
[0.507s] Level 1:colcon.colcon_core.package_identification:_identify(config/node_modules/@types) by extension 'python_setup_py'
[0.507s] Level 1:colcon.colcon_core.package_identification:_identify(config/node_modules/@types/cors) by extensions ['ignore', 'ignore_ament_install']
[0.507s] Level 1:colcon.colcon_core.package_identification:_identify(config/node_modules/@types/cors) by extension 'ignore'
[0.507s] Level 1:colcon.colcon_core.package_identification:_identify(config/node_modules/@types/cors) by extension 'ignore_ament_install'
[0.507s] Level 1:colcon.colcon_core.package_identification:_identify(config/node_modules/@types/cors) by extensions ['colcon_pkg']
[0.507s] Level 1:colcon.colcon_core.package_identification:_identify(config/node_modules/@types/cors) by extension 'colcon_pkg'
[0.507s] Level 1:colcon.colcon_core.package_identification:_identify(config/node_modules/@types/cors) by extensions ['colcon_meta']
[0.507s] Level 1:colcon.colcon_core.package_identification:_identify(config/node_modules/@types/cors) by extension 'colcon_meta'
[0.507s] Level 1:colcon.colcon_core.package_identification:_identify(config/node_modules/@types/cors) by extensions ['ros']
[0.507s] Level 1:colcon.colcon_core.package_identification:_identify(config/node_modules/@types/cors) by extension 'ros'
[0.507s] Level 1:colcon.colcon_core.package_identification:_identify(config/node_modules/@types/cors) by extensions ['cmake', 'python']
[0.507s] Level 1:colcon.colcon_core.package_identification:_identify(config/node_modules/@types/cors) by extension 'cmake'
[0.507s] Level 1:colcon.colcon_core.package_identification:_identify(config/node_modules/@types/cors) by extension 'python'
[0.507s] Level 1:colcon.colcon_core.package_identification:_identify(config/node_modules/@types/cors) by extensions ['python_setup_py']
[0.507s] Level 1:colcon.colcon_core.package_identification:_identify(config/node_modules/@types/cors) by extension 'python_setup_py'
[0.507s] Level 1:colcon.colcon_core.package_identification:_identify(config/node_modules/@types/node) by extensions ['ignore', 'ignore_ament_install']
[0.508s] Level 1:colcon.colcon_core.package_identification:_identify(config/node_modules/@types/node) by extension 'ignore'
[0.508s] Level 1:colcon.colcon_core.package_identification:_identify(config/node_modules/@types/node) by extension 'ignore_ament_install'
[0.508s] Level 1:colcon.colcon_core.package_identification:_identify(config/node_modules/@types/node) by extensions ['colcon_pkg']
[0.508s] Level 1:colcon.colcon_core.package_identification:_identify(config/node_modules/@types/node) by extension 'colcon_pkg'
[0.508s] Level 1:colcon.colcon_core.package_identification:_identify(config/node_modules/@types/node) by extensions ['colcon_meta']
[0.508s] Level 1:colcon.colcon_core.package_identification:_identify(config/node_modules/@types/node) by extension 'colcon_meta'
[0.508s] Level 1:colcon.colcon_core.package_identification:_identify(config/node_modules/@types/node) by extensions ['ros']
[0.508s] Level 1:colcon.colcon_core.package_identification:_identify(config/node_modules/@types/node) by extension 'ros'
[0.508s] Level 1:colcon.colcon_core.package_identification:_identify(config/node_modules/@types/node) by extensions ['cmake', 'python']
[0.508s] Level 1:colcon.colcon_core.package_identification:_identify(config/node_modules/@types/node) by extension 'cmake'
[0.508s] Level 1:colcon.colcon_core.package_identification:_identify(config/node_modules/@types/node) by extension 'python'
[0.508s] Level 1:colcon.colcon_core.package_identification:_identify(config/node_modules/@types/node) by extensions ['python_setup_py']
[0.508s] Level 1:colcon.colcon_core.package_identification:_identify(config/node_modules/@types/node) by extension 'python_setup_py'
[0.508s] Level 1:colcon.colcon_core.package_identification:_identify(config/node_modules/@types/node/assert) by extensions ['ignore', 'ignore_ament_install']
[0.508s] Level 1:colcon.colcon_core.package_identification:_identify(config/node_modules/@types/node/assert) by extension 'ignore'
[0.508s] Level 1:colcon.colcon_core.package_identification:_identify(config/node_modules/@types/node/assert) by extension 'ignore_ament_install'
[0.508s] Level 1:colcon.colcon_core.package_identification:_identify(config/node_modules/@types/node/assert) by extensions ['colcon_pkg']
[0.509s] Level 1:colcon.colcon_core.package_identification:_identify(config/node_modules/@types/node/assert) by extension 'colcon_pkg'
[0.509s] Level 1:colcon.colcon_core.package_identification:_identify(config/node_modules/@types/node/assert) by extensions ['colcon_meta']
[0.509s] Level 1:colcon.colcon_core.package_identification:_identify(config/node_modules/@types/node/assert) by extension 'colcon_meta'
[0.509s] Level 1:colcon.colcon_core.package_identification:_identify(config/node_modules/@types/node/assert) by extensions ['ros']
[0.509s] Level 1:colcon.colcon_core.package_identification:_identify(config/node_modules/@types/node/assert) by extension 'ros'
[0.509s] Level 1:colcon.colcon_core.package_identification:_identify(config/node_modules/@types/node/assert) by extensions ['cmake', 'python']
[0.509s] Level 1:colcon.colcon_core.package_identification:_identify(config/node_modules/@types/node/assert) by extension 'cmake'
[0.509s] Level 1:colcon.colcon_core.package_identification:_identify(config/node_modules/@types/node/assert) by extension 'python'
[0.509s] Level 1:colcon.colcon_core.package_identification:_identify(config/node_modules/@types/node/assert) by extensions ['python_setup_py']
[0.509s] Level 1:colcon.colcon_core.package_identification:_identify(config/node_modules/@types/node/assert) by extension 'python_setup_py'
[0.510s] Level 1:colcon.colcon_core.package_identification:_identify(config/node_modules/@types/node/compatibility) by extensions ['ignore', 'ignore_ament_install']
[0.510s] Level 1:colcon.colcon_core.package_identification:_identify(config/node_modules/@types/node/compatibility) by extension 'ignore'
[0.510s] Level 1:colcon.colcon_core.package_identification:_identify(config/node_modules/@types/node/compatibility) by extension 'ignore_ament_install'
[0.510s] Level 1:colcon.colcon_core.package_identification:_identify(config/node_modules/@types/node/compatibility) by extensions ['colcon_pkg']
[0.510s] Level 1:colcon.colcon_core.package_identification:_identify(config/node_modules/@types/node/compatibility) by extension 'colcon_pkg'
[0.510s] Level 1:colcon.colcon_core.package_identification:_identify(config/node_modules/@types/node/compatibility) by extensions ['colcon_meta']
[0.510s] Level 1:colcon.colcon_core.package_identification:_identify(config/node_modules/@types/node/compatibility) by extension 'colcon_meta'
[0.510s] Level 1:colcon.colcon_core.package_identification:_identify(config/node_modules/@types/node/compatibility) by extensions ['ros']
[0.510s] Level 1:colcon.colcon_core.package_identification:_identify(config/node_modules/@types/node/compatibility) by extension 'ros'
[0.510s] Level 1:colcon.colcon_core.package_identification:_identify(config/node_modules/@types/node/compatibility) by extensions ['cmake', 'python']
[0.510s] Level 1:colcon.colcon_core.package_identification:_identify(config/node_modules/@types/node/compatibility) by extension 'cmake'
[0.510s] Level 1:colcon.colcon_core.package_identification:_identify(config/node_modules/@types/node/compatibility) by extension 'python'
[0.510s] Level 1:colcon.colcon_core.package_identification:_identify(config/node_modules/@types/node/compatibility) by extensions ['python_setup_py']
[0.510s] Level 1:colcon.colcon_core.package_identification:_identify(config/node_modules/@types/node/compatibility) by extension 'python_setup_py'
[0.511s] Level 1:colcon.colcon_core.package_identification:_identify(config/node_modules/@types/node/dns) by extensions ['ignore', 'ignore_ament_install']
[0.511s] Level 1:colcon.colcon_core.package_identification:_identify(config/node_modules/@types/node/dns) by extension 'ignore'
[0.511s] Level 1:colcon.colcon_core.package_identification:_identify(config/node_modules/@types/node/dns) by extension 'ignore_ament_install'
[0.511s] Level 1:colcon.colcon_core.package_identification:_identify(config/node_modules/@types/node/dns) by extensions ['colcon_pkg']
[0.511s] Level 1:colcon.colcon_core.package_identification:_identify(config/node_modules/@types/node/dns) by extension 'colcon_pkg'
[0.511s] Level 1:colcon.colcon_core.package_identification:_identify(config/node_modules/@types/node/dns) by extensions ['colcon_meta']
[0.511s] Level 1:colcon.colcon_core.package_identification:_identify(config/node_modules/@types/node/dns) by extension 'colcon_meta'
[0.511s] Level 1:colcon.colcon_core.package_identification:_identify(config/node_modules/@types/node/dns) by extensions ['ros']
[0.511s] Level 1:colcon.colcon_core.package_identification:_identify(config/node_modules/@types/node/dns) by extension 'ros'
[0.512s] Level 1:colcon.colcon_core.package_identification:_identify(config/node_modules/@types/node/dns) by extensions ['cmake', 'python']
[0.512s] Level 1:colcon.colcon_core.package_identification:_identify(config/node_modules/@types/node/dns) by extension 'cmake'
[0.512s] Level 1:colcon.colcon_core.package_identification:_identify(config/node_modules/@types/node/dns) by extension 'python'
[0.512s] Level 1:colcon.colcon_core.package_identification:_identify(config/node_modules/@types/node/dns) by extensions ['python_setup_py']
[0.512s] Level 1:colcon.colcon_core.package_identification:_identify(config/node_modules/@types/node/dns) by extension 'python_setup_py'
[0.512s] Level 1:colcon.colcon_core.package_identification:_identify(config/node_modules/@types/node/fs) by extensions ['ignore', 'ignore_ament_install']
[0.512s] Level 1:colcon.colcon_core.package_identification:_identify(config/node_modules/@types/node/fs) by extension 'ignore'
[0.512s] Level 1:colcon.colcon_core.package_identification:_identify(config/node_modules/@types/node/fs) by extension 'ignore_ament_install'
[0.512s] Level 1:colcon.colcon_core.package_identification:_identify(config/node_modules/@types/node/fs) by extensions ['colcon_pkg']
[0.512s] Level 1:colcon.colcon_core.package_identification:_identify(config/node_modules/@types/node/fs) by extension 'colcon_pkg'
[0.512s] Level 1:colcon.colcon_core.package_identification:_identify(config/node_modules/@types/node/fs) by extensions ['colcon_meta']
[0.512s] Level 1:colcon.colcon_core.package_identification:_identify(config/node_modules/@types/node/fs) by extension 'colcon_meta'
[0.512s] Level 1:colcon.colcon_core.package_identification:_identify(config/node_modules/@types/node/fs) by extensions ['ros']
[0.512s] Level 1:colcon.colcon_core.package_identification:_identify(config/node_modules/@types/node/fs) by extension 'ros'
[0.512s] Level 1:colcon.colcon_core.package_identification:_identify(config/node_modules/@types/node/fs) by extensions ['cmake', 'python']
[0.512s] Level 1:colcon.colcon_core.package_identification:_identify(config/node_modules/@types/node/fs) by extension 'cmake'
[0.512s] Level 1:colcon.colcon_core.package_identification:_identify(config/node_modules/@types/node/fs) by extension 'python'
[0.513s] Level 1:colcon.colcon_core.package_identification:_identify(config/node_modules/@types/node/fs) by extensions ['python_setup_py']
[0.513s] Level 1:colcon.colcon_core.package_identification:_identify(config/node_modules/@types/node/fs) by extension 'python_setup_py'
[0.513s] Level 1:colcon.colcon_core.package_identification:_identify(config/node_modules/@types/node/inspector) by extensions ['ignore', 'ignore_ament_install']
[0.513s] Level 1:colcon.colcon_core.package_identification:_identify(config/node_modules/@types/node/inspector) by extension 'ignore'
[0.513s] Level 1:colcon.colcon_core.package_identification:_identify(config/node_modules/@types/node/inspector) by extension 'ignore_ament_install'
[0.513s] Level 1:colcon.colcon_core.package_identification:_identify(config/node_modules/@types/node/inspector) by extensions ['colcon_pkg']
[0.513s] Level 1:colcon.colcon_core.package_identification:_identify(config/node_modules/@types/node/inspector) by extension 'colcon_pkg'
[0.513s] Level 1:colcon.colcon_core.package_identification:_identify(config/node_modules/@types/node/inspector) by extensions ['colcon_meta']
[0.513s] Level 1:colcon.colcon_core.package_identification:_identify(config/node_modules/@types/node/inspector) by extension 'colcon_meta'
[0.513s] Level 1:colcon.colcon_core.package_identification:_identify(config/node_modules/@types/node/inspector) by extensions ['ros']
[0.513s] Level 1:colcon.colcon_core.package_identification:_identify(config/node_modules/@types/node/inspector) by extension 'ros'
[0.513s] Level 1:colcon.colcon_core.package_identification:_identify(config/node_modules/@types/node/inspector) by extensions ['cmake', 'python']
[0.513s] Level 1:colcon.colcon_core.package_identification:_identify(config/node_modules/@types/node/inspector) by extension 'cmake'
[0.513s] Level 1:colcon.colcon_core.package_identification:_identify(config/node_modules/@types/node/inspector) by extension 'python'
[0.513s] Level 1:colcon.colcon_core.package_identification:_identify(config/node_modules/@types/node/inspector) by extensions ['python_setup_py']
[0.513s] Level 1:colcon.colcon_core.package_identification:_identify(config/node_modules/@types/node/inspector) by extension 'python_setup_py'
[0.513s] Level 1:colcon.colcon_core.package_identification:_identify(config/node_modules/@types/node/path) by extensions ['ignore', 'ignore_ament_install']
[0.513s] Level 1:colcon.colcon_core.package_identification:_identify(config/node_modules/@types/node/path) by extension 'ignore'
[0.513s] Level 1:colcon.colcon_core.package_identification:_identify(config/node_modules/@types/node/path) by extension 'ignore_ament_install'
[0.513s] Level 1:colcon.colcon_core.package_identification:_identify(config/node_modules/@types/node/path) by extensions ['colcon_pkg']
[0.513s] Level 1:colcon.colcon_core.package_identification:_identify(config/node_modules/@types/node/path) by extension 'colcon_pkg'
[0.513s] Level 1:colcon.colcon_core.package_identification:_identify(config/node_modules/@types/node/path) by extensions ['colcon_meta']
[0.514s] Level 1:colcon.colcon_core.package_identification:_identify(config/node_modules/@types/node/path) by extension 'colcon_meta'
[0.514s] Level 1:colcon.colcon_core.package_identification:_identify(config/node_modules/@types/node/path) by extensions ['ros']
[0.514s] Level 1:colcon.colcon_core.package_identification:_identify(config/node_modules/@types/node/path) by extension 'ros'
[0.514s] Level 1:colcon.colcon_core.package_identification:_identify(config/node_modules/@types/node/path) by extensions ['cmake', 'python']
[0.514s] Level 1:colcon.colcon_core.package_identification:_identify(config/node_modules/@types/node/path) by extension 'cmake'
[0.514s] Level 1:colcon.colcon_core.package_identification:_identify(config/node_modules/@types/node/path) by extension 'python'
[0.514s] Level 1:colcon.colcon_core.package_identification:_identify(config/node_modules/@types/node/path) by extensions ['python_setup_py']
[0.514s] Level 1:colcon.colcon_core.package_identification:_identify(config/node_modules/@types/node/path) by extension 'python_setup_py'
[0.514s] Level 1:colcon.colcon_core.package_identification:_identify(config/node_modules/@types/node/readline) by extensions ['ignore', 'ignore_ament_install']
[0.514s] Level 1:colcon.colcon_core.package_identification:_identify(config/node_modules/@types/node/readline) by extension 'ignore'
[0.514s] Level 1:colcon.colcon_core.package_identification:_identify(config/node_modules/@types/node/readline) by extension 'ignore_ament_install'
[0.514s] Level 1:colcon.colcon_core.package_identification:_identify(config/node_modules/@types/node/readline) by extensions ['colcon_pkg']
[0.514s] Level 1:colcon.colcon_core.package_identification:_identify(config/node_modules/@types/node/readline) by extension 'colcon_pkg'
[0.514s] Level 1:colcon.colcon_core.package_identification:_identify(config/node_modules/@types/node/readline) by extensions ['colcon_meta']
[0.514s] Level 1:colcon.colcon_core.package_identification:_identify(config/node_modules/@types/node/readline) by extension 'colcon_meta'
[0.514s] Level 1:colcon.colcon_core.package_identification:_identify(config/node_modules/@types/node/readline) by extensions ['ros']
[0.514s] Level 1:colcon.colcon_core.package_identification:_identify(config/node_modules/@types/node/readline) by extension 'ros'
[0.514s] Level 1:colcon.colcon_core.package_identification:_identify(config/node_modules/@types/node/readline) by extensions ['cmake', 'python']
[0.514s] Level 1:colcon.colcon_core.package_identification:_identify(config/node_modules/@types/node/readline) by extension 'cmake'
[0.515s] Level 1:colcon.colcon_core.package_identification:_identify(config/node_modules/@types/node/readline) by extension 'python'
[0.515s] Level 1:colcon.colcon_core.package_identification:_identify(config/node_modules/@types/node/readline) by extensions ['python_setup_py']
[0.515s] Level 1:colcon.colcon_core.package_identification:_identify(config/node_modules/@types/node/readline) by extension 'python_setup_py'
[0.515s] Level 1:colcon.colcon_core.package_identification:_identify(config/node_modules/@types/node/stream) by extensions ['ignore', 'ignore_ament_install']
[0.515s] Level 1:colcon.colcon_core.package_identification:_identify(config/node_modules/@types/node/stream) by extension 'ignore'
[0.515s] Level 1:colcon.colcon_core.package_identification:_identify(config/node_modules/@types/node/stream) by extension 'ignore_ament_install'
[0.515s] Level 1:colcon.colcon_core.package_identification:_identify(config/node_modules/@types/node/stream) by extensions ['colcon_pkg']
[0.515s] Level 1:colcon.colcon_core.package_identification:_identify(config/node_modules/@types/node/stream) by extension 'colcon_pkg'
[0.515s] Level 1:colcon.colcon_core.package_identification:_identify(config/node_modules/@types/node/stream) by extensions ['colcon_meta']
[0.515s] Level 1:colcon.colcon_core.package_identification:_identify(config/node_modules/@types/node/stream) by extension 'colcon_meta'
[0.515s] Level 1:colcon.colcon_core.package_identification:_identify(config/node_modules/@types/node/stream) by extensions ['ros']
[0.515s] Level 1:colcon.colcon_core.package_identification:_identify(config/node_modules/@types/node/stream) by extension 'ros'
[0.516s] Level 1:colcon.colcon_core.package_identification:_identify(config/node_modules/@types/node/stream) by extensions ['cmake', 'python']
[0.516s] Level 1:colcon.colcon_core.package_identification:_identify(config/node_modules/@types/node/stream) by extension 'cmake'
[0.516s] Level 1:colcon.colcon_core.package_identification:_identify(config/node_modules/@types/node/stream) by extension 'python'
[0.516s] Level 1:colcon.colcon_core.package_identification:_identify(config/node_modules/@types/node/stream) by extensions ['python_setup_py']
[0.516s] Level 1:colcon.colcon_core.package_identification:_identify(config/node_modules/@types/node/stream) by extension 'python_setup_py'
[0.516s] Level 1:colcon.colcon_core.package_identification:_identify(config/node_modules/@types/node/test) by extensions ['ignore', 'ignore_ament_install']
[0.516s] Level 1:colcon.colcon_core.package_identification:_identify(config/node_modules/@types/node/test) by extension 'ignore'
[0.516s] Level 1:colcon.colcon_core.package_identification:_identify(config/node_modules/@types/node/test) by extension 'ignore_ament_install'
[0.516s] Level 1:colcon.colcon_core.package_identification:_identify(config/node_modules/@types/node/test) by extensions ['colcon_pkg']
[0.516s] Level 1:colcon.colcon_core.package_identification:_identify(config/node_modules/@types/node/test) by extension 'colcon_pkg'
[0.516s] Level 1:colcon.colcon_core.package_identification:_identify(config/node_modules/@types/node/test) by extensions ['colcon_meta']
[0.516s] Level 1:colcon.colcon_core.package_identification:_identify(config/node_modules/@types/node/test) by extension 'colcon_meta'
[0.516s] Level 1:colcon.colcon_core.package_identification:_identify(config/node_modules/@types/node/test) by extensions ['ros']
[0.516s] Level 1:colcon.colcon_core.package_identification:_identify(config/node_modules/@types/node/test) by extension 'ros'
[0.516s] Level 1:colcon.colcon_core.package_identification:_identify(config/node_modules/@types/node/test) by extensions ['cmake', 'python']
[0.516s] Level 1:colcon.colcon_core.package_identification:_identify(config/node_modules/@types/node/test) by extension 'cmake'
[0.516s] Level 1:colcon.colcon_core.package_identification:_identify(config/node_modules/@types/node/test) by extension 'python'
[0.516s] Level 1:colcon.colcon_core.package_identification:_identify(config/node_modules/@types/node/test) by extensions ['python_setup_py']
[0.516s] Level 1:colcon.colcon_core.package_identification:_identify(config/node_modules/@types/node/test) by extension 'python_setup_py'
[0.517s] Level 1:colcon.colcon_core.package_identification:_identify(config/node_modules/@types/node/timers) by extensions ['ignore', 'ignore_ament_install']
[0.517s] Level 1:colcon.colcon_core.package_identification:_identify(config/node_modules/@types/node/timers) by extension 'ignore'
[0.517s] Level 1:colcon.colcon_core.package_identification:_identify(config/node_modules/@types/node/timers) by extension 'ignore_ament_install'
[0.517s] Level 1:colcon.colcon_core.package_identification:_identify(config/node_modules/@types/node/timers) by extensions ['colcon_pkg']
[0.517s] Level 1:colcon.colcon_core.package_identification:_identify(config/node_modules/@types/node/timers) by extension 'colcon_pkg'
[0.517s] Level 1:colcon.colcon_core.package_identification:_identify(config/node_modules/@types/node/timers) by extensions ['colcon_meta']
[0.517s] Level 1:colcon.colcon_core.package_identification:_identify(config/node_modules/@types/node/timers) by extension 'colcon_meta'
[0.517s] Level 1:colcon.colcon_core.package_identification:_identify(config/node_modules/@types/node/timers) by extensions ['ros']
[0.517s] Level 1:colcon.colcon_core.package_identification:_identify(config/node_modules/@types/node/timers) by extension 'ros'
[0.517s] Level 1:colcon.colcon_core.package_identification:_identify(config/node_modules/@types/node/timers) by extensions ['cmake', 'python']
[0.517s] Level 1:colcon.colcon_core.package_identification:_identify(config/node_modules/@types/node/timers) by extension 'cmake'
[0.517s] Level 1:colcon.colcon_core.package_identification:_identify(config/node_modules/@types/node/timers) by extension 'python'
[0.517s] Level 1:colcon.colcon_core.package_identification:_identify(config/node_modules/@types/node/timers) by extensions ['python_setup_py']
[0.518s] Level 1:colcon.colcon_core.package_identification:_identify(config/node_modules/@types/node/timers) by extension 'python_setup_py'
[0.518s] Level 1:colcon.colcon_core.package_identification:_identify(config/node_modules/@types/node/ts5.6) by extensions ['ignore', 'ignore_ament_install']
[0.518s] Level 1:colcon.colcon_core.package_identification:_identify(config/node_modules/@types/node/ts5.6) by extension 'ignore'
[0.518s] Level 1:colcon.colcon_core.package_identification:_identify(config/node_modules/@types/node/ts5.6) by extension 'ignore_ament_install'
[0.518s] Level 1:colcon.colcon_core.package_identification:_identify(config/node_modules/@types/node/ts5.6) by extensions ['colcon_pkg']
[0.518s] Level 1:colcon.colcon_core.package_identification:_identify(config/node_modules/@types/node/ts5.6) by extension 'colcon_pkg'
[0.518s] Level 1:colcon.colcon_core.package_identification:_identify(config/node_modules/@types/node/ts5.6) by extensions ['colcon_meta']
[0.518s] Level 1:colcon.colcon_core.package_identification:_identify(config/node_modules/@types/node/ts5.6) by extension 'colcon_meta'
[0.518s] Level 1:colcon.colcon_core.package_identification:_identify(config/node_modules/@types/node/ts5.6) by extensions ['ros']
[0.518s] Level 1:colcon.colcon_core.package_identification:_identify(config/node_modules/@types/node/ts5.6) by extension 'ros'
[0.518s] Level 1:colcon.colcon_core.package_identification:_identify(config/node_modules/@types/node/ts5.6) by extensions ['cmake', 'python']
[0.519s] Level 1:colcon.colcon_core.package_identification:_identify(config/node_modules/@types/node/ts5.6) by extension 'cmake'
[0.519s] Level 1:colcon.colcon_core.package_identification:_identify(config/node_modules/@types/node/ts5.6) by extension 'python'
[0.519s] Level 1:colcon.colcon_core.package_identification:_identify(config/node_modules/@types/node/ts5.6) by extensions ['python_setup_py']
[0.519s] Level 1:colcon.colcon_core.package_identification:_identify(config/node_modules/@types/node/ts5.6) by extension 'python_setup_py'
[0.519s] Level 1:colcon.colcon_core.package_identification:_identify(config/node_modules/@types/node/ts5.6/compatibility) by extensions ['ignore', 'ignore_ament_install']
[0.519s] Level 1:colcon.colcon_core.package_identification:_identify(config/node_modules/@types/node/ts5.6/compatibility) by extension 'ignore'
[0.519s] Level 1:colcon.colcon_core.package_identification:_identify(config/node_modules/@types/node/ts5.6/compatibility) by extension 'ignore_ament_install'
[0.519s] Level 1:colcon.colcon_core.package_identification:_identify(config/node_modules/@types/node/ts5.6/compatibility) by extensions ['colcon_pkg']
[0.519s] Level 1:colcon.colcon_core.package_identification:_identify(config/node_modules/@types/node/ts5.6/compatibility) by extension 'colcon_pkg'
[0.519s] Level 1:colcon.colcon_core.package_identification:_identify(config/node_modules/@types/node/ts5.6/compatibility) by extensions ['colcon_meta']
[0.520s] Level 1:colcon.colcon_core.package_identification:_identify(config/node_modules/@types/node/ts5.6/compatibility) by extension 'colcon_meta'
[0.520s] Level 1:colcon.colcon_core.package_identification:_identify(config/node_modules/@types/node/ts5.6/compatibility) by extensions ['ros']
[0.520s] Level 1:colcon.colcon_core.package_identification:_identify(config/node_modules/@types/node/ts5.6/compatibility) by extension 'ros'
[0.520s] Level 1:colcon.colcon_core.package_identification:_identify(config/node_modules/@types/node/ts5.6/compatibility) by extensions ['cmake', 'python']
[0.520s] Level 1:colcon.colcon_core.package_identification:_identify(config/node_modules/@types/node/ts5.6/compatibility) by extension 'cmake'
[0.520s] Level 1:colcon.colcon_core.package_identification:_identify(config/node_modules/@types/node/ts5.6/compatibility) by extension 'python'
[0.520s] Level 1:colcon.colcon_core.package_identification:_identify(config/node_modules/@types/node/ts5.6/compatibility) by extensions ['python_setup_py']
[0.520s] Level 1:colcon.colcon_core.package_identification:_identify(config/node_modules/@types/node/ts5.6/compatibility) by extension 'python_setup_py'
[0.520s] Level 1:colcon.colcon_core.package_identification:_identify(config/node_modules/@types/node/ts5.7) by extensions ['ignore', 'ignore_ament_install']
[0.520s] Level 1:colcon.colcon_core.package_identification:_identify(config/node_modules/@types/node/ts5.7) by extension 'ignore'
[0.520s] Level 1:colcon.colcon_core.package_identification:_identify(config/node_modules/@types/node/ts5.7) by extension 'ignore_ament_install'
[0.521s] Level 1:colcon.colcon_core.package_identification:_identify(config/node_modules/@types/node/ts5.7) by extensions ['colcon_pkg']
[0.521s] Level 1:colcon.colcon_core.package_identification:_identify(config/node_modules/@types/node/ts5.7) by extension 'colcon_pkg'
[0.521s] Level 1:colcon.colcon_core.package_identification:_identify(config/node_modules/@types/node/ts5.7) by extensions ['colcon_meta']
[0.521s] Level 1:colcon.colcon_core.package_identification:_identify(config/node_modules/@types/node/ts5.7) by extension 'colcon_meta'
[0.521s] Level 1:colcon.colcon_core.package_identification:_identify(config/node_modules/@types/node/ts5.7) by extensions ['ros']
[0.521s] Level 1:colcon.colcon_core.package_identification:_identify(config/node_modules/@types/node/ts5.7) by extension 'ros'
[0.521s] Level 1:colcon.colcon_core.package_identification:_identify(config/node_modules/@types/node/ts5.7) by extensions ['cmake', 'python']
[0.521s] Level 1:colcon.colcon_core.package_identification:_identify(config/node_modules/@types/node/ts5.7) by extension 'cmake'
[0.521s] Level 1:colcon.colcon_core.package_identification:_identify(config/node_modules/@types/node/ts5.7) by extension 'python'
[0.521s] Level 1:colcon.colcon_core.package_identification:_identify(config/node_modules/@types/node/ts5.7) by extensions ['python_setup_py']
[0.521s] Level 1:colcon.colcon_core.package_identification:_identify(config/node_modules/@types/node/ts5.7) by extension 'python_setup_py'
[0.521s] Level 1:colcon.colcon_core.package_identification:_identify(config/node_modules/@types/node/ts5.7/compatibility) by extensions ['ignore', 'ignore_ament_install']
[0.522s] Level 1:colcon.colcon_core.package_identification:_identify(config/node_modules/@types/node/ts5.7/compatibility) by extension 'ignore'
[0.522s] Level 1:colcon.colcon_core.package_identification:_identify(config/node_modules/@types/node/ts5.7/compatibility) by extension 'ignore_ament_install'
[0.522s] Level 1:colcon.colcon_core.package_identification:_identify(config/node_modules/@types/node/ts5.7/compatibility) by extensions ['colcon_pkg']
[0.522s] Level 1:colcon.colcon_core.package_identification:_identify(config/node_modules/@types/node/ts5.7/compatibility) by extension 'colcon_pkg'
[0.522s] Level 1:colcon.colcon_core.package_identification:_identify(config/node_modules/@types/node/ts5.7/compatibility) by extensions ['colcon_meta']
[0.522s] Level 1:colcon.colcon_core.package_identification:_identify(config/node_modules/@types/node/ts5.7/compatibility) by extension 'colcon_meta'
[0.522s] Level 1:colcon.colcon_core.package_identification:_identify(config/node_modules/@types/node/ts5.7/compatibility) by extensions ['ros']
[0.522s] Level 1:colcon.colcon_core.package_identification:_identify(config/node_modules/@types/node/ts5.7/compatibility) by extension 'ros'
[0.522s] Level 1:colcon.colcon_core.package_identification:_identify(config/node_modules/@types/node/ts5.7/compatibility) by extensions ['cmake', 'python']
[0.522s] Level 1:colcon.colcon_core.package_identification:_identify(config/node_modules/@types/node/ts5.7/compatibility) by extension 'cmake'
[0.522s] Level 1:colcon.colcon_core.package_identification:_identify(config/node_modules/@types/node/ts5.7/compatibility) by extension 'python'
[0.522s] Level 1:colcon.colcon_core.package_identification:_identify(config/node_modules/@types/node/ts5.7/compatibility) by extensions ['python_setup_py']
[0.522s] Level 1:colcon.colcon_core.package_identification:_identify(config/node_modules/@types/node/ts5.7/compatibility) by extension 'python_setup_py'
[0.522s] Level 1:colcon.colcon_core.package_identification:_identify(config/node_modules/@types/node/util) by extensions ['ignore', 'ignore_ament_install']
[0.522s] Level 1:colcon.colcon_core.package_identification:_identify(config/node_modules/@types/node/util) by extension 'ignore'
[0.522s] Level 1:colcon.colcon_core.package_identification:_identify(config/node_modules/@types/node/util) by extension 'ignore_ament_install'
[0.522s] Level 1:colcon.colcon_core.package_identification:_identify(config/node_modules/@types/node/util) by extensions ['colcon_pkg']
[0.522s] Level 1:colcon.colcon_core.package_identification:_identify(config/node_modules/@types/node/util) by extension 'colcon_pkg'
[0.522s] Level 1:colcon.colcon_core.package_identification:_identify(config/node_modules/@types/node/util) by extensions ['colcon_meta']
[0.522s] Level 1:colcon.colcon_core.package_identification:_identify(config/node_modules/@types/node/util) by extension 'colcon_meta'
[0.522s] Level 1:colcon.colcon_core.package_identification:_identify(config/node_modules/@types/node/util) by extensions ['ros']
[0.522s] Level 1:colcon.colcon_core.package_identification:_identify(config/node_modules/@types/node/util) by extension 'ros'
[0.522s] Level 1:colcon.colcon_core.package_identification:_identify(config/node_modules/@types/node/util) by extensions ['cmake', 'python']
[0.523s] Level 1:colcon.colcon_core.package_identification:_identify(config/node_modules/@types/node/util) by extension 'cmake'
[0.523s] Level 1:colcon.colcon_core.package_identification:_identify(config/node_modules/@types/node/util) by extension 'python'
[0.523s] Level 1:colcon.colcon_core.package_identification:_identify(config/node_modules/@types/node/util) by extensions ['python_setup_py']
[0.523s] Level 1:colcon.colcon_core.package_identification:_identify(config/node_modules/@types/node/util) by extension 'python_setup_py'
[0.523s] Level 1:colcon.colcon_core.package_identification:_identify(config/node_modules/@types/node/web-globals) by extensions ['ignore', 'ignore_ament_install']
[0.523s] Level 1:colcon.colcon_core.package_identification:_identify(config/node_modules/@types/node/web-globals) by extension 'ignore'
[0.523s] Level 1:colcon.colcon_core.package_identification:_identify(config/node_modules/@types/node/web-globals) by extension 'ignore_ament_install'
[0.523s] Level 1:colcon.colcon_core.package_identification:_identify(config/node_modules/@types/node/web-globals) by extensions ['colcon_pkg']
[0.523s] Level 1:colcon.colcon_core.package_identification:_identify(config/node_modules/@types/node/web-globals) by extension 'colcon_pkg'
[0.523s] Level 1:colcon.colcon_core.package_identification:_identify(config/node_modules/@types/node/web-globals) by extensions ['colcon_meta']
[0.523s] Level 1:colcon.colcon_core.package_identification:_identify(config/node_modules/@types/node/web-globals) by extension 'colcon_meta'
[0.523s] Level 1:colcon.colcon_core.package_identification:_identify(config/node_modules/@types/node/web-globals) by extensions ['ros']
[0.523s] Level 1:colcon.colcon_core.package_identification:_identify(config/node_modules/@types/node/web-globals) by extension 'ros'
[0.523s] Level 1:colcon.colcon_core.package_identification:_identify(config/node_modules/@types/node/web-globals) by extensions ['cmake', 'python']
[0.523s] Level 1:colcon.colcon_core.package_identification:_identify(config/node_modules/@types/node/web-globals) by extension 'cmake'
[0.523s] Level 1:colcon.colcon_core.package_identification:_identify(config/node_modules/@types/node/web-globals) by extension 'python'
[0.523s] Level 1:colcon.colcon_core.package_identification:_identify(config/node_modules/@types/node/web-globals) by extensions ['python_setup_py']
[0.523s] Level 1:colcon.colcon_core.package_identification:_identify(config/node_modules/@types/node/web-globals) by extension 'python_setup_py'
[0.524s] Level 1:colcon.colcon_core.package_identification:_identify(config/node_modules/accepts) by extensions ['ignore', 'ignore_ament_install']
[0.524s] Level 1:colcon.colcon_core.package_identification:_identify(config/node_modules/accepts) by extension 'ignore'
[0.524s] Level 1:colcon.colcon_core.package_identification:_identify(config/node_modules/accepts) by extension 'ignore_ament_install'
[0.524s] Level 1:colcon.colcon_core.package_identification:_identify(config/node_modules/accepts) by extensions ['colcon_pkg']
[0.524s] Level 1:colcon.colcon_core.package_identification:_identify(config/node_modules/accepts) by extension 'colcon_pkg'
[0.524s] Level 1:colcon.colcon_core.package_identification:_identify(config/node_modules/accepts) by extensions ['colcon_meta']
[0.524s] Level 1:colcon.colcon_core.package_identification:_identify(config/node_modules/accepts) by extension 'colcon_meta'
[0.524s] Level 1:colcon.colcon_core.package_identification:_identify(config/node_modules/accepts) by extensions ['ros']
[0.524s] Level 1:colcon.colcon_core.package_identification:_identify(config/node_modules/accepts) by extension 'ros'
[0.524s] Level 1:colcon.colcon_core.package_identification:_identify(config/node_modules/accepts) by extensions ['cmake', 'python']
[0.524s] Level 1:colcon.colcon_core.package_identification:_identify(config/node_modules/accepts) by extension 'cmake'
[0.524s] Level 1:colcon.colcon_core.package_identification:_identify(config/node_modules/accepts) by extension 'python'
[0.524s] Level 1:colcon.colcon_core.package_identification:_identify(config/node_modules/accepts) by extensions ['python_setup_py']
[0.524s] Level 1:colcon.colcon_core.package_identification:_identify(config/node_modules/accepts) by extension 'python_setup_py'
[0.524s] Level 1:colcon.colcon_core.package_identification:_identify(config/node_modules/accepts/node_modules) by extensions ['ignore', 'ignore_ament_install']
[0.524s] Level 1:colcon.colcon_core.package_identification:_identify(config/node_modules/accepts/node_modules) by extension 'ignore'
[0.524s] Level 1:colcon.colcon_core.package_identification:_identify(config/node_modules/accepts/node_modules) by extension 'ignore_ament_install'
[0.524s] Level 1:colcon.colcon_core.package_identification:_identify(config/node_modules/accepts/node_modules) by extensions ['colcon_pkg']
[0.524s] Level 1:colcon.colcon_core.package_identification:_identify(config/node_modules/accepts/node_modules) by extension 'colcon_pkg'
[0.524s] Level 1:colcon.colcon_core.package_identification:_identify(config/node_modules/accepts/node_modules) by extensions ['colcon_meta']
[0.524s] Level 1:colcon.colcon_core.package_identification:_identify(config/node_modules/accepts/node_modules) by extension 'colcon_meta'
[0.524s] Level 1:colcon.colcon_core.package_identification:_identify(config/node_modules/accepts/node_modules) by extensions ['ros']
[0.524s] Level 1:colcon.colcon_core.package_identification:_identify(config/node_modules/accepts/node_modules) by extension 'ros'
[0.525s] Level 1:colcon.colcon_core.package_identification:_identify(config/node_modules/accepts/node_modules) by extensions ['cmake', 'python']
[0.525s] Level 1:colcon.colcon_core.package_identification:_identify(config/node_modules/accepts/node_modules) by extension 'cmake'
[0.525s] Level 1:colcon.colcon_core.package_identification:_identify(config/node_modules/accepts/node_modules) by extension 'python'
[0.525s] Level 1:colcon.colcon_core.package_identification:_identify(config/node_modules/accepts/node_modules) by extensions ['python_setup_py']
[0.525s] Level 1:colcon.colcon_core.package_identification:_identify(config/node_modules/accepts/node_modules) by extension 'python_setup_py'
[0.525s] Level 1:colcon.colcon_core.package_identification:_identify(config/node_modules/accepts/node_modules/negotiator) by extensions ['ignore', 'ignore_ament_install']
[0.525s] Level 1:colcon.colcon_core.package_identification:_identify(config/node_modules/accepts/node_modules/negotiator) by extension 'ignore'
[0.525s] Level 1:colcon.colcon_core.package_identification:_identify(config/node_modules/accepts/node_modules/negotiator) by extension 'ignore_ament_install'
[0.525s] Level 1:colcon.colcon_core.package_identification:_identify(config/node_modules/accepts/node_modules/negotiator) by extensions ['colcon_pkg']
[0.525s] Level 1:colcon.colcon_core.package_identification:_identify(config/node_modules/accepts/node_modules/negotiator) by extension 'colcon_pkg'
[0.525s] Level 1:colcon.colcon_core.package_identification:_identify(config/node_modules/accepts/node_modules/negotiator) by extensions ['colcon_meta']
[0.525s] Level 1:colcon.colcon_core.package_identification:_identify(config/node_modules/accepts/node_modules/negotiator) by extension 'colcon_meta'
[0.525s] Level 1:colcon.colcon_core.package_identification:_identify(config/node_modules/accepts/node_modules/negotiator) by extensions ['ros']
[0.525s] Level 1:colcon.colcon_core.package_identification:_identify(config/node_modules/accepts/node_modules/negotiator) by extension 'ros'
[0.525s] Level 1:colcon.colcon_core.package_identification:_identify(config/node_modules/accepts/node_modules/negotiator) by extensions ['cmake', 'python']
[0.525s] Level 1:colcon.colcon_core.package_identification:_identify(config/node_modules/accepts/node_modules/negotiator) by extension 'cmake'
[0.526s] Level 1:colcon.colcon_core.package_identification:_identify(config/node_modules/accepts/node_modules/negotiator) by extension 'python'
[0.526s] Level 1:colcon.colcon_core.package_identification:_identify(config/node_modules/accepts/node_modules/negotiator) by extensions ['python_setup_py']
[0.526s] Level 1:colcon.colcon_core.package_identification:_identify(config/node_modules/accepts/node_modules/negotiator) by extension 'python_setup_py'
[0.526s] Level 1:colcon.colcon_core.package_identification:_identify(config/node_modules/accepts/node_modules/negotiator/lib) by extensions ['ignore', 'ignore_ament_install']
[0.526s] Level 1:colcon.colcon_core.package_identification:_identify(config/node_modules/accepts/node_modules/negotiator/lib) by extension 'ignore'
[0.526s] Level 1:colcon.colcon_core.package_identification:_identify(config/node_modules/accepts/node_modules/negotiator/lib) by extension 'ignore_ament_install'
[0.526s] Level 1:colcon.colcon_core.package_identification:_identify(config/node_modules/accepts/node_modules/negotiator/lib) by extensions ['colcon_pkg']
[0.526s] Level 1:colcon.colcon_core.package_identification:_identify(config/node_modules/accepts/node_modules/negotiator/lib) by extension 'colcon_pkg'
[0.526s] Level 1:colcon.colcon_core.package_identification:_identify(config/node_modules/accepts/node_modules/negotiator/lib) by extensions ['colcon_meta']
[0.526s] Level 1:colcon.colcon_core.package_identification:_identify(config/node_modules/accepts/node_modules/negotiator/lib) by extension 'colcon_meta'
[0.526s] Level 1:colcon.colcon_core.package_identification:_identify(config/node_modules/accepts/node_modules/negotiator/lib) by extensions ['ros']
[0.527s] Level 1:colcon.colcon_core.package_identification:_identify(config/node_modules/accepts/node_modules/negotiator/lib) by extension 'ros'
[0.527s] Level 1:colcon.colcon_core.package_identification:_identify(config/node_modules/accepts/node_modules/negotiator/lib) by extensions ['cmake', 'python']
[0.527s] Level 1:colcon.colcon_core.package_identification:_identify(config/node_modules/accepts/node_modules/negotiator/lib) by extension 'cmake'
[0.527s] Level 1:colcon.colcon_core.package_identification:_identify(config/node_modules/accepts/node_modules/negotiator/lib) by extension 'python'
[0.527s] Level 1:colcon.colcon_core.package_identification:_identify(config/node_modules/accepts/node_modules/negotiator/lib) by extensions ['python_setup_py']
[0.527s] Level 1:colcon.colcon_core.package_identification:_identify(config/node_modules/accepts/node_modules/negotiator/lib) by extension 'python_setup_py'
[0.527s] Level 1:colcon.colcon_core.package_identification:_identify(config/node_modules/base64id) by extensions ['ignore', 'ignore_ament_install']
[0.527s] Level 1:colcon.colcon_core.package_identification:_identify(config/node_modules/base64id) by extension 'ignore'
[0.527s] Level 1:colcon.colcon_core.package_identification:_identify(config/node_modules/base64id) by extension 'ignore_ament_install'
[0.527s] Level 1:colcon.colcon_core.package_identification:_identify(config/node_modules/base64id) by extensions ['colcon_pkg']
[0.527s] Level 1:colcon.colcon_core.package_identification:_identify(config/node_modules/base64id) by extension 'colcon_pkg'
[0.527s] Level 1:colcon.colcon_core.package_identification:_identify(config/node_modules/base64id) by extensions ['colcon_meta']
[0.527s] Level 1:colcon.colcon_core.package_identification:_identify(config/node_modules/base64id) by extension 'colcon_meta'
[0.527s] Level 1:colcon.colcon_core.package_identification:_identify(config/node_modules/base64id) by extensions ['ros']
[0.527s] Level 1:colcon.colcon_core.package_identification:_identify(config/node_modules/base64id) by extension 'ros'
[0.527s] Level 1:colcon.colcon_core.package_identification:_identify(config/node_modules/base64id) by extensions ['cmake', 'python']
[0.527s] Level 1:colcon.colcon_core.package_identification:_identify(config/node_modules/base64id) by extension 'cmake'
[0.527s] Level 1:colcon.colcon_core.package_identification:_identify(config/node_modules/base64id) by extension 'python'
[0.527s] Level 1:colcon.colcon_core.package_identification:_identify(config/node_modules/base64id) by extensions ['python_setup_py']
[0.528s] Level 1:colcon.colcon_core.package_identification:_identify(config/node_modules/base64id) by extension 'python_setup_py'
[0.528s] Level 1:colcon.colcon_core.package_identification:_identify(config/node_modules/base64id/lib) by extensions ['ignore', 'ignore_ament_install']
[0.528s] Level 1:colcon.colcon_core.package_identification:_identify(config/node_modules/base64id/lib) by extension 'ignore'
[0.528s] Level 1:colcon.colcon_core.package_identification:_identify(config/node_modules/base64id/lib) by extension 'ignore_ament_install'
[0.528s] Level 1:colcon.colcon_core.package_identification:_identify(config/node_modules/base64id/lib) by extensions ['colcon_pkg']
[0.528s] Level 1:colcon.colcon_core.package_identification:_identify(config/node_modules/base64id/lib) by extension 'colcon_pkg'
[0.528s] Level 1:colcon.colcon_core.package_identification:_identify(config/node_modules/base64id/lib) by extensions ['colcon_meta']
[0.528s] Level 1:colcon.colcon_core.package_identification:_identify(config/node_modules/base64id/lib) by extension 'colcon_meta'
[0.528s] Level 1:colcon.colcon_core.package_identification:_identify(config/node_modules/base64id/lib) by extensions ['ros']
[0.528s] Level 1:colcon.colcon_core.package_identification:_identify(config/node_modules/base64id/lib) by extension 'ros'
[0.528s] Level 1:colcon.colcon_core.package_identification:_identify(config/node_modules/base64id/lib) by extensions ['cmake', 'python']
[0.528s] Level 1:colcon.colcon_core.package_identification:_identify(config/node_modules/base64id/lib) by extension 'cmake'
[0.528s] Level 1:colcon.colcon_core.package_identification:_identify(config/node_modules/base64id/lib) by extension 'python'
[0.528s] Level 1:colcon.colcon_core.package_identification:_identify(config/node_modules/base64id/lib) by extensions ['python_setup_py']
[0.528s] Level 1:colcon.colcon_core.package_identification:_identify(config/node_modules/base64id/lib) by extension 'python_setup_py'
[0.528s] Level 1:colcon.colcon_core.package_identification:_identify(config/node_modules/bytes) by extensions ['ignore', 'ignore_ament_install']
[0.529s] Level 1:colcon.colcon_core.package_identification:_identify(config/node_modules/bytes) by extension 'ignore'
[0.529s] Level 1:colcon.colcon_core.package_identification:_identify(config/node_modules/bytes) by extension 'ignore_ament_install'
[0.529s] Level 1:colcon.colcon_core.package_identification:_identify(config/node_modules/bytes) by extensions ['colcon_pkg']
[0.529s] Level 1:colcon.colcon_core.package_identification:_identify(config/node_modules/bytes) by extension 'colcon_pkg'
[0.529s] Level 1:colcon.colcon_core.package_identification:_identify(config/node_modules/bytes) by extensions ['colcon_meta']
[0.529s] Level 1:colcon.colcon_core.package_identification:_identify(config/node_modules/bytes) by extension 'colcon_meta'
[0.529s] Level 1:colcon.colcon_core.package_identification:_identify(config/node_modules/bytes) by extensions ['ros']
[0.529s] Level 1:colcon.colcon_core.package_identification:_identify(config/node_modules/bytes) by extension 'ros'
[0.529s] Level 1:colcon.colcon_core.package_identification:_identify(config/node_modules/bytes) by extensions ['cmake', 'python']
[0.529s] Level 1:colcon.colcon_core.package_identification:_identify(config/node_modules/bytes) by extension 'cmake'
[0.529s] Level 1:colcon.colcon_core.package_identification:_identify(config/node_modules/bytes) by extension 'python'
[0.529s] Level 1:colcon.colcon_core.package_identification:_identify(config/node_modules/bytes) by extensions ['python_setup_py']
[0.529s] Level 1:colcon.colcon_core.package_identification:_identify(config/node_modules/bytes) by extension 'python_setup_py'
[0.529s] Level 1:colcon.colcon_core.package_identification:_identify(config/node_modules/compressible) by extensions ['ignore', 'ignore_ament_install']
[0.529s] Level 1:colcon.colcon_core.package_identification:_identify(config/node_modules/compressible) by extension 'ignore'
[0.529s] Level 1:colcon.colcon_core.package_identification:_identify(config/node_modules/compressible) by extension 'ignore_ament_install'
[0.530s] Level 1:colcon.colcon_core.package_identification:_identify(config/node_modules/compressible) by extensions ['colcon_pkg']
[0.530s] Level 1:colcon.colcon_core.package_identification:_identify(config/node_modules/compressible) by extension 'colcon_pkg'
[0.530s] Level 1:colcon.colcon_core.package_identification:_identify(config/node_modules/compressible) by extensions ['colcon_meta']
[0.530s] Level 1:colcon.colcon_core.package_identification:_identify(config/node_modules/compressible) by extension 'colcon_meta'
[0.530s] Level 1:colcon.colcon_core.package_identification:_identify(config/node_modules/compressible) by extensions ['ros']
[0.530s] Level 1:colcon.colcon_core.package_identification:_identify(config/node_modules/compressible) by extension 'ros'
[0.530s] Level 1:colcon.colcon_core.package_identification:_identify(config/node_modules/compressible) by extensions ['cmake', 'python']
[0.530s] Level 1:colcon.colcon_core.package_identification:_identify(config/node_modules/compressible) by extension 'cmake'
[0.530s] Level 1:colcon.colcon_core.package_identification:_identify(config/node_modules/compressible) by extension 'python'
[0.530s] Level 1:colcon.colcon_core.package_identification:_identify(config/node_modules/compressible) by extensions ['python_setup_py']
[0.530s] Level 1:colcon.colcon_core.package_identification:_identify(config/node_modules/compressible) by extension 'python_setup_py'
[0.530s] Level 1:colcon.colcon_core.package_identification:_identify(config/node_modules/compression) by extensions ['ignore', 'ignore_ament_install']
[0.530s] Level 1:colcon.colcon_core.package_identification:_identify(config/node_modules/compression) by extension 'ignore'
[0.530s] Level 1:colcon.colcon_core.package_identification:_identify(config/node_modules/compression) by extension 'ignore_ament_install'
[0.530s] Level 1:colcon.colcon_core.package_identification:_identify(config/node_modules/compression) by extensions ['colcon_pkg']
[0.530s] Level 1:colcon.colcon_core.package_identification:_identify(config/node_modules/compression) by extension 'colcon_pkg'
[0.530s] Level 1:colcon.colcon_core.package_identification:_identify(config/node_modules/compression) by extensions ['colcon_meta']
[0.530s] Level 1:colcon.colcon_core.package_identification:_identify(config/node_modules/compression) by extension 'colcon_meta'
[0.530s] Level 1:colcon.colcon_core.package_identification:_identify(config/node_modules/compression) by extensions ['ros']
[0.530s] Level 1:colcon.colcon_core.package_identification:_identify(config/node_modules/compression) by extension 'ros'
[0.531s] Level 1:colcon.colcon_core.package_identification:_identify(config/node_modules/compression) by extensions ['cmake', 'python']
[0.531s] Level 1:colcon.colcon_core.package_identification:_identify(config/node_modules/compression) by extension 'cmake'
[0.531s] Level 1:colcon.colcon_core.package_identification:_identify(config/node_modules/compression) by extension 'python'
[0.531s] Level 1:colcon.colcon_core.package_identification:_identify(config/node_modules/compression) by extensions ['python_setup_py']
[0.531s] Level 1:colcon.colcon_core.package_identification:_identify(config/node_modules/compression) by extension 'python_setup_py'
[0.531s] Level 1:colcon.colcon_core.package_identification:_identify(config/node_modules/cookie) by extensions ['ignore', 'ignore_ament_install']
[0.531s] Level 1:colcon.colcon_core.package_identification:_identify(config/node_modules/cookie) by extension 'ignore'
[0.531s] Level 1:colcon.colcon_core.package_identification:_identify(config/node_modules/cookie) by extension 'ignore_ament_install'
[0.531s] Level 1:colcon.colcon_core.package_identification:_identify(config/node_modules/cookie) by extensions ['colcon_pkg']
[0.531s] Level 1:colcon.colcon_core.package_identification:_identify(config/node_modules/cookie) by extension 'colcon_pkg'
[0.531s] Level 1:colcon.colcon_core.package_identification:_identify(config/node_modules/cookie) by extensions ['colcon_meta']
[0.531s] Level 1:colcon.colcon_core.package_identification:_identify(config/node_modules/cookie) by extension 'colcon_meta'
[0.531s] Level 1:colcon.colcon_core.package_identification:_identify(config/node_modules/cookie) by extensions ['ros']
[0.531s] Level 1:colcon.colcon_core.package_identification:_identify(config/node_modules/cookie) by extension 'ros'
[0.531s] Level 1:colcon.colcon_core.package_identification:_identify(config/node_modules/cookie) by extensions ['cmake', 'python']
[0.531s] Level 1:colcon.colcon_core.package_identification:_identify(config/node_modules/cookie) by extension 'cmake'
[0.531s] Level 1:colcon.colcon_core.package_identification:_identify(config/node_modules/cookie) by extension 'python'
[0.531s] Level 1:colcon.colcon_core.package_identification:_identify(config/node_modules/cookie) by extensions ['python_setup_py']
[0.531s] Level 1:colcon.colcon_core.package_identification:_identify(config/node_modules/cookie) by extension 'python_setup_py'
[0.532s] Level 1:colcon.colcon_core.package_identification:_identify(config/node_modules/cors) by extensions ['ignore', 'ignore_ament_install']
[0.532s] Level 1:colcon.colcon_core.package_identification:_identify(config/node_modules/cors) by extension 'ignore'
[0.532s] Level 1:colcon.colcon_core.package_identification:_identify(config/node_modules/cors) by extension 'ignore_ament_install'
[0.532s] Level 1:colcon.colcon_core.package_identification:_identify(config/node_modules/cors) by extensions ['colcon_pkg']
[0.532s] Level 1:colcon.colcon_core.package_identification:_identify(config/node_modules/cors) by extension 'colcon_pkg'
[0.532s] Level 1:colcon.colcon_core.package_identification:_identify(config/node_modules/cors) by extensions ['colcon_meta']
[0.532s] Level 1:colcon.colcon_core.package_identification:_identify(config/node_modules/cors) by extension 'colcon_meta'
[0.532s] Level 1:colcon.colcon_core.package_identification:_identify(config/node_modules/cors) by extensions ['ros']
[0.532s] Level 1:colcon.colcon_core.package_identification:_identify(config/node_modules/cors) by extension 'ros'
[0.532s] Level 1:colcon.colcon_core.package_identification:_identify(config/node_modules/cors) by extensions ['cmake', 'python']
[0.532s] Level 1:colcon.colcon_core.package_identification:_identify(config/node_modules/cors) by extension 'cmake'
[0.532s] Level 1:colcon.colcon_core.package_identification:_identify(config/node_modules/cors) by extension 'python'
[0.532s] Level 1:colcon.colcon_core.package_identification:_identify(config/node_modules/cors) by extensions ['python_setup_py']
[0.532s] Level 1:colcon.colcon_core.package_identification:_identify(config/node_modules/cors) by extension 'python_setup_py'
[0.532s] Level 1:colcon.colcon_core.package_identification:_identify(config/node_modules/cors/lib) by extensions ['ignore', 'ignore_ament_install']
[0.532s] Level 1:colcon.colcon_core.package_identification:_identify(config/node_modules/cors/lib) by extension 'ignore'
[0.532s] Level 1:colcon.colcon_core.package_identification:_identify(config/node_modules/cors/lib) by extension 'ignore_ament_install'
[0.532s] Level 1:colcon.colcon_core.package_identification:_identify(config/node_modules/cors/lib) by extensions ['colcon_pkg']
[0.533s] Level 1:colcon.colcon_core.package_identification:_identify(config/node_modules/cors/lib) by extension 'colcon_pkg'
[0.533s] Level 1:colcon.colcon_core.package_identification:_identify(config/node_modules/cors/lib) by extensions ['colcon_meta']
[0.533s] Level 1:colcon.colcon_core.package_identification:_identify(config/node_modules/cors/lib) by extension 'colcon_meta'
[0.533s] Level 1:colcon.colcon_core.package_identification:_identify(config/node_modules/cors/lib) by extensions ['ros']
[0.533s] Level 1:colcon.colcon_core.package_identification:_identify(config/node_modules/cors/lib) by extension 'ros'
[0.533s] Level 1:colcon.colcon_core.package_identification:_identify(config/node_modules/cors/lib) by extensions ['cmake', 'python']
[0.533s] Level 1:colcon.colcon_core.package_identification:_identify(config/node_modules/cors/lib) by extension 'cmake'
[0.533s] Level 1:colcon.colcon_core.package_identification:_identify(config/node_modules/cors/lib) by extension 'python'
[0.533s] Level 1:colcon.colcon_core.package_identification:_identify(config/node_modules/cors/lib) by extensions ['python_setup_py']
[0.533s] Level 1:colcon.colcon_core.package_identification:_identify(config/node_modules/cors/lib) by extension 'python_setup_py'
[0.533s] Level 1:colcon.colcon_core.package_identification:_identify(config/node_modules/debug) by extensions ['ignore', 'ignore_ament_install']
[0.533s] Level 1:colcon.colcon_core.package_identification:_identify(config/node_modules/debug) by extension 'ignore'
[0.533s] Level 1:colcon.colcon_core.package_identification:_identify(config/node_modules/debug) by extension 'ignore_ament_install'
[0.533s] Level 1:colcon.colcon_core.package_identification:_identify(config/node_modules/debug) by extensions ['colcon_pkg']
[0.533s] Level 1:colcon.colcon_core.package_identification:_identify(config/node_modules/debug) by extension 'colcon_pkg'
[0.533s] Level 1:colcon.colcon_core.package_identification:_identify(config/node_modules/debug) by extensions ['colcon_meta']
[0.533s] Level 1:colcon.colcon_core.package_identification:_identify(config/node_modules/debug) by extension 'colcon_meta'
[0.533s] Level 1:colcon.colcon_core.package_identification:_identify(config/node_modules/debug) by extensions ['ros']
[0.533s] Level 1:colcon.colcon_core.package_identification:_identify(config/node_modules/debug) by extension 'ros'
[0.533s] Level 1:colcon.colcon_core.package_identification:_identify(config/node_modules/debug) by extensions ['cmake', 'python']
[0.533s] Level 1:colcon.colcon_core.package_identification:_identify(config/node_modules/debug) by extension 'cmake'
[0.534s] Level 1:colcon.colcon_core.package_identification:_identify(config/node_modules/debug) by extension 'python'
[0.534s] Level 1:colcon.colcon_core.package_identification:_identify(config/node_modules/debug) by extensions ['python_setup_py']
[0.534s] Level 1:colcon.colcon_core.package_identification:_identify(config/node_modules/debug) by extension 'python_setup_py'
[0.534s] Level 1:colcon.colcon_core.package_identification:_identify(config/node_modules/debug/src) by extensions ['ignore', 'ignore_ament_install']
[0.534s] Level 1:colcon.colcon_core.package_identification:_identify(config/node_modules/debug/src) by extension 'ignore'
[0.534s] Level 1:colcon.colcon_core.package_identification:_identify(config/node_modules/debug/src) by extension 'ignore_ament_install'
[0.534s] Level 1:colcon.colcon_core.package_identification:_identify(config/node_modules/debug/src) by extensions ['colcon_pkg']
[0.534s] Level 1:colcon.colcon_core.package_identification:_identify(config/node_modules/debug/src) by extension 'colcon_pkg'
[0.534s] Level 1:colcon.colcon_core.package_identification:_identify(config/node_modules/debug/src) by extensions ['colcon_meta']
[0.534s] Level 1:colcon.colcon_core.package_identification:_identify(config/node_modules/debug/src) by extension 'colcon_meta'
[0.534s] Level 1:colcon.colcon_core.package_identification:_identify(config/node_modules/debug/src) by extensions ['ros']
[0.534s] Level 1:colcon.colcon_core.package_identification:_identify(config/node_modules/debug/src) by extension 'ros'
[0.534s] Level 1:colcon.colcon_core.package_identification:_identify(config/node_modules/debug/src) by extensions ['cmake', 'python']
[0.534s] Level 1:colcon.colcon_core.package_identification:_identify(config/node_modules/debug/src) by extension 'cmake'
[0.534s] Level 1:colcon.colcon_core.package_identification:_identify(config/node_modules/debug/src) by extension 'python'
[0.534s] Level 1:colcon.colcon_core.package_identification:_identify(config/node_modules/debug/src) by extensions ['python_setup_py']
[0.534s] Level 1:colcon.colcon_core.package_identification:_identify(config/node_modules/debug/src) by extension 'python_setup_py'
[0.534s] Level 1:colcon.colcon_core.package_identification:_identify(config/node_modules/depd) by extensions ['ignore', 'ignore_ament_install']
[0.534s] Level 1:colcon.colcon_core.package_identification:_identify(config/node_modules/depd) by extension 'ignore'
[0.534s] Level 1:colcon.colcon_core.package_identification:_identify(config/node_modules/depd) by extension 'ignore_ament_install'
[0.534s] Level 1:colcon.colcon_core.package_identification:_identify(config/node_modules/depd) by extensions ['colcon_pkg']
[0.534s] Level 1:colcon.colcon_core.package_identification:_identify(config/node_modules/depd) by extension 'colcon_pkg'
[0.535s] Level 1:colcon.colcon_core.package_identification:_identify(config/node_modules/depd) by extensions ['colcon_meta']
[0.535s] Level 1:colcon.colcon_core.package_identification:_identify(config/node_modules/depd) by extension 'colcon_meta'
[0.535s] Level 1:colcon.colcon_core.package_identification:_identify(config/node_modules/depd) by extensions ['ros']
[0.535s] Level 1:colcon.colcon_core.package_identification:_identify(config/node_modules/depd) by extension 'ros'
[0.535s] Level 1:colcon.colcon_core.package_identification:_identify(config/node_modules/depd) by extensions ['cmake', 'python']
[0.535s] Level 1:colcon.colcon_core.package_identification:_identify(config/node_modules/depd) by extension 'cmake'
[0.535s] Level 1:colcon.colcon_core.package_identification:_identify(config/node_modules/depd) by extension 'python'
[0.535s] Level 1:colcon.colcon_core.package_identification:_identify(config/node_modules/depd) by extensions ['python_setup_py']
[0.535s] Level 1:colcon.colcon_core.package_identification:_identify(config/node_modules/depd) by extension 'python_setup_py'
[0.535s] Level 1:colcon.colcon_core.package_identification:_identify(config/node_modules/depd/lib) by extensions ['ignore', 'ignore_ament_install']
[0.535s] Level 1:colcon.colcon_core.package_identification:_identify(config/node_modules/depd/lib) by extension 'ignore'
[0.535s] Level 1:colcon.colcon_core.package_identification:_identify(config/node_modules/depd/lib) by extension 'ignore_ament_install'
[0.535s] Level 1:colcon.colcon_core.package_identification:_identify(config/node_modules/depd/lib) by extensions ['colcon_pkg']
[0.535s] Level 1:colcon.colcon_core.package_identification:_identify(config/node_modules/depd/lib) by extension 'colcon_pkg'
[0.535s] Level 1:colcon.colcon_core.package_identification:_identify(config/node_modules/depd/lib) by extensions ['colcon_meta']
[0.535s] Level 1:colcon.colcon_core.package_identification:_identify(config/node_modules/depd/lib) by extension 'colcon_meta'
[0.535s] Level 1:colcon.colcon_core.package_identification:_identify(config/node_modules/depd/lib) by extensions ['ros']
[0.535s] Level 1:colcon.colcon_core.package_identification:_identify(config/node_modules/depd/lib) by extension 'ros'
[0.535s] Level 1:colcon.colcon_core.package_identification:_identify(config/node_modules/depd/lib) by extensions ['cmake', 'python']
[0.535s] Level 1:colcon.colcon_core.package_identification:_identify(config/node_modules/depd/lib) by extension 'cmake'
[0.535s] Level 1:colcon.colcon_core.package_identification:_identify(config/node_modules/depd/lib) by extension 'python'
[0.536s] Level 1:colcon.colcon_core.package_identification:_identify(config/node_modules/depd/lib) by extensions ['python_setup_py']
[0.536s] Level 1:colcon.colcon_core.package_identification:_identify(config/node_modules/depd/lib) by extension 'python_setup_py'
[0.536s] Level 1:colcon.colcon_core.package_identification:_identify(config/node_modules/depd/lib/browser) by extensions ['ignore', 'ignore_ament_install']
[0.536s] Level 1:colcon.colcon_core.package_identification:_identify(config/node_modules/depd/lib/browser) by extension 'ignore'
[0.536s] Level 1:colcon.colcon_core.package_identification:_identify(config/node_modules/depd/lib/browser) by extension 'ignore_ament_install'
[0.536s] Level 1:colcon.colcon_core.package_identification:_identify(config/node_modules/depd/lib/browser) by extensions ['colcon_pkg']
[0.536s] Level 1:colcon.colcon_core.package_identification:_identify(config/node_modules/depd/lib/browser) by extension 'colcon_pkg'
[0.536s] Level 1:colcon.colcon_core.package_identification:_identify(config/node_modules/depd/lib/browser) by extensions ['colcon_meta']
[0.536s] Level 1:colcon.colcon_core.package_identification:_identify(config/node_modules/depd/lib/browser) by extension 'colcon_meta'
[0.536s] Level 1:colcon.colcon_core.package_identification:_identify(config/node_modules/depd/lib/browser) by extensions ['ros']
[0.536s] Level 1:colcon.colcon_core.package_identification:_identify(config/node_modules/depd/lib/browser) by extension 'ros'
[0.536s] Level 1:colcon.colcon_core.package_identification:_identify(config/node_modules/depd/lib/browser) by extensions ['cmake', 'python']
[0.536s] Level 1:colcon.colcon_core.package_identification:_identify(config/node_modules/depd/lib/browser) by extension 'cmake'
[0.536s] Level 1:colcon.colcon_core.package_identification:_identify(config/node_modules/depd/lib/browser) by extension 'python'
[0.536s] Level 1:colcon.colcon_core.package_identification:_identify(config/node_modules/depd/lib/browser) by extensions ['python_setup_py']
[0.536s] Level 1:colcon.colcon_core.package_identification:_identify(config/node_modules/depd/lib/browser) by extension 'python_setup_py'
[0.536s] Level 1:colcon.colcon_core.package_identification:_identify(config/node_modules/destroy) by extensions ['ignore', 'ignore_ament_install']
[0.537s] Level 1:colcon.colcon_core.package_identification:_identify(config/node_modules/destroy) by extension 'ignore'
[0.537s] Level 1:colcon.colcon_core.package_identification:_identify(config/node_modules/destroy) by extension 'ignore_ament_install'
[0.537s] Level 1:colcon.colcon_core.package_identification:_identify(config/node_modules/destroy) by extensions ['colcon_pkg']
[0.537s] Level 1:colcon.colcon_core.package_identification:_identify(config/node_modules/destroy) by extension 'colcon_pkg'
[0.537s] Level 1:colcon.colcon_core.package_identification:_identify(config/node_modules/destroy) by extensions ['colcon_meta']
[0.537s] Level 1:colcon.colcon_core.package_identification:_identify(config/node_modules/destroy) by extension 'colcon_meta'
[0.537s] Level 1:colcon.colcon_core.package_identification:_identify(config/node_modules/destroy) by extensions ['ros']
[0.537s] Level 1:colcon.colcon_core.package_identification:_identify(config/node_modules/destroy) by extension 'ros'
[0.537s] Level 1:colcon.colcon_core.package_identification:_identify(config/node_modules/destroy) by extensions ['cmake', 'python']
[0.537s] Level 1:colcon.colcon_core.package_identification:_identify(config/node_modules/destroy) by extension 'cmake'
[0.537s] Level 1:colcon.colcon_core.package_identification:_identify(config/node_modules/destroy) by extension 'python'
[0.537s] Level 1:colcon.colcon_core.package_identification:_identify(config/node_modules/destroy) by extensions ['python_setup_py']
[0.537s] Level 1:colcon.colcon_core.package_identification:_identify(config/node_modules/destroy) by extension 'python_setup_py'
[0.537s] Level 1:colcon.colcon_core.package_identification:_identify(config/node_modules/ee-first) by extensions ['ignore', 'ignore_ament_install']
[0.537s] Level 1:colcon.colcon_core.package_identification:_identify(config/node_modules/ee-first) by extension 'ignore'
[0.537s] Level 1:colcon.colcon_core.package_identification:_identify(config/node_modules/ee-first) by extension 'ignore_ament_install'
[0.537s] Level 1:colcon.colcon_core.package_identification:_identify(config/node_modules/ee-first) by extensions ['colcon_pkg']
[0.538s] Level 1:colcon.colcon_core.package_identification:_identify(config/node_modules/ee-first) by extension 'colcon_pkg'
[0.538s] Level 1:colcon.colcon_core.package_identification:_identify(config/node_modules/ee-first) by extensions ['colcon_meta']
[0.538s] Level 1:colcon.colcon_core.package_identification:_identify(config/node_modules/ee-first) by extension 'colcon_meta'
[0.538s] Level 1:colcon.colcon_core.package_identification:_identify(config/node_modules/ee-first) by extensions ['ros']
[0.538s] Level 1:colcon.colcon_core.package_identification:_identify(config/node_modules/ee-first) by extension 'ros'
[0.538s] Level 1:colcon.colcon_core.package_identification:_identify(config/node_modules/ee-first) by extensions ['cmake', 'python']
[0.538s] Level 1:colcon.colcon_core.package_identification:_identify(config/node_modules/ee-first) by extension 'cmake'
[0.538s] Level 1:colcon.colcon_core.package_identification:_identify(config/node_modules/ee-first) by extension 'python'
[0.538s] Level 1:colcon.colcon_core.package_identification:_identify(config/node_modules/ee-first) by extensions ['python_setup_py']
[0.538s] Level 1:colcon.colcon_core.package_identification:_identify(config/node_modules/ee-first) by extension 'python_setup_py'
[0.538s] Level 1:colcon.colcon_core.package_identification:_identify(config/node_modules/encodeurl) by extensions ['ignore', 'ignore_ament_install']
[0.538s] Level 1:colcon.colcon_core.package_identification:_identify(config/node_modules/encodeurl) by extension 'ignore'
[0.538s] Level 1:colcon.colcon_core.package_identification:_identify(config/node_modules/encodeurl) by extension 'ignore_ament_install'
[0.538s] Level 1:colcon.colcon_core.package_identification:_identify(config/node_modules/encodeurl) by extensions ['colcon_pkg']
[0.538s] Level 1:colcon.colcon_core.package_identification:_identify(config/node_modules/encodeurl) by extension 'colcon_pkg'
[0.538s] Level 1:colcon.colcon_core.package_identification:_identify(config/node_modules/encodeurl) by extensions ['colcon_meta']
[0.538s] Level 1:colcon.colcon_core.package_identification:_identify(config/node_modules/encodeurl) by extension 'colcon_meta'
[0.538s] Level 1:colcon.colcon_core.package_identification:_identify(config/node_modules/encodeurl) by extensions ['ros']
[0.538s] Level 1:colcon.colcon_core.package_identification:_identify(config/node_modules/encodeurl) by extension 'ros'
[0.538s] Level 1:colcon.colcon_core.package_identification:_identify(config/node_modules/encodeurl) by extensions ['cmake', 'python']
[0.539s] Level 1:colcon.colcon_core.package_identification:_identify(config/node_modules/encodeurl) by extension 'cmake'
[0.539s] Level 1:colcon.colcon_core.package_identification:_identify(config/node_modules/encodeurl) by extension 'python'
[0.539s] Level 1:colcon.colcon_core.package_identification:_identify(config/node_modules/encodeurl) by extensions ['python_setup_py']
[0.539s] Level 1:colcon.colcon_core.package_identification:_identify(config/node_modules/encodeurl) by extension 'python_setup_py'
[0.539s] Level 1:colcon.colcon_core.package_identification:_identify(config/node_modules/engine.io) by extensions ['ignore', 'ignore_ament_install']
[0.539s] Level 1:colcon.colcon_core.package_identification:_identify(config/node_modules/engine.io) by extension 'ignore'
[0.539s] Level 1:colcon.colcon_core.package_identification:_identify(config/node_modules/engine.io) by extension 'ignore_ament_install'
[0.539s] Level 1:colcon.colcon_core.package_identification:_identify(config/node_modules/engine.io) by extensions ['colcon_pkg']
[0.539s] Level 1:colcon.colcon_core.package_identification:_identify(config/node_modules/engine.io) by extension 'colcon_pkg'
[0.539s] Level 1:colcon.colcon_core.package_identification:_identify(config/node_modules/engine.io) by extensions ['colcon_meta']
[0.539s] Level 1:colcon.colcon_core.package_identification:_identify(config/node_modules/engine.io) by extension 'colcon_meta'
[0.539s] Level 1:colcon.colcon_core.package_identification:_identify(config/node_modules/engine.io) by extensions ['ros']
[0.539s] Level 1:colcon.colcon_core.package_identification:_identify(config/node_modules/engine.io) by extension 'ros'
[0.539s] Level 1:colcon.colcon_core.package_identification:_identify(config/node_modules/engine.io) by extensions ['cmake', 'python']
[0.539s] Level 1:colcon.colcon_core.package_identification:_identify(config/node_modules/engine.io) by extension 'cmake'
[0.539s] Level 1:colcon.colcon_core.package_identification:_identify(config/node_modules/engine.io) by extension 'python'
[0.540s] Level 1:colcon.colcon_core.package_identification:_identify(config/node_modules/engine.io) by extensions ['python_setup_py']
[0.540s] Level 1:colcon.colcon_core.package_identification:_identify(config/node_modules/engine.io) by extension 'python_setup_py'
[0.540s] Level 1:colcon.colcon_core.package_identification:_identify(config/node_modules/engine.io/build) by extensions ['ignore', 'ignore_ament_install']
[0.540s] Level 1:colcon.colcon_core.package_identification:_identify(config/node_modules/engine.io/build) by extension 'ignore'
[0.540s] Level 1:colcon.colcon_core.package_identification:_identify(config/node_modules/engine.io/build) by extension 'ignore_ament_install'
[0.540s] Level 1:colcon.colcon_core.package_identification:_identify(config/node_modules/engine.io/build) by extensions ['colcon_pkg']
[0.540s] Level 1:colcon.colcon_core.package_identification:_identify(config/node_modules/engine.io/build) by extension 'colcon_pkg'
[0.540s] Level 1:colcon.colcon_core.package_identification:_identify(config/node_modules/engine.io/build) by extensions ['colcon_meta']
[0.540s] Level 1:colcon.colcon_core.package_identification:_identify(config/node_modules/engine.io/build) by extension 'colcon_meta'
[0.540s] Level 1:colcon.colcon_core.package_identification:_identify(config/node_modules/engine.io/build) by extensions ['ros']
[0.540s] Level 1:colcon.colcon_core.package_identification:_identify(config/node_modules/engine.io/build) by extension 'ros'
[0.540s] Level 1:colcon.colcon_core.package_identification:_identify(config/node_modules/engine.io/build) by extensions ['cmake', 'python']
[0.540s] Level 1:colcon.colcon_core.package_identification:_identify(config/node_modules/engine.io/build) by extension 'cmake'
[0.540s] Level 1:colcon.colcon_core.package_identification:_identify(config/node_modules/engine.io/build) by extension 'python'
[0.540s] Level 1:colcon.colcon_core.package_identification:_identify(config/node_modules/engine.io/build) by extensions ['python_setup_py']
[0.540s] Level 1:colcon.colcon_core.package_identification:_identify(config/node_modules/engine.io/build) by extension 'python_setup_py'
[0.540s] Level 1:colcon.colcon_core.package_identification:_identify(config/node_modules/engine.io/build/contrib) by extensions ['ignore', 'ignore_ament_install']
[0.541s] Level 1:colcon.colcon_core.package_identification:_identify(config/node_modules/engine.io/build/contrib) by extension 'ignore'
[0.541s] Level 1:colcon.colcon_core.package_identification:_identify(config/node_modules/engine.io/build/contrib) by extension 'ignore_ament_install'
[0.541s] Level 1:colcon.colcon_core.package_identification:_identify(config/node_modules/engine.io/build/contrib) by extensions ['colcon_pkg']
[0.541s] Level 1:colcon.colcon_core.package_identification:_identify(config/node_modules/engine.io/build/contrib) by extension 'colcon_pkg'
[0.541s] Level 1:colcon.colcon_core.package_identification:_identify(config/node_modules/engine.io/build/contrib) by extensions ['colcon_meta']
[0.541s] Level 1:colcon.colcon_core.package_identification:_identify(config/node_modules/engine.io/build/contrib) by extension 'colcon_meta'
[0.541s] Level 1:colcon.colcon_core.package_identification:_identify(config/node_modules/engine.io/build/contrib) by extensions ['ros']
[0.541s] Level 1:colcon.colcon_core.package_identification:_identify(config/node_modules/engine.io/build/contrib) by extension 'ros'
[0.541s] Level 1:colcon.colcon_core.package_identification:_identify(config/node_modules/engine.io/build/contrib) by extensions ['cmake', 'python']
[0.541s] Level 1:colcon.colcon_core.package_identification:_identify(config/node_modules/engine.io/build/contrib) by extension 'cmake'
[0.541s] Level 1:colcon.colcon_core.package_identification:_identify(config/node_modules/engine.io/build/contrib) by extension 'python'
[0.541s] Level 1:colcon.colcon_core.package_identification:_identify(config/node_modules/engine.io/build/contrib) by extensions ['python_setup_py']
[0.541s] Level 1:colcon.colcon_core.package_identification:_identify(config/node_modules/engine.io/build/contrib) by extension 'python_setup_py'
[0.541s] Level 1:colcon.colcon_core.package_identification:_identify(config/node_modules/engine.io/build/parser-v3) by extensions ['ignore', 'ignore_ament_install']
[0.541s] Level 1:colcon.colcon_core.package_identification:_identify(config/node_modules/engine.io/build/parser-v3) by extension 'ignore'
[0.541s] Level 1:colcon.colcon_core.package_identification:_identify(config/node_modules/engine.io/build/parser-v3) by extension 'ignore_ament_install'
[0.541s] Level 1:colcon.colcon_core.package_identification:_identify(config/node_modules/engine.io/build/parser-v3) by extensions ['colcon_pkg']
[0.541s] Level 1:colcon.colcon_core.package_identification:_identify(config/node_modules/engine.io/build/parser-v3) by extension 'colcon_pkg'
[0.541s] Level 1:colcon.colcon_core.package_identification:_identify(config/node_modules/engine.io/build/parser-v3) by extensions ['colcon_meta']
[0.541s] Level 1:colcon.colcon_core.package_identification:_identify(config/node_modules/engine.io/build/parser-v3) by extension 'colcon_meta'
[0.541s] Level 1:colcon.colcon_core.package_identification:_identify(config/node_modules/engine.io/build/parser-v3) by extensions ['ros']
[0.541s] Level 1:colcon.colcon_core.package_identification:_identify(config/node_modules/engine.io/build/parser-v3) by extension 'ros'
[0.541s] Level 1:colcon.colcon_core.package_identification:_identify(config/node_modules/engine.io/build/parser-v3) by extensions ['cmake', 'python']
[0.541s] Level 1:colcon.colcon_core.package_identification:_identify(config/node_modules/engine.io/build/parser-v3) by extension 'cmake'
[0.541s] Level 1:colcon.colcon_core.package_identification:_identify(config/node_modules/engine.io/build/parser-v3) by extension 'python'
[0.541s] Level 1:colcon.colcon_core.package_identification:_identify(config/node_modules/engine.io/build/parser-v3) by extensions ['python_setup_py']
[0.541s] Level 1:colcon.colcon_core.package_identification:_identify(config/node_modules/engine.io/build/parser-v3) by extension 'python_setup_py'
[0.541s] Level 1:colcon.colcon_core.package_identification:_identify(config/node_modules/engine.io/build/transports) by extensions ['ignore', 'ignore_ament_install']
[0.541s] Level 1:colcon.colcon_core.package_identification:_identify(config/node_modules/engine.io/build/transports) by extension 'ignore'
[0.541s] Level 1:colcon.colcon_core.package_identification:_identify(config/node_modules/engine.io/build/transports) by extension 'ignore_ament_install'
[0.541s] Level 1:colcon.colcon_core.package_identification:_identify(config/node_modules/engine.io/build/transports) by extensions ['colcon_pkg']
[0.541s] Level 1:colcon.colcon_core.package_identification:_identify(config/node_modules/engine.io/build/transports) by extension 'colcon_pkg'
[0.541s] Level 1:colcon.colcon_core.package_identification:_identify(config/node_modules/engine.io/build/transports) by extensions ['colcon_meta']
[0.542s] Level 1:colcon.colcon_core.package_identification:_identify(config/node_modules/engine.io/build/transports) by extension 'colcon_meta'
[0.542s] Level 1:colcon.colcon_core.package_identification:_identify(config/node_modules/engine.io/build/transports) by extensions ['ros']
[0.542s] Level 1:colcon.colcon_core.package_identification:_identify(config/node_modules/engine.io/build/transports) by extension 'ros'
[0.542s] Level 1:colcon.colcon_core.package_identification:_identify(config/node_modules/engine.io/build/transports) by extensions ['cmake', 'python']
[0.542s] Level 1:colcon.colcon_core.package_identification:_identify(config/node_modules/engine.io/build/transports) by extension 'cmake'
[0.542s] Level 1:colcon.colcon_core.package_identification:_identify(config/node_modules/engine.io/build/transports) by extension 'python'
[0.542s] Level 1:colcon.colcon_core.package_identification:_identify(config/node_modules/engine.io/build/transports) by extensions ['python_setup_py']
[0.542s] Level 1:colcon.colcon_core.package_identification:_identify(config/node_modules/engine.io/build/transports) by extension 'python_setup_py'
[0.542s] Level 1:colcon.colcon_core.package_identification:_identify(config/node_modules/engine.io/build/transports-uws) by extensions ['ignore', 'ignore_ament_install']
[0.542s] Level 1:colcon.colcon_core.package_identification:_identify(config/node_modules/engine.io/build/transports-uws) by extension 'ignore'
[0.542s] Level 1:colcon.colcon_core.package_identification:_identify(config/node_modules/engine.io/build/transports-uws) by extension 'ignore_ament_install'
[0.542s] Level 1:colcon.colcon_core.package_identification:_identify(config/node_modules/engine.io/build/transports-uws) by extensions ['colcon_pkg']
[0.542s] Level 1:colcon.colcon_core.package_identification:_identify(config/node_modules/engine.io/build/transports-uws) by extension 'colcon_pkg'
[0.542s] Level 1:colcon.colcon_core.package_identification:_identify(config/node_modules/engine.io/build/transports-uws) by extensions ['colcon_meta']
[0.542s] Level 1:colcon.colcon_core.package_identification:_identify(config/node_modules/engine.io/build/transports-uws) by extension 'colcon_meta'
[0.542s] Level 1:colcon.colcon_core.package_identification:_identify(config/node_modules/engine.io/build/transports-uws) by extensions ['ros']
[0.542s] Level 1:colcon.colcon_core.package_identification:_identify(config/node_modules/engine.io/build/transports-uws) by extension 'ros'
[0.542s] Level 1:colcon.colcon_core.package_identification:_identify(config/node_modules/engine.io/build/transports-uws) by extensions ['cmake', 'python']
[0.542s] Level 1:colcon.colcon_core.package_identification:_identify(config/node_modules/engine.io/build/transports-uws) by extension 'cmake'
[0.542s] Level 1:colcon.colcon_core.package_identification:_identify(config/node_modules/engine.io/build/transports-uws) by extension 'python'
[0.542s] Level 1:colcon.colcon_core.package_identification:_identify(config/node_modules/engine.io/build/transports-uws) by extensions ['python_setup_py']
[0.542s] Level 1:colcon.colcon_core.package_identification:_identify(config/node_modules/engine.io/build/transports-uws) by extension 'python_setup_py'
[0.542s] Level 1:colcon.colcon_core.package_identification:_identify(config/node_modules/engine.io/node_modules) by extensions ['ignore', 'ignore_ament_install']
[0.543s] Level 1:colcon.colcon_core.package_identification:_identify(config/node_modules/engine.io/node_modules) by extension 'ignore'
[0.543s] Level 1:colcon.colcon_core.package_identification:_identify(config/node_modules/engine.io/node_modules) by extension 'ignore_ament_install'
[0.543s] Level 1:colcon.colcon_core.package_identification:_identify(config/node_modules/engine.io/node_modules) by extensions ['colcon_pkg']
[0.543s] Level 1:colcon.colcon_core.package_identification:_identify(config/node_modules/engine.io/node_modules) by extension 'colcon_pkg'
[0.543s] Level 1:colcon.colcon_core.package_identification:_identify(config/node_modules/engine.io/node_modules) by extensions ['colcon_meta']
[0.543s] Level 1:colcon.colcon_core.package_identification:_identify(config/node_modules/engine.io/node_modules) by extension 'colcon_meta'
[0.543s] Level 1:colcon.colcon_core.package_identification:_identify(config/node_modules/engine.io/node_modules) by extensions ['ros']
[0.543s] Level 1:colcon.colcon_core.package_identification:_identify(config/node_modules/engine.io/node_modules) by extension 'ros'
[0.543s] Level 1:colcon.colcon_core.package_identification:_identify(config/node_modules/engine.io/node_modules) by extensions ['cmake', 'python']
[0.543s] Level 1:colcon.colcon_core.package_identification:_identify(config/node_modules/engine.io/node_modules) by extension 'cmake'
[0.543s] Level 1:colcon.colcon_core.package_identification:_identify(config/node_modules/engine.io/node_modules) by extension 'python'
[0.543s] Level 1:colcon.colcon_core.package_identification:_identify(config/node_modules/engine.io/node_modules) by extensions ['python_setup_py']
[0.543s] Level 1:colcon.colcon_core.package_identification:_identify(config/node_modules/engine.io/node_modules) by extension 'python_setup_py'
[0.543s] Level 1:colcon.colcon_core.package_identification:_identify(config/node_modules/engine.io/node_modules/debug) by extensions ['ignore', 'ignore_ament_install']
[0.543s] Level 1:colcon.colcon_core.package_identification:_identify(config/node_modules/engine.io/node_modules/debug) by extension 'ignore'
[0.543s] Level 1:colcon.colcon_core.package_identification:_identify(config/node_modules/engine.io/node_modules/debug) by extension 'ignore_ament_install'
[0.543s] Level 1:colcon.colcon_core.package_identification:_identify(config/node_modules/engine.io/node_modules/debug) by extensions ['colcon_pkg']
[0.543s] Level 1:colcon.colcon_core.package_identification:_identify(config/node_modules/engine.io/node_modules/debug) by extension 'colcon_pkg'
[0.544s] Level 1:colcon.colcon_core.package_identification:_identify(config/node_modules/engine.io/node_modules/debug) by extensions ['colcon_meta']
[0.544s] Level 1:colcon.colcon_core.package_identification:_identify(config/node_modules/engine.io/node_modules/debug) by extension 'colcon_meta'
[0.544s] Level 1:colcon.colcon_core.package_identification:_identify(config/node_modules/engine.io/node_modules/debug) by extensions ['ros']
[0.544s] Level 1:colcon.colcon_core.package_identification:_identify(config/node_modules/engine.io/node_modules/debug) by extension 'ros'
[0.544s] Level 1:colcon.colcon_core.package_identification:_identify(config/node_modules/engine.io/node_modules/debug) by extensions ['cmake', 'python']
[0.544s] Level 1:colcon.colcon_core.package_identification:_identify(config/node_modules/engine.io/node_modules/debug) by extension 'cmake'
[0.544s] Level 1:colcon.colcon_core.package_identification:_identify(config/node_modules/engine.io/node_modules/debug) by extension 'python'
[0.544s] Level 1:colcon.colcon_core.package_identification:_identify(config/node_modules/engine.io/node_modules/debug) by extensions ['python_setup_py']
[0.544s] Level 1:colcon.colcon_core.package_identification:_identify(config/node_modules/engine.io/node_modules/debug) by extension 'python_setup_py'
[0.544s] Level 1:colcon.colcon_core.package_identification:_identify(config/node_modules/engine.io/node_modules/debug/src) by extensions ['ignore', 'ignore_ament_install']
[0.544s] Level 1:colcon.colcon_core.package_identification:_identify(config/node_modules/engine.io/node_modules/debug/src) by extension 'ignore'
[0.544s] Level 1:colcon.colcon_core.package_identification:_identify(config/node_modules/engine.io/node_modules/debug/src) by extension 'ignore_ament_install'
[0.544s] Level 1:colcon.colcon_core.package_identification:_identify(config/node_modules/engine.io/node_modules/debug/src) by extensions ['colcon_pkg']
[0.544s] Level 1:colcon.colcon_core.package_identification:_identify(config/node_modules/engine.io/node_modules/debug/src) by extension 'colcon_pkg'
[0.544s] Level 1:colcon.colcon_core.package_identification:_identify(config/node_modules/engine.io/node_modules/debug/src) by extensions ['colcon_meta']
[0.544s] Level 1:colcon.colcon_core.package_identification:_identify(config/node_modules/engine.io/node_modules/debug/src) by extension 'colcon_meta'
[0.544s] Level 1:colcon.colcon_core.package_identification:_identify(config/node_modules/engine.io/node_modules/debug/src) by extensions ['ros']
[0.544s] Level 1:colcon.colcon_core.package_identification:_identify(config/node_modules/engine.io/node_modules/debug/src) by extension 'ros'
[0.544s] Level 1:colcon.colcon_core.package_identification:_identify(config/node_modules/engine.io/node_modules/debug/src) by extensions ['cmake', 'python']
[0.544s] Level 1:colcon.colcon_core.package_identification:_identify(config/node_modules/engine.io/node_modules/debug/src) by extension 'cmake'
[0.544s] Level 1:colcon.colcon_core.package_identification:_identify(config/node_modules/engine.io/node_modules/debug/src) by extension 'python'
[0.544s] Level 1:colcon.colcon_core.package_identification:_identify(config/node_modules/engine.io/node_modules/debug/src) by extensions ['python_setup_py']
[0.544s] Level 1:colcon.colcon_core.package_identification:_identify(config/node_modules/engine.io/node_modules/debug/src) by extension 'python_setup_py'
[0.545s] Level 1:colcon.colcon_core.package_identification:_identify(config/node_modules/engine.io/node_modules/ms) by extensions ['ignore', 'ignore_ament_install']
[0.545s] Level 1:colcon.colcon_core.package_identification:_identify(config/node_modules/engine.io/node_modules/ms) by extension 'ignore'
[0.545s] Level 1:colcon.colcon_core.package_identification:_identify(config/node_modules/engine.io/node_modules/ms) by extension 'ignore_ament_install'
[0.545s] Level 1:colcon.colcon_core.package_identification:_identify(config/node_modules/engine.io/node_modules/ms) by extensions ['colcon_pkg']
[0.545s] Level 1:colcon.colcon_core.package_identification:_identify(config/node_modules/engine.io/node_modules/ms) by extension 'colcon_pkg'
[0.545s] Level 1:colcon.colcon_core.package_identification:_identify(config/node_modules/engine.io/node_modules/ms) by extensions ['colcon_meta']
[0.545s] Level 1:colcon.colcon_core.package_identification:_identify(config/node_modules/engine.io/node_modules/ms) by extension 'colcon_meta'
[0.545s] Level 1:colcon.colcon_core.package_identification:_identify(config/node_modules/engine.io/node_modules/ms) by extensions ['ros']
[0.545s] Level 1:colcon.colcon_core.package_identification:_identify(config/node_modules/engine.io/node_modules/ms) by extension 'ros'
[0.545s] Level 1:colcon.colcon_core.package_identification:_identify(config/node_modules/engine.io/node_modules/ms) by extensions ['cmake', 'python']
[0.545s] Level 1:colcon.colcon_core.package_identification:_identify(config/node_modules/engine.io/node_modules/ms) by extension 'cmake'
[0.545s] Level 1:colcon.colcon_core.package_identification:_identify(config/node_modules/engine.io/node_modules/ms) by extension 'python'
[0.545s] Level 1:colcon.colcon_core.package_identification:_identify(config/node_modules/engine.io/node_modules/ms) by extensions ['python_setup_py']
[0.545s] Level 1:colcon.colcon_core.package_identification:_identify(config/node_modules/engine.io/node_modules/ms) by extension 'python_setup_py'
[0.545s] Level 1:colcon.colcon_core.package_identification:_identify(config/node_modules/engine.io-parser) by extensions ['ignore', 'ignore_ament_install']
[0.545s] Level 1:colcon.colcon_core.package_identification:_identify(config/node_modules/engine.io-parser) by extension 'ignore'
[0.545s] Level 1:colcon.colcon_core.package_identification:_identify(config/node_modules/engine.io-parser) by extension 'ignore_ament_install'
[0.545s] Level 1:colcon.colcon_core.package_identification:_identify(config/node_modules/engine.io-parser) by extensions ['colcon_pkg']
[0.545s] Level 1:colcon.colcon_core.package_identification:_identify(config/node_modules/engine.io-parser) by extension 'colcon_pkg'
[0.545s] Level 1:colcon.colcon_core.package_identification:_identify(config/node_modules/engine.io-parser) by extensions ['colcon_meta']
[0.546s] Level 1:colcon.colcon_core.package_identification:_identify(config/node_modules/engine.io-parser) by extension 'colcon_meta'
[0.546s] Level 1:colcon.colcon_core.package_identification:_identify(config/node_modules/engine.io-parser) by extensions ['ros']
[0.546s] Level 1:colcon.colcon_core.package_identification:_identify(config/node_modules/engine.io-parser) by extension 'ros'
[0.546s] Level 1:colcon.colcon_core.package_identification:_identify(config/node_modules/engine.io-parser) by extensions ['cmake', 'python']
[0.546s] Level 1:colcon.colcon_core.package_identification:_identify(config/node_modules/engine.io-parser) by extension 'cmake'
[0.546s] Level 1:colcon.colcon_core.package_identification:_identify(config/node_modules/engine.io-parser) by extension 'python'
[0.546s] Level 1:colcon.colcon_core.package_identification:_identify(config/node_modules/engine.io-parser) by extensions ['python_setup_py']
[0.546s] Level 1:colcon.colcon_core.package_identification:_identify(config/node_modules/engine.io-parser) by extension 'python_setup_py'
[0.546s] Level 1:colcon.colcon_core.package_identification:_identify(config/node_modules/engine.io-parser/build) by extensions ['ignore', 'ignore_ament_install']
[0.546s] Level 1:colcon.colcon_core.package_identification:_identify(config/node_modules/engine.io-parser/build) by extension 'ignore'
[0.546s] Level 1:colcon.colcon_core.package_identification:_identify(config/node_modules/engine.io-parser/build) by extension 'ignore_ament_install'
[0.546s] Level 1:colcon.colcon_core.package_identification:_identify(config/node_modules/engine.io-parser/build) by extensions ['colcon_pkg']
[0.546s] Level 1:colcon.colcon_core.package_identification:_identify(config/node_modules/engine.io-parser/build) by extension 'colcon_pkg'
[0.546s] Level 1:colcon.colcon_core.package_identification:_identify(config/node_modules/engine.io-parser/build) by extensions ['colcon_meta']
[0.546s] Level 1:colcon.colcon_core.package_identification:_identify(config/node_modules/engine.io-parser/build) by extension 'colcon_meta'
[0.546s] Level 1:colcon.colcon_core.package_identification:_identify(config/node_modules/engine.io-parser/build) by extensions ['ros']
[0.546s] Level 1:colcon.colcon_core.package_identification:_identify(config/node_modules/engine.io-parser/build) by extension 'ros'
[0.546s] Level 1:colcon.colcon_core.package_identification:_identify(config/node_modules/engine.io-parser/build) by extensions ['cmake', 'python']
[0.546s] Level 1:colcon.colcon_core.package_identification:_identify(config/node_modules/engine.io-parser/build) by extension 'cmake'
[0.546s] Level 1:colcon.colcon_core.package_identification:_identify(config/node_modules/engine.io-parser/build) by extension 'python'
[0.546s] Level 1:colcon.colcon_core.package_identification:_identify(config/node_modules/engine.io-parser/build) by extensions ['python_setup_py']
[0.546s] Level 1:colcon.colcon_core.package_identification:_identify(config/node_modules/engine.io-parser/build) by extension 'python_setup_py'
[0.547s] Level 1:colcon.colcon_core.package_identification:_identify(config/node_modules/engine.io-parser/build/cjs) by extensions ['ignore', 'ignore_ament_install']
[0.547s] Level 1:colcon.colcon_core.package_identification:_identify(config/node_modules/engine.io-parser/build/cjs) by extension 'ignore'
[0.547s] Level 1:colcon.colcon_core.package_identification:_identify(config/node_modules/engine.io-parser/build/cjs) by extension 'ignore_ament_install'
[0.547s] Level 1:colcon.colcon_core.package_identification:_identify(config/node_modules/engine.io-parser/build/cjs) by extensions ['colcon_pkg']
[0.547s] Level 1:colcon.colcon_core.package_identification:_identify(config/node_modules/engine.io-parser/build/cjs) by extension 'colcon_pkg'
[0.547s] Level 1:colcon.colcon_core.package_identification:_identify(config/node_modules/engine.io-parser/build/cjs) by extensions ['colcon_meta']
[0.547s] Level 1:colcon.colcon_core.package_identification:_identify(config/node_modules/engine.io-parser/build/cjs) by extension 'colcon_meta'
[0.547s] Level 1:colcon.colcon_core.package_identification:_identify(config/node_modules/engine.io-parser/build/cjs) by extensions ['ros']
[0.547s] Level 1:colcon.colcon_core.package_identification:_identify(config/node_modules/engine.io-parser/build/cjs) by extension 'ros'
[0.547s] Level 1:colcon.colcon_core.package_identification:_identify(config/node_modules/engine.io-parser/build/cjs) by extensions ['cmake', 'python']
[0.547s] Level 1:colcon.colcon_core.package_identification:_identify(config/node_modules/engine.io-parser/build/cjs) by extension 'cmake'
[0.547s] Level 1:colcon.colcon_core.package_identification:_identify(config/node_modules/engine.io-parser/build/cjs) by extension 'python'
[0.547s] Level 1:colcon.colcon_core.package_identification:_identify(config/node_modules/engine.io-parser/build/cjs) by extensions ['python_setup_py']
[0.547s] Level 1:colcon.colcon_core.package_identification:_identify(config/node_modules/engine.io-parser/build/cjs) by extension 'python_setup_py'
[0.547s] Level 1:colcon.colcon_core.package_identification:_identify(config/node_modules/engine.io-parser/build/cjs/contrib) by extensions ['ignore', 'ignore_ament_install']
[0.547s] Level 1:colcon.colcon_core.package_identification:_identify(config/node_modules/engine.io-parser/build/cjs/contrib) by extension 'ignore'
[0.547s] Level 1:colcon.colcon_core.package_identification:_identify(config/node_modules/engine.io-parser/build/cjs/contrib) by extension 'ignore_ament_install'
[0.547s] Level 1:colcon.colcon_core.package_identification:_identify(config/node_modules/engine.io-parser/build/cjs/contrib) by extensions ['colcon_pkg']
[0.548s] Level 1:colcon.colcon_core.package_identification:_identify(config/node_modules/engine.io-parser/build/cjs/contrib) by extension 'colcon_pkg'
[0.548s] Level 1:colcon.colcon_core.package_identification:_identify(config/node_modules/engine.io-parser/build/cjs/contrib) by extensions ['colcon_meta']
[0.548s] Level 1:colcon.colcon_core.package_identification:_identify(config/node_modules/engine.io-parser/build/cjs/contrib) by extension 'colcon_meta'
[0.548s] Level 1:colcon.colcon_core.package_identification:_identify(config/node_modules/engine.io-parser/build/cjs/contrib) by extensions ['ros']
[0.548s] Level 1:colcon.colcon_core.package_identification:_identify(config/node_modules/engine.io-parser/build/cjs/contrib) by extension 'ros'
[0.548s] Level 1:colcon.colcon_core.package_identification:_identify(config/node_modules/engine.io-parser/build/cjs/contrib) by extensions ['cmake', 'python']
[0.548s] Level 1:colcon.colcon_core.package_identification:_identify(config/node_modules/engine.io-parser/build/cjs/contrib) by extension 'cmake'
[0.548s] Level 1:colcon.colcon_core.package_identification:_identify(config/node_modules/engine.io-parser/build/cjs/contrib) by extension 'python'
[0.548s] Level 1:colcon.colcon_core.package_identification:_identify(config/node_modules/engine.io-parser/build/cjs/contrib) by extensions ['python_setup_py']
[0.548s] Level 1:colcon.colcon_core.package_identification:_identify(config/node_modules/engine.io-parser/build/cjs/contrib) by extension 'python_setup_py'
[0.548s] Level 1:colcon.colcon_core.package_identification:_identify(config/node_modules/engine.io-parser/build/esm) by extensions ['ignore', 'ignore_ament_install']
[0.548s] Level 1:colcon.colcon_core.package_identification:_identify(config/node_modules/engine.io-parser/build/esm) by extension 'ignore'
[0.548s] Level 1:colcon.colcon_core.package_identification:_identify(config/node_modules/engine.io-parser/build/esm) by extension 'ignore_ament_install'
[0.548s] Level 1:colcon.colcon_core.package_identification:_identify(config/node_modules/engine.io-parser/build/esm) by extensions ['colcon_pkg']
[0.548s] Level 1:colcon.colcon_core.package_identification:_identify(config/node_modules/engine.io-parser/build/esm) by extension 'colcon_pkg'
[0.548s] Level 1:colcon.colcon_core.package_identification:_identify(config/node_modules/engine.io-parser/build/esm) by extensions ['colcon_meta']
[0.548s] Level 1:colcon.colcon_core.package_identification:_identify(config/node_modules/engine.io-parser/build/esm) by extension 'colcon_meta'
[0.549s] Level 1:colcon.colcon_core.package_identification:_identify(config/node_modules/engine.io-parser/build/esm) by extensions ['ros']
[0.549s] Level 1:colcon.colcon_core.package_identification:_identify(config/node_modules/engine.io-parser/build/esm) by extension 'ros'
[0.549s] Level 1:colcon.colcon_core.package_identification:_identify(config/node_modules/engine.io-parser/build/esm) by extensions ['cmake', 'python']
[0.549s] Level 1:colcon.colcon_core.package_identification:_identify(config/node_modules/engine.io-parser/build/esm) by extension 'cmake'
[0.549s] Level 1:colcon.colcon_core.package_identification:_identify(config/node_modules/engine.io-parser/build/esm) by extension 'python'
[0.549s] Level 1:colcon.colcon_core.package_identification:_identify(config/node_modules/engine.io-parser/build/esm) by extensions ['python_setup_py']
[0.549s] Level 1:colcon.colcon_core.package_identification:_identify(config/node_modules/engine.io-parser/build/esm) by extension 'python_setup_py'
[0.549s] Level 1:colcon.colcon_core.package_identification:_identify(config/node_modules/engine.io-parser/build/esm/contrib) by extensions ['ignore', 'ignore_ament_install']
[0.549s] Level 1:colcon.colcon_core.package_identification:_identify(config/node_modules/engine.io-parser/build/esm/contrib) by extension 'ignore'
[0.549s] Level 1:colcon.colcon_core.package_identification:_identify(config/node_modules/engine.io-parser/build/esm/contrib) by extension 'ignore_ament_install'
[0.549s] Level 1:colcon.colcon_core.package_identification:_identify(config/node_modules/engine.io-parser/build/esm/contrib) by extensions ['colcon_pkg']
[0.549s] Level 1:colcon.colcon_core.package_identification:_identify(config/node_modules/engine.io-parser/build/esm/contrib) by extension 'colcon_pkg'
[0.549s] Level 1:colcon.colcon_core.package_identification:_identify(config/node_modules/engine.io-parser/build/esm/contrib) by extensions ['colcon_meta']
[0.549s] Level 1:colcon.colcon_core.package_identification:_identify(config/node_modules/engine.io-parser/build/esm/contrib) by extension 'colcon_meta'
[0.549s] Level 1:colcon.colcon_core.package_identification:_identify(config/node_modules/engine.io-parser/build/esm/contrib) by extensions ['ros']
[0.549s] Level 1:colcon.colcon_core.package_identification:_identify(config/node_modules/engine.io-parser/build/esm/contrib) by extension 'ros'
[0.549s] Level 1:colcon.colcon_core.package_identification:_identify(config/node_modules/engine.io-parser/build/esm/contrib) by extensions ['cmake', 'python']
[0.549s] Level 1:colcon.colcon_core.package_identification:_identify(config/node_modules/engine.io-parser/build/esm/contrib) by extension 'cmake'
[0.549s] Level 1:colcon.colcon_core.package_identification:_identify(config/node_modules/engine.io-parser/build/esm/contrib) by extension 'python'
[0.549s] Level 1:colcon.colcon_core.package_identification:_identify(config/node_modules/engine.io-parser/build/esm/contrib) by extensions ['python_setup_py']
[0.550s] Level 1:colcon.colcon_core.package_identification:_identify(config/node_modules/engine.io-parser/build/esm/contrib) by extension 'python_setup_py'
[0.550s] Level 1:colcon.colcon_core.package_identification:_identify(config/node_modules/escape-html) by extensions ['ignore', 'ignore_ament_install']
[0.550s] Level 1:colcon.colcon_core.package_identification:_identify(config/node_modules/escape-html) by extension 'ignore'
[0.550s] Level 1:colcon.colcon_core.package_identification:_identify(config/node_modules/escape-html) by extension 'ignore_ament_install'
[0.550s] Level 1:colcon.colcon_core.package_identification:_identify(config/node_modules/escape-html) by extensions ['colcon_pkg']
[0.550s] Level 1:colcon.colcon_core.package_identification:_identify(config/node_modules/escape-html) by extension 'colcon_pkg'
[0.550s] Level 1:colcon.colcon_core.package_identification:_identify(config/node_modules/escape-html) by extensions ['colcon_meta']
[0.550s] Level 1:colcon.colcon_core.package_identification:_identify(config/node_modules/escape-html) by extension 'colcon_meta'
[0.550s] Level 1:colcon.colcon_core.package_identification:_identify(config/node_modules/escape-html) by extensions ['ros']
[0.550s] Level 1:colcon.colcon_core.package_identification:_identify(config/node_modules/escape-html) by extension 'ros'
[0.550s] Level 1:colcon.colcon_core.package_identification:_identify(config/node_modules/escape-html) by extensions ['cmake', 'python']
[0.550s] Level 1:colcon.colcon_core.package_identification:_identify(config/node_modules/escape-html) by extension 'cmake'
[0.550s] Level 1:colcon.colcon_core.package_identification:_identify(config/node_modules/escape-html) by extension 'python'
[0.550s] Level 1:colcon.colcon_core.package_identification:_identify(config/node_modules/escape-html) by extensions ['python_setup_py']
[0.550s] Level 1:colcon.colcon_core.package_identification:_identify(config/node_modules/escape-html) by extension 'python_setup_py'
[0.550s] Level 1:colcon.colcon_core.package_identification:_identify(config/node_modules/etag) by extensions ['ignore', 'ignore_ament_install']
[0.550s] Level 1:colcon.colcon_core.package_identification:_identify(config/node_modules/etag) by extension 'ignore'
[0.550s] Level 1:colcon.colcon_core.package_identification:_identify(config/node_modules/etag) by extension 'ignore_ament_install'
[0.550s] Level 1:colcon.colcon_core.package_identification:_identify(config/node_modules/etag) by extensions ['colcon_pkg']
[0.551s] Level 1:colcon.colcon_core.package_identification:_identify(config/node_modules/etag) by extension 'colcon_pkg'
[0.551s] Level 1:colcon.colcon_core.package_identification:_identify(config/node_modules/etag) by extensions ['colcon_meta']
[0.551s] Level 1:colcon.colcon_core.package_identification:_identify(config/node_modules/etag) by extension 'colcon_meta'
[0.551s] Level 1:colcon.colcon_core.package_identification:_identify(config/node_modules/etag) by extensions ['ros']
[0.551s] Level 1:colcon.colcon_core.package_identification:_identify(config/node_modules/etag) by extension 'ros'
[0.551s] Level 1:colcon.colcon_core.package_identification:_identify(config/node_modules/etag) by extensions ['cmake', 'python']
[0.551s] Level 1:colcon.colcon_core.package_identification:_identify(config/node_modules/etag) by extension 'cmake'
[0.551s] Level 1:colcon.colcon_core.package_identification:_identify(config/node_modules/etag) by extension 'python'
[0.551s] Level 1:colcon.colcon_core.package_identification:_identify(config/node_modules/etag) by extensions ['python_setup_py']
[0.551s] Level 1:colcon.colcon_core.package_identification:_identify(config/node_modules/etag) by extension 'python_setup_py'
[0.551s] Level 1:colcon.colcon_core.package_identification:_identify(config/node_modules/fresh) by extensions ['ignore', 'ignore_ament_install']
[0.551s] Level 1:colcon.colcon_core.package_identification:_identify(config/node_modules/fresh) by extension 'ignore'
[0.551s] Level 1:colcon.colcon_core.package_identification:_identify(config/node_modules/fresh) by extension 'ignore_ament_install'
[0.551s] Level 1:colcon.colcon_core.package_identification:_identify(config/node_modules/fresh) by extensions ['colcon_pkg']
[0.551s] Level 1:colcon.colcon_core.package_identification:_identify(config/node_modules/fresh) by extension 'colcon_pkg'
[0.551s] Level 1:colcon.colcon_core.package_identification:_identify(config/node_modules/fresh) by extensions ['colcon_meta']
[0.551s] Level 1:colcon.colcon_core.package_identification:_identify(config/node_modules/fresh) by extension 'colcon_meta'
[0.551s] Level 1:colcon.colcon_core.package_identification:_identify(config/node_modules/fresh) by extensions ['ros']
[0.551s] Level 1:colcon.colcon_core.package_identification:_identify(config/node_modules/fresh) by extension 'ros'
[0.551s] Level 1:colcon.colcon_core.package_identification:_identify(config/node_modules/fresh) by extensions ['cmake', 'python']
[0.551s] Level 1:colcon.colcon_core.package_identification:_identify(config/node_modules/fresh) by extension 'cmake'
[0.551s] Level 1:colcon.colcon_core.package_identification:_identify(config/node_modules/fresh) by extension 'python'
[0.552s] Level 1:colcon.colcon_core.package_identification:_identify(config/node_modules/fresh) by extensions ['python_setup_py']
[0.552s] Level 1:colcon.colcon_core.package_identification:_identify(config/node_modules/fresh) by extension 'python_setup_py'
[0.552s] Level 1:colcon.colcon_core.package_identification:_identify(config/node_modules/gridstack) by extensions ['ignore', 'ignore_ament_install']
[0.552s] Level 1:colcon.colcon_core.package_identification:_identify(config/node_modules/gridstack) by extension 'ignore'
[0.552s] Level 1:colcon.colcon_core.package_identification:_identify(config/node_modules/gridstack) by extension 'ignore_ament_install'
[0.552s] Level 1:colcon.colcon_core.package_identification:_identify(config/node_modules/gridstack) by extensions ['colcon_pkg']
[0.552s] Level 1:colcon.colcon_core.package_identification:_identify(config/node_modules/gridstack) by extension 'colcon_pkg'
[0.552s] Level 1:colcon.colcon_core.package_identification:_identify(config/node_modules/gridstack) by extensions ['colcon_meta']
[0.552s] Level 1:colcon.colcon_core.package_identification:_identify(config/node_modules/gridstack) by extension 'colcon_meta'
[0.552s] Level 1:colcon.colcon_core.package_identification:_identify(config/node_modules/gridstack) by extensions ['ros']
[0.552s] Level 1:colcon.colcon_core.package_identification:_identify(config/node_modules/gridstack) by extension 'ros'
[0.552s] Level 1:colcon.colcon_core.package_identification:_identify(config/node_modules/gridstack) by extensions ['cmake', 'python']
[0.552s] Level 1:colcon.colcon_core.package_identification:_identify(config/node_modules/gridstack) by extension 'cmake'
[0.552s] Level 1:colcon.colcon_core.package_identification:_identify(config/node_modules/gridstack) by extension 'python'
[0.552s] Level 1:colcon.colcon_core.package_identification:_identify(config/node_modules/gridstack) by extensions ['python_setup_py']
[0.552s] Level 1:colcon.colcon_core.package_identification:_identify(config/node_modules/gridstack) by extension 'python_setup_py'
[0.552s] Level 1:colcon.colcon_core.package_identification:_identify(config/node_modules/gridstack/dist) by extensions ['ignore', 'ignore_ament_install']
[0.552s] Level 1:colcon.colcon_core.package_identification:_identify(config/node_modules/gridstack/dist) by extension 'ignore'
[0.552s] Level 1:colcon.colcon_core.package_identification:_identify(config/node_modules/gridstack/dist) by extension 'ignore_ament_install'
[0.553s] Level 1:colcon.colcon_core.package_identification:_identify(config/node_modules/gridstack/dist) by extensions ['colcon_pkg']
[0.553s] Level 1:colcon.colcon_core.package_identification:_identify(config/node_modules/gridstack/dist) by extension 'colcon_pkg'
[0.553s] Level 1:colcon.colcon_core.package_identification:_identify(config/node_modules/gridstack/dist) by extensions ['colcon_meta']
[0.553s] Level 1:colcon.colcon_core.package_identification:_identify(config/node_modules/gridstack/dist) by extension 'colcon_meta'
[0.553s] Level 1:colcon.colcon_core.package_identification:_identify(config/node_modules/gridstack/dist) by extensions ['ros']
[0.553s] Level 1:colcon.colcon_core.package_identification:_identify(config/node_modules/gridstack/dist) by extension 'ros'
[0.553s] Level 1:colcon.colcon_core.package_identification:_identify(config/node_modules/gridstack/dist) by extensions ['cmake', 'python']
[0.553s] Level 1:colcon.colcon_core.package_identification:_identify(config/node_modules/gridstack/dist) by extension 'cmake'
[0.553s] Level 1:colcon.colcon_core.package_identification:_identify(config/node_modules/gridstack/dist) by extension 'python'
[0.553s] Level 1:colcon.colcon_core.package_identification:_identify(config/node_modules/gridstack/dist) by extensions ['python_setup_py']
[0.553s] Level 1:colcon.colcon_core.package_identification:_identify(config/node_modules/gridstack/dist) by extension 'python_setup_py'
[0.553s] Level 1:colcon.colcon_core.package_identification:_identify(config/node_modules/gridstack/doc) by extensions ['ignore', 'ignore_ament_install']
[0.553s] Level 1:colcon.colcon_core.package_identification:_identify(config/node_modules/gridstack/doc) by extension 'ignore'
[0.553s] Level 1:colcon.colcon_core.package_identification:_identify(config/node_modules/gridstack/doc) by extension 'ignore_ament_install'
[0.553s] Level 1:colcon.colcon_core.package_identification:_identify(config/node_modules/gridstack/doc) by extensions ['colcon_pkg']
[0.553s] Level 1:colcon.colcon_core.package_identification:_identify(config/node_modules/gridstack/doc) by extension 'colcon_pkg'
[0.553s] Level 1:colcon.colcon_core.package_identification:_identify(config/node_modules/gridstack/doc) by extensions ['colcon_meta']
[0.553s] Level 1:colcon.colcon_core.package_identification:_identify(config/node_modules/gridstack/doc) by extension 'colcon_meta'
[0.553s] Level 1:colcon.colcon_core.package_identification:_identify(config/node_modules/gridstack/doc) by extensions ['ros']
[0.553s] Level 1:colcon.colcon_core.package_identification:_identify(config/node_modules/gridstack/doc) by extension 'ros'
[0.553s] Level 1:colcon.colcon_core.package_identification:_identify(config/node_modules/gridstack/doc) by extensions ['cmake', 'python']
[0.553s] Level 1:colcon.colcon_core.package_identification:_identify(config/node_modules/gridstack/doc) by extension 'cmake'
[0.553s] Level 1:colcon.colcon_core.package_identification:_identify(config/node_modules/gridstack/doc) by extension 'python'
[0.554s] Level 1:colcon.colcon_core.package_identification:_identify(config/node_modules/gridstack/doc) by extensions ['python_setup_py']
[0.554s] Level 1:colcon.colcon_core.package_identification:_identify(config/node_modules/gridstack/doc) by extension 'python_setup_py'
[0.554s] Level 1:colcon.colcon_core.package_identification:_identify(config/node_modules/http-errors) by extensions ['ignore', 'ignore_ament_install']
[0.554s] Level 1:colcon.colcon_core.package_identification:_identify(config/node_modules/http-errors) by extension 'ignore'
[0.554s] Level 1:colcon.colcon_core.package_identification:_identify(config/node_modules/http-errors) by extension 'ignore_ament_install'
[0.554s] Level 1:colcon.colcon_core.package_identification:_identify(config/node_modules/http-errors) by extensions ['colcon_pkg']
[0.554s] Level 1:colcon.colcon_core.package_identification:_identify(config/node_modules/http-errors) by extension 'colcon_pkg'
[0.554s] Level 1:colcon.colcon_core.package_identification:_identify(config/node_modules/http-errors) by extensions ['colcon_meta']
[0.554s] Level 1:colcon.colcon_core.package_identification:_identify(config/node_modules/http-errors) by extension 'colcon_meta'
[0.554s] Level 1:colcon.colcon_core.package_identification:_identify(config/node_modules/http-errors) by extensions ['ros']
[0.554s] Level 1:colcon.colcon_core.package_identification:_identify(config/node_modules/http-errors) by extension 'ros'
[0.554s] Level 1:colcon.colcon_core.package_identification:_identify(config/node_modules/http-errors) by extensions ['cmake', 'python']
[0.554s] Level 1:colcon.colcon_core.package_identification:_identify(config/node_modules/http-errors) by extension 'cmake'
[0.554s] Level 1:colcon.colcon_core.package_identification:_identify(config/node_modules/http-errors) by extension 'python'
[0.554s] Level 1:colcon.colcon_core.package_identification:_identify(config/node_modules/http-errors) by extensions ['python_setup_py']
[0.554s] Level 1:colcon.colcon_core.package_identification:_identify(config/node_modules/http-errors) by extension 'python_setup_py'
[0.554s] Level 1:colcon.colcon_core.package_identification:_identify(config/node_modules/inherits) by extensions ['ignore', 'ignore_ament_install']
[0.554s] Level 1:colcon.colcon_core.package_identification:_identify(config/node_modules/inherits) by extension 'ignore'
[0.554s] Level 1:colcon.colcon_core.package_identification:_identify(config/node_modules/inherits) by extension 'ignore_ament_install'
[0.554s] Level 1:colcon.colcon_core.package_identification:_identify(config/node_modules/inherits) by extensions ['colcon_pkg']
[0.554s] Level 1:colcon.colcon_core.package_identification:_identify(config/node_modules/inherits) by extension 'colcon_pkg'
[0.554s] Level 1:colcon.colcon_core.package_identification:_identify(config/node_modules/inherits) by extensions ['colcon_meta']
[0.554s] Level 1:colcon.colcon_core.package_identification:_identify(config/node_modules/inherits) by extension 'colcon_meta'
[0.554s] Level 1:colcon.colcon_core.package_identification:_identify(config/node_modules/inherits) by extensions ['ros']
[0.554s] Level 1:colcon.colcon_core.package_identification:_identify(config/node_modules/inherits) by extension 'ros'
[0.555s] Level 1:colcon.colcon_core.package_identification:_identify(config/node_modules/inherits) by extensions ['cmake', 'python']
[0.555s] Level 1:colcon.colcon_core.package_identification:_identify(config/node_modules/inherits) by extension 'cmake'
[0.555s] Level 1:colcon.colcon_core.package_identification:_identify(config/node_modules/inherits) by extension 'python'
[0.555s] Level 1:colcon.colcon_core.package_identification:_identify(config/node_modules/inherits) by extensions ['python_setup_py']
[0.555s] Level 1:colcon.colcon_core.package_identification:_identify(config/node_modules/inherits) by extension 'python_setup_py'
[0.555s] Level 1:colcon.colcon_core.package_identification:_identify(config/node_modules/jquery) by extensions ['ignore', 'ignore_ament_install']
[0.555s] Level 1:colcon.colcon_core.package_identification:_identify(config/node_modules/jquery) by extension 'ignore'
[0.555s] Level 1:colcon.colcon_core.package_identification:_identify(config/node_modules/jquery) by extension 'ignore_ament_install'
[0.555s] Level 1:colcon.colcon_core.package_identification:_identify(config/node_modules/jquery) by extensions ['colcon_pkg']
[0.555s] Level 1:colcon.colcon_core.package_identification:_identify(config/node_modules/jquery) by extension 'colcon_pkg'
[0.555s] Level 1:colcon.colcon_core.package_identification:_identify(config/node_modules/jquery) by extensions ['colcon_meta']
[0.555s] Level 1:colcon.colcon_core.package_identification:_identify(config/node_modules/jquery) by extension 'colcon_meta'
[0.555s] Level 1:colcon.colcon_core.package_identification:_identify(config/node_modules/jquery) by extensions ['ros']
[0.555s] Level 1:colcon.colcon_core.package_identification:_identify(config/node_modules/jquery) by extension 'ros'
[0.555s] Level 1:colcon.colcon_core.package_identification:_identify(config/node_modules/jquery) by extensions ['cmake', 'python']
[0.555s] Level 1:colcon.colcon_core.package_identification:_identify(config/node_modules/jquery) by extension 'cmake'
[0.555s] Level 1:colcon.colcon_core.package_identification:_identify(config/node_modules/jquery) by extension 'python'
[0.555s] Level 1:colcon.colcon_core.package_identification:_identify(config/node_modules/jquery) by extensions ['python_setup_py']
[0.555s] Level 1:colcon.colcon_core.package_identification:_identify(config/node_modules/jquery) by extension 'python_setup_py'
[0.555s] Level 1:colcon.colcon_core.package_identification:_identify(config/node_modules/jquery/dist) by extensions ['ignore', 'ignore_ament_install']
[0.556s] Level 1:colcon.colcon_core.package_identification:_identify(config/node_modules/jquery/dist) by extension 'ignore'
[0.556s] Level 1:colcon.colcon_core.package_identification:_identify(config/node_modules/jquery/dist) by extension 'ignore_ament_install'
[0.556s] Level 1:colcon.colcon_core.package_identification:_identify(config/node_modules/jquery/dist) by extensions ['colcon_pkg']
[0.556s] Level 1:colcon.colcon_core.package_identification:_identify(config/node_modules/jquery/dist) by extension 'colcon_pkg'
[0.556s] Level 1:colcon.colcon_core.package_identification:_identify(config/node_modules/jquery/dist) by extensions ['colcon_meta']
[0.556s] Level 1:colcon.colcon_core.package_identification:_identify(config/node_modules/jquery/dist) by extension 'colcon_meta'
[0.556s] Level 1:colcon.colcon_core.package_identification:_identify(config/node_modules/jquery/dist) by extensions ['ros']
[0.556s] Level 1:colcon.colcon_core.package_identification:_identify(config/node_modules/jquery/dist) by extension 'ros'
[0.556s] Level 1:colcon.colcon_core.package_identification:_identify(config/node_modules/jquery/dist) by extensions ['cmake', 'python']
[0.556s] Level 1:colcon.colcon_core.package_identification:_identify(config/node_modules/jquery/dist) by extension 'cmake'
[0.556s] Level 1:colcon.colcon_core.package_identification:_identify(config/node_modules/jquery/dist) by extension 'python'
[0.556s] Level 1:colcon.colcon_core.package_identification:_identify(config/node_modules/jquery/dist) by extensions ['python_setup_py']
[0.556s] Level 1:colcon.colcon_core.package_identification:_identify(config/node_modules/jquery/dist) by extension 'python_setup_py'
[0.556s] Level 1:colcon.colcon_core.package_identification:_identify(config/node_modules/jquery/src) by extensions ['ignore', 'ignore_ament_install']
[0.556s] Level 1:colcon.colcon_core.package_identification:_identify(config/node_modules/jquery/src) by extension 'ignore'
[0.556s] Level 1:colcon.colcon_core.package_identification:_identify(config/node_modules/jquery/src) by extension 'ignore_ament_install'
[0.556s] Level 1:colcon.colcon_core.package_identification:_identify(config/node_modules/jquery/src) by extensions ['colcon_pkg']
[0.556s] Level 1:colcon.colcon_core.package_identification:_identify(config/node_modules/jquery/src) by extension 'colcon_pkg'
[0.556s] Level 1:colcon.colcon_core.package_identification:_identify(config/node_modules/jquery/src) by extensions ['colcon_meta']
[0.556s] Level 1:colcon.colcon_core.package_identification:_identify(config/node_modules/jquery/src) by extension 'colcon_meta'
[0.556s] Level 1:colcon.colcon_core.package_identification:_identify(config/node_modules/jquery/src) by extensions ['ros']
[0.557s] Level 1:colcon.colcon_core.package_identification:_identify(config/node_modules/jquery/src) by extension 'ros'
[0.557s] Level 1:colcon.colcon_core.package_identification:_identify(config/node_modules/jquery/src) by extensions ['cmake', 'python']
[0.557s] Level 1:colcon.colcon_core.package_identification:_identify(config/node_modules/jquery/src) by extension 'cmake'
[0.557s] Level 1:colcon.colcon_core.package_identification:_identify(config/node_modules/jquery/src) by extension 'python'
[0.557s] Level 1:colcon.colcon_core.package_identification:_identify(config/node_modules/jquery/src) by extensions ['python_setup_py']
[0.557s] Level 1:colcon.colcon_core.package_identification:_identify(config/node_modules/jquery/src) by extension 'python_setup_py'
[0.557s] Level 1:colcon.colcon_core.package_identification:_identify(config/node_modules/jquery/src/ajax) by extensions ['ignore', 'ignore_ament_install']
[0.557s] Level 1:colcon.colcon_core.package_identification:_identify(config/node_modules/jquery/src/ajax) by extension 'ignore'
[0.557s] Level 1:colcon.colcon_core.package_identification:_identify(config/node_modules/jquery/src/ajax) by extension 'ignore_ament_install'
[0.557s] Level 1:colcon.colcon_core.package_identification:_identify(config/node_modules/jquery/src/ajax) by extensions ['colcon_pkg']
[0.557s] Level 1:colcon.colcon_core.package_identification:_identify(config/node_modules/jquery/src/ajax) by extension 'colcon_pkg'
[0.557s] Level 1:colcon.colcon_core.package_identification:_identify(config/node_modules/jquery/src/ajax) by extensions ['colcon_meta']
[0.557s] Level 1:colcon.colcon_core.package_identification:_identify(config/node_modules/jquery/src/ajax) by extension 'colcon_meta'
[0.557s] Level 1:colcon.colcon_core.package_identification:_identify(config/node_modules/jquery/src/ajax) by extensions ['ros']
[0.557s] Level 1:colcon.colcon_core.package_identification:_identify(config/node_modules/jquery/src/ajax) by extension 'ros'
[0.558s] Level 1:colcon.colcon_core.package_identification:_identify(config/node_modules/jquery/src/ajax) by extensions ['cmake', 'python']
[0.558s] Level 1:colcon.colcon_core.package_identification:_identify(config/node_modules/jquery/src/ajax) by extension 'cmake'
[0.558s] Level 1:colcon.colcon_core.package_identification:_identify(config/node_modules/jquery/src/ajax) by extension 'python'
[0.558s] Level 1:colcon.colcon_core.package_identification:_identify(config/node_modules/jquery/src/ajax) by extensions ['python_setup_py']
[0.558s] Level 1:colcon.colcon_core.package_identification:_identify(config/node_modules/jquery/src/ajax) by extension 'python_setup_py'
[0.558s] Level 1:colcon.colcon_core.package_identification:_identify(config/node_modules/jquery/src/ajax/var) by extensions ['ignore', 'ignore_ament_install']
[0.558s] Level 1:colcon.colcon_core.package_identification:_identify(config/node_modules/jquery/src/ajax/var) by extension 'ignore'
[0.558s] Level 1:colcon.colcon_core.package_identification:_identify(config/node_modules/jquery/src/ajax/var) by extension 'ignore_ament_install'
[0.558s] Level 1:colcon.colcon_core.package_identification:_identify(config/node_modules/jquery/src/ajax/var) by extensions ['colcon_pkg']
[0.558s] Level 1:colcon.colcon_core.package_identification:_identify(config/node_modules/jquery/src/ajax/var) by extension 'colcon_pkg'
[0.558s] Level 1:colcon.colcon_core.package_identification:_identify(config/node_modules/jquery/src/ajax/var) by extensions ['colcon_meta']
[0.558s] Level 1:colcon.colcon_core.package_identification:_identify(config/node_modules/jquery/src/ajax/var) by extension 'colcon_meta'
[0.558s] Level 1:colcon.colcon_core.package_identification:_identify(config/node_modules/jquery/src/ajax/var) by extensions ['ros']
[0.558s] Level 1:colcon.colcon_core.package_identification:_identify(config/node_modules/jquery/src/ajax/var) by extension 'ros'
[0.558s] Level 1:colcon.colcon_core.package_identification:_identify(config/node_modules/jquery/src/ajax/var) by extensions ['cmake', 'python']
[0.558s] Level 1:colcon.colcon_core.package_identification:_identify(config/node_modules/jquery/src/ajax/var) by extension 'cmake'
[0.558s] Level 1:colcon.colcon_core.package_identification:_identify(config/node_modules/jquery/src/ajax/var) by extension 'python'
[0.558s] Level 1:colcon.colcon_core.package_identification:_identify(config/node_modules/jquery/src/ajax/var) by extensions ['python_setup_py']
[0.558s] Level 1:colcon.colcon_core.package_identification:_identify(config/node_modules/jquery/src/ajax/var) by extension 'python_setup_py'
[0.558s] Level 1:colcon.colcon_core.package_identification:_identify(config/node_modules/jquery/src/attributes) by extensions ['ignore', 'ignore_ament_install']
[0.559s] Level 1:colcon.colcon_core.package_identification:_identify(config/node_modules/jquery/src/attributes) by extension 'ignore'
[0.559s] Level 1:colcon.colcon_core.package_identification:_identify(config/node_modules/jquery/src/attributes) by extension 'ignore_ament_install'
[0.559s] Level 1:colcon.colcon_core.package_identification:_identify(config/node_modules/jquery/src/attributes) by extensions ['colcon_pkg']
[0.559s] Level 1:colcon.colcon_core.package_identification:_identify(config/node_modules/jquery/src/attributes) by extension 'colcon_pkg'
[0.559s] Level 1:colcon.colcon_core.package_identification:_identify(config/node_modules/jquery/src/attributes) by extensions ['colcon_meta']
[0.559s] Level 1:colcon.colcon_core.package_identification:_identify(config/node_modules/jquery/src/attributes) by extension 'colcon_meta'
[0.559s] Level 1:colcon.colcon_core.package_identification:_identify(config/node_modules/jquery/src/attributes) by extensions ['ros']
[0.559s] Level 1:colcon.colcon_core.package_identification:_identify(config/node_modules/jquery/src/attributes) by extension 'ros'
[0.559s] Level 1:colcon.colcon_core.package_identification:_identify(config/node_modules/jquery/src/attributes) by extensions ['cmake', 'python']
[0.559s] Level 1:colcon.colcon_core.package_identification:_identify(config/node_modules/jquery/src/attributes) by extension 'cmake'
[0.559s] Level 1:colcon.colcon_core.package_identification:_identify(config/node_modules/jquery/src/attributes) by extension 'python'
[0.559s] Level 1:colcon.colcon_core.package_identification:_identify(config/node_modules/jquery/src/attributes) by extensions ['python_setup_py']
[0.559s] Level 1:colcon.colcon_core.package_identification:_identify(config/node_modules/jquery/src/attributes) by extension 'python_setup_py'
[0.559s] Level 1:colcon.colcon_core.package_identification:_identify(config/node_modules/jquery/src/core) by extensions ['ignore', 'ignore_ament_install']
[0.559s] Level 1:colcon.colcon_core.package_identification:_identify(config/node_modules/jquery/src/core) by extension 'ignore'
[0.559s] Level 1:colcon.colcon_core.package_identification:_identify(config/node_modules/jquery/src/core) by extension 'ignore_ament_install'
[0.559s] Level 1:colcon.colcon_core.package_identification:_identify(config/node_modules/jquery/src/core) by extensions ['colcon_pkg']
[0.559s] Level 1:colcon.colcon_core.package_identification:_identify(config/node_modules/jquery/src/core) by extension 'colcon_pkg'
[0.559s] Level 1:colcon.colcon_core.package_identification:_identify(config/node_modules/jquery/src/core) by extensions ['colcon_meta']
[0.560s] Level 1:colcon.colcon_core.package_identification:_identify(config/node_modules/jquery/src/core) by extension 'colcon_meta'
[0.560s] Level 1:colcon.colcon_core.package_identification:_identify(config/node_modules/jquery/src/core) by extensions ['ros']
[0.560s] Level 1:colcon.colcon_core.package_identification:_identify(config/node_modules/jquery/src/core) by extension 'ros'
[0.560s] Level 1:colcon.colcon_core.package_identification:_identify(config/node_modules/jquery/src/core) by extensions ['cmake', 'python']
[0.560s] Level 1:colcon.colcon_core.package_identification:_identify(config/node_modules/jquery/src/core) by extension 'cmake'
[0.560s] Level 1:colcon.colcon_core.package_identification:_identify(config/node_modules/jquery/src/core) by extension 'python'
[0.560s] Level 1:colcon.colcon_core.package_identification:_identify(config/node_modules/jquery/src/core) by extensions ['python_setup_py']
[0.560s] Level 1:colcon.colcon_core.package_identification:_identify(config/node_modules/jquery/src/core) by extension 'python_setup_py'
[0.560s] Level 1:colcon.colcon_core.package_identification:_identify(config/node_modules/jquery/src/core/var) by extensions ['ignore', 'ignore_ament_install']
[0.560s] Level 1:colcon.colcon_core.package_identification:_identify(config/node_modules/jquery/src/core/var) by extension 'ignore'
[0.560s] Level 1:colcon.colcon_core.package_identification:_identify(config/node_modules/jquery/src/core/var) by extension 'ignore_ament_install'
[0.560s] Level 1:colcon.colcon_core.package_identification:_identify(config/node_modules/jquery/src/core/var) by extensions ['colcon_pkg']
[0.560s] Level 1:colcon.colcon_core.package_identification:_identify(config/node_modules/jquery/src/core/var) by extension 'colcon_pkg'
[0.560s] Level 1:colcon.colcon_core.package_identification:_identify(config/node_modules/jquery/src/core/var) by extensions ['colcon_meta']
[0.560s] Level 1:colcon.colcon_core.package_identification:_identify(config/node_modules/jquery/src/core/var) by extension 'colcon_meta'
[0.560s] Level 1:colcon.colcon_core.package_identification:_identify(config/node_modules/jquery/src/core/var) by extensions ['ros']
[0.560s] Level 1:colcon.colcon_core.package_identification:_identify(config/node_modules/jquery/src/core/var) by extension 'ros'
[0.560s] Level 1:colcon.colcon_core.package_identification:_identify(config/node_modules/jquery/src/core/var) by extensions ['cmake', 'python']
[0.560s] Level 1:colcon.colcon_core.package_identification:_identify(config/node_modules/jquery/src/core/var) by extension 'cmake'
[0.560s] Level 1:colcon.colcon_core.package_identification:_identify(config/node_modules/jquery/src/core/var) by extension 'python'
[0.560s] Level 1:colcon.colcon_core.package_identification:_identify(config/node_modules/jquery/src/core/var) by extensions ['python_setup_py']
[0.560s] Level 1:colcon.colcon_core.package_identification:_identify(config/node_modules/jquery/src/core/var) by extension 'python_setup_py'
[0.561s] Level 1:colcon.colcon_core.package_identification:_identify(config/node_modules/jquery/src/css) by extensions ['ignore', 'ignore_ament_install']
[0.561s] Level 1:colcon.colcon_core.package_identification:_identify(config/node_modules/jquery/src/css) by extension 'ignore'
[0.561s] Level 1:colcon.colcon_core.package_identification:_identify(config/node_modules/jquery/src/css) by extension 'ignore_ament_install'
[0.561s] Level 1:colcon.colcon_core.package_identification:_identify(config/node_modules/jquery/src/css) by extensions ['colcon_pkg']
[0.561s] Level 1:colcon.colcon_core.package_identification:_identify(config/node_modules/jquery/src/css) by extension 'colcon_pkg'
[0.561s] Level 1:colcon.colcon_core.package_identification:_identify(config/node_modules/jquery/src/css) by extensions ['colcon_meta']
[0.561s] Level 1:colcon.colcon_core.package_identification:_identify(config/node_modules/jquery/src/css) by extension 'colcon_meta'
[0.561s] Level 1:colcon.colcon_core.package_identification:_identify(config/node_modules/jquery/src/css) by extensions ['ros']
[0.561s] Level 1:colcon.colcon_core.package_identification:_identify(config/node_modules/jquery/src/css) by extension 'ros'
[0.561s] Level 1:colcon.colcon_core.package_identification:_identify(config/node_modules/jquery/src/css) by extensions ['cmake', 'python']
[0.561s] Level 1:colcon.colcon_core.package_identification:_identify(config/node_modules/jquery/src/css) by extension 'cmake'
[0.562s] Level 1:colcon.colcon_core.package_identification:_identify(config/node_modules/jquery/src/css) by extension 'python'
[0.562s] Level 1:colcon.colcon_core.package_identification:_identify(config/node_modules/jquery/src/css) by extensions ['python_setup_py']
[0.562s] Level 1:colcon.colcon_core.package_identification:_identify(config/node_modules/jquery/src/css) by extension 'python_setup_py'
[0.562s] Level 1:colcon.colcon_core.package_identification:_identify(config/node_modules/jquery/src/css/var) by extensions ['ignore', 'ignore_ament_install']
[0.562s] Level 1:colcon.colcon_core.package_identification:_identify(config/node_modules/jquery/src/css/var) by extension 'ignore'
[0.562s] Level 1:colcon.colcon_core.package_identification:_identify(config/node_modules/jquery/src/css/var) by extension 'ignore_ament_install'
[0.562s] Level 1:colcon.colcon_core.package_identification:_identify(config/node_modules/jquery/src/css/var) by extensions ['colcon_pkg']
[0.562s] Level 1:colcon.colcon_core.package_identification:_identify(config/node_modules/jquery/src/css/var) by extension 'colcon_pkg'
[0.562s] Level 1:colcon.colcon_core.package_identification:_identify(config/node_modules/jquery/src/css/var) by extensions ['colcon_meta']
[0.562s] Level 1:colcon.colcon_core.package_identification:_identify(config/node_modules/jquery/src/css/var) by extension 'colcon_meta'
[0.562s] Level 1:colcon.colcon_core.package_identification:_identify(config/node_modules/jquery/src/css/var) by extensions ['ros']
[0.562s] Level 1:colcon.colcon_core.package_identification:_identify(config/node_modules/jquery/src/css/var) by extension 'ros'
[0.562s] Level 1:colcon.colcon_core.package_identification:_identify(config/node_modules/jquery/src/css/var) by extensions ['cmake', 'python']
[0.562s] Level 1:colcon.colcon_core.package_identification:_identify(config/node_modules/jquery/src/css/var) by extension 'cmake'
[0.562s] Level 1:colcon.colcon_core.package_identification:_identify(config/node_modules/jquery/src/css/var) by extension 'python'
[0.562s] Level 1:colcon.colcon_core.package_identification:_identify(config/node_modules/jquery/src/css/var) by extensions ['python_setup_py']
[0.562s] Level 1:colcon.colcon_core.package_identification:_identify(config/node_modules/jquery/src/css/var) by extension 'python_setup_py'
[0.562s] Level 1:colcon.colcon_core.package_identification:_identify(config/node_modules/jquery/src/data) by extensions ['ignore', 'ignore_ament_install']
[0.562s] Level 1:colcon.colcon_core.package_identification:_identify(config/node_modules/jquery/src/data) by extension 'ignore'
[0.562s] Level 1:colcon.colcon_core.package_identification:_identify(config/node_modules/jquery/src/data) by extension 'ignore_ament_install'
[0.563s] Level 1:colcon.colcon_core.package_identification:_identify(config/node_modules/jquery/src/data) by extensions ['colcon_pkg']
[0.563s] Level 1:colcon.colcon_core.package_identification:_identify(config/node_modules/jquery/src/data) by extension 'colcon_pkg'
[0.563s] Level 1:colcon.colcon_core.package_identification:_identify(config/node_modules/jquery/src/data) by extensions ['colcon_meta']
[0.563s] Level 1:colcon.colcon_core.package_identification:_identify(config/node_modules/jquery/src/data) by extension 'colcon_meta'
[0.563s] Level 1:colcon.colcon_core.package_identification:_identify(config/node_modules/jquery/src/data) by extensions ['ros']
[0.563s] Level 1:colcon.colcon_core.package_identification:_identify(config/node_modules/jquery/src/data) by extension 'ros'
[0.563s] Level 1:colcon.colcon_core.package_identification:_identify(config/node_modules/jquery/src/data) by extensions ['cmake', 'python']
[0.563s] Level 1:colcon.colcon_core.package_identification:_identify(config/node_modules/jquery/src/data) by extension 'cmake'
[0.563s] Level 1:colcon.colcon_core.package_identification:_identify(config/node_modules/jquery/src/data) by extension 'python'
[0.563s] Level 1:colcon.colcon_core.package_identification:_identify(config/node_modules/jquery/src/data) by extensions ['python_setup_py']
[0.563s] Level 1:colcon.colcon_core.package_identification:_identify(config/node_modules/jquery/src/data) by extension 'python_setup_py'
[0.563s] Level 1:colcon.colcon_core.package_identification:_identify(config/node_modules/jquery/src/data/var) by extensions ['ignore', 'ignore_ament_install']
[0.563s] Level 1:colcon.colcon_core.package_identification:_identify(config/node_modules/jquery/src/data/var) by extension 'ignore'
[0.563s] Level 1:colcon.colcon_core.package_identification:_identify(config/node_modules/jquery/src/data/var) by extension 'ignore_ament_install'
[0.563s] Level 1:colcon.colcon_core.package_identification:_identify(config/node_modules/jquery/src/data/var) by extensions ['colcon_pkg']
[0.563s] Level 1:colcon.colcon_core.package_identification:_identify(config/node_modules/jquery/src/data/var) by extension 'colcon_pkg'
[0.563s] Level 1:colcon.colcon_core.package_identification:_identify(config/node_modules/jquery/src/data/var) by extensions ['colcon_meta']
[0.563s] Level 1:colcon.colcon_core.package_identification:_identify(config/node_modules/jquery/src/data/var) by extension 'colcon_meta'
[0.563s] Level 1:colcon.colcon_core.package_identification:_identify(config/node_modules/jquery/src/data/var) by extensions ['ros']
[0.563s] Level 1:colcon.colcon_core.package_identification:_identify(config/node_modules/jquery/src/data/var) by extension 'ros'
[0.563s] Level 1:colcon.colcon_core.package_identification:_identify(config/node_modules/jquery/src/data/var) by extensions ['cmake', 'python']
[0.563s] Level 1:colcon.colcon_core.package_identification:_identify(config/node_modules/jquery/src/data/var) by extension 'cmake'
[0.563s] Level 1:colcon.colcon_core.package_identification:_identify(config/node_modules/jquery/src/data/var) by extension 'python'
[0.563s] Level 1:colcon.colcon_core.package_identification:_identify(config/node_modules/jquery/src/data/var) by extensions ['python_setup_py']
[0.563s] Level 1:colcon.colcon_core.package_identification:_identify(config/node_modules/jquery/src/data/var) by extension 'python_setup_py'
[0.563s] Level 1:colcon.colcon_core.package_identification:_identify(config/node_modules/jquery/src/deferred) by extensions ['ignore', 'ignore_ament_install']
[0.564s] Level 1:colcon.colcon_core.package_identification:_identify(config/node_modules/jquery/src/deferred) by extension 'ignore'
[0.564s] Level 1:colcon.colcon_core.package_identification:_identify(config/node_modules/jquery/src/deferred) by extension 'ignore_ament_install'
[0.564s] Level 1:colcon.colcon_core.package_identification:_identify(config/node_modules/jquery/src/deferred) by extensions ['colcon_pkg']
[0.564s] Level 1:colcon.colcon_core.package_identification:_identify(config/node_modules/jquery/src/deferred) by extension 'colcon_pkg'
[0.564s] Level 1:colcon.colcon_core.package_identification:_identify(config/node_modules/jquery/src/deferred) by extensions ['colcon_meta']
[0.564s] Level 1:colcon.colcon_core.package_identification:_identify(config/node_modules/jquery/src/deferred) by extension 'colcon_meta'
[0.564s] Level 1:colcon.colcon_core.package_identification:_identify(config/node_modules/jquery/src/deferred) by extensions ['ros']
[0.564s] Level 1:colcon.colcon_core.package_identification:_identify(config/node_modules/jquery/src/deferred) by extension 'ros'
[0.564s] Level 1:colcon.colcon_core.package_identification:_identify(config/node_modules/jquery/src/deferred) by extensions ['cmake', 'python']
[0.564s] Level 1:colcon.colcon_core.package_identification:_identify(config/node_modules/jquery/src/deferred) by extension 'cmake'
[0.564s] Level 1:colcon.colcon_core.package_identification:_identify(config/node_modules/jquery/src/deferred) by extension 'python'
[0.564s] Level 1:colcon.colcon_core.package_identification:_identify(config/node_modules/jquery/src/deferred) by extensions ['python_setup_py']
[0.564s] Level 1:colcon.colcon_core.package_identification:_identify(config/node_modules/jquery/src/deferred) by extension 'python_setup_py'
[0.564s] Level 1:colcon.colcon_core.package_identification:_identify(config/node_modules/jquery/src/deprecated) by extensions ['ignore', 'ignore_ament_install']
[0.564s] Level 1:colcon.colcon_core.package_identification:_identify(config/node_modules/jquery/src/deprecated) by extension 'ignore'
[0.564s] Level 1:colcon.colcon_core.package_identification:_identify(config/node_modules/jquery/src/deprecated) by extension 'ignore_ament_install'
[0.564s] Level 1:colcon.colcon_core.package_identification:_identify(config/node_modules/jquery/src/deprecated) by extensions ['colcon_pkg']
[0.564s] Level 1:colcon.colcon_core.package_identification:_identify(config/node_modules/jquery/src/deprecated) by extension 'colcon_pkg'
[0.564s] Level 1:colcon.colcon_core.package_identification:_identify(config/node_modules/jquery/src/deprecated) by extensions ['colcon_meta']
[0.564s] Level 1:colcon.colcon_core.package_identification:_identify(config/node_modules/jquery/src/deprecated) by extension 'colcon_meta'
[0.564s] Level 1:colcon.colcon_core.package_identification:_identify(config/node_modules/jquery/src/deprecated) by extensions ['ros']
[0.565s] Level 1:colcon.colcon_core.package_identification:_identify(config/node_modules/jquery/src/deprecated) by extension 'ros'
[0.565s] Level 1:colcon.colcon_core.package_identification:_identify(config/node_modules/jquery/src/deprecated) by extensions ['cmake', 'python']
[0.565s] Level 1:colcon.colcon_core.package_identification:_identify(config/node_modules/jquery/src/deprecated) by extension 'cmake'
[0.565s] Level 1:colcon.colcon_core.package_identification:_identify(config/node_modules/jquery/src/deprecated) by extension 'python'
[0.565s] Level 1:colcon.colcon_core.package_identification:_identify(config/node_modules/jquery/src/deprecated) by extensions ['python_setup_py']
[0.565s] Level 1:colcon.colcon_core.package_identification:_identify(config/node_modules/jquery/src/deprecated) by extension 'python_setup_py'
[0.565s] Level 1:colcon.colcon_core.package_identification:_identify(config/node_modules/jquery/src/effects) by extensions ['ignore', 'ignore_ament_install']
[0.565s] Level 1:colcon.colcon_core.package_identification:_identify(config/node_modules/jquery/src/effects) by extension 'ignore'
[0.565s] Level 1:colcon.colcon_core.package_identification:_identify(config/node_modules/jquery/src/effects) by extension 'ignore_ament_install'
[0.565s] Level 1:colcon.colcon_core.package_identification:_identify(config/node_modules/jquery/src/effects) by extensions ['colcon_pkg']
[0.565s] Level 1:colcon.colcon_core.package_identification:_identify(config/node_modules/jquery/src/effects) by extension 'colcon_pkg'
[0.565s] Level 1:colcon.colcon_core.package_identification:_identify(config/node_modules/jquery/src/effects) by extensions ['colcon_meta']
[0.565s] Level 1:colcon.colcon_core.package_identification:_identify(config/node_modules/jquery/src/effects) by extension 'colcon_meta'
[0.565s] Level 1:colcon.colcon_core.package_identification:_identify(config/node_modules/jquery/src/effects) by extensions ['ros']
[0.565s] Level 1:colcon.colcon_core.package_identification:_identify(config/node_modules/jquery/src/effects) by extension 'ros'
[0.565s] Level 1:colcon.colcon_core.package_identification:_identify(config/node_modules/jquery/src/effects) by extensions ['cmake', 'python']
[0.565s] Level 1:colcon.colcon_core.package_identification:_identify(config/node_modules/jquery/src/effects) by extension 'cmake'
[0.565s] Level 1:colcon.colcon_core.package_identification:_identify(config/node_modules/jquery/src/effects) by extension 'python'
[0.565s] Level 1:colcon.colcon_core.package_identification:_identify(config/node_modules/jquery/src/effects) by extensions ['python_setup_py']
[0.565s] Level 1:colcon.colcon_core.package_identification:_identify(config/node_modules/jquery/src/effects) by extension 'python_setup_py'
[0.566s] Level 1:colcon.colcon_core.package_identification:_identify(config/node_modules/jquery/src/event) by extensions ['ignore', 'ignore_ament_install']
[0.566s] Level 1:colcon.colcon_core.package_identification:_identify(config/node_modules/jquery/src/event) by extension 'ignore'
[0.566s] Level 1:colcon.colcon_core.package_identification:_identify(config/node_modules/jquery/src/event) by extension 'ignore_ament_install'
[0.566s] Level 1:colcon.colcon_core.package_identification:_identify(config/node_modules/jquery/src/event) by extensions ['colcon_pkg']
[0.566s] Level 1:colcon.colcon_core.package_identification:_identify(config/node_modules/jquery/src/event) by extension 'colcon_pkg'
[0.566s] Level 1:colcon.colcon_core.package_identification:_identify(config/node_modules/jquery/src/event) by extensions ['colcon_meta']
[0.566s] Level 1:colcon.colcon_core.package_identification:_identify(config/node_modules/jquery/src/event) by extension 'colcon_meta'
[0.566s] Level 1:colcon.colcon_core.package_identification:_identify(config/node_modules/jquery/src/event) by extensions ['ros']
[0.566s] Level 1:colcon.colcon_core.package_identification:_identify(config/node_modules/jquery/src/event) by extension 'ros'
[0.566s] Level 1:colcon.colcon_core.package_identification:_identify(config/node_modules/jquery/src/event) by extensions ['cmake', 'python']
[0.566s] Level 1:colcon.colcon_core.package_identification:_identify(config/node_modules/jquery/src/event) by extension 'cmake'
[0.566s] Level 1:colcon.colcon_core.package_identification:_identify(config/node_modules/jquery/src/event) by extension 'python'
[0.566s] Level 1:colcon.colcon_core.package_identification:_identify(config/node_modules/jquery/src/event) by extensions ['python_setup_py']
[0.566s] Level 1:colcon.colcon_core.package_identification:_identify(config/node_modules/jquery/src/event) by extension 'python_setup_py'
[0.567s] Level 1:colcon.colcon_core.package_identification:_identify(config/node_modules/jquery/src/exports) by extensions ['ignore', 'ignore_ament_install']
[0.567s] Level 1:colcon.colcon_core.package_identification:_identify(config/node_modules/jquery/src/exports) by extension 'ignore'
[0.567s] Level 1:colcon.colcon_core.package_identification:_identify(config/node_modules/jquery/src/exports) by extension 'ignore_ament_install'
[0.567s] Level 1:colcon.colcon_core.package_identification:_identify(config/node_modules/jquery/src/exports) by extensions ['colcon_pkg']
[0.567s] Level 1:colcon.colcon_core.package_identification:_identify(config/node_modules/jquery/src/exports) by extension 'colcon_pkg'
[0.567s] Level 1:colcon.colcon_core.package_identification:_identify(config/node_modules/jquery/src/exports) by extensions ['colcon_meta']
[0.567s] Level 1:colcon.colcon_core.package_identification:_identify(config/node_modules/jquery/src/exports) by extension 'colcon_meta'
[0.567s] Level 1:colcon.colcon_core.package_identification:_identify(config/node_modules/jquery/src/exports) by extensions ['ros']
[0.567s] Level 1:colcon.colcon_core.package_identification:_identify(config/node_modules/jquery/src/exports) by extension 'ros'
[0.567s] Level 1:colcon.colcon_core.package_identification:_identify(config/node_modules/jquery/src/exports) by extensions ['cmake', 'python']
[0.568s] Level 1:colcon.colcon_core.package_identification:_identify(config/node_modules/jquery/src/exports) by extension 'cmake'
[0.568s] Level 1:colcon.colcon_core.package_identification:_identify(config/node_modules/jquery/src/exports) by extension 'python'
[0.568s] Level 1:colcon.colcon_core.package_identification:_identify(config/node_modules/jquery/src/exports) by extensions ['python_setup_py']
[0.568s] Level 1:colcon.colcon_core.package_identification:_identify(config/node_modules/jquery/src/exports) by extension 'python_setup_py'
[0.568s] Level 1:colcon.colcon_core.package_identification:_identify(config/node_modules/jquery/src/manipulation) by extensions ['ignore', 'ignore_ament_install']
[0.568s] Level 1:colcon.colcon_core.package_identification:_identify(config/node_modules/jquery/src/manipulation) by extension 'ignore'
[0.568s] Level 1:colcon.colcon_core.package_identification:_identify(config/node_modules/jquery/src/manipulation) by extension 'ignore_ament_install'
[0.568s] Level 1:colcon.colcon_core.package_identification:_identify(config/node_modules/jquery/src/manipulation) by extensions ['colcon_pkg']
[0.568s] Level 1:colcon.colcon_core.package_identification:_identify(config/node_modules/jquery/src/manipulation) by extension 'colcon_pkg'
[0.568s] Level 1:colcon.colcon_core.package_identification:_identify(config/node_modules/jquery/src/manipulation) by extensions ['colcon_meta']
[0.568s] Level 1:colcon.colcon_core.package_identification:_identify(config/node_modules/jquery/src/manipulation) by extension 'colcon_meta'
[0.568s] Level 1:colcon.colcon_core.package_identification:_identify(config/node_modules/jquery/src/manipulation) by extensions ['ros']
[0.568s] Level 1:colcon.colcon_core.package_identification:_identify(config/node_modules/jquery/src/manipulation) by extension 'ros'
[0.568s] Level 1:colcon.colcon_core.package_identification:_identify(config/node_modules/jquery/src/manipulation) by extensions ['cmake', 'python']
[0.568s] Level 1:colcon.colcon_core.package_identification:_identify(config/node_modules/jquery/src/manipulation) by extension 'cmake'
[0.568s] Level 1:colcon.colcon_core.package_identification:_identify(config/node_modules/jquery/src/manipulation) by extension 'python'
[0.568s] Level 1:colcon.colcon_core.package_identification:_identify(config/node_modules/jquery/src/manipulation) by extensions ['python_setup_py']
[0.568s] Level 1:colcon.colcon_core.package_identification:_identify(config/node_modules/jquery/src/manipulation) by extension 'python_setup_py'
[0.569s] Level 1:colcon.colcon_core.package_identification:_identify(config/node_modules/jquery/src/manipulation/var) by extensions ['ignore', 'ignore_ament_install']
[0.569s] Level 1:colcon.colcon_core.package_identification:_identify(config/node_modules/jquery/src/manipulation/var) by extension 'ignore'
[0.569s] Level 1:colcon.colcon_core.package_identification:_identify(config/node_modules/jquery/src/manipulation/var) by extension 'ignore_ament_install'
[0.569s] Level 1:colcon.colcon_core.package_identification:_identify(config/node_modules/jquery/src/manipulation/var) by extensions ['colcon_pkg']
[0.569s] Level 1:colcon.colcon_core.package_identification:_identify(config/node_modules/jquery/src/manipulation/var) by extension 'colcon_pkg'
[0.569s] Level 1:colcon.colcon_core.package_identification:_identify(config/node_modules/jquery/src/manipulation/var) by extensions ['colcon_meta']
[0.569s] Level 1:colcon.colcon_core.package_identification:_identify(config/node_modules/jquery/src/manipulation/var) by extension 'colcon_meta'
[0.569s] Level 1:colcon.colcon_core.package_identification:_identify(config/node_modules/jquery/src/manipulation/var) by extensions ['ros']
[0.569s] Level 1:colcon.colcon_core.package_identification:_identify(config/node_modules/jquery/src/manipulation/var) by extension 'ros'
[0.569s] Level 1:colcon.colcon_core.package_identification:_identify(config/node_modules/jquery/src/manipulation/var) by extensions ['cmake', 'python']
[0.569s] Level 1:colcon.colcon_core.package_identification:_identify(config/node_modules/jquery/src/manipulation/var) by extension 'cmake'
[0.569s] Level 1:colcon.colcon_core.package_identification:_identify(config/node_modules/jquery/src/manipulation/var) by extension 'python'
[0.569s] Level 1:colcon.colcon_core.package_identification:_identify(config/node_modules/jquery/src/manipulation/var) by extensions ['python_setup_py']
[0.569s] Level 1:colcon.colcon_core.package_identification:_identify(config/node_modules/jquery/src/manipulation/var) by extension 'python_setup_py'
[0.569s] Level 1:colcon.colcon_core.package_identification:_identify(config/node_modules/jquery/src/queue) by extensions ['ignore', 'ignore_ament_install']
[0.570s] Level 1:colcon.colcon_core.package_identification:_identify(config/node_modules/jquery/src/queue) by extension 'ignore'
[0.570s] Level 1:colcon.colcon_core.package_identification:_identify(config/node_modules/jquery/src/queue) by extension 'ignore_ament_install'
[0.570s] Level 1:colcon.colcon_core.package_identification:_identify(config/node_modules/jquery/src/queue) by extensions ['colcon_pkg']
[0.570s] Level 1:colcon.colcon_core.package_identification:_identify(config/node_modules/jquery/src/queue) by extension 'colcon_pkg'
[0.570s] Level 1:colcon.colcon_core.package_identification:_identify(config/node_modules/jquery/src/queue) by extensions ['colcon_meta']
[0.570s] Level 1:colcon.colcon_core.package_identification:_identify(config/node_modules/jquery/src/queue) by extension 'colcon_meta'
[0.570s] Level 1:colcon.colcon_core.package_identification:_identify(config/node_modules/jquery/src/queue) by extensions ['ros']
[0.570s] Level 1:colcon.colcon_core.package_identification:_identify(config/node_modules/jquery/src/queue) by extension 'ros'
[0.570s] Level 1:colcon.colcon_core.package_identification:_identify(config/node_modules/jquery/src/queue) by extensions ['cmake', 'python']
[0.570s] Level 1:colcon.colcon_core.package_identification:_identify(config/node_modules/jquery/src/queue) by extension 'cmake'
[0.570s] Level 1:colcon.colcon_core.package_identification:_identify(config/node_modules/jquery/src/queue) by extension 'python'
[0.570s] Level 1:colcon.colcon_core.package_identification:_identify(config/node_modules/jquery/src/queue) by extensions ['python_setup_py']
[0.570s] Level 1:colcon.colcon_core.package_identification:_identify(config/node_modules/jquery/src/queue) by extension 'python_setup_py'
[0.570s] Level 1:colcon.colcon_core.package_identification:_identify(config/node_modules/jquery/src/selector) by extensions ['ignore', 'ignore_ament_install']
[0.570s] Level 1:colcon.colcon_core.package_identification:_identify(config/node_modules/jquery/src/selector) by extension 'ignore'
[0.570s] Level 1:colcon.colcon_core.package_identification:_identify(config/node_modules/jquery/src/selector) by extension 'ignore_ament_install'
[0.570s] Level 1:colcon.colcon_core.package_identification:_identify(config/node_modules/jquery/src/selector) by extensions ['colcon_pkg']
[0.570s] Level 1:colcon.colcon_core.package_identification:_identify(config/node_modules/jquery/src/selector) by extension 'colcon_pkg'
[0.570s] Level 1:colcon.colcon_core.package_identification:_identify(config/node_modules/jquery/src/selector) by extensions ['colcon_meta']
[0.570s] Level 1:colcon.colcon_core.package_identification:_identify(config/node_modules/jquery/src/selector) by extension 'colcon_meta'
[0.571s] Level 1:colcon.colcon_core.package_identification:_identify(config/node_modules/jquery/src/selector) by extensions ['ros']
[0.571s] Level 1:colcon.colcon_core.package_identification:_identify(config/node_modules/jquery/src/selector) by extension 'ros'
[0.571s] Level 1:colcon.colcon_core.package_identification:_identify(config/node_modules/jquery/src/selector) by extensions ['cmake', 'python']
[0.571s] Level 1:colcon.colcon_core.package_identification:_identify(config/node_modules/jquery/src/selector) by extension 'cmake'
[0.571s] Level 1:colcon.colcon_core.package_identification:_identify(config/node_modules/jquery/src/selector) by extension 'python'
[0.571s] Level 1:colcon.colcon_core.package_identification:_identify(config/node_modules/jquery/src/selector) by extensions ['python_setup_py']
[0.571s] Level 1:colcon.colcon_core.package_identification:_identify(config/node_modules/jquery/src/selector) by extension 'python_setup_py'
[0.571s] Level 1:colcon.colcon_core.package_identification:_identify(config/node_modules/jquery/src/traversing) by extensions ['ignore', 'ignore_ament_install']
[0.571s] Level 1:colcon.colcon_core.package_identification:_identify(config/node_modules/jquery/src/traversing) by extension 'ignore'
[0.571s] Level 1:colcon.colcon_core.package_identification:_identify(config/node_modules/jquery/src/traversing) by extension 'ignore_ament_install'
[0.571s] Level 1:colcon.colcon_core.package_identification:_identify(config/node_modules/jquery/src/traversing) by extensions ['colcon_pkg']
[0.571s] Level 1:colcon.colcon_core.package_identification:_identify(config/node_modules/jquery/src/traversing) by extension 'colcon_pkg'
[0.571s] Level 1:colcon.colcon_core.package_identification:_identify(config/node_modules/jquery/src/traversing) by extensions ['colcon_meta']
[0.571s] Level 1:colcon.colcon_core.package_identification:_identify(config/node_modules/jquery/src/traversing) by extension 'colcon_meta'
[0.571s] Level 1:colcon.colcon_core.package_identification:_identify(config/node_modules/jquery/src/traversing) by extensions ['ros']
[0.571s] Level 1:colcon.colcon_core.package_identification:_identify(config/node_modules/jquery/src/traversing) by extension 'ros'
[0.571s] Level 1:colcon.colcon_core.package_identification:_identify(config/node_modules/jquery/src/traversing) by extensions ['cmake', 'python']
[0.572s] Level 1:colcon.colcon_core.package_identification:_identify(config/node_modules/jquery/src/traversing) by extension 'cmake'
[0.572s] Level 1:colcon.colcon_core.package_identification:_identify(config/node_modules/jquery/src/traversing) by extension 'python'
[0.572s] Level 1:colcon.colcon_core.package_identification:_identify(config/node_modules/jquery/src/traversing) by extensions ['python_setup_py']
[0.572s] Level 1:colcon.colcon_core.package_identification:_identify(config/node_modules/jquery/src/traversing) by extension 'python_setup_py'
[0.572s] Level 1:colcon.colcon_core.package_identification:_identify(config/node_modules/jquery/src/traversing/var) by extensions ['ignore', 'ignore_ament_install']
[0.572s] Level 1:colcon.colcon_core.package_identification:_identify(config/node_modules/jquery/src/traversing/var) by extension 'ignore'
[0.572s] Level 1:colcon.colcon_core.package_identification:_identify(config/node_modules/jquery/src/traversing/var) by extension 'ignore_ament_install'
[0.573s] Level 1:colcon.colcon_core.package_identification:_identify(config/node_modules/jquery/src/traversing/var) by extensions ['colcon_pkg']
[0.573s] Level 1:colcon.colcon_core.package_identification:_identify(config/node_modules/jquery/src/traversing/var) by extension 'colcon_pkg'
[0.573s] Level 1:colcon.colcon_core.package_identification:_identify(config/node_modules/jquery/src/traversing/var) by extensions ['colcon_meta']
[0.573s] Level 1:colcon.colcon_core.package_identification:_identify(config/node_modules/jquery/src/traversing/var) by extension 'colcon_meta'
[0.573s] Level 1:colcon.colcon_core.package_identification:_identify(config/node_modules/jquery/src/traversing/var) by extensions ['ros']
[0.573s] Level 1:colcon.colcon_core.package_identification:_identify(config/node_modules/jquery/src/traversing/var) by extension 'ros'
[0.573s] Level 1:colcon.colcon_core.package_identification:_identify(config/node_modules/jquery/src/traversing/var) by extensions ['cmake', 'python']
[0.573s] Level 1:colcon.colcon_core.package_identification:_identify(config/node_modules/jquery/src/traversing/var) by extension 'cmake'
[0.573s] Level 1:colcon.colcon_core.package_identification:_identify(config/node_modules/jquery/src/traversing/var) by extension 'python'
[0.573s] Level 1:colcon.colcon_core.package_identification:_identify(config/node_modules/jquery/src/traversing/var) by extensions ['python_setup_py']
[0.573s] Level 1:colcon.colcon_core.package_identification:_identify(config/node_modules/jquery/src/traversing/var) by extension 'python_setup_py'
[0.573s] Level 1:colcon.colcon_core.package_identification:_identify(config/node_modules/jquery/src/var) by extensions ['ignore', 'ignore_ament_install']
[0.574s] Level 1:colcon.colcon_core.package_identification:_identify(config/node_modules/jquery/src/var) by extension 'ignore'
[0.574s] Level 1:colcon.colcon_core.package_identification:_identify(config/node_modules/jquery/src/var) by extension 'ignore_ament_install'
[0.574s] Level 1:colcon.colcon_core.package_identification:_identify(config/node_modules/jquery/src/var) by extensions ['colcon_pkg']
[0.574s] Level 1:colcon.colcon_core.package_identification:_identify(config/node_modules/jquery/src/var) by extension 'colcon_pkg'
[0.574s] Level 1:colcon.colcon_core.package_identification:_identify(config/node_modules/jquery/src/var) by extensions ['colcon_meta']
[0.574s] Level 1:colcon.colcon_core.package_identification:_identify(config/node_modules/jquery/src/var) by extension 'colcon_meta'
[0.574s] Level 1:colcon.colcon_core.package_identification:_identify(config/node_modules/jquery/src/var) by extensions ['ros']
[0.574s] Level 1:colcon.colcon_core.package_identification:_identify(config/node_modules/jquery/src/var) by extension 'ros'
[0.574s] Level 1:colcon.colcon_core.package_identification:_identify(config/node_modules/jquery/src/var) by extensions ['cmake', 'python']
[0.574s] Level 1:colcon.colcon_core.package_identification:_identify(config/node_modules/jquery/src/var) by extension 'cmake'
[0.574s] Level 1:colcon.colcon_core.package_identification:_identify(config/node_modules/jquery/src/var) by extension 'python'
[0.574s] Level 1:colcon.colcon_core.package_identification:_identify(config/node_modules/jquery/src/var) by extensions ['python_setup_py']
[0.574s] Level 1:colcon.colcon_core.package_identification:_identify(config/node_modules/jquery/src/var) by extension 'python_setup_py'
[0.574s] Level 1:colcon.colcon_core.package_identification:_identify(config/node_modules/mime) by extensions ['ignore', 'ignore_ament_install']
[0.575s] Level 1:colcon.colcon_core.package_identification:_identify(config/node_modules/mime) by extension 'ignore'
[0.575s] Level 1:colcon.colcon_core.package_identification:_identify(config/node_modules/mime) by extension 'ignore_ament_install'
[0.575s] Level 1:colcon.colcon_core.package_identification:_identify(config/node_modules/mime) by extensions ['colcon_pkg']
[0.575s] Level 1:colcon.colcon_core.package_identification:_identify(config/node_modules/mime) by extension 'colcon_pkg'
[0.575s] Level 1:colcon.colcon_core.package_identification:_identify(config/node_modules/mime) by extensions ['colcon_meta']
[0.575s] Level 1:colcon.colcon_core.package_identification:_identify(config/node_modules/mime) by extension 'colcon_meta'
[0.575s] Level 1:colcon.colcon_core.package_identification:_identify(config/node_modules/mime) by extensions ['ros']
[0.575s] Level 1:colcon.colcon_core.package_identification:_identify(config/node_modules/mime) by extension 'ros'
[0.575s] Level 1:colcon.colcon_core.package_identification:_identify(config/node_modules/mime) by extensions ['cmake', 'python']
[0.575s] Level 1:colcon.colcon_core.package_identification:_identify(config/node_modules/mime) by extension 'cmake'
[0.575s] Level 1:colcon.colcon_core.package_identification:_identify(config/node_modules/mime) by extension 'python'
[0.575s] Level 1:colcon.colcon_core.package_identification:_identify(config/node_modules/mime) by extensions ['python_setup_py']
[0.575s] Level 1:colcon.colcon_core.package_identification:_identify(config/node_modules/mime) by extension 'python_setup_py'
[0.575s] Level 1:colcon.colcon_core.package_identification:_identify(config/node_modules/mime/src) by extensions ['ignore', 'ignore_ament_install']
[0.576s] Level 1:colcon.colcon_core.package_identification:_identify(config/node_modules/mime/src) by extension 'ignore'
[0.576s] Level 1:colcon.colcon_core.package_identification:_identify(config/node_modules/mime/src) by extension 'ignore_ament_install'
[0.576s] Level 1:colcon.colcon_core.package_identification:_identify(config/node_modules/mime/src) by extensions ['colcon_pkg']
[0.576s] Level 1:colcon.colcon_core.package_identification:_identify(config/node_modules/mime/src) by extension 'colcon_pkg'
[0.576s] Level 1:colcon.colcon_core.package_identification:_identify(config/node_modules/mime/src) by extensions ['colcon_meta']
[0.576s] Level 1:colcon.colcon_core.package_identification:_identify(config/node_modules/mime/src) by extension 'colcon_meta'
[0.576s] Level 1:colcon.colcon_core.package_identification:_identify(config/node_modules/mime/src) by extensions ['ros']
[0.576s] Level 1:colcon.colcon_core.package_identification:_identify(config/node_modules/mime/src) by extension 'ros'
[0.576s] Level 1:colcon.colcon_core.package_identification:_identify(config/node_modules/mime/src) by extensions ['cmake', 'python']
[0.576s] Level 1:colcon.colcon_core.package_identification:_identify(config/node_modules/mime/src) by extension 'cmake'
[0.576s] Level 1:colcon.colcon_core.package_identification:_identify(config/node_modules/mime/src) by extension 'python'
[0.576s] Level 1:colcon.colcon_core.package_identification:_identify(config/node_modules/mime/src) by extensions ['python_setup_py']
[0.576s] Level 1:colcon.colcon_core.package_identification:_identify(config/node_modules/mime/src) by extension 'python_setup_py'
[0.576s] Level 1:colcon.colcon_core.package_identification:_identify(config/node_modules/mime-db) by extensions ['ignore', 'ignore_ament_install']
[0.576s] Level 1:colcon.colcon_core.package_identification:_identify(config/node_modules/mime-db) by extension 'ignore'
[0.576s] Level 1:colcon.colcon_core.package_identification:_identify(config/node_modules/mime-db) by extension 'ignore_ament_install'
[0.576s] Level 1:colcon.colcon_core.package_identification:_identify(config/node_modules/mime-db) by extensions ['colcon_pkg']
[0.576s] Level 1:colcon.colcon_core.package_identification:_identify(config/node_modules/mime-db) by extension 'colcon_pkg'
[0.576s] Level 1:colcon.colcon_core.package_identification:_identify(config/node_modules/mime-db) by extensions ['colcon_meta']
[0.576s] Level 1:colcon.colcon_core.package_identification:_identify(config/node_modules/mime-db) by extension 'colcon_meta'
[0.576s] Level 1:colcon.colcon_core.package_identification:_identify(config/node_modules/mime-db) by extensions ['ros']
[0.577s] Level 1:colcon.colcon_core.package_identification:_identify(config/node_modules/mime-db) by extension 'ros'
[0.577s] Level 1:colcon.colcon_core.package_identification:_identify(config/node_modules/mime-db) by extensions ['cmake', 'python']
[0.577s] Level 1:colcon.colcon_core.package_identification:_identify(config/node_modules/mime-db) by extension 'cmake'
[0.577s] Level 1:colcon.colcon_core.package_identification:_identify(config/node_modules/mime-db) by extension 'python'
[0.577s] Level 1:colcon.colcon_core.package_identification:_identify(config/node_modules/mime-db) by extensions ['python_setup_py']
[0.577s] Level 1:colcon.colcon_core.package_identification:_identify(config/node_modules/mime-db) by extension 'python_setup_py'
[0.577s] Level 1:colcon.colcon_core.package_identification:_identify(config/node_modules/mime-types) by extensions ['ignore', 'ignore_ament_install']
[0.577s] Level 1:colcon.colcon_core.package_identification:_identify(config/node_modules/mime-types) by extension 'ignore'
[0.577s] Level 1:colcon.colcon_core.package_identification:_identify(config/node_modules/mime-types) by extension 'ignore_ament_install'
[0.577s] Level 1:colcon.colcon_core.package_identification:_identify(config/node_modules/mime-types) by extensions ['colcon_pkg']
[0.577s] Level 1:colcon.colcon_core.package_identification:_identify(config/node_modules/mime-types) by extension 'colcon_pkg'
[0.577s] Level 1:colcon.colcon_core.package_identification:_identify(config/node_modules/mime-types) by extensions ['colcon_meta']
[0.577s] Level 1:colcon.colcon_core.package_identification:_identify(config/node_modules/mime-types) by extension 'colcon_meta'
[0.577s] Level 1:colcon.colcon_core.package_identification:_identify(config/node_modules/mime-types) by extensions ['ros']
[0.577s] Level 1:colcon.colcon_core.package_identification:_identify(config/node_modules/mime-types) by extension 'ros'
[0.577s] Level 1:colcon.colcon_core.package_identification:_identify(config/node_modules/mime-types) by extensions ['cmake', 'python']
[0.577s] Level 1:colcon.colcon_core.package_identification:_identify(config/node_modules/mime-types) by extension 'cmake'
[0.577s] Level 1:colcon.colcon_core.package_identification:_identify(config/node_modules/mime-types) by extension 'python'
[0.577s] Level 1:colcon.colcon_core.package_identification:_identify(config/node_modules/mime-types) by extensions ['python_setup_py']
[0.577s] Level 1:colcon.colcon_core.package_identification:_identify(config/node_modules/mime-types) by extension 'python_setup_py'
[0.577s] Level 1:colcon.colcon_core.package_identification:_identify(config/node_modules/mime-types/node_modules) by extensions ['ignore', 'ignore_ament_install']
[0.578s] Level 1:colcon.colcon_core.package_identification:_identify(config/node_modules/mime-types/node_modules) by extension 'ignore'
[0.578s] Level 1:colcon.colcon_core.package_identification:_identify(config/node_modules/mime-types/node_modules) by extension 'ignore_ament_install'
[0.578s] Level 1:colcon.colcon_core.package_identification:_identify(config/node_modules/mime-types/node_modules) by extensions ['colcon_pkg']
[0.578s] Level 1:colcon.colcon_core.package_identification:_identify(config/node_modules/mime-types/node_modules) by extension 'colcon_pkg'
[0.578s] Level 1:colcon.colcon_core.package_identification:_identify(config/node_modules/mime-types/node_modules) by extensions ['colcon_meta']
[0.578s] Level 1:colcon.colcon_core.package_identification:_identify(config/node_modules/mime-types/node_modules) by extension 'colcon_meta'
[0.578s] Level 1:colcon.colcon_core.package_identification:_identify(config/node_modules/mime-types/node_modules) by extensions ['ros']
[0.578s] Level 1:colcon.colcon_core.package_identification:_identify(config/node_modules/mime-types/node_modules) by extension 'ros'
[0.578s] Level 1:colcon.colcon_core.package_identification:_identify(config/node_modules/mime-types/node_modules) by extensions ['cmake', 'python']
[0.578s] Level 1:colcon.colcon_core.package_identification:_identify(config/node_modules/mime-types/node_modules) by extension 'cmake'
[0.578s] Level 1:colcon.colcon_core.package_identification:_identify(config/node_modules/mime-types/node_modules) by extension 'python'
[0.578s] Level 1:colcon.colcon_core.package_identification:_identify(config/node_modules/mime-types/node_modules) by extensions ['python_setup_py']
[0.578s] Level 1:colcon.colcon_core.package_identification:_identify(config/node_modules/mime-types/node_modules) by extension 'python_setup_py'
[0.578s] Level 1:colcon.colcon_core.package_identification:_identify(config/node_modules/mime-types/node_modules/mime-db) by extensions ['ignore', 'ignore_ament_install']
[0.578s] Level 1:colcon.colcon_core.package_identification:_identify(config/node_modules/mime-types/node_modules/mime-db) by extension 'ignore'
[0.578s] Level 1:colcon.colcon_core.package_identification:_identify(config/node_modules/mime-types/node_modules/mime-db) by extension 'ignore_ament_install'
[0.578s] Level 1:colcon.colcon_core.package_identification:_identify(config/node_modules/mime-types/node_modules/mime-db) by extensions ['colcon_pkg']
[0.578s] Level 1:colcon.colcon_core.package_identification:_identify(config/node_modules/mime-types/node_modules/mime-db) by extension 'colcon_pkg'
[0.578s] Level 1:colcon.colcon_core.package_identification:_identify(config/node_modules/mime-types/node_modules/mime-db) by extensions ['colcon_meta']
[0.578s] Level 1:colcon.colcon_core.package_identification:_identify(config/node_modules/mime-types/node_modules/mime-db) by extension 'colcon_meta'
[0.579s] Level 1:colcon.colcon_core.package_identification:_identify(config/node_modules/mime-types/node_modules/mime-db) by extensions ['ros']
[0.579s] Level 1:colcon.colcon_core.package_identification:_identify(config/node_modules/mime-types/node_modules/mime-db) by extension 'ros'
[0.579s] Level 1:colcon.colcon_core.package_identification:_identify(config/node_modules/mime-types/node_modules/mime-db) by extensions ['cmake', 'python']
[0.579s] Level 1:colcon.colcon_core.package_identification:_identify(config/node_modules/mime-types/node_modules/mime-db) by extension 'cmake'
[0.579s] Level 1:colcon.colcon_core.package_identification:_identify(config/node_modules/mime-types/node_modules/mime-db) by extension 'python'
[0.579s] Level 1:colcon.colcon_core.package_identification:_identify(config/node_modules/mime-types/node_modules/mime-db) by extensions ['python_setup_py']
[0.579s] Level 1:colcon.colcon_core.package_identification:_identify(config/node_modules/mime-types/node_modules/mime-db) by extension 'python_setup_py'
[0.579s] Level 1:colcon.colcon_core.package_identification:_identify(config/node_modules/ms) by extensions ['ignore', 'ignore_ament_install']
[0.579s] Level 1:colcon.colcon_core.package_identification:_identify(config/node_modules/ms) by extension 'ignore'
[0.579s] Level 1:colcon.colcon_core.package_identification:_identify(config/node_modules/ms) by extension 'ignore_ament_install'
[0.579s] Level 1:colcon.colcon_core.package_identification:_identify(config/node_modules/ms) by extensions ['colcon_pkg']
[0.579s] Level 1:colcon.colcon_core.package_identification:_identify(config/node_modules/ms) by extension 'colcon_pkg'
[0.579s] Level 1:colcon.colcon_core.package_identification:_identify(config/node_modules/ms) by extensions ['colcon_meta']
[0.579s] Level 1:colcon.colcon_core.package_identification:_identify(config/node_modules/ms) by extension 'colcon_meta'
[0.579s] Level 1:colcon.colcon_core.package_identification:_identify(config/node_modules/ms) by extensions ['ros']
[0.579s] Level 1:colcon.colcon_core.package_identification:_identify(config/node_modules/ms) by extension 'ros'
[0.579s] Level 1:colcon.colcon_core.package_identification:_identify(config/node_modules/ms) by extensions ['cmake', 'python']
[0.579s] Level 1:colcon.colcon_core.package_identification:_identify(config/node_modules/ms) by extension 'cmake'
[0.579s] Level 1:colcon.colcon_core.package_identification:_identify(config/node_modules/ms) by extension 'python'
[0.579s] Level 1:colcon.colcon_core.package_identification:_identify(config/node_modules/ms) by extensions ['python_setup_py']
[0.579s] Level 1:colcon.colcon_core.package_identification:_identify(config/node_modules/ms) by extension 'python_setup_py'
[0.580s] Level 1:colcon.colcon_core.package_identification:_identify(config/node_modules/negotiator) by extensions ['ignore', 'ignore_ament_install']
[0.580s] Level 1:colcon.colcon_core.package_identification:_identify(config/node_modules/negotiator) by extension 'ignore'
[0.580s] Level 1:colcon.colcon_core.package_identification:_identify(config/node_modules/negotiator) by extension 'ignore_ament_install'
[0.580s] Level 1:colcon.colcon_core.package_identification:_identify(config/node_modules/negotiator) by extensions ['colcon_pkg']
[0.580s] Level 1:colcon.colcon_core.package_identification:_identify(config/node_modules/negotiator) by extension 'colcon_pkg'
[0.580s] Level 1:colcon.colcon_core.package_identification:_identify(config/node_modules/negotiator) by extensions ['colcon_meta']
[0.580s] Level 1:colcon.colcon_core.package_identification:_identify(config/node_modules/negotiator) by extension 'colcon_meta'
[0.580s] Level 1:colcon.colcon_core.package_identification:_identify(config/node_modules/negotiator) by extensions ['ros']
[0.580s] Level 1:colcon.colcon_core.package_identification:_identify(config/node_modules/negotiator) by extension 'ros'
[0.580s] Level 1:colcon.colcon_core.package_identification:_identify(config/node_modules/negotiator) by extensions ['cmake', 'python']
[0.580s] Level 1:colcon.colcon_core.package_identification:_identify(config/node_modules/negotiator) by extension 'cmake'
[0.580s] Level 1:colcon.colcon_core.package_identification:_identify(config/node_modules/negotiator) by extension 'python'
[0.580s] Level 1:colcon.colcon_core.package_identification:_identify(config/node_modules/negotiator) by extensions ['python_setup_py']
[0.580s] Level 1:colcon.colcon_core.package_identification:_identify(config/node_modules/negotiator) by extension 'python_setup_py'
[0.580s] Level 1:colcon.colcon_core.package_identification:_identify(config/node_modules/negotiator/lib) by extensions ['ignore', 'ignore_ament_install']
[0.580s] Level 1:colcon.colcon_core.package_identification:_identify(config/node_modules/negotiator/lib) by extension 'ignore'
[0.580s] Level 1:colcon.colcon_core.package_identification:_identify(config/node_modules/negotiator/lib) by extension 'ignore_ament_install'
[0.580s] Level 1:colcon.colcon_core.package_identification:_identify(config/node_modules/negotiator/lib) by extensions ['colcon_pkg']
[0.580s] Level 1:colcon.colcon_core.package_identification:_identify(config/node_modules/negotiator/lib) by extension 'colcon_pkg'
[0.580s] Level 1:colcon.colcon_core.package_identification:_identify(config/node_modules/negotiator/lib) by extensions ['colcon_meta']
[0.580s] Level 1:colcon.colcon_core.package_identification:_identify(config/node_modules/negotiator/lib) by extension 'colcon_meta'
[0.580s] Level 1:colcon.colcon_core.package_identification:_identify(config/node_modules/negotiator/lib) by extensions ['ros']
[0.581s] Level 1:colcon.colcon_core.package_identification:_identify(config/node_modules/negotiator/lib) by extension 'ros'
[0.581s] Level 1:colcon.colcon_core.package_identification:_identify(config/node_modules/negotiator/lib) by extensions ['cmake', 'python']
[0.581s] Level 1:colcon.colcon_core.package_identification:_identify(config/node_modules/negotiator/lib) by extension 'cmake'
[0.581s] Level 1:colcon.colcon_core.package_identification:_identify(config/node_modules/negotiator/lib) by extension 'python'
[0.581s] Level 1:colcon.colcon_core.package_identification:_identify(config/node_modules/negotiator/lib) by extensions ['python_setup_py']
[0.581s] Level 1:colcon.colcon_core.package_identification:_identify(config/node_modules/negotiator/lib) by extension 'python_setup_py'
[0.581s] Level 1:colcon.colcon_core.package_identification:_identify(config/node_modules/node-red-dashboard) by extensions ['ignore', 'ignore_ament_install']
[0.581s] Level 1:colcon.colcon_core.package_identification:_identify(config/node_modules/node-red-dashboard) by extension 'ignore'
[0.581s] Level 1:colcon.colcon_core.package_identification:_identify(config/node_modules/node-red-dashboard) by extension 'ignore_ament_install'
[0.581s] Level 1:colcon.colcon_core.package_identification:_identify(config/node_modules/node-red-dashboard) by extensions ['colcon_pkg']
[0.581s] Level 1:colcon.colcon_core.package_identification:_identify(config/node_modules/node-red-dashboard) by extension 'colcon_pkg'
[0.581s] Level 1:colcon.colcon_core.package_identification:_identify(config/node_modules/node-red-dashboard) by extensions ['colcon_meta']
[0.581s] Level 1:colcon.colcon_core.package_identification:_identify(config/node_modules/node-red-dashboard) by extension 'colcon_meta'
[0.581s] Level 1:colcon.colcon_core.package_identification:_identify(config/node_modules/node-red-dashboard) by extensions ['ros']
[0.581s] Level 1:colcon.colcon_core.package_identification:_identify(config/node_modules/node-red-dashboard) by extension 'ros'
[0.581s] Level 1:colcon.colcon_core.package_identification:_identify(config/node_modules/node-red-dashboard) by extensions ['cmake', 'python']
[0.581s] Level 1:colcon.colcon_core.package_identification:_identify(config/node_modules/node-red-dashboard) by extension 'cmake'
[0.581s] Level 1:colcon.colcon_core.package_identification:_identify(config/node_modules/node-red-dashboard) by extension 'python'
[0.581s] Level 1:colcon.colcon_core.package_identification:_identify(config/node_modules/node-red-dashboard) by extensions ['python_setup_py']
[0.581s] Level 1:colcon.colcon_core.package_identification:_identify(config/node_modules/node-red-dashboard) by extension 'python_setup_py'
[0.582s] Level 1:colcon.colcon_core.package_identification:_identify(config/node_modules/node-red-dashboard/dist) by extensions ['ignore', 'ignore_ament_install']
[0.582s] Level 1:colcon.colcon_core.package_identification:_identify(config/node_modules/node-red-dashboard/dist) by extension 'ignore'
[0.582s] Level 1:colcon.colcon_core.package_identification:_identify(config/node_modules/node-red-dashboard/dist) by extension 'ignore_ament_install'
[0.582s] Level 1:colcon.colcon_core.package_identification:_identify(config/node_modules/node-red-dashboard/dist) by extensions ['colcon_pkg']
[0.582s] Level 1:colcon.colcon_core.package_identification:_identify(config/node_modules/node-red-dashboard/dist) by extension 'colcon_pkg'
[0.582s] Level 1:colcon.colcon_core.package_identification:_identify(config/node_modules/node-red-dashboard/dist) by extensions ['colcon_meta']
[0.582s] Level 1:colcon.colcon_core.package_identification:_identify(config/node_modules/node-red-dashboard/dist) by extension 'colcon_meta'
[0.582s] Level 1:colcon.colcon_core.package_identification:_identify(config/node_modules/node-red-dashboard/dist) by extensions ['ros']
[0.582s] Level 1:colcon.colcon_core.package_identification:_identify(config/node_modules/node-red-dashboard/dist) by extension 'ros'
[0.582s] Level 1:colcon.colcon_core.package_identification:_identify(config/node_modules/node-red-dashboard/dist) by extensions ['cmake', 'python']
[0.582s] Level 1:colcon.colcon_core.package_identification:_identify(config/node_modules/node-red-dashboard/dist) by extension 'cmake'
[0.582s] Level 1:colcon.colcon_core.package_identification:_identify(config/node_modules/node-red-dashboard/dist) by extension 'python'
[0.582s] Level 1:colcon.colcon_core.package_identification:_identify(config/node_modules/node-red-dashboard/dist) by extensions ['python_setup_py']
[0.582s] Level 1:colcon.colcon_core.package_identification:_identify(config/node_modules/node-red-dashboard/dist) by extension 'python_setup_py'
[0.582s] Level 1:colcon.colcon_core.package_identification:_identify(config/node_modules/node-red-dashboard/dist/css) by extensions ['ignore', 'ignore_ament_install']
[0.582s] Level 1:colcon.colcon_core.package_identification:_identify(config/node_modules/node-red-dashboard/dist/css) by extension 'ignore'
[0.582s] Level 1:colcon.colcon_core.package_identification:_identify(config/node_modules/node-red-dashboard/dist/css) by extension 'ignore_ament_install'
[0.582s] Level 1:colcon.colcon_core.package_identification:_identify(config/node_modules/node-red-dashboard/dist/css) by extensions ['colcon_pkg']
[0.582s] Level 1:colcon.colcon_core.package_identification:_identify(config/node_modules/node-red-dashboard/dist/css) by extension 'colcon_pkg'
[0.583s] Level 1:colcon.colcon_core.package_identification:_identify(config/node_modules/node-red-dashboard/dist/css) by extensions ['colcon_meta']
[0.583s] Level 1:colcon.colcon_core.package_identification:_identify(config/node_modules/node-red-dashboard/dist/css) by extension 'colcon_meta'
[0.583s] Level 1:colcon.colcon_core.package_identification:_identify(config/node_modules/node-red-dashboard/dist/css) by extensions ['ros']
[0.583s] Level 1:colcon.colcon_core.package_identification:_identify(config/node_modules/node-red-dashboard/dist/css) by extension 'ros'
[0.583s] Level 1:colcon.colcon_core.package_identification:_identify(config/node_modules/node-red-dashboard/dist/css) by extensions ['cmake', 'python']
[0.583s] Level 1:colcon.colcon_core.package_identification:_identify(config/node_modules/node-red-dashboard/dist/css) by extension 'cmake'
[0.583s] Level 1:colcon.colcon_core.package_identification:_identify(config/node_modules/node-red-dashboard/dist/css) by extension 'python'
[0.583s] Level 1:colcon.colcon_core.package_identification:_identify(config/node_modules/node-red-dashboard/dist/css) by extensions ['python_setup_py']
[0.583s] Level 1:colcon.colcon_core.package_identification:_identify(config/node_modules/node-red-dashboard/dist/css) by extension 'python_setup_py'
[0.583s] Level 1:colcon.colcon_core.package_identification:_identify(config/node_modules/node-red-dashboard/dist/fonts) by extensions ['ignore', 'ignore_ament_install']
[0.583s] Level 1:colcon.colcon_core.package_identification:_identify(config/node_modules/node-red-dashboard/dist/fonts) by extension 'ignore'
[0.583s] Level 1:colcon.colcon_core.package_identification:_identify(config/node_modules/node-red-dashboard/dist/fonts) by extension 'ignore_ament_install'
[0.583s] Level 1:colcon.colcon_core.package_identification:_identify(config/node_modules/node-red-dashboard/dist/fonts) by extensions ['colcon_pkg']
[0.583s] Level 1:colcon.colcon_core.package_identification:_identify(config/node_modules/node-red-dashboard/dist/fonts) by extension 'colcon_pkg'
[0.583s] Level 1:colcon.colcon_core.package_identification:_identify(config/node_modules/node-red-dashboard/dist/fonts) by extensions ['colcon_meta']
[0.583s] Level 1:colcon.colcon_core.package_identification:_identify(config/node_modules/node-red-dashboard/dist/fonts) by extension 'colcon_meta'
[0.583s] Level 1:colcon.colcon_core.package_identification:_identify(config/node_modules/node-red-dashboard/dist/fonts) by extensions ['ros']
[0.583s] Level 1:colcon.colcon_core.package_identification:_identify(config/node_modules/node-red-dashboard/dist/fonts) by extension 'ros'
[0.583s] Level 1:colcon.colcon_core.package_identification:_identify(config/node_modules/node-red-dashboard/dist/fonts) by extensions ['cmake', 'python']
[0.583s] Level 1:colcon.colcon_core.package_identification:_identify(config/node_modules/node-red-dashboard/dist/fonts) by extension 'cmake'
[0.583s] Level 1:colcon.colcon_core.package_identification:_identify(config/node_modules/node-red-dashboard/dist/fonts) by extension 'python'
[0.584s] Level 1:colcon.colcon_core.package_identification:_identify(config/node_modules/node-red-dashboard/dist/fonts) by extensions ['python_setup_py']
[0.584s] Level 1:colcon.colcon_core.package_identification:_identify(config/node_modules/node-red-dashboard/dist/fonts) by extension 'python_setup_py'
[0.584s] Level 1:colcon.colcon_core.package_identification:_identify(config/node_modules/node-red-dashboard/dist/js) by extensions ['ignore', 'ignore_ament_install']
[0.584s] Level 1:colcon.colcon_core.package_identification:_identify(config/node_modules/node-red-dashboard/dist/js) by extension 'ignore'
[0.584s] Level 1:colcon.colcon_core.package_identification:_identify(config/node_modules/node-red-dashboard/dist/js) by extension 'ignore_ament_install'
[0.584s] Level 1:colcon.colcon_core.package_identification:_identify(config/node_modules/node-red-dashboard/dist/js) by extensions ['colcon_pkg']
[0.584s] Level 1:colcon.colcon_core.package_identification:_identify(config/node_modules/node-red-dashboard/dist/js) by extension 'colcon_pkg'
[0.584s] Level 1:colcon.colcon_core.package_identification:_identify(config/node_modules/node-red-dashboard/dist/js) by extensions ['colcon_meta']
[0.584s] Level 1:colcon.colcon_core.package_identification:_identify(config/node_modules/node-red-dashboard/dist/js) by extension 'colcon_meta'
[0.584s] Level 1:colcon.colcon_core.package_identification:_identify(config/node_modules/node-red-dashboard/dist/js) by extensions ['ros']
[0.584s] Level 1:colcon.colcon_core.package_identification:_identify(config/node_modules/node-red-dashboard/dist/js) by extension 'ros'
[0.584s] Level 1:colcon.colcon_core.package_identification:_identify(config/node_modules/node-red-dashboard/dist/js) by extensions ['cmake', 'python']
[0.584s] Level 1:colcon.colcon_core.package_identification:_identify(config/node_modules/node-red-dashboard/dist/js) by extension 'cmake'
[0.584s] Level 1:colcon.colcon_core.package_identification:_identify(config/node_modules/node-red-dashboard/dist/js) by extension 'python'
[0.584s] Level 1:colcon.colcon_core.package_identification:_identify(config/node_modules/node-red-dashboard/dist/js) by extensions ['python_setup_py']
[0.584s] Level 1:colcon.colcon_core.package_identification:_identify(config/node_modules/node-red-dashboard/dist/js) by extension 'python_setup_py'
[0.584s] Level 1:colcon.colcon_core.package_identification:_identify(config/node_modules/node-red-dashboard/nodes) by extensions ['ignore', 'ignore_ament_install']
[0.584s] Level 1:colcon.colcon_core.package_identification:_identify(config/node_modules/node-red-dashboard/nodes) by extension 'ignore'
[0.584s] Level 1:colcon.colcon_core.package_identification:_identify(config/node_modules/node-red-dashboard/nodes) by extension 'ignore_ament_install'
[0.585s] Level 1:colcon.colcon_core.package_identification:_identify(config/node_modules/node-red-dashboard/nodes) by extensions ['colcon_pkg']
[0.585s] Level 1:colcon.colcon_core.package_identification:_identify(config/node_modules/node-red-dashboard/nodes) by extension 'colcon_pkg'
[0.585s] Level 1:colcon.colcon_core.package_identification:_identify(config/node_modules/node-red-dashboard/nodes) by extensions ['colcon_meta']
[0.585s] Level 1:colcon.colcon_core.package_identification:_identify(config/node_modules/node-red-dashboard/nodes) by extension 'colcon_meta'
[0.585s] Level 1:colcon.colcon_core.package_identification:_identify(config/node_modules/node-red-dashboard/nodes) by extensions ['ros']
[0.585s] Level 1:colcon.colcon_core.package_identification:_identify(config/node_modules/node-red-dashboard/nodes) by extension 'ros'
[0.585s] Level 1:colcon.colcon_core.package_identification:_identify(config/node_modules/node-red-dashboard/nodes) by extensions ['cmake', 'python']
[0.585s] Level 1:colcon.colcon_core.package_identification:_identify(config/node_modules/node-red-dashboard/nodes) by extension 'cmake'
[0.585s] Level 1:colcon.colcon_core.package_identification:_identify(config/node_modules/node-red-dashboard/nodes) by extension 'python'
[0.585s] Level 1:colcon.colcon_core.package_identification:_identify(config/node_modules/node-red-dashboard/nodes) by extensions ['python_setup_py']
[0.585s] Level 1:colcon.colcon_core.package_identification:_identify(config/node_modules/node-red-dashboard/nodes) by extension 'python_setup_py'
[0.585s] Level 1:colcon.colcon_core.package_identification:_identify(config/node_modules/node-red-dashboard/nodes/icons) by extensions ['ignore', 'ignore_ament_install']
[0.586s] Level 1:colcon.colcon_core.package_identification:_identify(config/node_modules/node-red-dashboard/nodes/icons) by extension 'ignore'
[0.586s] Level 1:colcon.colcon_core.package_identification:_identify(config/node_modules/node-red-dashboard/nodes/icons) by extension 'ignore_ament_install'
[0.586s] Level 1:colcon.colcon_core.package_identification:_identify(config/node_modules/node-red-dashboard/nodes/icons) by extensions ['colcon_pkg']
[0.586s] Level 1:colcon.colcon_core.package_identification:_identify(config/node_modules/node-red-dashboard/nodes/icons) by extension 'colcon_pkg'
[0.586s] Level 1:colcon.colcon_core.package_identification:_identify(config/node_modules/node-red-dashboard/nodes/icons) by extensions ['colcon_meta']
[0.586s] Level 1:colcon.colcon_core.package_identification:_identify(config/node_modules/node-red-dashboard/nodes/icons) by extension 'colcon_meta'
[0.586s] Level 1:colcon.colcon_core.package_identification:_identify(config/node_modules/node-red-dashboard/nodes/icons) by extensions ['ros']
[0.586s] Level 1:colcon.colcon_core.package_identification:_identify(config/node_modules/node-red-dashboard/nodes/icons) by extension 'ros'
[0.586s] Level 1:colcon.colcon_core.package_identification:_identify(config/node_modules/node-red-dashboard/nodes/icons) by extensions ['cmake', 'python']
[0.587s] Level 1:colcon.colcon_core.package_identification:_identify(config/node_modules/node-red-dashboard/nodes/icons) by extension 'cmake'
[0.587s] Level 1:colcon.colcon_core.package_identification:_identify(config/node_modules/node-red-dashboard/nodes/icons) by extension 'python'
[0.587s] Level 1:colcon.colcon_core.package_identification:_identify(config/node_modules/node-red-dashboard/nodes/icons) by extensions ['python_setup_py']
[0.587s] Level 1:colcon.colcon_core.package_identification:_identify(config/node_modules/node-red-dashboard/nodes/icons) by extension 'python_setup_py'
[0.587s] Level 1:colcon.colcon_core.package_identification:_identify(config/node_modules/node-red-dashboard/nodes/locales) by extensions ['ignore', 'ignore_ament_install']
[0.587s] Level 1:colcon.colcon_core.package_identification:_identify(config/node_modules/node-red-dashboard/nodes/locales) by extension 'ignore'
[0.587s] Level 1:colcon.colcon_core.package_identification:_identify(config/node_modules/node-red-dashboard/nodes/locales) by extension 'ignore_ament_install'
[0.587s] Level 1:colcon.colcon_core.package_identification:_identify(config/node_modules/node-red-dashboard/nodes/locales) by extensions ['colcon_pkg']
[0.587s] Level 1:colcon.colcon_core.package_identification:_identify(config/node_modules/node-red-dashboard/nodes/locales) by extension 'colcon_pkg'
[0.587s] Level 1:colcon.colcon_core.package_identification:_identify(config/node_modules/node-red-dashboard/nodes/locales) by extensions ['colcon_meta']
[0.587s] Level 1:colcon.colcon_core.package_identification:_identify(config/node_modules/node-red-dashboard/nodes/locales) by extension 'colcon_meta'
[0.587s] Level 1:colcon.colcon_core.package_identification:_identify(config/node_modules/node-red-dashboard/nodes/locales) by extensions ['ros']
[0.587s] Level 1:colcon.colcon_core.package_identification:_identify(config/node_modules/node-red-dashboard/nodes/locales) by extension 'ros'
[0.588s] Level 1:colcon.colcon_core.package_identification:_identify(config/node_modules/node-red-dashboard/nodes/locales) by extensions ['cmake', 'python']
[0.588s] Level 1:colcon.colcon_core.package_identification:_identify(config/node_modules/node-red-dashboard/nodes/locales) by extension 'cmake'
[0.588s] Level 1:colcon.colcon_core.package_identification:_identify(config/node_modules/node-red-dashboard/nodes/locales) by extension 'python'
[0.588s] Level 1:colcon.colcon_core.package_identification:_identify(config/node_modules/node-red-dashboard/nodes/locales) by extensions ['python_setup_py']
[0.588s] Level 1:colcon.colcon_core.package_identification:_identify(config/node_modules/node-red-dashboard/nodes/locales) by extension 'python_setup_py'
[0.588s] Level 1:colcon.colcon_core.package_identification:_identify(config/node_modules/node-red-dashboard/nodes/locales/de) by extensions ['ignore', 'ignore_ament_install']
[0.588s] Level 1:colcon.colcon_core.package_identification:_identify(config/node_modules/node-red-dashboard/nodes/locales/de) by extension 'ignore'
[0.588s] Level 1:colcon.colcon_core.package_identification:_identify(config/node_modules/node-red-dashboard/nodes/locales/de) by extension 'ignore_ament_install'
[0.588s] Level 1:colcon.colcon_core.package_identification:_identify(config/node_modules/node-red-dashboard/nodes/locales/de) by extensions ['colcon_pkg']
[0.588s] Level 1:colcon.colcon_core.package_identification:_identify(config/node_modules/node-red-dashboard/nodes/locales/de) by extension 'colcon_pkg'
[0.588s] Level 1:colcon.colcon_core.package_identification:_identify(config/node_modules/node-red-dashboard/nodes/locales/de) by extensions ['colcon_meta']
[0.588s] Level 1:colcon.colcon_core.package_identification:_identify(config/node_modules/node-red-dashboard/nodes/locales/de) by extension 'colcon_meta'
[0.588s] Level 1:colcon.colcon_core.package_identification:_identify(config/node_modules/node-red-dashboard/nodes/locales/de) by extensions ['ros']
[0.588s] Level 1:colcon.colcon_core.package_identification:_identify(config/node_modules/node-red-dashboard/nodes/locales/de) by extension 'ros'
[0.588s] Level 1:colcon.colcon_core.package_identification:_identify(config/node_modules/node-red-dashboard/nodes/locales/de) by extensions ['cmake', 'python']
[0.588s] Level 1:colcon.colcon_core.package_identification:_identify(config/node_modules/node-red-dashboard/nodes/locales/de) by extension 'cmake'
[0.589s] Level 1:colcon.colcon_core.package_identification:_identify(config/node_modules/node-red-dashboard/nodes/locales/de) by extension 'python'
[0.589s] Level 1:colcon.colcon_core.package_identification:_identify(config/node_modules/node-red-dashboard/nodes/locales/de) by extensions ['python_setup_py']
[0.589s] Level 1:colcon.colcon_core.package_identification:_identify(config/node_modules/node-red-dashboard/nodes/locales/de) by extension 'python_setup_py'
[0.589s] Level 1:colcon.colcon_core.package_identification:_identify(config/node_modules/node-red-dashboard/nodes/locales/en-US) by extensions ['ignore', 'ignore_ament_install']
[0.589s] Level 1:colcon.colcon_core.package_identification:_identify(config/node_modules/node-red-dashboard/nodes/locales/en-US) by extension 'ignore'
[0.589s] Level 1:colcon.colcon_core.package_identification:_identify(config/node_modules/node-red-dashboard/nodes/locales/en-US) by extension 'ignore_ament_install'
[0.589s] Level 1:colcon.colcon_core.package_identification:_identify(config/node_modules/node-red-dashboard/nodes/locales/en-US) by extensions ['colcon_pkg']
[0.589s] Level 1:colcon.colcon_core.package_identification:_identify(config/node_modules/node-red-dashboard/nodes/locales/en-US) by extension 'colcon_pkg'
[0.589s] Level 1:colcon.colcon_core.package_identification:_identify(config/node_modules/node-red-dashboard/nodes/locales/en-US) by extensions ['colcon_meta']
[0.589s] Level 1:colcon.colcon_core.package_identification:_identify(config/node_modules/node-red-dashboard/nodes/locales/en-US) by extension 'colcon_meta'
[0.589s] Level 1:colcon.colcon_core.package_identification:_identify(config/node_modules/node-red-dashboard/nodes/locales/en-US) by extensions ['ros']
[0.589s] Level 1:colcon.colcon_core.package_identification:_identify(config/node_modules/node-red-dashboard/nodes/locales/en-US) by extension 'ros'
[0.589s] Level 1:colcon.colcon_core.package_identification:_identify(config/node_modules/node-red-dashboard/nodes/locales/en-US) by extensions ['cmake', 'python']
[0.589s] Level 1:colcon.colcon_core.package_identification:_identify(config/node_modules/node-red-dashboard/nodes/locales/en-US) by extension 'cmake'
[0.589s] Level 1:colcon.colcon_core.package_identification:_identify(config/node_modules/node-red-dashboard/nodes/locales/en-US) by extension 'python'
[0.589s] Level 1:colcon.colcon_core.package_identification:_identify(config/node_modules/node-red-dashboard/nodes/locales/en-US) by extensions ['python_setup_py']
[0.589s] Level 1:colcon.colcon_core.package_identification:_identify(config/node_modules/node-red-dashboard/nodes/locales/en-US) by extension 'python_setup_py'
[0.590s] Level 1:colcon.colcon_core.package_identification:_identify(config/node_modules/node-red-dashboard/nodes/locales/ja) by extensions ['ignore', 'ignore_ament_install']
[0.590s] Level 1:colcon.colcon_core.package_identification:_identify(config/node_modules/node-red-dashboard/nodes/locales/ja) by extension 'ignore'
[0.590s] Level 1:colcon.colcon_core.package_identification:_identify(config/node_modules/node-red-dashboard/nodes/locales/ja) by extension 'ignore_ament_install'
[0.590s] Level 1:colcon.colcon_core.package_identification:_identify(config/node_modules/node-red-dashboard/nodes/locales/ja) by extensions ['colcon_pkg']
[0.590s] Level 1:colcon.colcon_core.package_identification:_identify(config/node_modules/node-red-dashboard/nodes/locales/ja) by extension 'colcon_pkg'
[0.590s] Level 1:colcon.colcon_core.package_identification:_identify(config/node_modules/node-red-dashboard/nodes/locales/ja) by extensions ['colcon_meta']
[0.590s] Level 1:colcon.colcon_core.package_identification:_identify(config/node_modules/node-red-dashboard/nodes/locales/ja) by extension 'colcon_meta'
[0.591s] Level 1:colcon.colcon_core.package_identification:_identify(config/node_modules/node-red-dashboard/nodes/locales/ja) by extensions ['ros']
[0.591s] Level 1:colcon.colcon_core.package_identification:_identify(config/node_modules/node-red-dashboard/nodes/locales/ja) by extension 'ros'
[0.591s] Level 1:colcon.colcon_core.package_identification:_identify(config/node_modules/node-red-dashboard/nodes/locales/ja) by extensions ['cmake', 'python']
[0.591s] Level 1:colcon.colcon_core.package_identification:_identify(config/node_modules/node-red-dashboard/nodes/locales/ja) by extension 'cmake'
[0.591s] Level 1:colcon.colcon_core.package_identification:_identify(config/node_modules/node-red-dashboard/nodes/locales/ja) by extension 'python'
[0.591s] Level 1:colcon.colcon_core.package_identification:_identify(config/node_modules/node-red-dashboard/nodes/locales/ja) by extensions ['python_setup_py']
[0.591s] Level 1:colcon.colcon_core.package_identification:_identify(config/node_modules/node-red-dashboard/nodes/locales/ja) by extension 'python_setup_py'
[0.591s] Level 1:colcon.colcon_core.package_identification:_identify(config/node_modules/object-assign) by extensions ['ignore', 'ignore_ament_install']
[0.591s] Level 1:colcon.colcon_core.package_identification:_identify(config/node_modules/object-assign) by extension 'ignore'
[0.591s] Level 1:colcon.colcon_core.package_identification:_identify(config/node_modules/object-assign) by extension 'ignore_ament_install'
[0.591s] Level 1:colcon.colcon_core.package_identification:_identify(config/node_modules/object-assign) by extensions ['colcon_pkg']
[0.591s] Level 1:colcon.colcon_core.package_identification:_identify(config/node_modules/object-assign) by extension 'colcon_pkg'
[0.591s] Level 1:colcon.colcon_core.package_identification:_identify(config/node_modules/object-assign) by extensions ['colcon_meta']
[0.591s] Level 1:colcon.colcon_core.package_identification:_identify(config/node_modules/object-assign) by extension 'colcon_meta'
[0.591s] Level 1:colcon.colcon_core.package_identification:_identify(config/node_modules/object-assign) by extensions ['ros']
[0.591s] Level 1:colcon.colcon_core.package_identification:_identify(config/node_modules/object-assign) by extension 'ros'
[0.592s] Level 1:colcon.colcon_core.package_identification:_identify(config/node_modules/object-assign) by extensions ['cmake', 'python']
[0.592s] Level 1:colcon.colcon_core.package_identification:_identify(config/node_modules/object-assign) by extension 'cmake'
[0.592s] Level 1:colcon.colcon_core.package_identification:_identify(config/node_modules/object-assign) by extension 'python'
[0.592s] Level 1:colcon.colcon_core.package_identification:_identify(config/node_modules/object-assign) by extensions ['python_setup_py']
[0.592s] Level 1:colcon.colcon_core.package_identification:_identify(config/node_modules/object-assign) by extension 'python_setup_py'
[0.592s] Level 1:colcon.colcon_core.package_identification:_identify(config/node_modules/on-finished) by extensions ['ignore', 'ignore_ament_install']
[0.592s] Level 1:colcon.colcon_core.package_identification:_identify(config/node_modules/on-finished) by extension 'ignore'
[0.592s] Level 1:colcon.colcon_core.package_identification:_identify(config/node_modules/on-finished) by extension 'ignore_ament_install'
[0.592s] Level 1:colcon.colcon_core.package_identification:_identify(config/node_modules/on-finished) by extensions ['colcon_pkg']
[0.592s] Level 1:colcon.colcon_core.package_identification:_identify(config/node_modules/on-finished) by extension 'colcon_pkg'
[0.592s] Level 1:colcon.colcon_core.package_identification:_identify(config/node_modules/on-finished) by extensions ['colcon_meta']
[0.592s] Level 1:colcon.colcon_core.package_identification:_identify(config/node_modules/on-finished) by extension 'colcon_meta'
[0.592s] Level 1:colcon.colcon_core.package_identification:_identify(config/node_modules/on-finished) by extensions ['ros']
[0.592s] Level 1:colcon.colcon_core.package_identification:_identify(config/node_modules/on-finished) by extension 'ros'
[0.592s] Level 1:colcon.colcon_core.package_identification:_identify(config/node_modules/on-finished) by extensions ['cmake', 'python']
[0.592s] Level 1:colcon.colcon_core.package_identification:_identify(config/node_modules/on-finished) by extension 'cmake'
[0.592s] Level 1:colcon.colcon_core.package_identification:_identify(config/node_modules/on-finished) by extension 'python'
[0.592s] Level 1:colcon.colcon_core.package_identification:_identify(config/node_modules/on-finished) by extensions ['python_setup_py']
[0.592s] Level 1:colcon.colcon_core.package_identification:_identify(config/node_modules/on-finished) by extension 'python_setup_py'
[0.592s] Level 1:colcon.colcon_core.package_identification:_identify(config/node_modules/on-headers) by extensions ['ignore', 'ignore_ament_install']
[0.592s] Level 1:colcon.colcon_core.package_identification:_identify(config/node_modules/on-headers) by extension 'ignore'
[0.592s] Level 1:colcon.colcon_core.package_identification:_identify(config/node_modules/on-headers) by extension 'ignore_ament_install'
[0.592s] Level 1:colcon.colcon_core.package_identification:_identify(config/node_modules/on-headers) by extensions ['colcon_pkg']
[0.592s] Level 1:colcon.colcon_core.package_identification:_identify(config/node_modules/on-headers) by extension 'colcon_pkg'
[0.592s] Level 1:colcon.colcon_core.package_identification:_identify(config/node_modules/on-headers) by extensions ['colcon_meta']
[0.593s] Level 1:colcon.colcon_core.package_identification:_identify(config/node_modules/on-headers) by extension 'colcon_meta'
[0.593s] Level 1:colcon.colcon_core.package_identification:_identify(config/node_modules/on-headers) by extensions ['ros']
[0.593s] Level 1:colcon.colcon_core.package_identification:_identify(config/node_modules/on-headers) by extension 'ros'
[0.593s] Level 1:colcon.colcon_core.package_identification:_identify(config/node_modules/on-headers) by extensions ['cmake', 'python']
[0.593s] Level 1:colcon.colcon_core.package_identification:_identify(config/node_modules/on-headers) by extension 'cmake'
[0.593s] Level 1:colcon.colcon_core.package_identification:_identify(config/node_modules/on-headers) by extension 'python'
[0.593s] Level 1:colcon.colcon_core.package_identification:_identify(config/node_modules/on-headers) by extensions ['python_setup_py']
[0.593s] Level 1:colcon.colcon_core.package_identification:_identify(config/node_modules/on-headers) by extension 'python_setup_py'
[0.593s] Level 1:colcon.colcon_core.package_identification:_identify(config/node_modules/parseurl) by extensions ['ignore', 'ignore_ament_install']
[0.593s] Level 1:colcon.colcon_core.package_identification:_identify(config/node_modules/parseurl) by extension 'ignore'
[0.593s] Level 1:colcon.colcon_core.package_identification:_identify(config/node_modules/parseurl) by extension 'ignore_ament_install'
[0.593s] Level 1:colcon.colcon_core.package_identification:_identify(config/node_modules/parseurl) by extensions ['colcon_pkg']
[0.593s] Level 1:colcon.colcon_core.package_identification:_identify(config/node_modules/parseurl) by extension 'colcon_pkg'
[0.593s] Level 1:colcon.colcon_core.package_identification:_identify(config/node_modules/parseurl) by extensions ['colcon_meta']
[0.593s] Level 1:colcon.colcon_core.package_identification:_identify(config/node_modules/parseurl) by extension 'colcon_meta'
[0.593s] Level 1:colcon.colcon_core.package_identification:_identify(config/node_modules/parseurl) by extensions ['ros']
[0.593s] Level 1:colcon.colcon_core.package_identification:_identify(config/node_modules/parseurl) by extension 'ros'
[0.593s] Level 1:colcon.colcon_core.package_identification:_identify(config/node_modules/parseurl) by extensions ['cmake', 'python']
[0.593s] Level 1:colcon.colcon_core.package_identification:_identify(config/node_modules/parseurl) by extension 'cmake'
[0.593s] Level 1:colcon.colcon_core.package_identification:_identify(config/node_modules/parseurl) by extension 'python'
[0.593s] Level 1:colcon.colcon_core.package_identification:_identify(config/node_modules/parseurl) by extensions ['python_setup_py']
[0.593s] Level 1:colcon.colcon_core.package_identification:_identify(config/node_modules/parseurl) by extension 'python_setup_py'
[0.594s] Level 1:colcon.colcon_core.package_identification:_identify(config/node_modules/range-parser) by extensions ['ignore', 'ignore_ament_install']
[0.594s] Level 1:colcon.colcon_core.package_identification:_identify(config/node_modules/range-parser) by extension 'ignore'
[0.594s] Level 1:colcon.colcon_core.package_identification:_identify(config/node_modules/range-parser) by extension 'ignore_ament_install'
[0.594s] Level 1:colcon.colcon_core.package_identification:_identify(config/node_modules/range-parser) by extensions ['colcon_pkg']
[0.594s] Level 1:colcon.colcon_core.package_identification:_identify(config/node_modules/range-parser) by extension 'colcon_pkg'
[0.594s] Level 1:colcon.colcon_core.package_identification:_identify(config/node_modules/range-parser) by extensions ['colcon_meta']
[0.594s] Level 1:colcon.colcon_core.package_identification:_identify(config/node_modules/range-parser) by extension 'colcon_meta'
[0.594s] Level 1:colcon.colcon_core.package_identification:_identify(config/node_modules/range-parser) by extensions ['ros']
[0.594s] Level 1:colcon.colcon_core.package_identification:_identify(config/node_modules/range-parser) by extension 'ros'
[0.594s] Level 1:colcon.colcon_core.package_identification:_identify(config/node_modules/range-parser) by extensions ['cmake', 'python']
[0.594s] Level 1:colcon.colcon_core.package_identification:_identify(config/node_modules/range-parser) by extension 'cmake'
[0.594s] Level 1:colcon.colcon_core.package_identification:_identify(config/node_modules/range-parser) by extension 'python'
[0.594s] Level 1:colcon.colcon_core.package_identification:_identify(config/node_modules/range-parser) by extensions ['python_setup_py']
[0.594s] Level 1:colcon.colcon_core.package_identification:_identify(config/node_modules/range-parser) by extension 'python_setup_py'
[0.594s] Level 1:colcon.colcon_core.package_identification:_identify(config/node_modules/safe-buffer) by extensions ['ignore', 'ignore_ament_install']
[0.594s] Level 1:colcon.colcon_core.package_identification:_identify(config/node_modules/safe-buffer) by extension 'ignore'
[0.594s] Level 1:colcon.colcon_core.package_identification:_identify(config/node_modules/safe-buffer) by extension 'ignore_ament_install'
[0.594s] Level 1:colcon.colcon_core.package_identification:_identify(config/node_modules/safe-buffer) by extensions ['colcon_pkg']
[0.594s] Level 1:colcon.colcon_core.package_identification:_identify(config/node_modules/safe-buffer) by extension 'colcon_pkg'
[0.594s] Level 1:colcon.colcon_core.package_identification:_identify(config/node_modules/safe-buffer) by extensions ['colcon_meta']
[0.594s] Level 1:colcon.colcon_core.package_identification:_identify(config/node_modules/safe-buffer) by extension 'colcon_meta'
[0.594s] Level 1:colcon.colcon_core.package_identification:_identify(config/node_modules/safe-buffer) by extensions ['ros']
[0.594s] Level 1:colcon.colcon_core.package_identification:_identify(config/node_modules/safe-buffer) by extension 'ros'
[0.594s] Level 1:colcon.colcon_core.package_identification:_identify(config/node_modules/safe-buffer) by extensions ['cmake', 'python']
[0.595s] Level 1:colcon.colcon_core.package_identification:_identify(config/node_modules/safe-buffer) by extension 'cmake'
[0.595s] Level 1:colcon.colcon_core.package_identification:_identify(config/node_modules/safe-buffer) by extension 'python'
[0.595s] Level 1:colcon.colcon_core.package_identification:_identify(config/node_modules/safe-buffer) by extensions ['python_setup_py']
[0.595s] Level 1:colcon.colcon_core.package_identification:_identify(config/node_modules/safe-buffer) by extension 'python_setup_py'
[0.595s] Level 1:colcon.colcon_core.package_identification:_identify(config/node_modules/send) by extensions ['ignore', 'ignore_ament_install']
[0.595s] Level 1:colcon.colcon_core.package_identification:_identify(config/node_modules/send) by extension 'ignore'
[0.595s] Level 1:colcon.colcon_core.package_identification:_identify(config/node_modules/send) by extension 'ignore_ament_install'
[0.595s] Level 1:colcon.colcon_core.package_identification:_identify(config/node_modules/send) by extensions ['colcon_pkg']
[0.595s] Level 1:colcon.colcon_core.package_identification:_identify(config/node_modules/send) by extension 'colcon_pkg'
[0.595s] Level 1:colcon.colcon_core.package_identification:_identify(config/node_modules/send) by extensions ['colcon_meta']
[0.595s] Level 1:colcon.colcon_core.package_identification:_identify(config/node_modules/send) by extension 'colcon_meta'
[0.595s] Level 1:colcon.colcon_core.package_identification:_identify(config/node_modules/send) by extensions ['ros']
[0.595s] Level 1:colcon.colcon_core.package_identification:_identify(config/node_modules/send) by extension 'ros'
[0.595s] Level 1:colcon.colcon_core.package_identification:_identify(config/node_modules/send) by extensions ['cmake', 'python']
[0.595s] Level 1:colcon.colcon_core.package_identification:_identify(config/node_modules/send) by extension 'cmake'
[0.595s] Level 1:colcon.colcon_core.package_identification:_identify(config/node_modules/send) by extension 'python'
[0.595s] Level 1:colcon.colcon_core.package_identification:_identify(config/node_modules/send) by extensions ['python_setup_py']
[0.595s] Level 1:colcon.colcon_core.package_identification:_identify(config/node_modules/send) by extension 'python_setup_py'
[0.596s] Level 1:colcon.colcon_core.package_identification:_identify(config/node_modules/send/node_modules) by extensions ['ignore', 'ignore_ament_install']
[0.596s] Level 1:colcon.colcon_core.package_identification:_identify(config/node_modules/send/node_modules) by extension 'ignore'
[0.596s] Level 1:colcon.colcon_core.package_identification:_identify(config/node_modules/send/node_modules) by extension 'ignore_ament_install'
[0.596s] Level 1:colcon.colcon_core.package_identification:_identify(config/node_modules/send/node_modules) by extensions ['colcon_pkg']
[0.596s] Level 1:colcon.colcon_core.package_identification:_identify(config/node_modules/send/node_modules) by extension 'colcon_pkg'
[0.596s] Level 1:colcon.colcon_core.package_identification:_identify(config/node_modules/send/node_modules) by extensions ['colcon_meta']
[0.596s] Level 1:colcon.colcon_core.package_identification:_identify(config/node_modules/send/node_modules) by extension 'colcon_meta'
[0.596s] Level 1:colcon.colcon_core.package_identification:_identify(config/node_modules/send/node_modules) by extensions ['ros']
[0.596s] Level 1:colcon.colcon_core.package_identification:_identify(config/node_modules/send/node_modules) by extension 'ros'
[0.596s] Level 1:colcon.colcon_core.package_identification:_identify(config/node_modules/send/node_modules) by extensions ['cmake', 'python']
[0.596s] Level 1:colcon.colcon_core.package_identification:_identify(config/node_modules/send/node_modules) by extension 'cmake'
[0.596s] Level 1:colcon.colcon_core.package_identification:_identify(config/node_modules/send/node_modules) by extension 'python'
[0.596s] Level 1:colcon.colcon_core.package_identification:_identify(config/node_modules/send/node_modules) by extensions ['python_setup_py']
[0.596s] Level 1:colcon.colcon_core.package_identification:_identify(config/node_modules/send/node_modules) by extension 'python_setup_py'
[0.596s] Level 1:colcon.colcon_core.package_identification:_identify(config/node_modules/send/node_modules/ms) by extensions ['ignore', 'ignore_ament_install']
[0.596s] Level 1:colcon.colcon_core.package_identification:_identify(config/node_modules/send/node_modules/ms) by extension 'ignore'
[0.596s] Level 1:colcon.colcon_core.package_identification:_identify(config/node_modules/send/node_modules/ms) by extension 'ignore_ament_install'
[0.597s] Level 1:colcon.colcon_core.package_identification:_identify(config/node_modules/send/node_modules/ms) by extensions ['colcon_pkg']
[0.597s] Level 1:colcon.colcon_core.package_identification:_identify(config/node_modules/send/node_modules/ms) by extension 'colcon_pkg'
[0.597s] Level 1:colcon.colcon_core.package_identification:_identify(config/node_modules/send/node_modules/ms) by extensions ['colcon_meta']
[0.597s] Level 1:colcon.colcon_core.package_identification:_identify(config/node_modules/send/node_modules/ms) by extension 'colcon_meta'
[0.597s] Level 1:colcon.colcon_core.package_identification:_identify(config/node_modules/send/node_modules/ms) by extensions ['ros']
[0.597s] Level 1:colcon.colcon_core.package_identification:_identify(config/node_modules/send/node_modules/ms) by extension 'ros'
[0.597s] Level 1:colcon.colcon_core.package_identification:_identify(config/node_modules/send/node_modules/ms) by extensions ['cmake', 'python']
[0.597s] Level 1:colcon.colcon_core.package_identification:_identify(config/node_modules/send/node_modules/ms) by extension 'cmake'
[0.597s] Level 1:colcon.colcon_core.package_identification:_identify(config/node_modules/send/node_modules/ms) by extension 'python'
[0.597s] Level 1:colcon.colcon_core.package_identification:_identify(config/node_modules/send/node_modules/ms) by extensions ['python_setup_py']
[0.597s] Level 1:colcon.colcon_core.package_identification:_identify(config/node_modules/send/node_modules/ms) by extension 'python_setup_py'
[0.597s] Level 1:colcon.colcon_core.package_identification:_identify(config/node_modules/serve-static) by extensions ['ignore', 'ignore_ament_install']
[0.597s] Level 1:colcon.colcon_core.package_identification:_identify(config/node_modules/serve-static) by extension 'ignore'
[0.597s] Level 1:colcon.colcon_core.package_identification:_identify(config/node_modules/serve-static) by extension 'ignore_ament_install'
[0.597s] Level 1:colcon.colcon_core.package_identification:_identify(config/node_modules/serve-static) by extensions ['colcon_pkg']
[0.598s] Level 1:colcon.colcon_core.package_identification:_identify(config/node_modules/serve-static) by extension 'colcon_pkg'
[0.598s] Level 1:colcon.colcon_core.package_identification:_identify(config/node_modules/serve-static) by extensions ['colcon_meta']
[0.598s] Level 1:colcon.colcon_core.package_identification:_identify(config/node_modules/serve-static) by extension 'colcon_meta'
[0.598s] Level 1:colcon.colcon_core.package_identification:_identify(config/node_modules/serve-static) by extensions ['ros']
[0.598s] Level 1:colcon.colcon_core.package_identification:_identify(config/node_modules/serve-static) by extension 'ros'
[0.598s] Level 1:colcon.colcon_core.package_identification:_identify(config/node_modules/serve-static) by extensions ['cmake', 'python']
[0.598s] Level 1:colcon.colcon_core.package_identification:_identify(config/node_modules/serve-static) by extension 'cmake'
[0.598s] Level 1:colcon.colcon_core.package_identification:_identify(config/node_modules/serve-static) by extension 'python'
[0.598s] Level 1:colcon.colcon_core.package_identification:_identify(config/node_modules/serve-static) by extensions ['python_setup_py']
[0.598s] Level 1:colcon.colcon_core.package_identification:_identify(config/node_modules/serve-static) by extension 'python_setup_py'
[0.598s] Level 1:colcon.colcon_core.package_identification:_identify(config/node_modules/setprototypeof) by extensions ['ignore', 'ignore_ament_install']
[0.598s] Level 1:colcon.colcon_core.package_identification:_identify(config/node_modules/setprototypeof) by extension 'ignore'
[0.598s] Level 1:colcon.colcon_core.package_identification:_identify(config/node_modules/setprototypeof) by extension 'ignore_ament_install'
[0.598s] Level 1:colcon.colcon_core.package_identification:_identify(config/node_modules/setprototypeof) by extensions ['colcon_pkg']
[0.598s] Level 1:colcon.colcon_core.package_identification:_identify(config/node_modules/setprototypeof) by extension 'colcon_pkg'
[0.599s] Level 1:colcon.colcon_core.package_identification:_identify(config/node_modules/setprototypeof) by extensions ['colcon_meta']
[0.599s] Level 1:colcon.colcon_core.package_identification:_identify(config/node_modules/setprototypeof) by extension 'colcon_meta'
[0.599s] Level 1:colcon.colcon_core.package_identification:_identify(config/node_modules/setprototypeof) by extensions ['ros']
[0.599s] Level 1:colcon.colcon_core.package_identification:_identify(config/node_modules/setprototypeof) by extension 'ros'
[0.599s] Level 1:colcon.colcon_core.package_identification:_identify(config/node_modules/setprototypeof) by extensions ['cmake', 'python']
[0.599s] Level 1:colcon.colcon_core.package_identification:_identify(config/node_modules/setprototypeof) by extension 'cmake'
[0.599s] Level 1:colcon.colcon_core.package_identification:_identify(config/node_modules/setprototypeof) by extension 'python'
[0.599s] Level 1:colcon.colcon_core.package_identification:_identify(config/node_modules/setprototypeof) by extensions ['python_setup_py']
[0.599s] Level 1:colcon.colcon_core.package_identification:_identify(config/node_modules/setprototypeof) by extension 'python_setup_py'
[0.599s] Level 1:colcon.colcon_core.package_identification:_identify(config/node_modules/setprototypeof/test) by extensions ['ignore', 'ignore_ament_install']
[0.599s] Level 1:colcon.colcon_core.package_identification:_identify(config/node_modules/setprototypeof/test) by extension 'ignore'
[0.599s] Level 1:colcon.colcon_core.package_identification:_identify(config/node_modules/setprototypeof/test) by extension 'ignore_ament_install'
[0.599s] Level 1:colcon.colcon_core.package_identification:_identify(config/node_modules/setprototypeof/test) by extensions ['colcon_pkg']
[0.599s] Level 1:colcon.colcon_core.package_identification:_identify(config/node_modules/setprototypeof/test) by extension 'colcon_pkg'
[0.599s] Level 1:colcon.colcon_core.package_identification:_identify(config/node_modules/setprototypeof/test) by extensions ['colcon_meta']
[0.599s] Level 1:colcon.colcon_core.package_identification:_identify(config/node_modules/setprototypeof/test) by extension 'colcon_meta'
[0.599s] Level 1:colcon.colcon_core.package_identification:_identify(config/node_modules/setprototypeof/test) by extensions ['ros']
[0.599s] Level 1:colcon.colcon_core.package_identification:_identify(config/node_modules/setprototypeof/test) by extension 'ros'
[0.600s] Level 1:colcon.colcon_core.package_identification:_identify(config/node_modules/setprototypeof/test) by extensions ['cmake', 'python']
[0.600s] Level 1:colcon.colcon_core.package_identification:_identify(config/node_modules/setprototypeof/test) by extension 'cmake'
[0.600s] Level 1:colcon.colcon_core.package_identification:_identify(config/node_modules/setprototypeof/test) by extension 'python'
[0.600s] Level 1:colcon.colcon_core.package_identification:_identify(config/node_modules/setprototypeof/test) by extensions ['python_setup_py']
[0.600s] Level 1:colcon.colcon_core.package_identification:_identify(config/node_modules/setprototypeof/test) by extension 'python_setup_py'
[0.600s] Level 1:colcon.colcon_core.package_identification:_identify(config/node_modules/socket.io) by extensions ['ignore', 'ignore_ament_install']
[0.600s] Level 1:colcon.colcon_core.package_identification:_identify(config/node_modules/socket.io) by extension 'ignore'
[0.600s] Level 1:colcon.colcon_core.package_identification:_identify(config/node_modules/socket.io) by extension 'ignore_ament_install'
[0.600s] Level 1:colcon.colcon_core.package_identification:_identify(config/node_modules/socket.io) by extensions ['colcon_pkg']
[0.600s] Level 1:colcon.colcon_core.package_identification:_identify(config/node_modules/socket.io) by extension 'colcon_pkg'
[0.600s] Level 1:colcon.colcon_core.package_identification:_identify(config/node_modules/socket.io) by extensions ['colcon_meta']
[0.600s] Level 1:colcon.colcon_core.package_identification:_identify(config/node_modules/socket.io) by extension 'colcon_meta'
[0.601s] Level 1:colcon.colcon_core.package_identification:_identify(config/node_modules/socket.io) by extensions ['ros']
[0.601s] Level 1:colcon.colcon_core.package_identification:_identify(config/node_modules/socket.io) by extension 'ros'
[0.601s] Level 1:colcon.colcon_core.package_identification:_identify(config/node_modules/socket.io) by extensions ['cmake', 'python']
[0.601s] Level 1:colcon.colcon_core.package_identification:_identify(config/node_modules/socket.io) by extension 'cmake'
[0.601s] Level 1:colcon.colcon_core.package_identification:_identify(config/node_modules/socket.io) by extension 'python'
[0.601s] Level 1:colcon.colcon_core.package_identification:_identify(config/node_modules/socket.io) by extensions ['python_setup_py']
[0.601s] Level 1:colcon.colcon_core.package_identification:_identify(config/node_modules/socket.io) by extension 'python_setup_py'
[0.601s] Level 1:colcon.colcon_core.package_identification:_identify(config/node_modules/socket.io/client-dist) by extensions ['ignore', 'ignore_ament_install']
[0.601s] Level 1:colcon.colcon_core.package_identification:_identify(config/node_modules/socket.io/client-dist) by extension 'ignore'
[0.601s] Level 1:colcon.colcon_core.package_identification:_identify(config/node_modules/socket.io/client-dist) by extension 'ignore_ament_install'
[0.601s] Level 1:colcon.colcon_core.package_identification:_identify(config/node_modules/socket.io/client-dist) by extensions ['colcon_pkg']
[0.601s] Level 1:colcon.colcon_core.package_identification:_identify(config/node_modules/socket.io/client-dist) by extension 'colcon_pkg'
[0.601s] Level 1:colcon.colcon_core.package_identification:_identify(config/node_modules/socket.io/client-dist) by extensions ['colcon_meta']
[0.601s] Level 1:colcon.colcon_core.package_identification:_identify(config/node_modules/socket.io/client-dist) by extension 'colcon_meta'
[0.601s] Level 1:colcon.colcon_core.package_identification:_identify(config/node_modules/socket.io/client-dist) by extensions ['ros']
[0.601s] Level 1:colcon.colcon_core.package_identification:_identify(config/node_modules/socket.io/client-dist) by extension 'ros'
[0.601s] Level 1:colcon.colcon_core.package_identification:_identify(config/node_modules/socket.io/client-dist) by extensions ['cmake', 'python']
[0.601s] Level 1:colcon.colcon_core.package_identification:_identify(config/node_modules/socket.io/client-dist) by extension 'cmake'
[0.601s] Level 1:colcon.colcon_core.package_identification:_identify(config/node_modules/socket.io/client-dist) by extension 'python'
[0.601s] Level 1:colcon.colcon_core.package_identification:_identify(config/node_modules/socket.io/client-dist) by extensions ['python_setup_py']
[0.602s] Level 1:colcon.colcon_core.package_identification:_identify(config/node_modules/socket.io/client-dist) by extension 'python_setup_py'
[0.602s] Level 1:colcon.colcon_core.package_identification:_identify(config/node_modules/socket.io/dist) by extensions ['ignore', 'ignore_ament_install']
[0.602s] Level 1:colcon.colcon_core.package_identification:_identify(config/node_modules/socket.io/dist) by extension 'ignore'
[0.602s] Level 1:colcon.colcon_core.package_identification:_identify(config/node_modules/socket.io/dist) by extension 'ignore_ament_install'
[0.602s] Level 1:colcon.colcon_core.package_identification:_identify(config/node_modules/socket.io/dist) by extensions ['colcon_pkg']
[0.602s] Level 1:colcon.colcon_core.package_identification:_identify(config/node_modules/socket.io/dist) by extension 'colcon_pkg'
[0.602s] Level 1:colcon.colcon_core.package_identification:_identify(config/node_modules/socket.io/dist) by extensions ['colcon_meta']
[0.602s] Level 1:colcon.colcon_core.package_identification:_identify(config/node_modules/socket.io/dist) by extension 'colcon_meta'
[0.602s] Level 1:colcon.colcon_core.package_identification:_identify(config/node_modules/socket.io/dist) by extensions ['ros']
[0.602s] Level 1:colcon.colcon_core.package_identification:_identify(config/node_modules/socket.io/dist) by extension 'ros'
[0.602s] Level 1:colcon.colcon_core.package_identification:_identify(config/node_modules/socket.io/dist) by extensions ['cmake', 'python']
[0.602s] Level 1:colcon.colcon_core.package_identification:_identify(config/node_modules/socket.io/dist) by extension 'cmake'
[0.602s] Level 1:colcon.colcon_core.package_identification:_identify(config/node_modules/socket.io/dist) by extension 'python'
[0.602s] Level 1:colcon.colcon_core.package_identification:_identify(config/node_modules/socket.io/dist) by extensions ['python_setup_py']
[0.602s] Level 1:colcon.colcon_core.package_identification:_identify(config/node_modules/socket.io/dist) by extension 'python_setup_py'
[0.602s] Level 1:colcon.colcon_core.package_identification:_identify(config/node_modules/socket.io/node_modules) by extensions ['ignore', 'ignore_ament_install']
[0.602s] Level 1:colcon.colcon_core.package_identification:_identify(config/node_modules/socket.io/node_modules) by extension 'ignore'
[0.602s] Level 1:colcon.colcon_core.package_identification:_identify(config/node_modules/socket.io/node_modules) by extension 'ignore_ament_install'
[0.602s] Level 1:colcon.colcon_core.package_identification:_identify(config/node_modules/socket.io/node_modules) by extensions ['colcon_pkg']
[0.602s] Level 1:colcon.colcon_core.package_identification:_identify(config/node_modules/socket.io/node_modules) by extension 'colcon_pkg'
[0.602s] Level 1:colcon.colcon_core.package_identification:_identify(config/node_modules/socket.io/node_modules) by extensions ['colcon_meta']
[0.602s] Level 1:colcon.colcon_core.package_identification:_identify(config/node_modules/socket.io/node_modules) by extension 'colcon_meta'
[0.603s] Level 1:colcon.colcon_core.package_identification:_identify(config/node_modules/socket.io/node_modules) by extensions ['ros']
[0.603s] Level 1:colcon.colcon_core.package_identification:_identify(config/node_modules/socket.io/node_modules) by extension 'ros'
[0.603s] Level 1:colcon.colcon_core.package_identification:_identify(config/node_modules/socket.io/node_modules) by extensions ['cmake', 'python']
[0.603s] Level 1:colcon.colcon_core.package_identification:_identify(config/node_modules/socket.io/node_modules) by extension 'cmake'
[0.603s] Level 1:colcon.colcon_core.package_identification:_identify(config/node_modules/socket.io/node_modules) by extension 'python'
[0.603s] Level 1:colcon.colcon_core.package_identification:_identify(config/node_modules/socket.io/node_modules) by extensions ['python_setup_py']
[0.603s] Level 1:colcon.colcon_core.package_identification:_identify(config/node_modules/socket.io/node_modules) by extension 'python_setup_py'
[0.603s] Level 1:colcon.colcon_core.package_identification:_identify(config/node_modules/socket.io/node_modules/debug) by extensions ['ignore', 'ignore_ament_install']
[0.603s] Level 1:colcon.colcon_core.package_identification:_identify(config/node_modules/socket.io/node_modules/debug) by extension 'ignore'
[0.603s] Level 1:colcon.colcon_core.package_identification:_identify(config/node_modules/socket.io/node_modules/debug) by extension 'ignore_ament_install'
[0.603s] Level 1:colcon.colcon_core.package_identification:_identify(config/node_modules/socket.io/node_modules/debug) by extensions ['colcon_pkg']
[0.603s] Level 1:colcon.colcon_core.package_identification:_identify(config/node_modules/socket.io/node_modules/debug) by extension 'colcon_pkg'
[0.603s] Level 1:colcon.colcon_core.package_identification:_identify(config/node_modules/socket.io/node_modules/debug) by extensions ['colcon_meta']
[0.603s] Level 1:colcon.colcon_core.package_identification:_identify(config/node_modules/socket.io/node_modules/debug) by extension 'colcon_meta'
[0.603s] Level 1:colcon.colcon_core.package_identification:_identify(config/node_modules/socket.io/node_modules/debug) by extensions ['ros']
[0.603s] Level 1:colcon.colcon_core.package_identification:_identify(config/node_modules/socket.io/node_modules/debug) by extension 'ros'
[0.603s] Level 1:colcon.colcon_core.package_identification:_identify(config/node_modules/socket.io/node_modules/debug) by extensions ['cmake', 'python']
[0.603s] Level 1:colcon.colcon_core.package_identification:_identify(config/node_modules/socket.io/node_modules/debug) by extension 'cmake'
[0.603s] Level 1:colcon.colcon_core.package_identification:_identify(config/node_modules/socket.io/node_modules/debug) by extension 'python'
[0.603s] Level 1:colcon.colcon_core.package_identification:_identify(config/node_modules/socket.io/node_modules/debug) by extensions ['python_setup_py']
[0.603s] Level 1:colcon.colcon_core.package_identification:_identify(config/node_modules/socket.io/node_modules/debug) by extension 'python_setup_py'
[0.604s] Level 1:colcon.colcon_core.package_identification:_identify(config/node_modules/socket.io/node_modules/debug/src) by extensions ['ignore', 'ignore_ament_install']
[0.604s] Level 1:colcon.colcon_core.package_identification:_identify(config/node_modules/socket.io/node_modules/debug/src) by extension 'ignore'
[0.604s] Level 1:colcon.colcon_core.package_identification:_identify(config/node_modules/socket.io/node_modules/debug/src) by extension 'ignore_ament_install'
[0.604s] Level 1:colcon.colcon_core.package_identification:_identify(config/node_modules/socket.io/node_modules/debug/src) by extensions ['colcon_pkg']
[0.604s] Level 1:colcon.colcon_core.package_identification:_identify(config/node_modules/socket.io/node_modules/debug/src) by extension 'colcon_pkg'
[0.604s] Level 1:colcon.colcon_core.package_identification:_identify(config/node_modules/socket.io/node_modules/debug/src) by extensions ['colcon_meta']
[0.604s] Level 1:colcon.colcon_core.package_identification:_identify(config/node_modules/socket.io/node_modules/debug/src) by extension 'colcon_meta'
[0.604s] Level 1:colcon.colcon_core.package_identification:_identify(config/node_modules/socket.io/node_modules/debug/src) by extensions ['ros']
[0.604s] Level 1:colcon.colcon_core.package_identification:_identify(config/node_modules/socket.io/node_modules/debug/src) by extension 'ros'
[0.604s] Level 1:colcon.colcon_core.package_identification:_identify(config/node_modules/socket.io/node_modules/debug/src) by extensions ['cmake', 'python']
[0.604s] Level 1:colcon.colcon_core.package_identification:_identify(config/node_modules/socket.io/node_modules/debug/src) by extension 'cmake'
[0.604s] Level 1:colcon.colcon_core.package_identification:_identify(config/node_modules/socket.io/node_modules/debug/src) by extension 'python'
[0.604s] Level 1:colcon.colcon_core.package_identification:_identify(config/node_modules/socket.io/node_modules/debug/src) by extensions ['python_setup_py']
[0.604s] Level 1:colcon.colcon_core.package_identification:_identify(config/node_modules/socket.io/node_modules/debug/src) by extension 'python_setup_py'
[0.604s] Level 1:colcon.colcon_core.package_identification:_identify(config/node_modules/socket.io/node_modules/ms) by extensions ['ignore', 'ignore_ament_install']
[0.604s] Level 1:colcon.colcon_core.package_identification:_identify(config/node_modules/socket.io/node_modules/ms) by extension 'ignore'
[0.604s] Level 1:colcon.colcon_core.package_identification:_identify(config/node_modules/socket.io/node_modules/ms) by extension 'ignore_ament_install'
[0.604s] Level 1:colcon.colcon_core.package_identification:_identify(config/node_modules/socket.io/node_modules/ms) by extensions ['colcon_pkg']
[0.604s] Level 1:colcon.colcon_core.package_identification:_identify(config/node_modules/socket.io/node_modules/ms) by extension 'colcon_pkg'
[0.604s] Level 1:colcon.colcon_core.package_identification:_identify(config/node_modules/socket.io/node_modules/ms) by extensions ['colcon_meta']
[0.604s] Level 1:colcon.colcon_core.package_identification:_identify(config/node_modules/socket.io/node_modules/ms) by extension 'colcon_meta'
[0.604s] Level 1:colcon.colcon_core.package_identification:_identify(config/node_modules/socket.io/node_modules/ms) by extensions ['ros']
[0.604s] Level 1:colcon.colcon_core.package_identification:_identify(config/node_modules/socket.io/node_modules/ms) by extension 'ros'
[0.604s] Level 1:colcon.colcon_core.package_identification:_identify(config/node_modules/socket.io/node_modules/ms) by extensions ['cmake', 'python']
[0.604s] Level 1:colcon.colcon_core.package_identification:_identify(config/node_modules/socket.io/node_modules/ms) by extension 'cmake'
[0.604s] Level 1:colcon.colcon_core.package_identification:_identify(config/node_modules/socket.io/node_modules/ms) by extension 'python'
[0.604s] Level 1:colcon.colcon_core.package_identification:_identify(config/node_modules/socket.io/node_modules/ms) by extensions ['python_setup_py']
[0.604s] Level 1:colcon.colcon_core.package_identification:_identify(config/node_modules/socket.io/node_modules/ms) by extension 'python_setup_py'
[0.604s] Level 1:colcon.colcon_core.package_identification:_identify(config/node_modules/socket.io-adapter) by extensions ['ignore', 'ignore_ament_install']
[0.605s] Level 1:colcon.colcon_core.package_identification:_identify(config/node_modules/socket.io-adapter) by extension 'ignore'
[0.605s] Level 1:colcon.colcon_core.package_identification:_identify(config/node_modules/socket.io-adapter) by extension 'ignore_ament_install'
[0.605s] Level 1:colcon.colcon_core.package_identification:_identify(config/node_modules/socket.io-adapter) by extensions ['colcon_pkg']
[0.605s] Level 1:colcon.colcon_core.package_identification:_identify(config/node_modules/socket.io-adapter) by extension 'colcon_pkg'
[0.605s] Level 1:colcon.colcon_core.package_identification:_identify(config/node_modules/socket.io-adapter) by extensions ['colcon_meta']
[0.605s] Level 1:colcon.colcon_core.package_identification:_identify(config/node_modules/socket.io-adapter) by extension 'colcon_meta'
[0.605s] Level 1:colcon.colcon_core.package_identification:_identify(config/node_modules/socket.io-adapter) by extensions ['ros']
[0.605s] Level 1:colcon.colcon_core.package_identification:_identify(config/node_modules/socket.io-adapter) by extension 'ros'
[0.605s] Level 1:colcon.colcon_core.package_identification:_identify(config/node_modules/socket.io-adapter) by extensions ['cmake', 'python']
[0.605s] Level 1:colcon.colcon_core.package_identification:_identify(config/node_modules/socket.io-adapter) by extension 'cmake'
[0.605s] Level 1:colcon.colcon_core.package_identification:_identify(config/node_modules/socket.io-adapter) by extension 'python'
[0.605s] Level 1:colcon.colcon_core.package_identification:_identify(config/node_modules/socket.io-adapter) by extensions ['python_setup_py']
[0.605s] Level 1:colcon.colcon_core.package_identification:_identify(config/node_modules/socket.io-adapter) by extension 'python_setup_py'
[0.605s] Level 1:colcon.colcon_core.package_identification:_identify(config/node_modules/socket.io-adapter/dist) by extensions ['ignore', 'ignore_ament_install']
[0.605s] Level 1:colcon.colcon_core.package_identification:_identify(config/node_modules/socket.io-adapter/dist) by extension 'ignore'
[0.605s] Level 1:colcon.colcon_core.package_identification:_identify(config/node_modules/socket.io-adapter/dist) by extension 'ignore_ament_install'
[0.605s] Level 1:colcon.colcon_core.package_identification:_identify(config/node_modules/socket.io-adapter/dist) by extensions ['colcon_pkg']
[0.605s] Level 1:colcon.colcon_core.package_identification:_identify(config/node_modules/socket.io-adapter/dist) by extension 'colcon_pkg'
[0.605s] Level 1:colcon.colcon_core.package_identification:_identify(config/node_modules/socket.io-adapter/dist) by extensions ['colcon_meta']
[0.605s] Level 1:colcon.colcon_core.package_identification:_identify(config/node_modules/socket.io-adapter/dist) by extension 'colcon_meta'
[0.605s] Level 1:colcon.colcon_core.package_identification:_identify(config/node_modules/socket.io-adapter/dist) by extensions ['ros']
[0.605s] Level 1:colcon.colcon_core.package_identification:_identify(config/node_modules/socket.io-adapter/dist) by extension 'ros'
[0.605s] Level 1:colcon.colcon_core.package_identification:_identify(config/node_modules/socket.io-adapter/dist) by extensions ['cmake', 'python']
[0.605s] Level 1:colcon.colcon_core.package_identification:_identify(config/node_modules/socket.io-adapter/dist) by extension 'cmake'
[0.605s] Level 1:colcon.colcon_core.package_identification:_identify(config/node_modules/socket.io-adapter/dist) by extension 'python'
[0.605s] Level 1:colcon.colcon_core.package_identification:_identify(config/node_modules/socket.io-adapter/dist) by extensions ['python_setup_py']
[0.605s] Level 1:colcon.colcon_core.package_identification:_identify(config/node_modules/socket.io-adapter/dist) by extension 'python_setup_py'
[0.605s] Level 1:colcon.colcon_core.package_identification:_identify(config/node_modules/socket.io-adapter/dist/contrib) by extensions ['ignore', 'ignore_ament_install']
[0.606s] Level 1:colcon.colcon_core.package_identification:_identify(config/node_modules/socket.io-adapter/dist/contrib) by extension 'ignore'
[0.606s] Level 1:colcon.colcon_core.package_identification:_identify(config/node_modules/socket.io-adapter/dist/contrib) by extension 'ignore_ament_install'
[0.606s] Level 1:colcon.colcon_core.package_identification:_identify(config/node_modules/socket.io-adapter/dist/contrib) by extensions ['colcon_pkg']
[0.606s] Level 1:colcon.colcon_core.package_identification:_identify(config/node_modules/socket.io-adapter/dist/contrib) by extension 'colcon_pkg'
[0.606s] Level 1:colcon.colcon_core.package_identification:_identify(config/node_modules/socket.io-adapter/dist/contrib) by extensions ['colcon_meta']
[0.607s] Level 1:colcon.colcon_core.package_identification:_identify(config/node_modules/socket.io-adapter/dist/contrib) by extension 'colcon_meta'
[0.607s] Level 1:colcon.colcon_core.package_identification:_identify(config/node_modules/socket.io-adapter/dist/contrib) by extensions ['ros']
[0.607s] Level 1:colcon.colcon_core.package_identification:_identify(config/node_modules/socket.io-adapter/dist/contrib) by extension 'ros'
[0.607s] Level 1:colcon.colcon_core.package_identification:_identify(config/node_modules/socket.io-adapter/dist/contrib) by extensions ['cmake', 'python']
[0.607s] Level 1:colcon.colcon_core.package_identification:_identify(config/node_modules/socket.io-adapter/dist/contrib) by extension 'cmake'
[0.607s] Level 1:colcon.colcon_core.package_identification:_identify(config/node_modules/socket.io-adapter/dist/contrib) by extension 'python'
[0.607s] Level 1:colcon.colcon_core.package_identification:_identify(config/node_modules/socket.io-adapter/dist/contrib) by extensions ['python_setup_py']
[0.607s] Level 1:colcon.colcon_core.package_identification:_identify(config/node_modules/socket.io-adapter/dist/contrib) by extension 'python_setup_py'
[0.608s] Level 1:colcon.colcon_core.package_identification:_identify(config/node_modules/socket.io-adapter/node_modules) by extensions ['ignore', 'ignore_ament_install']
[0.608s] Level 1:colcon.colcon_core.package_identification:_identify(config/node_modules/socket.io-adapter/node_modules) by extension 'ignore'
[0.608s] Level 1:colcon.colcon_core.package_identification:_identify(config/node_modules/socket.io-adapter/node_modules) by extension 'ignore_ament_install'
[0.608s] Level 1:colcon.colcon_core.package_identification:_identify(config/node_modules/socket.io-adapter/node_modules) by extensions ['colcon_pkg']
[0.608s] Level 1:colcon.colcon_core.package_identification:_identify(config/node_modules/socket.io-adapter/node_modules) by extension 'colcon_pkg'
[0.608s] Level 1:colcon.colcon_core.package_identification:_identify(config/node_modules/socket.io-adapter/node_modules) by extensions ['colcon_meta']
[0.608s] Level 1:colcon.colcon_core.package_identification:_identify(config/node_modules/socket.io-adapter/node_modules) by extension 'colcon_meta'
[0.608s] Level 1:colcon.colcon_core.package_identification:_identify(config/node_modules/socket.io-adapter/node_modules) by extensions ['ros']
[0.609s] Level 1:colcon.colcon_core.package_identification:_identify(config/node_modules/socket.io-adapter/node_modules) by extension 'ros'
[0.609s] Level 1:colcon.colcon_core.package_identification:_identify(config/node_modules/socket.io-adapter/node_modules) by extensions ['cmake', 'python']
[0.609s] Level 1:colcon.colcon_core.package_identification:_identify(config/node_modules/socket.io-adapter/node_modules) by extension 'cmake'
[0.609s] Level 1:colcon.colcon_core.package_identification:_identify(config/node_modules/socket.io-adapter/node_modules) by extension 'python'
[0.609s] Level 1:colcon.colcon_core.package_identification:_identify(config/node_modules/socket.io-adapter/node_modules) by extensions ['python_setup_py']
[0.609s] Level 1:colcon.colcon_core.package_identification:_identify(config/node_modules/socket.io-adapter/node_modules) by extension 'python_setup_py'
[0.609s] Level 1:colcon.colcon_core.package_identification:_identify(config/node_modules/socket.io-adapter/node_modules/debug) by extensions ['ignore', 'ignore_ament_install']
[0.609s] Level 1:colcon.colcon_core.package_identification:_identify(config/node_modules/socket.io-adapter/node_modules/debug) by extension 'ignore'
[0.609s] Level 1:colcon.colcon_core.package_identification:_identify(config/node_modules/socket.io-adapter/node_modules/debug) by extension 'ignore_ament_install'
[0.610s] Level 1:colcon.colcon_core.package_identification:_identify(config/node_modules/socket.io-adapter/node_modules/debug) by extensions ['colcon_pkg']
[0.610s] Level 1:colcon.colcon_core.package_identification:_identify(config/node_modules/socket.io-adapter/node_modules/debug) by extension 'colcon_pkg'
[0.610s] Level 1:colcon.colcon_core.package_identification:_identify(config/node_modules/socket.io-adapter/node_modules/debug) by extensions ['colcon_meta']
[0.610s] Level 1:colcon.colcon_core.package_identification:_identify(config/node_modules/socket.io-adapter/node_modules/debug) by extension 'colcon_meta'
[0.610s] Level 1:colcon.colcon_core.package_identification:_identify(config/node_modules/socket.io-adapter/node_modules/debug) by extensions ['ros']
[0.610s] Level 1:colcon.colcon_core.package_identification:_identify(config/node_modules/socket.io-adapter/node_modules/debug) by extension 'ros'
[0.610s] Level 1:colcon.colcon_core.package_identification:_identify(config/node_modules/socket.io-adapter/node_modules/debug) by extensions ['cmake', 'python']
[0.610s] Level 1:colcon.colcon_core.package_identification:_identify(config/node_modules/socket.io-adapter/node_modules/debug) by extension 'cmake'
[0.610s] Level 1:colcon.colcon_core.package_identification:_identify(config/node_modules/socket.io-adapter/node_modules/debug) by extension 'python'
[0.610s] Level 1:colcon.colcon_core.package_identification:_identify(config/node_modules/socket.io-adapter/node_modules/debug) by extensions ['python_setup_py']
[0.610s] Level 1:colcon.colcon_core.package_identification:_identify(config/node_modules/socket.io-adapter/node_modules/debug) by extension 'python_setup_py'
[0.610s] Level 1:colcon.colcon_core.package_identification:_identify(config/node_modules/socket.io-adapter/node_modules/debug/src) by extensions ['ignore', 'ignore_ament_install']
[0.610s] Level 1:colcon.colcon_core.package_identification:_identify(config/node_modules/socket.io-adapter/node_modules/debug/src) by extension 'ignore'
[0.611s] Level 1:colcon.colcon_core.package_identification:_identify(config/node_modules/socket.io-adapter/node_modules/debug/src) by extension 'ignore_ament_install'
[0.611s] Level 1:colcon.colcon_core.package_identification:_identify(config/node_modules/socket.io-adapter/node_modules/debug/src) by extensions ['colcon_pkg']
[0.611s] Level 1:colcon.colcon_core.package_identification:_identify(config/node_modules/socket.io-adapter/node_modules/debug/src) by extension 'colcon_pkg'
[0.611s] Level 1:colcon.colcon_core.package_identification:_identify(config/node_modules/socket.io-adapter/node_modules/debug/src) by extensions ['colcon_meta']
[0.611s] Level 1:colcon.colcon_core.package_identification:_identify(config/node_modules/socket.io-adapter/node_modules/debug/src) by extension 'colcon_meta'
[0.611s] Level 1:colcon.colcon_core.package_identification:_identify(config/node_modules/socket.io-adapter/node_modules/debug/src) by extensions ['ros']
[0.611s] Level 1:colcon.colcon_core.package_identification:_identify(config/node_modules/socket.io-adapter/node_modules/debug/src) by extension 'ros'
[0.611s] Level 1:colcon.colcon_core.package_identification:_identify(config/node_modules/socket.io-adapter/node_modules/debug/src) by extensions ['cmake', 'python']
[0.611s] Level 1:colcon.colcon_core.package_identification:_identify(config/node_modules/socket.io-adapter/node_modules/debug/src) by extension 'cmake'
[0.611s] Level 1:colcon.colcon_core.package_identification:_identify(config/node_modules/socket.io-adapter/node_modules/debug/src) by extension 'python'
[0.611s] Level 1:colcon.colcon_core.package_identification:_identify(config/node_modules/socket.io-adapter/node_modules/debug/src) by extensions ['python_setup_py']
[0.611s] Level 1:colcon.colcon_core.package_identification:_identify(config/node_modules/socket.io-adapter/node_modules/debug/src) by extension 'python_setup_py'
[0.611s] Level 1:colcon.colcon_core.package_identification:_identify(config/node_modules/socket.io-adapter/node_modules/ms) by extensions ['ignore', 'ignore_ament_install']
[0.611s] Level 1:colcon.colcon_core.package_identification:_identify(config/node_modules/socket.io-adapter/node_modules/ms) by extension 'ignore'
[0.611s] Level 1:colcon.colcon_core.package_identification:_identify(config/node_modules/socket.io-adapter/node_modules/ms) by extension 'ignore_ament_install'
[0.611s] Level 1:colcon.colcon_core.package_identification:_identify(config/node_modules/socket.io-adapter/node_modules/ms) by extensions ['colcon_pkg']
[0.611s] Level 1:colcon.colcon_core.package_identification:_identify(config/node_modules/socket.io-adapter/node_modules/ms) by extension 'colcon_pkg'
[0.611s] Level 1:colcon.colcon_core.package_identification:_identify(config/node_modules/socket.io-adapter/node_modules/ms) by extensions ['colcon_meta']
[0.611s] Level 1:colcon.colcon_core.package_identification:_identify(config/node_modules/socket.io-adapter/node_modules/ms) by extension 'colcon_meta'
[0.612s] Level 1:colcon.colcon_core.package_identification:_identify(config/node_modules/socket.io-adapter/node_modules/ms) by extensions ['ros']
[0.612s] Level 1:colcon.colcon_core.package_identification:_identify(config/node_modules/socket.io-adapter/node_modules/ms) by extension 'ros'
[0.612s] Level 1:colcon.colcon_core.package_identification:_identify(config/node_modules/socket.io-adapter/node_modules/ms) by extensions ['cmake', 'python']
[0.612s] Level 1:colcon.colcon_core.package_identification:_identify(config/node_modules/socket.io-adapter/node_modules/ms) by extension 'cmake'
[0.612s] Level 1:colcon.colcon_core.package_identification:_identify(config/node_modules/socket.io-adapter/node_modules/ms) by extension 'python'
[0.612s] Level 1:colcon.colcon_core.package_identification:_identify(config/node_modules/socket.io-adapter/node_modules/ms) by extensions ['python_setup_py']
[0.612s] Level 1:colcon.colcon_core.package_identification:_identify(config/node_modules/socket.io-adapter/node_modules/ms) by extension 'python_setup_py'
[0.612s] Level 1:colcon.colcon_core.package_identification:_identify(config/node_modules/socket.io-parser) by extensions ['ignore', 'ignore_ament_install']
[0.612s] Level 1:colcon.colcon_core.package_identification:_identify(config/node_modules/socket.io-parser) by extension 'ignore'
[0.612s] Level 1:colcon.colcon_core.package_identification:_identify(config/node_modules/socket.io-parser) by extension 'ignore_ament_install'
[0.612s] Level 1:colcon.colcon_core.package_identification:_identify(config/node_modules/socket.io-parser) by extensions ['colcon_pkg']
[0.612s] Level 1:colcon.colcon_core.package_identification:_identify(config/node_modules/socket.io-parser) by extension 'colcon_pkg'
[0.612s] Level 1:colcon.colcon_core.package_identification:_identify(config/node_modules/socket.io-parser) by extensions ['colcon_meta']
[0.612s] Level 1:colcon.colcon_core.package_identification:_identify(config/node_modules/socket.io-parser) by extension 'colcon_meta'
[0.612s] Level 1:colcon.colcon_core.package_identification:_identify(config/node_modules/socket.io-parser) by extensions ['ros']
[0.612s] Level 1:colcon.colcon_core.package_identification:_identify(config/node_modules/socket.io-parser) by extension 'ros'
[0.612s] Level 1:colcon.colcon_core.package_identification:_identify(config/node_modules/socket.io-parser) by extensions ['cmake', 'python']
[0.612s] Level 1:colcon.colcon_core.package_identification:_identify(config/node_modules/socket.io-parser) by extension 'cmake'
[0.612s] Level 1:colcon.colcon_core.package_identification:_identify(config/node_modules/socket.io-parser) by extension 'python'
[0.612s] Level 1:colcon.colcon_core.package_identification:_identify(config/node_modules/socket.io-parser) by extensions ['python_setup_py']
[0.612s] Level 1:colcon.colcon_core.package_identification:_identify(config/node_modules/socket.io-parser) by extension 'python_setup_py'
[0.613s] Level 1:colcon.colcon_core.package_identification:_identify(config/node_modules/socket.io-parser/build) by extensions ['ignore', 'ignore_ament_install']
[0.613s] Level 1:colcon.colcon_core.package_identification:_identify(config/node_modules/socket.io-parser/build) by extension 'ignore'
[0.613s] Level 1:colcon.colcon_core.package_identification:_identify(config/node_modules/socket.io-parser/build) by extension 'ignore_ament_install'
[0.613s] Level 1:colcon.colcon_core.package_identification:_identify(config/node_modules/socket.io-parser/build) by extensions ['colcon_pkg']
[0.613s] Level 1:colcon.colcon_core.package_identification:_identify(config/node_modules/socket.io-parser/build) by extension 'colcon_pkg'
[0.613s] Level 1:colcon.colcon_core.package_identification:_identify(config/node_modules/socket.io-parser/build) by extensions ['colcon_meta']
[0.613s] Level 1:colcon.colcon_core.package_identification:_identify(config/node_modules/socket.io-parser/build) by extension 'colcon_meta'
[0.613s] Level 1:colcon.colcon_core.package_identification:_identify(config/node_modules/socket.io-parser/build) by extensions ['ros']
[0.613s] Level 1:colcon.colcon_core.package_identification:_identify(config/node_modules/socket.io-parser/build) by extension 'ros'
[0.613s] Level 1:colcon.colcon_core.package_identification:_identify(config/node_modules/socket.io-parser/build) by extensions ['cmake', 'python']
[0.613s] Level 1:colcon.colcon_core.package_identification:_identify(config/node_modules/socket.io-parser/build) by extension 'cmake'
[0.613s] Level 1:colcon.colcon_core.package_identification:_identify(config/node_modules/socket.io-parser/build) by extension 'python'
[0.613s] Level 1:colcon.colcon_core.package_identification:_identify(config/node_modules/socket.io-parser/build) by extensions ['python_setup_py']
[0.613s] Level 1:colcon.colcon_core.package_identification:_identify(config/node_modules/socket.io-parser/build) by extension 'python_setup_py'
[0.613s] Level 1:colcon.colcon_core.package_identification:_identify(config/node_modules/socket.io-parser/build/cjs) by extensions ['ignore', 'ignore_ament_install']
[0.613s] Level 1:colcon.colcon_core.package_identification:_identify(config/node_modules/socket.io-parser/build/cjs) by extension 'ignore'
[0.613s] Level 1:colcon.colcon_core.package_identification:_identify(config/node_modules/socket.io-parser/build/cjs) by extension 'ignore_ament_install'
[0.613s] Level 1:colcon.colcon_core.package_identification:_identify(config/node_modules/socket.io-parser/build/cjs) by extensions ['colcon_pkg']
[0.614s] Level 1:colcon.colcon_core.package_identification:_identify(config/node_modules/socket.io-parser/build/cjs) by extension 'colcon_pkg'
[0.614s] Level 1:colcon.colcon_core.package_identification:_identify(config/node_modules/socket.io-parser/build/cjs) by extensions ['colcon_meta']
[0.614s] Level 1:colcon.colcon_core.package_identification:_identify(config/node_modules/socket.io-parser/build/cjs) by extension 'colcon_meta'
[0.614s] Level 1:colcon.colcon_core.package_identification:_identify(config/node_modules/socket.io-parser/build/cjs) by extensions ['ros']
[0.614s] Level 1:colcon.colcon_core.package_identification:_identify(config/node_modules/socket.io-parser/build/cjs) by extension 'ros'
[0.614s] Level 1:colcon.colcon_core.package_identification:_identify(config/node_modules/socket.io-parser/build/cjs) by extensions ['cmake', 'python']
[0.614s] Level 1:colcon.colcon_core.package_identification:_identify(config/node_modules/socket.io-parser/build/cjs) by extension 'cmake'
[0.614s] Level 1:colcon.colcon_core.package_identification:_identify(config/node_modules/socket.io-parser/build/cjs) by extension 'python'
[0.614s] Level 1:colcon.colcon_core.package_identification:_identify(config/node_modules/socket.io-parser/build/cjs) by extensions ['python_setup_py']
[0.614s] Level 1:colcon.colcon_core.package_identification:_identify(config/node_modules/socket.io-parser/build/cjs) by extension 'python_setup_py'
[0.614s] Level 1:colcon.colcon_core.package_identification:_identify(config/node_modules/socket.io-parser/build/esm) by extensions ['ignore', 'ignore_ament_install']
[0.614s] Level 1:colcon.colcon_core.package_identification:_identify(config/node_modules/socket.io-parser/build/esm) by extension 'ignore'
[0.614s] Level 1:colcon.colcon_core.package_identification:_identify(config/node_modules/socket.io-parser/build/esm) by extension 'ignore_ament_install'
[0.614s] Level 1:colcon.colcon_core.package_identification:_identify(config/node_modules/socket.io-parser/build/esm) by extensions ['colcon_pkg']
[0.614s] Level 1:colcon.colcon_core.package_identification:_identify(config/node_modules/socket.io-parser/build/esm) by extension 'colcon_pkg'
[0.614s] Level 1:colcon.colcon_core.package_identification:_identify(config/node_modules/socket.io-parser/build/esm) by extensions ['colcon_meta']
[0.614s] Level 1:colcon.colcon_core.package_identification:_identify(config/node_modules/socket.io-parser/build/esm) by extension 'colcon_meta'
[0.614s] Level 1:colcon.colcon_core.package_identification:_identify(config/node_modules/socket.io-parser/build/esm) by extensions ['ros']
[0.614s] Level 1:colcon.colcon_core.package_identification:_identify(config/node_modules/socket.io-parser/build/esm) by extension 'ros'
[0.614s] Level 1:colcon.colcon_core.package_identification:_identify(config/node_modules/socket.io-parser/build/esm) by extensions ['cmake', 'python']
[0.614s] Level 1:colcon.colcon_core.package_identification:_identify(config/node_modules/socket.io-parser/build/esm) by extension 'cmake'
[0.614s] Level 1:colcon.colcon_core.package_identification:_identify(config/node_modules/socket.io-parser/build/esm) by extension 'python'
[0.615s] Level 1:colcon.colcon_core.package_identification:_identify(config/node_modules/socket.io-parser/build/esm) by extensions ['python_setup_py']
[0.615s] Level 1:colcon.colcon_core.package_identification:_identify(config/node_modules/socket.io-parser/build/esm) by extension 'python_setup_py'
[0.615s] Level 1:colcon.colcon_core.package_identification:_identify(config/node_modules/socket.io-parser/build/esm-debug) by extensions ['ignore', 'ignore_ament_install']
[0.615s] Level 1:colcon.colcon_core.package_identification:_identify(config/node_modules/socket.io-parser/build/esm-debug) by extension 'ignore'
[0.615s] Level 1:colcon.colcon_core.package_identification:_identify(config/node_modules/socket.io-parser/build/esm-debug) by extension 'ignore_ament_install'
[0.615s] Level 1:colcon.colcon_core.package_identification:_identify(config/node_modules/socket.io-parser/build/esm-debug) by extensions ['colcon_pkg']
[0.615s] Level 1:colcon.colcon_core.package_identification:_identify(config/node_modules/socket.io-parser/build/esm-debug) by extension 'colcon_pkg'
[0.615s] Level 1:colcon.colcon_core.package_identification:_identify(config/node_modules/socket.io-parser/build/esm-debug) by extensions ['colcon_meta']
[0.615s] Level 1:colcon.colcon_core.package_identification:_identify(config/node_modules/socket.io-parser/build/esm-debug) by extension 'colcon_meta'
[0.615s] Level 1:colcon.colcon_core.package_identification:_identify(config/node_modules/socket.io-parser/build/esm-debug) by extensions ['ros']
[0.615s] Level 1:colcon.colcon_core.package_identification:_identify(config/node_modules/socket.io-parser/build/esm-debug) by extension 'ros'
[0.615s] Level 1:colcon.colcon_core.package_identification:_identify(config/node_modules/socket.io-parser/build/esm-debug) by extensions ['cmake', 'python']
[0.615s] Level 1:colcon.colcon_core.package_identification:_identify(config/node_modules/socket.io-parser/build/esm-debug) by extension 'cmake'
[0.615s] Level 1:colcon.colcon_core.package_identification:_identify(config/node_modules/socket.io-parser/build/esm-debug) by extension 'python'
[0.615s] Level 1:colcon.colcon_core.package_identification:_identify(config/node_modules/socket.io-parser/build/esm-debug) by extensions ['python_setup_py']
[0.615s] Level 1:colcon.colcon_core.package_identification:_identify(config/node_modules/socket.io-parser/build/esm-debug) by extension 'python_setup_py'
[0.615s] Level 1:colcon.colcon_core.package_identification:_identify(config/node_modules/socket.io-parser/node_modules) by extensions ['ignore', 'ignore_ament_install']
[0.615s] Level 1:colcon.colcon_core.package_identification:_identify(config/node_modules/socket.io-parser/node_modules) by extension 'ignore'
[0.616s] Level 1:colcon.colcon_core.package_identification:_identify(config/node_modules/socket.io-parser/node_modules) by extension 'ignore_ament_install'
[0.616s] Level 1:colcon.colcon_core.package_identification:_identify(config/node_modules/socket.io-parser/node_modules) by extensions ['colcon_pkg']
[0.616s] Level 1:colcon.colcon_core.package_identification:_identify(config/node_modules/socket.io-parser/node_modules) by extension 'colcon_pkg'
[0.616s] Level 1:colcon.colcon_core.package_identification:_identify(config/node_modules/socket.io-parser/node_modules) by extensions ['colcon_meta']
[0.616s] Level 1:colcon.colcon_core.package_identification:_identify(config/node_modules/socket.io-parser/node_modules) by extension 'colcon_meta'
[0.616s] Level 1:colcon.colcon_core.package_identification:_identify(config/node_modules/socket.io-parser/node_modules) by extensions ['ros']
[0.616s] Level 1:colcon.colcon_core.package_identification:_identify(config/node_modules/socket.io-parser/node_modules) by extension 'ros'
[0.616s] Level 1:colcon.colcon_core.package_identification:_identify(config/node_modules/socket.io-parser/node_modules) by extensions ['cmake', 'python']
[0.616s] Level 1:colcon.colcon_core.package_identification:_identify(config/node_modules/socket.io-parser/node_modules) by extension 'cmake'
[0.616s] Level 1:colcon.colcon_core.package_identification:_identify(config/node_modules/socket.io-parser/node_modules) by extension 'python'
[0.616s] Level 1:colcon.colcon_core.package_identification:_identify(config/node_modules/socket.io-parser/node_modules) by extensions ['python_setup_py']
[0.616s] Level 1:colcon.colcon_core.package_identification:_identify(config/node_modules/socket.io-parser/node_modules) by extension 'python_setup_py'
[0.616s] Level 1:colcon.colcon_core.package_identification:_identify(config/node_modules/socket.io-parser/node_modules/debug) by extensions ['ignore', 'ignore_ament_install']
[0.616s] Level 1:colcon.colcon_core.package_identification:_identify(config/node_modules/socket.io-parser/node_modules/debug) by extension 'ignore'
[0.616s] Level 1:colcon.colcon_core.package_identification:_identify(config/node_modules/socket.io-parser/node_modules/debug) by extension 'ignore_ament_install'
[0.616s] Level 1:colcon.colcon_core.package_identification:_identify(config/node_modules/socket.io-parser/node_modules/debug) by extensions ['colcon_pkg']
[0.616s] Level 1:colcon.colcon_core.package_identification:_identify(config/node_modules/socket.io-parser/node_modules/debug) by extension 'colcon_pkg'
[0.616s] Level 1:colcon.colcon_core.package_identification:_identify(config/node_modules/socket.io-parser/node_modules/debug) by extensions ['colcon_meta']
[0.616s] Level 1:colcon.colcon_core.package_identification:_identify(config/node_modules/socket.io-parser/node_modules/debug) by extension 'colcon_meta'
[0.617s] Level 1:colcon.colcon_core.package_identification:_identify(config/node_modules/socket.io-parser/node_modules/debug) by extensions ['ros']
[0.617s] Level 1:colcon.colcon_core.package_identification:_identify(config/node_modules/socket.io-parser/node_modules/debug) by extension 'ros'
[0.617s] Level 1:colcon.colcon_core.package_identification:_identify(config/node_modules/socket.io-parser/node_modules/debug) by extensions ['cmake', 'python']
[0.617s] Level 1:colcon.colcon_core.package_identification:_identify(config/node_modules/socket.io-parser/node_modules/debug) by extension 'cmake'
[0.617s] Level 1:colcon.colcon_core.package_identification:_identify(config/node_modules/socket.io-parser/node_modules/debug) by extension 'python'
[0.617s] Level 1:colcon.colcon_core.package_identification:_identify(config/node_modules/socket.io-parser/node_modules/debug) by extensions ['python_setup_py']
[0.617s] Level 1:colcon.colcon_core.package_identification:_identify(config/node_modules/socket.io-parser/node_modules/debug) by extension 'python_setup_py'
[0.617s] Level 1:colcon.colcon_core.package_identification:_identify(config/node_modules/socket.io-parser/node_modules/debug/src) by extensions ['ignore', 'ignore_ament_install']
[0.617s] Level 1:colcon.colcon_core.package_identification:_identify(config/node_modules/socket.io-parser/node_modules/debug/src) by extension 'ignore'
[0.617s] Level 1:colcon.colcon_core.package_identification:_identify(config/node_modules/socket.io-parser/node_modules/debug/src) by extension 'ignore_ament_install'
[0.617s] Level 1:colcon.colcon_core.package_identification:_identify(config/node_modules/socket.io-parser/node_modules/debug/src) by extensions ['colcon_pkg']
[0.617s] Level 1:colcon.colcon_core.package_identification:_identify(config/node_modules/socket.io-parser/node_modules/debug/src) by extension 'colcon_pkg'
[0.617s] Level 1:colcon.colcon_core.package_identification:_identify(config/node_modules/socket.io-parser/node_modules/debug/src) by extensions ['colcon_meta']
[0.617s] Level 1:colcon.colcon_core.package_identification:_identify(config/node_modules/socket.io-parser/node_modules/debug/src) by extension 'colcon_meta'
[0.617s] Level 1:colcon.colcon_core.package_identification:_identify(config/node_modules/socket.io-parser/node_modules/debug/src) by extensions ['ros']
[0.617s] Level 1:colcon.colcon_core.package_identification:_identify(config/node_modules/socket.io-parser/node_modules/debug/src) by extension 'ros'
[0.617s] Level 1:colcon.colcon_core.package_identification:_identify(config/node_modules/socket.io-parser/node_modules/debug/src) by extensions ['cmake', 'python']
[0.617s] Level 1:colcon.colcon_core.package_identification:_identify(config/node_modules/socket.io-parser/node_modules/debug/src) by extension 'cmake'
[0.617s] Level 1:colcon.colcon_core.package_identification:_identify(config/node_modules/socket.io-parser/node_modules/debug/src) by extension 'python'
[0.617s] Level 1:colcon.colcon_core.package_identification:_identify(config/node_modules/socket.io-parser/node_modules/debug/src) by extensions ['python_setup_py']
[0.617s] Level 1:colcon.colcon_core.package_identification:_identify(config/node_modules/socket.io-parser/node_modules/debug/src) by extension 'python_setup_py'
[0.617s] Level 1:colcon.colcon_core.package_identification:_identify(config/node_modules/socket.io-parser/node_modules/ms) by extensions ['ignore', 'ignore_ament_install']
[0.618s] Level 1:colcon.colcon_core.package_identification:_identify(config/node_modules/socket.io-parser/node_modules/ms) by extension 'ignore'
[0.618s] Level 1:colcon.colcon_core.package_identification:_identify(config/node_modules/socket.io-parser/node_modules/ms) by extension 'ignore_ament_install'
[0.618s] Level 1:colcon.colcon_core.package_identification:_identify(config/node_modules/socket.io-parser/node_modules/ms) by extensions ['colcon_pkg']
[0.618s] Level 1:colcon.colcon_core.package_identification:_identify(config/node_modules/socket.io-parser/node_modules/ms) by extension 'colcon_pkg'
[0.618s] Level 1:colcon.colcon_core.package_identification:_identify(config/node_modules/socket.io-parser/node_modules/ms) by extensions ['colcon_meta']
[0.618s] Level 1:colcon.colcon_core.package_identification:_identify(config/node_modules/socket.io-parser/node_modules/ms) by extension 'colcon_meta'
[0.618s] Level 1:colcon.colcon_core.package_identification:_identify(config/node_modules/socket.io-parser/node_modules/ms) by extensions ['ros']
[0.618s] Level 1:colcon.colcon_core.package_identification:_identify(config/node_modules/socket.io-parser/node_modules/ms) by extension 'ros'
[0.618s] Level 1:colcon.colcon_core.package_identification:_identify(config/node_modules/socket.io-parser/node_modules/ms) by extensions ['cmake', 'python']
[0.618s] Level 1:colcon.colcon_core.package_identification:_identify(config/node_modules/socket.io-parser/node_modules/ms) by extension 'cmake'
[0.618s] Level 1:colcon.colcon_core.package_identification:_identify(config/node_modules/socket.io-parser/node_modules/ms) by extension 'python'
[0.618s] Level 1:colcon.colcon_core.package_identification:_identify(config/node_modules/socket.io-parser/node_modules/ms) by extensions ['python_setup_py']
[0.618s] Level 1:colcon.colcon_core.package_identification:_identify(config/node_modules/socket.io-parser/node_modules/ms) by extension 'python_setup_py'
[0.618s] Level 1:colcon.colcon_core.package_identification:_identify(config/node_modules/statuses) by extensions ['ignore', 'ignore_ament_install']
[0.618s] Level 1:colcon.colcon_core.package_identification:_identify(config/node_modules/statuses) by extension 'ignore'
[0.618s] Level 1:colcon.colcon_core.package_identification:_identify(config/node_modules/statuses) by extension 'ignore_ament_install'
[0.618s] Level 1:colcon.colcon_core.package_identification:_identify(config/node_modules/statuses) by extensions ['colcon_pkg']
[0.618s] Level 1:colcon.colcon_core.package_identification:_identify(config/node_modules/statuses) by extension 'colcon_pkg'
[0.618s] Level 1:colcon.colcon_core.package_identification:_identify(config/node_modules/statuses) by extensions ['colcon_meta']
[0.618s] Level 1:colcon.colcon_core.package_identification:_identify(config/node_modules/statuses) by extension 'colcon_meta'
[0.618s] Level 1:colcon.colcon_core.package_identification:_identify(config/node_modules/statuses) by extensions ['ros']
[0.618s] Level 1:colcon.colcon_core.package_identification:_identify(config/node_modules/statuses) by extension 'ros'
[0.619s] Level 1:colcon.colcon_core.package_identification:_identify(config/node_modules/statuses) by extensions ['cmake', 'python']
[0.619s] Level 1:colcon.colcon_core.package_identification:_identify(config/node_modules/statuses) by extension 'cmake'
[0.619s] Level 1:colcon.colcon_core.package_identification:_identify(config/node_modules/statuses) by extension 'python'
[0.619s] Level 1:colcon.colcon_core.package_identification:_identify(config/node_modules/statuses) by extensions ['python_setup_py']
[0.619s] Level 1:colcon.colcon_core.package_identification:_identify(config/node_modules/statuses) by extension 'python_setup_py'
[0.619s] Level 1:colcon.colcon_core.package_identification:_identify(config/node_modules/toidentifier) by extensions ['ignore', 'ignore_ament_install']
[0.619s] Level 1:colcon.colcon_core.package_identification:_identify(config/node_modules/toidentifier) by extension 'ignore'
[0.619s] Level 1:colcon.colcon_core.package_identification:_identify(config/node_modules/toidentifier) by extension 'ignore_ament_install'
[0.619s] Level 1:colcon.colcon_core.package_identification:_identify(config/node_modules/toidentifier) by extensions ['colcon_pkg']
[0.619s] Level 1:colcon.colcon_core.package_identification:_identify(config/node_modules/toidentifier) by extension 'colcon_pkg'
[0.619s] Level 1:colcon.colcon_core.package_identification:_identify(config/node_modules/toidentifier) by extensions ['colcon_meta']
[0.619s] Level 1:colcon.colcon_core.package_identification:_identify(config/node_modules/toidentifier) by extension 'colcon_meta'
[0.619s] Level 1:colcon.colcon_core.package_identification:_identify(config/node_modules/toidentifier) by extensions ['ros']
[0.619s] Level 1:colcon.colcon_core.package_identification:_identify(config/node_modules/toidentifier) by extension 'ros'
[0.619s] Level 1:colcon.colcon_core.package_identification:_identify(config/node_modules/toidentifier) by extensions ['cmake', 'python']
[0.619s] Level 1:colcon.colcon_core.package_identification:_identify(config/node_modules/toidentifier) by extension 'cmake'
[0.619s] Level 1:colcon.colcon_core.package_identification:_identify(config/node_modules/toidentifier) by extension 'python'
[0.619s] Level 1:colcon.colcon_core.package_identification:_identify(config/node_modules/toidentifier) by extensions ['python_setup_py']
[0.619s] Level 1:colcon.colcon_core.package_identification:_identify(config/node_modules/toidentifier) by extension 'python_setup_py'
[0.619s] Level 1:colcon.colcon_core.package_identification:_identify(config/node_modules/undici-types) by extensions ['ignore', 'ignore_ament_install']
[0.620s] Level 1:colcon.colcon_core.package_identification:_identify(config/node_modules/undici-types) by extension 'ignore'
[0.620s] Level 1:colcon.colcon_core.package_identification:_identify(config/node_modules/undici-types) by extension 'ignore_ament_install'
[0.620s] Level 1:colcon.colcon_core.package_identification:_identify(config/node_modules/undici-types) by extensions ['colcon_pkg']
[0.620s] Level 1:colcon.colcon_core.package_identification:_identify(config/node_modules/undici-types) by extension 'colcon_pkg'
[0.620s] Level 1:colcon.colcon_core.package_identification:_identify(config/node_modules/undici-types) by extensions ['colcon_meta']
[0.620s] Level 1:colcon.colcon_core.package_identification:_identify(config/node_modules/undici-types) by extension 'colcon_meta'
[0.620s] Level 1:colcon.colcon_core.package_identification:_identify(config/node_modules/undici-types) by extensions ['ros']
[0.620s] Level 1:colcon.colcon_core.package_identification:_identify(config/node_modules/undici-types) by extension 'ros'
[0.620s] Level 1:colcon.colcon_core.package_identification:_identify(config/node_modules/undici-types) by extensions ['cmake', 'python']
[0.620s] Level 1:colcon.colcon_core.package_identification:_identify(config/node_modules/undici-types) by extension 'cmake'
[0.620s] Level 1:colcon.colcon_core.package_identification:_identify(config/node_modules/undici-types) by extension 'python'
[0.620s] Level 1:colcon.colcon_core.package_identification:_identify(config/node_modules/undici-types) by extensions ['python_setup_py']
[0.620s] Level 1:colcon.colcon_core.package_identification:_identify(config/node_modules/undici-types) by extension 'python_setup_py'
[0.620s] Level 1:colcon.colcon_core.package_identification:_identify(config/node_modules/vary) by extensions ['ignore', 'ignore_ament_install']
[0.620s] Level 1:colcon.colcon_core.package_identification:_identify(config/node_modules/vary) by extension 'ignore'
[0.620s] Level 1:colcon.colcon_core.package_identification:_identify(config/node_modules/vary) by extension 'ignore_ament_install'
[0.620s] Level 1:colcon.colcon_core.package_identification:_identify(config/node_modules/vary) by extensions ['colcon_pkg']
[0.620s] Level 1:colcon.colcon_core.package_identification:_identify(config/node_modules/vary) by extension 'colcon_pkg'
[0.620s] Level 1:colcon.colcon_core.package_identification:_identify(config/node_modules/vary) by extensions ['colcon_meta']
[0.620s] Level 1:colcon.colcon_core.package_identification:_identify(config/node_modules/vary) by extension 'colcon_meta'
[0.621s] Level 1:colcon.colcon_core.package_identification:_identify(config/node_modules/vary) by extensions ['ros']
[0.621s] Level 1:colcon.colcon_core.package_identification:_identify(config/node_modules/vary) by extension 'ros'
[0.621s] Level 1:colcon.colcon_core.package_identification:_identify(config/node_modules/vary) by extensions ['cmake', 'python']
[0.621s] Level 1:colcon.colcon_core.package_identification:_identify(config/node_modules/vary) by extension 'cmake'
[0.621s] Level 1:colcon.colcon_core.package_identification:_identify(config/node_modules/vary) by extension 'python'
[0.621s] Level 1:colcon.colcon_core.package_identification:_identify(config/node_modules/vary) by extensions ['python_setup_py']
[0.621s] Level 1:colcon.colcon_core.package_identification:_identify(config/node_modules/vary) by extension 'python_setup_py'
[0.621s] Level 1:colcon.colcon_core.package_identification:_identify(config/node_modules/ws) by extensions ['ignore', 'ignore_ament_install']
[0.621s] Level 1:colcon.colcon_core.package_identification:_identify(config/node_modules/ws) by extension 'ignore'
[0.621s] Level 1:colcon.colcon_core.package_identification:_identify(config/node_modules/ws) by extension 'ignore_ament_install'
[0.621s] Level 1:colcon.colcon_core.package_identification:_identify(config/node_modules/ws) by extensions ['colcon_pkg']
[0.621s] Level 1:colcon.colcon_core.package_identification:_identify(config/node_modules/ws) by extension 'colcon_pkg'
[0.621s] Level 1:colcon.colcon_core.package_identification:_identify(config/node_modules/ws) by extensions ['colcon_meta']
[0.621s] Level 1:colcon.colcon_core.package_identification:_identify(config/node_modules/ws) by extension 'colcon_meta'
[0.621s] Level 1:colcon.colcon_core.package_identification:_identify(config/node_modules/ws) by extensions ['ros']
[0.621s] Level 1:colcon.colcon_core.package_identification:_identify(config/node_modules/ws) by extension 'ros'
[0.621s] Level 1:colcon.colcon_core.package_identification:_identify(config/node_modules/ws) by extensions ['cmake', 'python']
[0.621s] Level 1:colcon.colcon_core.package_identification:_identify(config/node_modules/ws) by extension 'cmake'
[0.621s] Level 1:colcon.colcon_core.package_identification:_identify(config/node_modules/ws) by extension 'python'
[0.621s] Level 1:colcon.colcon_core.package_identification:_identify(config/node_modules/ws) by extensions ['python_setup_py']
[0.621s] Level 1:colcon.colcon_core.package_identification:_identify(config/node_modules/ws) by extension 'python_setup_py'
[0.621s] Level 1:colcon.colcon_core.package_identification:_identify(config/node_modules/ws/lib) by extensions ['ignore', 'ignore_ament_install']
[0.622s] Level 1:colcon.colcon_core.package_identification:_identify(config/node_modules/ws/lib) by extension 'ignore'
[0.622s] Level 1:colcon.colcon_core.package_identification:_identify(config/node_modules/ws/lib) by extension 'ignore_ament_install'
[0.622s] Level 1:colcon.colcon_core.package_identification:_identify(config/node_modules/ws/lib) by extensions ['colcon_pkg']
[0.622s] Level 1:colcon.colcon_core.package_identification:_identify(config/node_modules/ws/lib) by extension 'colcon_pkg'
[0.622s] Level 1:colcon.colcon_core.package_identification:_identify(config/node_modules/ws/lib) by extensions ['colcon_meta']
[0.622s] Level 1:colcon.colcon_core.package_identification:_identify(config/node_modules/ws/lib) by extension 'colcon_meta'
[0.622s] Level 1:colcon.colcon_core.package_identification:_identify(config/node_modules/ws/lib) by extensions ['ros']
[0.622s] Level 1:colcon.colcon_core.package_identification:_identify(config/node_modules/ws/lib) by extension 'ros'
[0.622s] Level 1:colcon.colcon_core.package_identification:_identify(config/node_modules/ws/lib) by extensions ['cmake', 'python']
[0.622s] Level 1:colcon.colcon_core.package_identification:_identify(config/node_modules/ws/lib) by extension 'cmake'
[0.622s] Level 1:colcon.colcon_core.package_identification:_identify(config/node_modules/ws/lib) by extension 'python'
[0.622s] Level 1:colcon.colcon_core.package_identification:_identify(config/node_modules/ws/lib) by extensions ['python_setup_py']
[0.622s] Level 1:colcon.colcon_core.package_identification:_identify(config/node_modules/ws/lib) by extension 'python_setup_py'
[0.622s] Level 1:colcon.colcon_core.package_identification:_identify(install) by extensions ['ignore', 'ignore_ament_install']
[0.622s] Level 1:colcon.colcon_core.package_identification:_identify(install) by extension 'ignore'
[0.622s] Level 1:colcon.colcon_core.package_identification:_identify(install) ignored
[0.622s] Level 1:colcon.colcon_core.package_identification:_identify(log) by extensions ['ignore', 'ignore_ament_install']
[0.623s] Level 1:colcon.colcon_core.package_identification:_identify(log) by extension 'ignore'
[0.623s] Level 1:colcon.colcon_core.package_identification:_identify(log) ignored
[0.623s] Level 1:colcon.colcon_core.package_identification:_identify(src) by extensions ['ignore', 'ignore_ament_install']
[0.623s] Level 1:colcon.colcon_core.package_identification:_identify(src) by extension 'ignore'
[0.623s] Level 1:colcon.colcon_core.package_identification:_identify(src) by extension 'ignore_ament_install'
[0.623s] Level 1:colcon.colcon_core.package_identification:_identify(src) by extensions ['colcon_pkg']
[0.623s] Level 1:colcon.colcon_core.package_identification:_identify(src) by extension 'colcon_pkg'
[0.623s] Level 1:colcon.colcon_core.package_identification:_identify(src) by extensions ['colcon_meta']
[0.623s] Level 1:colcon.colcon_core.package_identification:_identify(src) by extension 'colcon_meta'
[0.623s] Level 1:colcon.colcon_core.package_identification:_identify(src) by extensions ['ros']
[0.623s] Level 1:colcon.colcon_core.package_identification:_identify(src) by extension 'ros'
[0.624s] Level 1:colcon.colcon_core.package_identification:_identify(src) by extensions ['cmake', 'python']
[0.624s] Level 1:colcon.colcon_core.package_identification:_identify(src) by extension 'cmake'
[0.624s] Level 1:colcon.colcon_core.package_identification:_identify(src) by extension 'python'
[0.624s] Level 1:colcon.colcon_core.package_identification:_identify(src) by extensions ['python_setup_py']
[0.624s] Level 1:colcon.colcon_core.package_identification:_identify(src) by extension 'python_setup_py'
[0.624s] Level 1:colcon.colcon_core.package_identification:_identify(src/bridge_manette) by extensions ['ignore', 'ignore_ament_install']
[0.624s] Level 1:colcon.colcon_core.package_identification:_identify(src/bridge_manette) by extension 'ignore'
[0.624s] Level 1:colcon.colcon_core.package_identification:_identify(src/bridge_manette) by extension 'ignore_ament_install'
[0.624s] Level 1:colcon.colcon_core.package_identification:_identify(src/bridge_manette) by extensions ['colcon_pkg']
[0.624s] Level 1:colcon.colcon_core.package_identification:_identify(src/bridge_manette) by extension 'colcon_pkg'
[0.624s] Level 1:colcon.colcon_core.package_identification:_identify(src/bridge_manette) by extensions ['colcon_meta']
[0.624s] Level 1:colcon.colcon_core.package_identification:_identify(src/bridge_manette) by extension 'colcon_meta'
[0.624s] Level 1:colcon.colcon_core.package_identification:_identify(src/bridge_manette) by extensions ['ros']
[0.624s] Level 1:colcon.colcon_core.package_identification:_identify(src/bridge_manette) by extension 'ros'
[0.625s] DEBUG:colcon.colcon_core.package_identification:Package 'src/bridge_manette' with type 'ros.ament_python' and name 'bridge_manette'
[0.625s] Level 1:colcon.colcon_core.package_discovery:discover_packages(recursive) using defaults
[0.625s] Level 1:colcon.colcon_core.package_discovery:discover_packages(ignore) discover
[0.625s] Level 1:colcon.colcon_core.package_discovery:discover_packages(ignore) using defaults
[0.625s] Level 1:colcon.colcon_core.package_discovery:discover_packages(path) discover
[0.625s] Level 1:colcon.colcon_core.package_discovery:discover_packages(path) using defaults
[0.670s] Level 1:colcon.colcon_core.package_discovery:discover_packages(prefix_path) check parameters
[0.670s] Level 1:colcon.colcon_core.package_discovery:discover_packages(prefix_path) discover
[0.672s] DEBUG:colcon.colcon_installed_package_information.package_discovery:Found 285 installed packages in /opt/ros/humble
[0.674s] Level 1:colcon.colcon_core.package_discovery:discover_packages(prefix_path) using defaults
[0.703s] Level 5:colcon.colcon_core.verb:set package 'bridge_manette' build argument 'cmake_args' from command line to 'None'
[0.703s] Level 5:colcon.colcon_core.verb:set package 'bridge_manette' build argument 'cmake_target' from command line to 'None'
[0.703s] Level 5:colcon.colcon_core.verb:set package 'bridge_manette' build argument 'cmake_target_skip_unavailable' from command line to 'False'
[0.703s] Level 5:colcon.colcon_core.verb:set package 'bridge_manette' build argument 'cmake_clean_cache' from command line to 'False'
[0.703s] Level 5:colcon.colcon_core.verb:set package 'bridge_manette' build argument 'cmake_clean_first' from command line to 'False'
[0.703s] Level 5:colcon.colcon_core.verb:set package 'bridge_manette' build argument 'cmake_force_configure' from command line to 'False'
[0.703s] Level 5:colcon.colcon_core.verb:set package 'bridge_manette' build argument 'ament_cmake_args' from command line to 'None'
[0.703s] Level 5:colcon.colcon_core.verb:set package 'bridge_manette' build argument 'catkin_cmake_args' from command line to 'None'
[0.703s] Level 5:colcon.colcon_core.verb:set package 'bridge_manette' build argument 'catkin_skip_building_tests' from command line to 'False'
[0.703s] DEBUG:colcon.colcon_core.verb:Building package 'bridge_manette' with the following arguments: {'ament_cmake_args': None, 'build_base': '/home/util/Documents/Projet/ros2_remote/ros_ws/build/bridge_manette', 'catkin_cmake_args': None, 'catkin_skip_building_tests': False, 'cmake_args': None, 'cmake_clean_cache': False, 'cmake_clean_first': False, 'cmake_force_configure': False, 'cmake_target': None, 'cmake_target_skip_unavailable': False, 'install_base': '/home/util/Documents/Projet/ros2_remote/ros_ws/install/bridge_manette', 'merge_install': False, 'path': '/home/util/Documents/Projet/ros2_remote/ros_ws/src/bridge_manette', 'symlink_install': False, 'test_result_base': None}
[0.704s] Level 5:colcon.colcon_core.verb:set package 'lora_uart_node' build argument 'cmake_args' from command line to 'None'
[0.704s] Level 5:colcon.colcon_core.verb:set package 'lora_uart_node' build argument 'cmake_target' from command line to 'None'
[0.704s] Level 5:colcon.colcon_core.verb:set package 'lora_uart_node' build argument 'cmake_target_skip_unavailable' from command line to 'False'
[0.704s] Level 5:colcon.colcon_core.verb:set package 'lora_uart_node' build argument 'cmake_clean_cache' from command line to 'False'
[0.704s] Level 5:colcon.colcon_core.verb:set package 'lora_uart_node' build argument 'cmake_clean_first' from command line to 'False'
[0.704s] Level 5:colcon.colcon_core.verb:set package 'lora_uart_node' build argument 'cmake_force_configure' from command line to 'False'
[0.704s] Level 5:colcon.colcon_core.verb:set package 'lora_uart_node' build argument 'ament_cmake_args' from command line to 'None'
[0.704s] Level 5:colcon.colcon_core.verb:set package 'lora_uart_node' build argument 'catkin_cmake_args' from command line to 'None'
[0.704s] Level 5:colcon.colcon_core.verb:set package 'lora_uart_node' build argument 'catkin_skip_building_tests' from command line to 'False'
[0.704s] DEBUG:colcon.colcon_core.verb:Building package 'lora_uart_node' with the following arguments: {'ament_cmake_args': None, 'build_base': '/home/util/Documents/Projet/ros2_remote/ros_ws/build/lora_uart_node', 'catkin_cmake_args': None, 'catkin_skip_building_tests': False, 'cmake_args': None, 'cmake_clean_cache': False, 'cmake_clean_first': False, 'cmake_force_configure': False, 'cmake_target': None, 'cmake_target_skip_unavailable': False, 'install_base': '/home/util/Documents/Projet/ros2_remote/ros_ws/install/lora_uart_node', 'merge_install': False, 'path': '/home/util/Documents/Projet/ros2_remote/ros_ws/config/lora_uart_node', 'symlink_install': False, 'test_result_base': None}
[0.704s] INFO:colcon.colcon_core.executor:Executing jobs using 'parallel' executor
[0.706s] DEBUG:colcon.colcon_parallel_executor.executor.parallel:run_until_complete
[0.706s] INFO:colcon.colcon_ros.task.ament_python.build:Building ROS package in '/home/util/Documents/Projet/ros2_remote/ros_ws/src/bridge_manette' with build type 'ament_python'
[0.707s] Level 1:colcon.colcon_core.shell:create_environment_hook('bridge_manette', 'ament_prefix_path')
[0.709s] INFO:colcon.colcon_core.plugin_system:Skipping extension 'colcon_core.shell.bat': Not used on non-Windows systems
[0.709s] INFO:colcon.colcon_core.shell:Creating environment hook '/home/util/Documents/Projet/ros2_remote/ros_ws/install/bridge_manette/share/bridge_manette/hook/ament_prefix_path.ps1'
[0.710s] INFO:colcon.colcon_core.shell:Creating environment descriptor '/home/util/Documents/Projet/ros2_remote/ros_ws/install/bridge_manette/share/bridge_manette/hook/ament_prefix_path.dsv'
[0.711s] INFO:colcon.colcon_core.shell:Creating environment hook '/home/util/Documents/Projet/ros2_remote/ros_ws/install/bridge_manette/share/bridge_manette/hook/ament_prefix_path.sh'
[0.712s] INFO:colcon.colcon_core.shell:Skip shell extension 'powershell' for command environment: Not usable outside of PowerShell
[0.712s] DEBUG:colcon.colcon_core.shell:Skip shell extension 'dsv' for command environment
[0.716s] INFO:colcon.colcon_ros.task.ament_python.build:Building ROS package in '/home/util/Documents/Projet/ros2_remote/ros_ws/config/lora_uart_node' with build type 'ament_python'
[0.716s] Level 1:colcon.colcon_core.shell:create_environment_hook('lora_uart_node', 'ament_prefix_path')
[0.717s] INFO:colcon.colcon_core.shell:Creating environment hook '/home/util/Documents/Projet/ros2_remote/ros_ws/install/lora_uart_node/share/lora_uart_node/hook/ament_prefix_path.ps1'
[0.718s] INFO:colcon.colcon_core.shell:Creating environment descriptor '/home/util/Documents/Projet/ros2_remote/ros_ws/install/lora_uart_node/share/lora_uart_node/hook/ament_prefix_path.dsv'
[0.719s] INFO:colcon.colcon_core.shell:Creating environment hook '/home/util/Documents/Projet/ros2_remote/ros_ws/install/lora_uart_node/share/lora_uart_node/hook/ament_prefix_path.sh'
[0.720s] INFO:colcon.colcon_core.shell:Skip shell extension 'powershell' for command environment: Not usable outside of PowerShell
[0.720s] DEBUG:colcon.colcon_core.shell:Skip shell extension 'dsv' for command environment
[0.919s] INFO:colcon.colcon_core.task.python.build:Building Python package in '/home/util/Documents/Projet/ros2_remote/ros_ws/src/bridge_manette'
[0.919s] INFO:colcon.colcon_core.shell:Skip shell extension 'powershell' for command environment: Not usable outside of PowerShell
[0.919s] DEBUG:colcon.colcon_core.shell:Skip shell extension 'dsv' for command environment
[1.137s] INFO:colcon.colcon_core.task.python.build:Building Python package in '/home/util/Documents/Projet/ros2_remote/ros_ws/config/lora_uart_node'
[1.138s] INFO:colcon.colcon_core.shell:Skip shell extension 'powershell' for command environment: Not usable outside of PowerShell
[1.138s] DEBUG:colcon.colcon_core.shell:Skip shell extension 'dsv' for command environment
[1.529s] DEBUG:colcon.colcon_core.event_handler.log_command:Invoking command in '/home/util/Documents/Projet/ros2_remote/ros_ws/src/bridge_manette': PYTHONPATH=/home/util/Documents/Projet/ros2_remote/ros_ws/build/bridge_manette/prefix_override:/usr/lib/python3/dist-packages/colcon_core/task/python/colcon_distutils_commands:/home/util/Documents/Projet/ros2_remote/ros_ws/install/bridge_manette/lib/python3.10/site-packages:${PYTHONPATH} /usr/bin/python3 -W ignore:setup.py install is deprecated -W ignore:easy_install command is deprecated setup.py egg_info --egg-base ../../build/bridge_manette build --build-base /home/util/Documents/Projet/ros2_remote/ros_ws/build/bridge_manette/build install --record /home/util/Documents/Projet/ros2_remote/ros_ws/build/bridge_manette/install.log --single-version-externally-managed install_data
[1.540s] DEBUG:colcon.colcon_core.event_handler.log_command:Invoking command in '/home/util/Documents/Projet/ros2_remote/ros_ws/config/lora_uart_node': PYTHONPATH=/home/util/Documents/Projet/ros2_remote/ros_ws/build/lora_uart_node/prefix_override:/usr/lib/python3/dist-packages/colcon_core/task/python/colcon_distutils_commands:/home/util/Documents/Projet/ros2_remote/ros_ws/install/lora_uart_node/lib/python3.10/site-packages:${PYTHONPATH} /usr/bin/python3 -W ignore:setup.py install is deprecated -W ignore:easy_install command is deprecated setup.py egg_info --egg-base ../../build/lora_uart_node build --build-base /home/util/Documents/Projet/ros2_remote/ros_ws/build/lora_uart_node/build install --record /home/util/Documents/Projet/ros2_remote/ros_ws/build/lora_uart_node/install.log --single-version-externally-managed install_data
[1.841s] DEBUG:colcon.colcon_core.event_handler.log_command:Invoked command in '/home/util/Documents/Projet/ros2_remote/ros_ws/config/lora_uart_node' returned '0': PYTHONPATH=/home/util/Documents/Projet/ros2_remote/ros_ws/build/lora_uart_node/prefix_override:/usr/lib/python3/dist-packages/colcon_core/task/python/colcon_distutils_commands:/home/util/Documents/Projet/ros2_remote/ros_ws/install/lora_uart_node/lib/python3.10/site-packages:${PYTHONPATH} /usr/bin/python3 -W ignore:setup.py install is deprecated -W ignore:easy_install command is deprecated setup.py egg_info --egg-base ../../build/lora_uart_node build --build-base /home/util/Documents/Projet/ros2_remote/ros_ws/build/lora_uart_node/build install --record /home/util/Documents/Projet/ros2_remote/ros_ws/build/lora_uart_node/install.log --single-version-externally-managed install_data
[1.843s] Level 1:colcon.colcon_core.environment:checking '/home/util/Documents/Projet/ros2_remote/ros_ws/install/lora_uart_node' for CMake module files
[1.844s] Level 1:colcon.colcon_core.environment:checking '/home/util/Documents/Projet/ros2_remote/ros_ws/install/lora_uart_node' for CMake config files
[1.845s] Level 1:colcon.colcon_core.environment:checking '/home/util/Documents/Projet/ros2_remote/ros_ws/install/lora_uart_node/lib'
[1.846s] Level 1:colcon.colcon_core.environment:checking '/home/util/Documents/Projet/ros2_remote/ros_ws/install/lora_uart_node/bin'
[1.846s] Level 1:colcon.colcon_core.environment:checking '/home/util/Documents/Projet/ros2_remote/ros_ws/install/lora_uart_node/lib/pkgconfig/lora_uart_node.pc'
[1.846s] Level 1:colcon.colcon_core.environment:checking '/home/util/Documents/Projet/ros2_remote/ros_ws/install/lora_uart_node/lib/python3.10/site-packages'
[1.846s] Level 1:colcon.colcon_core.shell:create_environment_hook('lora_uart_node', 'pythonpath')
[1.846s] INFO:colcon.colcon_core.shell:Creating environment hook '/home/util/Documents/Projet/ros2_remote/ros_ws/install/lora_uart_node/share/lora_uart_node/hook/pythonpath.ps1'
[1.847s] INFO:colcon.colcon_core.shell:Creating environment descriptor '/home/util/Documents/Projet/ros2_remote/ros_ws/install/lora_uart_node/share/lora_uart_node/hook/pythonpath.dsv'
[1.847s] INFO:colcon.colcon_core.shell:Creating environment hook '/home/util/Documents/Projet/ros2_remote/ros_ws/install/lora_uart_node/share/lora_uart_node/hook/pythonpath.sh'
[1.848s] Level 1:colcon.colcon_core.environment:checking '/home/util/Documents/Projet/ros2_remote/ros_ws/install/lora_uart_node/bin'
[1.848s] Level 1:colcon.colcon_core.environment:create_environment_scripts_only(lora_uart_node)
[1.848s] INFO:colcon.colcon_core.shell:Creating package script '/home/util/Documents/Projet/ros2_remote/ros_ws/install/lora_uart_node/share/lora_uart_node/package.ps1'
[1.849s] INFO:colcon.colcon_core.shell:Creating package descriptor '/home/util/Documents/Projet/ros2_remote/ros_ws/install/lora_uart_node/share/lora_uart_node/package.dsv'
[1.850s] INFO:colcon.colcon_core.shell:Creating package script '/home/util/Documents/Projet/ros2_remote/ros_ws/install/lora_uart_node/share/lora_uart_node/package.sh'
[1.850s] INFO:colcon.colcon_core.shell:Creating package script '/home/util/Documents/Projet/ros2_remote/ros_ws/install/lora_uart_node/share/lora_uart_node/package.bash'
[1.851s] INFO:colcon.colcon_core.shell:Creating package script '/home/util/Documents/Projet/ros2_remote/ros_ws/install/lora_uart_node/share/lora_uart_node/package.zsh'
[1.853s] Level 1:colcon.colcon_core.environment:create_file_with_runtime_dependencies(/home/util/Documents/Projet/ros2_remote/ros_ws/install/lora_uart_node/share/colcon-core/packages/lora_uart_node)
[1.858s] Level 1:colcon.colcon_core.environment:checking '/home/util/Documents/Projet/ros2_remote/ros_ws/install/bridge_manette' for CMake module files
[1.859s] Level 1:colcon.colcon_core.environment:checking '/home/util/Documents/Projet/ros2_remote/ros_ws/install/bridge_manette' for CMake config files
[1.860s] Level 1:colcon.colcon_core.environment:checking '/home/util/Documents/Projet/ros2_remote/ros_ws/install/bridge_manette/lib'
[1.860s] Level 1:colcon.colcon_core.environment:checking '/home/util/Documents/Projet/ros2_remote/ros_ws/install/bridge_manette/bin'
[1.860s] Level 1:colcon.colcon_core.environment:checking '/home/util/Documents/Projet/ros2_remote/ros_ws/install/bridge_manette/lib/pkgconfig/bridge_manette.pc'
[1.860s] Level 1:colcon.colcon_core.environment:checking '/home/util/Documents/Projet/ros2_remote/ros_ws/install/bridge_manette/lib/python3.10/site-packages'
[1.860s] Level 1:colcon.colcon_core.shell:create_environment_hook('bridge_manette', 'pythonpath')
[1.861s] INFO:colcon.colcon_core.shell:Creating environment hook '/home/util/Documents/Projet/ros2_remote/ros_ws/install/bridge_manette/share/bridge_manette/hook/pythonpath.ps1'
[1.861s] INFO:colcon.colcon_core.shell:Creating environment descriptor '/home/util/Documents/Projet/ros2_remote/ros_ws/install/bridge_manette/share/bridge_manette/hook/pythonpath.dsv'
[1.862s] INFO:colcon.colcon_core.shell:Creating environment hook '/home/util/Documents/Projet/ros2_remote/ros_ws/install/bridge_manette/share/bridge_manette/hook/pythonpath.sh'
[1.862s] Level 1:colcon.colcon_core.environment:checking '/home/util/Documents/Projet/ros2_remote/ros_ws/install/bridge_manette/bin'
[1.862s] Level 1:colcon.colcon_core.environment:create_environment_scripts_only(bridge_manette)
[1.859s] DEBUG:colcon.colcon_core.event_handler.log_command:Invoked command in '/home/util/Documents/Projet/ros2_remote/ros_ws/src/bridge_manette' returned '0': PYTHONPATH=/home/util/Documents/Projet/ros2_remote/ros_ws/build/bridge_manette/prefix_override:/usr/lib/python3/dist-packages/colcon_core/task/python/colcon_distutils_commands:/home/util/Documents/Projet/ros2_remote/ros_ws/install/bridge_manette/lib/python3.10/site-packages:${PYTHONPATH} /usr/bin/python3 -W ignore:setup.py install is deprecated -W ignore:easy_install command is deprecated setup.py egg_info --egg-base ../../build/bridge_manette build --build-base /home/util/Documents/Projet/ros2_remote/ros_ws/build/bridge_manette/build install --record /home/util/Documents/Projet/ros2_remote/ros_ws/build/bridge_manette/install.log --single-version-externally-managed install_data
[1.863s] INFO:colcon.colcon_core.shell:Creating package script '/home/util/Documents/Projet/ros2_remote/ros_ws/install/bridge_manette/share/bridge_manette/package.ps1'
[1.865s] INFO:colcon.colcon_core.shell:Creating package descriptor '/home/util/Documents/Projet/ros2_remote/ros_ws/install/bridge_manette/share/bridge_manette/package.dsv'
[1.869s] INFO:colcon.colcon_core.shell:Creating package script '/home/util/Documents/Projet/ros2_remote/ros_ws/install/bridge_manette/share/bridge_manette/package.sh'
[1.870s] INFO:colcon.colcon_core.shell:Creating package script '/home/util/Documents/Projet/ros2_remote/ros_ws/install/bridge_manette/share/bridge_manette/package.bash'
[1.870s] INFO:colcon.colcon_core.shell:Creating package script '/home/util/Documents/Projet/ros2_remote/ros_ws/install/bridge_manette/share/bridge_manette/package.zsh'
[1.870s] Level 1:colcon.colcon_core.environment:create_file_with_runtime_dependencies(/home/util/Documents/Projet/ros2_remote/ros_ws/install/bridge_manette/share/colcon-core/packages/bridge_manette)
[1.871s] DEBUG:colcon.colcon_parallel_executor.executor.parallel:closing loop
[1.872s] DEBUG:colcon.colcon_parallel_executor.executor.parallel:loop closed
[1.872s] DEBUG:colcon.colcon_parallel_executor.executor.parallel:run_until_complete finished with '0'
[1.873s] DEBUG:colcon.colcon_core.event_reactor:joining thread
[1.884s] INFO:colcon.colcon_core.plugin_system:Skipping extension 'colcon_notification.desktop_notification.terminal_notifier': Not used on non-Darwin systems
[1.884s] INFO:colcon.colcon_core.plugin_system:Skipping extension 'colcon_notification.desktop_notification.win32': Not used on non-Windows systems
[1.884s] INFO:colcon.colcon_notification.desktop_notification:Sending desktop notification using 'notify2'
[1.937s] DEBUG:colcon.colcon_core.event_reactor:joined thread
[1.937s] INFO:colcon.colcon_core.shell:Creating prefix script '/home/util/Documents/Projet/ros2_remote/ros_ws/install/local_setup.ps1'
[1.938s] INFO:colcon.colcon_core.shell:Creating prefix util module '/home/util/Documents/Projet/ros2_remote/ros_ws/install/_local_setup_util_ps1.py'
[1.939s] INFO:colcon.colcon_core.shell:Creating prefix chain script '/home/util/Documents/Projet/ros2_remote/ros_ws/install/setup.ps1'
[1.940s] INFO:colcon.colcon_core.shell:Creating prefix script '/home/util/Documents/Projet/ros2_remote/ros_ws/install/local_setup.sh'
[1.940s] INFO:colcon.colcon_core.shell:Creating prefix util module '/home/util/Documents/Projet/ros2_remote/ros_ws/install/_local_setup_util_sh.py'
[1.941s] INFO:colcon.colcon_core.shell:Creating prefix chain script '/home/util/Documents/Projet/ros2_remote/ros_ws/install/setup.sh'
[1.941s] INFO:colcon.colcon_core.shell:Creating prefix script '/home/util/Documents/Projet/ros2_remote/ros_ws/install/local_setup.bash'
[1.942s] INFO:colcon.colcon_core.shell:Creating prefix chain script '/home/util/Documents/Projet/ros2_remote/ros_ws/install/setup.bash'
[1.942s] INFO:colcon.colcon_core.shell:Creating prefix script '/home/util/Documents/Projet/ros2_remote/ros_ws/install/local_setup.zsh'
[1.942s] INFO:colcon.colcon_core.shell:Creating prefix chain script '/home/util/Documents/Projet/ros2_remote/ros_ws/install/setup.zsh'
