[0.176s] DEBUG:colcon:Command line arguments: ['/usr/bin/colcon', 'build']
[0.176s] DEBUG:colcon:Parsed command line arguments: Namespace(log_base=None, log_level=None, verb_name='build', build_base='build', install_base='install', merge_install=False, symlink_install=False, test_result_base=None, continue_on_error=False, executor='parallel', parallel_workers=4, event_handlers=None, ignore_user_meta=False, metas=['./colcon.meta'], base_paths=['.'], packages_ignore=None, packages_ignore_regex=None, paths=None, packages_up_to=None, packages_up_to_regex=None, packages_above=None, packages_above_and_dependencies=None, packages_above_depth=None, packages_select_by_dep=None, packages_skip_by_dep=None, packages_skip_up_to=None, packages_select_build_failed=False, packages_skip_build_finished=False, packages_select_test_failures=False, packages_skip_test_passed=False, packages_select=None, packages_skip=None, packages_select_regex=None, packages_skip_regex=None, packages_start=None, packages_end=None, allow_overriding=[], cmake_args=None, cmake_target=None, cmake_target_skip_unavailable=False, cmake_clean_cache=False, cmake_clean_first=False, cmake_force_configure=False, ament_cmake_args=None, catkin_cmake_args=None, catkin_skip_building_tests=False, mixin_files=None, mixin=None, verb_parser=<colcon_mixin.mixin.mixin_argument.MixinArgumentDecorator object at 0x7719bb9d1660>, verb_extension=<colcon_core.verb.build.BuildVerb object at 0x7719bb9d1150>, main=<bound method BuildVerb.main of <colcon_core.verb.build.BuildVerb object at 0x7719bb9d1150>>, mixin_verb=('build',))
[0.832s] Level 1:colcon.colcon_core.package_discovery:discover_packages(colcon_meta) check parameters
[0.832s] Level 1:colcon.colcon_core.package_discovery:discover_packages(recursive) check parameters
[0.832s] Level 1:colcon.colcon_core.package_discovery:discover_packages(ignore) check parameters
[0.832s] Level 1:colcon.colcon_core.package_discovery:discover_packages(path) check parameters
[0.832s] Level 1:colcon.colcon_core.package_discovery:discover_packages(colcon_meta) discover
[0.832s] Level 1:colcon.colcon_core.package_discovery:discover_packages(recursive) discover
[0.832s] INFO:colcon.colcon_core.package_discovery:Crawling recursively for packages in '/home/util/Documents/Projet/ros2_remote/ros_ws'
[0.832s] Level 1:colcon.colcon_core.package_identification:_identify(.) by extensions ['ignore', 'ignore_ament_install']
[0.833s] Level 1:colcon.colcon_core.package_identification:_identify(.) by extension 'ignore'
[0.833s] Level 1:colcon.colcon_core.package_identification:_identify(.) by extension 'ignore_ament_install'
[0.833s] Level 1:colcon.colcon_core.package_identification:_identify(.) by extensions ['colcon_pkg']
[0.833s] Level 1:colcon.colcon_core.package_identification:_identify(.) by extension 'colcon_pkg'
[0.833s] Level 1:colcon.colcon_core.package_identification:_identify(.) by extensions ['colcon_meta']
[0.833s] Level 1:colcon.colcon_core.package_identification:_identify(.) by extension 'colcon_meta'
[0.833s] Level 1:colcon.colcon_core.package_identification:_identify(.) by extensions ['ros']
[0.833s] Level 1:colcon.colcon_core.package_identification:_identify(.) by extension 'ros'
[0.854s] Level 1:colcon.colcon_core.package_identification:_identify(.) by extensions ['cmake', 'python']
[0.854s] Level 1:colcon.colcon_core.package_identification:_identify(.) by extension 'cmake'
[0.854s] Level 1:colcon.colcon_core.package_identification:_identify(.) by extension 'python'
[0.854s] Level 1:colcon.colcon_core.package_identification:_identify(.) by extensions ['python_setup_py']
[0.854s] Level 1:colcon.colcon_core.package_identification:_identify(.) by extension 'python_setup_py'
[0.857s] Level 1:colcon.colcon_core.package_identification:_identify(build) by extensions ['ignore', 'ignore_ament_install']
[0.858s] Level 1:colcon.colcon_core.package_identification:_identify(build) by extension 'ignore'
[0.858s] Level 1:colcon.colcon_core.package_identification:_identify(build) ignored
[0.859s] Level 1:colcon.colcon_core.package_identification:_identify(config) by extensions ['ignore', 'ignore_ament_install']
[0.859s] Level 1:colcon.colcon_core.package_identification:_identify(config) by extension 'ignore'
[0.859s] Level 1:colcon.colcon_core.package_identification:_identify(config) by extension 'ignore_ament_install'
[0.859s] Level 1:colcon.colcon_core.package_identification:_identify(config) by extensions ['colcon_pkg']
[0.859s] Level 1:colcon.colcon_core.package_identification:_identify(config) by extension 'colcon_pkg'
[0.859s] Level 1:colcon.colcon_core.package_identification:_identify(config) by extensions ['colcon_meta']
[0.859s] Level 1:colcon.colcon_core.package_identification:_identify(config) by extension 'colcon_meta'
[0.859s] Level 1:colcon.colcon_core.package_identification:_identify(config) by extensions ['ros']
[0.859s] Level 1:colcon.colcon_core.package_identification:_identify(config) by extension 'ros'
[0.859s] Level 1:colcon.colcon_core.package_identification:_identify(config) by extensions ['cmake', 'python']
[0.859s] Level 1:colcon.colcon_core.package_identification:_identify(config) by extension 'cmake'
[0.859s] Level 1:colcon.colcon_core.package_identification:_identify(config) by extension 'python'
[0.859s] Level 1:colcon.colcon_core.package_identification:_identify(config) by extensions ['python_setup_py']
[0.859s] Level 1:colcon.colcon_core.package_identification:_identify(config) by extension 'python_setup_py'
[0.861s] Level 1:colcon.colcon_core.package_identification:_identify(config/node_modules) by extensions ['ignore', 'ignore_ament_install']
[0.862s] Level 1:colcon.colcon_core.package_identification:_identify(config/node_modules) by extension 'ignore'
[0.862s] Level 1:colcon.colcon_core.package_identification:_identify(config/node_modules) by extension 'ignore_ament_install'
[0.862s] Level 1:colcon.colcon_core.package_identification:_identify(config/node_modules) by extensions ['colcon_pkg']
[0.862s] Level 1:colcon.colcon_core.package_identification:_identify(config/node_modules) by extension 'colcon_pkg'
[0.862s] Level 1:colcon.colcon_core.package_identification:_identify(config/node_modules) by extensions ['colcon_meta']
[0.862s] Level 1:colcon.colcon_core.package_identification:_identify(config/node_modules) by extension 'colcon_meta'
[0.862s] Level 1:colcon.colcon_core.package_identification:_identify(config/node_modules) by extensions ['ros']
[0.862s] Level 1:colcon.colcon_core.package_identification:_identify(config/node_modules) by extension 'ros'
[0.862s] Level 1:colcon.colcon_core.package_identification:_identify(config/node_modules) by extensions ['cmake', 'python']
[0.862s] Level 1:colcon.colcon_core.package_identification:_identify(config/node_modules) by extension 'cmake'
[0.862s] Level 1:colcon.colcon_core.package_identification:_identify(config/node_modules) by extension 'python'
[0.862s] Level 1:colcon.colcon_core.package_identification:_identify(config/node_modules) by extensions ['python_setup_py']
[0.862s] Level 1:colcon.colcon_core.package_identification:_identify(config/node_modules) by extension 'python_setup_py'
[0.864s] Level 1:colcon.colcon_core.package_identification:_identify(config/node_modules/@socket.io) by extensions ['ignore', 'ignore_ament_install']
[0.864s] Level 1:colcon.colcon_core.package_identification:_identify(config/node_modules/@socket.io) by extension 'ignore'
[0.864s] Level 1:colcon.colcon_core.package_identification:_identify(config/node_modules/@socket.io) by extension 'ignore_ament_install'
[0.864s] Level 1:colcon.colcon_core.package_identification:_identify(config/node_modules/@socket.io) by extensions ['colcon_pkg']
[0.864s] Level 1:colcon.colcon_core.package_identification:_identify(config/node_modules/@socket.io) by extension 'colcon_pkg'
[0.864s] Level 1:colcon.colcon_core.package_identification:_identify(config/node_modules/@socket.io) by extensions ['colcon_meta']
[0.864s] Level 1:colcon.colcon_core.package_identification:_identify(config/node_modules/@socket.io) by extension 'colcon_meta'
[0.864s] Level 1:colcon.colcon_core.package_identification:_identify(config/node_modules/@socket.io) by extensions ['ros']
[0.864s] Level 1:colcon.colcon_core.package_identification:_identify(config/node_modules/@socket.io) by extension 'ros'
[0.864s] Level 1:colcon.colcon_core.package_identification:_identify(config/node_modules/@socket.io) by extensions ['cmake', 'python']
[0.864s] Level 1:colcon.colcon_core.package_identification:_identify(config/node_modules/@socket.io) by extension 'cmake'
[0.864s] Level 1:colcon.colcon_core.package_identification:_identify(config/node_modules/@socket.io) by extension 'python'
[0.864s] Level 1:colcon.colcon_core.package_identification:_identify(config/node_modules/@socket.io) by extensions ['python_setup_py']
[0.864s] Level 1:colcon.colcon_core.package_identification:_identify(config/node_modules/@socket.io) by extension 'python_setup_py'
[0.865s] Level 1:colcon.colcon_core.package_identification:_identify(config/node_modules/@socket.io/component-emitter) by extensions ['ignore', 'ignore_ament_install']
[0.865s] Level 1:colcon.colcon_core.package_identification:_identify(config/node_modules/@socket.io/component-emitter) by extension 'ignore'
[0.865s] Level 1:colcon.colcon_core.package_identification:_identify(config/node_modules/@socket.io/component-emitter) by extension 'ignore_ament_install'
[0.865s] Level 1:colcon.colcon_core.package_identification:_identify(config/node_modules/@socket.io/component-emitter) by extensions ['colcon_pkg']
[0.865s] Level 1:colcon.colcon_core.package_identification:_identify(config/node_modules/@socket.io/component-emitter) by extension 'colcon_pkg'
[0.865s] Level 1:colcon.colcon_core.package_identification:_identify(config/node_modules/@socket.io/component-emitter) by extensions ['colcon_meta']
[0.865s] Level 1:colcon.colcon_core.package_identification:_identify(config/node_modules/@socket.io/component-emitter) by extension 'colcon_meta'
[0.865s] Level 1:colcon.colcon_core.package_identification:_identify(config/node_modules/@socket.io/component-emitter) by extensions ['ros']
[0.865s] Level 1:colcon.colcon_core.package_identification:_identify(config/node_modules/@socket.io/component-emitter) by extension 'ros'
[0.866s] Level 1:colcon.colcon_core.package_identification:_identify(config/node_modules/@socket.io/component-emitter) by extensions ['cmake', 'python']
[0.866s] Level 1:colcon.colcon_core.package_identification:_identify(config/node_modules/@socket.io/component-emitter) by extension 'cmake'
[0.866s] Level 1:colcon.colcon_core.package_identification:_identify(config/node_modules/@socket.io/component-emitter) by extension 'python'
[0.866s] Level 1:colcon.colcon_core.package_identification:_identify(config/node_modules/@socket.io/component-emitter) by extensions ['python_setup_py']
[0.866s] Level 1:colcon.colcon_core.package_identification:_identify(config/node_modules/@socket.io/component-emitter) by extension 'python_setup_py'
[0.866s] Level 1:colcon.colcon_core.package_identification:_identify(config/node_modules/@socket.io/component-emitter/lib) by extensions ['ignore', 'ignore_ament_install']
[0.866s] Level 1:colcon.colcon_core.package_identification:_identify(config/node_modules/@socket.io/component-emitter/lib) by extension 'ignore'
[0.866s] Level 1:colcon.colcon_core.package_identification:_identify(config/node_modules/@socket.io/component-emitter/lib) by extension 'ignore_ament_install'
[0.866s] Level 1:colcon.colcon_core.package_identification:_identify(config/node_modules/@socket.io/component-emitter/lib) by extensions ['colcon_pkg']
[0.866s] Level 1:colcon.colcon_core.package_identification:_identify(config/node_modules/@socket.io/component-emitter/lib) by extension 'colcon_pkg'
[0.866s] Level 1:colcon.colcon_core.package_identification:_identify(config/node_modules/@socket.io/component-emitter/lib) by extensions ['colcon_meta']
[0.867s] Level 1:colcon.colcon_core.package_identification:_identify(config/node_modules/@socket.io/component-emitter/lib) by extension 'colcon_meta'
[0.867s] Level 1:colcon.colcon_core.package_identification:_identify(config/node_modules/@socket.io/component-emitter/lib) by extensions ['ros']
[0.867s] Level 1:colcon.colcon_core.package_identification:_identify(config/node_modules/@socket.io/component-emitter/lib) by extension 'ros'
[0.867s] Level 1:colcon.colcon_core.package_identification:_identify(config/node_modules/@socket.io/component-emitter/lib) by extensions ['cmake', 'python']
[0.867s] Level 1:colcon.colcon_core.package_identification:_identify(config/node_modules/@socket.io/component-emitter/lib) by extension 'cmake'
[0.867s] Level 1:colcon.colcon_core.package_identification:_identify(config/node_modules/@socket.io/component-emitter/lib) by extension 'python'
[0.867s] Level 1:colcon.colcon_core.package_identification:_identify(config/node_modules/@socket.io/component-emitter/lib) by extensions ['python_setup_py']
[0.867s] Level 1:colcon.colcon_core.package_identification:_identify(config/node_modules/@socket.io/component-emitter/lib) by extension 'python_setup_py'
[0.867s] Level 1:colcon.colcon_core.package_identification:_identify(config/node_modules/@socket.io/component-emitter/lib/cjs) by extensions ['ignore', 'ignore_ament_install']
[0.867s] Level 1:colcon.colcon_core.package_identification:_identify(config/node_modules/@socket.io/component-emitter/lib/cjs) by extension 'ignore'
[0.867s] Level 1:colcon.colcon_core.package_identification:_identify(config/node_modules/@socket.io/component-emitter/lib/cjs) by extension 'ignore_ament_install'
[0.868s] Level 1:colcon.colcon_core.package_identification:_identify(config/node_modules/@socket.io/component-emitter/lib/cjs) by extensions ['colcon_pkg']
[0.868s] Level 1:colcon.colcon_core.package_identification:_identify(config/node_modules/@socket.io/component-emitter/lib/cjs) by extension 'colcon_pkg'
[0.868s] Level 1:colcon.colcon_core.package_identification:_identify(config/node_modules/@socket.io/component-emitter/lib/cjs) by extensions ['colcon_meta']
[0.868s] Level 1:colcon.colcon_core.package_identification:_identify(config/node_modules/@socket.io/component-emitter/lib/cjs) by extension 'colcon_meta'
[0.868s] Level 1:colcon.colcon_core.package_identification:_identify(config/node_modules/@socket.io/component-emitter/lib/cjs) by extensions ['ros']
[0.868s] Level 1:colcon.colcon_core.package_identification:_identify(config/node_modules/@socket.io/component-emitter/lib/cjs) by extension 'ros'
[0.868s] Level 1:colcon.colcon_core.package_identification:_identify(config/node_modules/@socket.io/component-emitter/lib/cjs) by extensions ['cmake', 'python']
[0.868s] Level 1:colcon.colcon_core.package_identification:_identify(config/node_modules/@socket.io/component-emitter/lib/cjs) by extension 'cmake'
[0.868s] Level 1:colcon.colcon_core.package_identification:_identify(config/node_modules/@socket.io/component-emitter/lib/cjs) by extension 'python'
[0.868s] Level 1:colcon.colcon_core.package_identification:_identify(config/node_modules/@socket.io/component-emitter/lib/cjs) by extensions ['python_setup_py']
[0.868s] Level 1:colcon.colcon_core.package_identification:_identify(config/node_modules/@socket.io/component-emitter/lib/cjs) by extension 'python_setup_py'
[0.869s] Level 1:colcon.colcon_core.package_identification:_identify(config/node_modules/@socket.io/component-emitter/lib/esm) by extensions ['ignore', 'ignore_ament_install']
[0.869s] Level 1:colcon.colcon_core.package_identification:_identify(config/node_modules/@socket.io/component-emitter/lib/esm) by extension 'ignore'
[0.869s] Level 1:colcon.colcon_core.package_identification:_identify(config/node_modules/@socket.io/component-emitter/lib/esm) by extension 'ignore_ament_install'
[0.869s] Level 1:colcon.colcon_core.package_identification:_identify(config/node_modules/@socket.io/component-emitter/lib/esm) by extensions ['colcon_pkg']
[0.869s] Level 1:colcon.colcon_core.package_identification:_identify(config/node_modules/@socket.io/component-emitter/lib/esm) by extension 'colcon_pkg'
[0.869s] Level 1:colcon.colcon_core.package_identification:_identify(config/node_modules/@socket.io/component-emitter/lib/esm) by extensions ['colcon_meta']
[0.869s] Level 1:colcon.colcon_core.package_identification:_identify(config/node_modules/@socket.io/component-emitter/lib/esm) by extension 'colcon_meta'
[0.869s] Level 1:colcon.colcon_core.package_identification:_identify(config/node_modules/@socket.io/component-emitter/lib/esm) by extensions ['ros']
[0.869s] Level 1:colcon.colcon_core.package_identification:_identify(config/node_modules/@socket.io/component-emitter/lib/esm) by extension 'ros'
[0.869s] Level 1:colcon.colcon_core.package_identification:_identify(config/node_modules/@socket.io/component-emitter/lib/esm) by extensions ['cmake', 'python']
[0.869s] Level 1:colcon.colcon_core.package_identification:_identify(config/node_modules/@socket.io/component-emitter/lib/esm) by extension 'cmake'
[0.869s] Level 1:colcon.colcon_core.package_identification:_identify(config/node_modules/@socket.io/component-emitter/lib/esm) by extension 'python'
[0.869s] Level 1:colcon.colcon_core.package_identification:_identify(config/node_modules/@socket.io/component-emitter/lib/esm) by extensions ['python_setup_py']
[0.869s] Level 1:colcon.colcon_core.package_identification:_identify(config/node_modules/@socket.io/component-emitter/lib/esm) by extension 'python_setup_py'
[0.870s] Level 1:colcon.colcon_core.package_identification:_identify(config/node_modules/@types) by extensions ['ignore', 'ignore_ament_install']
[0.870s] Level 1:colcon.colcon_core.package_identification:_identify(config/node_modules/@types) by extension 'ignore'
[0.870s] Level 1:colcon.colcon_core.package_identification:_identify(config/node_modules/@types) by extension 'ignore_ament_install'
[0.870s] Level 1:colcon.colcon_core.package_identification:_identify(config/node_modules/@types) by extensions ['colcon_pkg']
[0.870s] Level 1:colcon.colcon_core.package_identification:_identify(config/node_modules/@types) by extension 'colcon_pkg'
[0.870s] Level 1:colcon.colcon_core.package_identification:_identify(config/node_modules/@types) by extensions ['colcon_meta']
[0.870s] Level 1:colcon.colcon_core.package_identification:_identify(config/node_modules/@types) by extension 'colcon_meta'
[0.870s] Level 1:colcon.colcon_core.package_identification:_identify(config/node_modules/@types) by extensions ['ros']
[0.870s] Level 1:colcon.colcon_core.package_identification:_identify(config/node_modules/@types) by extension 'ros'
[0.870s] Level 1:colcon.colcon_core.package_identification:_identify(config/node_modules/@types) by extensions ['cmake', 'python']
[0.870s] Level 1:colcon.colcon_core.package_identification:_identify(config/node_modules/@types) by extension 'cmake'
[0.870s] Level 1:colcon.colcon_core.package_identification:_identify(config/node_modules/@types) by extension 'python'
[0.870s] Level 1:colcon.colcon_core.package_identification:_identify(config/node_modules/@types) by extensions ['python_setup_py']
[0.870s] Level 1:colcon.colcon_core.package_identification:_identify(config/node_modules/@types) by extension 'python_setup_py'
[0.871s] Level 1:colcon.colcon_core.package_identification:_identify(config/node_modules/@types/cors) by extensions ['ignore', 'ignore_ament_install']
[0.871s] Level 1:colcon.colcon_core.package_identification:_identify(config/node_modules/@types/cors) by extension 'ignore'
[0.871s] Level 1:colcon.colcon_core.package_identification:_identify(config/node_modules/@types/cors) by extension 'ignore_ament_install'
[0.871s] Level 1:colcon.colcon_core.package_identification:_identify(config/node_modules/@types/cors) by extensions ['colcon_pkg']
[0.871s] Level 1:colcon.colcon_core.package_identification:_identify(config/node_modules/@types/cors) by extension 'colcon_pkg'
[0.871s] Level 1:colcon.colcon_core.package_identification:_identify(config/node_modules/@types/cors) by extensions ['colcon_meta']
[0.871s] Level 1:colcon.colcon_core.package_identification:_identify(config/node_modules/@types/cors) by extension 'colcon_meta'
[0.871s] Level 1:colcon.colcon_core.package_identification:_identify(config/node_modules/@types/cors) by extensions ['ros']
[0.871s] Level 1:colcon.colcon_core.package_identification:_identify(config/node_modules/@types/cors) by extension 'ros'
[0.871s] Level 1:colcon.colcon_core.package_identification:_identify(config/node_modules/@types/cors) by extensions ['cmake', 'python']
[0.871s] Level 1:colcon.colcon_core.package_identification:_identify(config/node_modules/@types/cors) by extension 'cmake'
[0.871s] Level 1:colcon.colcon_core.package_identification:_identify(config/node_modules/@types/cors) by extension 'python'
[0.871s] Level 1:colcon.colcon_core.package_identification:_identify(config/node_modules/@types/cors) by extensions ['python_setup_py']
[0.871s] Level 1:colcon.colcon_core.package_identification:_identify(config/node_modules/@types/cors) by extension 'python_setup_py'
[0.877s] Level 1:colcon.colcon_core.package_identification:_identify(config/node_modules/@types/node) by extensions ['ignore', 'ignore_ament_install']
[0.877s] Level 1:colcon.colcon_core.package_identification:_identify(config/node_modules/@types/node) by extension 'ignore'
[0.877s] Level 1:colcon.colcon_core.package_identification:_identify(config/node_modules/@types/node) by extension 'ignore_ament_install'
[0.877s] Level 1:colcon.colcon_core.package_identification:_identify(config/node_modules/@types/node) by extensions ['colcon_pkg']
[0.877s] Level 1:colcon.colcon_core.package_identification:_identify(config/node_modules/@types/node) by extension 'colcon_pkg'
[0.877s] Level 1:colcon.colcon_core.package_identification:_identify(config/node_modules/@types/node) by extensions ['colcon_meta']
[0.877s] Level 1:colcon.colcon_core.package_identification:_identify(config/node_modules/@types/node) by extension 'colcon_meta'
[0.877s] Level 1:colcon.colcon_core.package_identification:_identify(config/node_modules/@types/node) by extensions ['ros']
[0.877s] Level 1:colcon.colcon_core.package_identification:_identify(config/node_modules/@types/node) by extension 'ros'
[0.877s] Level 1:colcon.colcon_core.package_identification:_identify(config/node_modules/@types/node) by extensions ['cmake', 'python']
[0.877s] Level 1:colcon.colcon_core.package_identification:_identify(config/node_modules/@types/node) by extension 'cmake'
[0.877s] Level 1:colcon.colcon_core.package_identification:_identify(config/node_modules/@types/node) by extension 'python'
[0.877s] Level 1:colcon.colcon_core.package_identification:_identify(config/node_modules/@types/node) by extensions ['python_setup_py']
[0.877s] Level 1:colcon.colcon_core.package_identification:_identify(config/node_modules/@types/node) by extension 'python_setup_py'
[0.886s] Level 1:colcon.colcon_core.package_identification:_identify(config/node_modules/@types/node/assert) by extensions ['ignore', 'ignore_ament_install']
[0.887s] Level 1:colcon.colcon_core.package_identification:_identify(config/node_modules/@types/node/assert) by extension 'ignore'
[0.887s] Level 1:colcon.colcon_core.package_identification:_identify(config/node_modules/@types/node/assert) by extension 'ignore_ament_install'
[0.887s] Level 1:colcon.colcon_core.package_identification:_identify(config/node_modules/@types/node/assert) by extensions ['colcon_pkg']
[0.887s] Level 1:colcon.colcon_core.package_identification:_identify(config/node_modules/@types/node/assert) by extension 'colcon_pkg'
[0.887s] Level 1:colcon.colcon_core.package_identification:_identify(config/node_modules/@types/node/assert) by extensions ['colcon_meta']
[0.887s] Level 1:colcon.colcon_core.package_identification:_identify(config/node_modules/@types/node/assert) by extension 'colcon_meta'
[0.887s] Level 1:colcon.colcon_core.package_identification:_identify(config/node_modules/@types/node/assert) by extensions ['ros']
[0.887s] Level 1:colcon.colcon_core.package_identification:_identify(config/node_modules/@types/node/assert) by extension 'ros'
[0.888s] Level 1:colcon.colcon_core.package_identification:_identify(config/node_modules/@types/node/assert) by extensions ['cmake', 'python']
[0.888s] Level 1:colcon.colcon_core.package_identification:_identify(config/node_modules/@types/node/assert) by extension 'cmake'
[0.888s] Level 1:colcon.colcon_core.package_identification:_identify(config/node_modules/@types/node/assert) by extension 'python'
[0.888s] Level 1:colcon.colcon_core.package_identification:_identify(config/node_modules/@types/node/assert) by extensions ['python_setup_py']
[0.888s] Level 1:colcon.colcon_core.package_identification:_identify(config/node_modules/@types/node/assert) by extension 'python_setup_py'
[0.893s] Level 1:colcon.colcon_core.package_identification:_identify(config/node_modules/@types/node/compatibility) by extensions ['ignore', 'ignore_ament_install']
[0.893s] Level 1:colcon.colcon_core.package_identification:_identify(config/node_modules/@types/node/compatibility) by extension 'ignore'
[0.893s] Level 1:colcon.colcon_core.package_identification:_identify(config/node_modules/@types/node/compatibility) by extension 'ignore_ament_install'
[0.893s] Level 1:colcon.colcon_core.package_identification:_identify(config/node_modules/@types/node/compatibility) by extensions ['colcon_pkg']
[0.893s] Level 1:colcon.colcon_core.package_identification:_identify(config/node_modules/@types/node/compatibility) by extension 'colcon_pkg'
[0.893s] Level 1:colcon.colcon_core.package_identification:_identify(config/node_modules/@types/node/compatibility) by extensions ['colcon_meta']
[0.893s] Level 1:colcon.colcon_core.package_identification:_identify(config/node_modules/@types/node/compatibility) by extension 'colcon_meta'
[0.893s] Level 1:colcon.colcon_core.package_identification:_identify(config/node_modules/@types/node/compatibility) by extensions ['ros']
[0.893s] Level 1:colcon.colcon_core.package_identification:_identify(config/node_modules/@types/node/compatibility) by extension 'ros'
[0.893s] Level 1:colcon.colcon_core.package_identification:_identify(config/node_modules/@types/node/compatibility) by extensions ['cmake', 'python']
[0.893s] Level 1:colcon.colcon_core.package_identification:_identify(config/node_modules/@types/node/compatibility) by extension 'cmake'
[0.893s] Level 1:colcon.colcon_core.package_identification:_identify(config/node_modules/@types/node/compatibility) by extension 'python'
[0.893s] Level 1:colcon.colcon_core.package_identification:_identify(config/node_modules/@types/node/compatibility) by extensions ['python_setup_py']
[0.893s] Level 1:colcon.colcon_core.package_identification:_identify(config/node_modules/@types/node/compatibility) by extension 'python_setup_py'
[0.900s] Level 1:colcon.colcon_core.package_identification:_identify(config/node_modules/@types/node/dns) by extensions ['ignore', 'ignore_ament_install']
[0.900s] Level 1:colcon.colcon_core.package_identification:_identify(config/node_modules/@types/node/dns) by extension 'ignore'
[0.900s] Level 1:colcon.colcon_core.package_identification:_identify(config/node_modules/@types/node/dns) by extension 'ignore_ament_install'
[0.900s] Level 1:colcon.colcon_core.package_identification:_identify(config/node_modules/@types/node/dns) by extensions ['colcon_pkg']
[0.900s] Level 1:colcon.colcon_core.package_identification:_identify(config/node_modules/@types/node/dns) by extension 'colcon_pkg'
[0.900s] Level 1:colcon.colcon_core.package_identification:_identify(config/node_modules/@types/node/dns) by extensions ['colcon_meta']
[0.900s] Level 1:colcon.colcon_core.package_identification:_identify(config/node_modules/@types/node/dns) by extension 'colcon_meta'
[0.900s] Level 1:colcon.colcon_core.package_identification:_identify(config/node_modules/@types/node/dns) by extensions ['ros']
[0.900s] Level 1:colcon.colcon_core.package_identification:_identify(config/node_modules/@types/node/dns) by extension 'ros'
[0.900s] Level 1:colcon.colcon_core.package_identification:_identify(config/node_modules/@types/node/dns) by extensions ['cmake', 'python']
[0.900s] Level 1:colcon.colcon_core.package_identification:_identify(config/node_modules/@types/node/dns) by extension 'cmake'
[0.900s] Level 1:colcon.colcon_core.package_identification:_identify(config/node_modules/@types/node/dns) by extension 'python'
[0.900s] Level 1:colcon.colcon_core.package_identification:_identify(config/node_modules/@types/node/dns) by extensions ['python_setup_py']
[0.900s] Level 1:colcon.colcon_core.package_identification:_identify(config/node_modules/@types/node/dns) by extension 'python_setup_py'
[0.909s] Level 1:colcon.colcon_core.package_identification:_identify(config/node_modules/@types/node/fs) by extensions ['ignore', 'ignore_ament_install']
[0.909s] Level 1:colcon.colcon_core.package_identification:_identify(config/node_modules/@types/node/fs) by extension 'ignore'
[0.909s] Level 1:colcon.colcon_core.package_identification:_identify(config/node_modules/@types/node/fs) by extension 'ignore_ament_install'
[0.909s] Level 1:colcon.colcon_core.package_identification:_identify(config/node_modules/@types/node/fs) by extensions ['colcon_pkg']
[0.909s] Level 1:colcon.colcon_core.package_identification:_identify(config/node_modules/@types/node/fs) by extension 'colcon_pkg'
[0.909s] Level 1:colcon.colcon_core.package_identification:_identify(config/node_modules/@types/node/fs) by extensions ['colcon_meta']
[0.909s] Level 1:colcon.colcon_core.package_identification:_identify(config/node_modules/@types/node/fs) by extension 'colcon_meta'
[0.909s] Level 1:colcon.colcon_core.package_identification:_identify(config/node_modules/@types/node/fs) by extensions ['ros']
[0.909s] Level 1:colcon.colcon_core.package_identification:_identify(config/node_modules/@types/node/fs) by extension 'ros'
[0.909s] Level 1:colcon.colcon_core.package_identification:_identify(config/node_modules/@types/node/fs) by extensions ['cmake', 'python']
[0.909s] Level 1:colcon.colcon_core.package_identification:_identify(config/node_modules/@types/node/fs) by extension 'cmake'
[0.909s] Level 1:colcon.colcon_core.package_identification:_identify(config/node_modules/@types/node/fs) by extension 'python'
[0.909s] Level 1:colcon.colcon_core.package_identification:_identify(config/node_modules/@types/node/fs) by extensions ['python_setup_py']
[0.909s] Level 1:colcon.colcon_core.package_identification:_identify(config/node_modules/@types/node/fs) by extension 'python_setup_py'
[0.912s] Level 1:colcon.colcon_core.package_identification:_identify(config/node_modules/@types/node/inspector) by extensions ['ignore', 'ignore_ament_install']
[0.912s] Level 1:colcon.colcon_core.package_identification:_identify(config/node_modules/@types/node/inspector) by extension 'ignore'
[0.912s] Level 1:colcon.colcon_core.package_identification:_identify(config/node_modules/@types/node/inspector) by extension 'ignore_ament_install'
[0.912s] Level 1:colcon.colcon_core.package_identification:_identify(config/node_modules/@types/node/inspector) by extensions ['colcon_pkg']
[0.912s] Level 1:colcon.colcon_core.package_identification:_identify(config/node_modules/@types/node/inspector) by extension 'colcon_pkg'
[0.912s] Level 1:colcon.colcon_core.package_identification:_identify(config/node_modules/@types/node/inspector) by extensions ['colcon_meta']
[0.912s] Level 1:colcon.colcon_core.package_identification:_identify(config/node_modules/@types/node/inspector) by extension 'colcon_meta'
[0.912s] Level 1:colcon.colcon_core.package_identification:_identify(config/node_modules/@types/node/inspector) by extensions ['ros']
[0.912s] Level 1:colcon.colcon_core.package_identification:_identify(config/node_modules/@types/node/inspector) by extension 'ros'
[0.912s] Level 1:colcon.colcon_core.package_identification:_identify(config/node_modules/@types/node/inspector) by extensions ['cmake', 'python']
[0.912s] Level 1:colcon.colcon_core.package_identification:_identify(config/node_modules/@types/node/inspector) by extension 'cmake'
[0.912s] Level 1:colcon.colcon_core.package_identification:_identify(config/node_modules/@types/node/inspector) by extension 'python'
[0.912s] Level 1:colcon.colcon_core.package_identification:_identify(config/node_modules/@types/node/inspector) by extensions ['python_setup_py']
[0.912s] Level 1:colcon.colcon_core.package_identification:_identify(config/node_modules/@types/node/inspector) by extension 'python_setup_py'
[0.922s] Level 1:colcon.colcon_core.package_identification:_identify(config/node_modules/@types/node/path) by extensions ['ignore', 'ignore_ament_install']
[0.922s] Level 1:colcon.colcon_core.package_identification:_identify(config/node_modules/@types/node/path) by extension 'ignore'
[0.922s] Level 1:colcon.colcon_core.package_identification:_identify(config/node_modules/@types/node/path) by extension 'ignore_ament_install'
[0.922s] Level 1:colcon.colcon_core.package_identification:_identify(config/node_modules/@types/node/path) by extensions ['colcon_pkg']
[0.922s] Level 1:colcon.colcon_core.package_identification:_identify(config/node_modules/@types/node/path) by extension 'colcon_pkg'
[0.922s] Level 1:colcon.colcon_core.package_identification:_identify(config/node_modules/@types/node/path) by extensions ['colcon_meta']
[0.923s] Level 1:colcon.colcon_core.package_identification:_identify(config/node_modules/@types/node/path) by extension 'colcon_meta'
[0.923s] Level 1:colcon.colcon_core.package_identification:_identify(config/node_modules/@types/node/path) by extensions ['ros']
[0.923s] Level 1:colcon.colcon_core.package_identification:_identify(config/node_modules/@types/node/path) by extension 'ros'
[0.923s] Level 1:colcon.colcon_core.package_identification:_identify(config/node_modules/@types/node/path) by extensions ['cmake', 'python']
[0.923s] Level 1:colcon.colcon_core.package_identification:_identify(config/node_modules/@types/node/path) by extension 'cmake'
[0.923s] Level 1:colcon.colcon_core.package_identification:_identify(config/node_modules/@types/node/path) by extension 'python'
[0.923s] Level 1:colcon.colcon_core.package_identification:_identify(config/node_modules/@types/node/path) by extensions ['python_setup_py']
[0.923s] Level 1:colcon.colcon_core.package_identification:_identify(config/node_modules/@types/node/path) by extension 'python_setup_py'
[0.925s] Level 1:colcon.colcon_core.package_identification:_identify(config/node_modules/@types/node/readline) by extensions ['ignore', 'ignore_ament_install']
[0.925s] Level 1:colcon.colcon_core.package_identification:_identify(config/node_modules/@types/node/readline) by extension 'ignore'
[0.926s] Level 1:colcon.colcon_core.package_identification:_identify(config/node_modules/@types/node/readline) by extension 'ignore_ament_install'
[0.926s] Level 1:colcon.colcon_core.package_identification:_identify(config/node_modules/@types/node/readline) by extensions ['colcon_pkg']
[0.926s] Level 1:colcon.colcon_core.package_identification:_identify(config/node_modules/@types/node/readline) by extension 'colcon_pkg'
[0.926s] Level 1:colcon.colcon_core.package_identification:_identify(config/node_modules/@types/node/readline) by extensions ['colcon_meta']
[0.926s] Level 1:colcon.colcon_core.package_identification:_identify(config/node_modules/@types/node/readline) by extension 'colcon_meta'
[0.926s] Level 1:colcon.colcon_core.package_identification:_identify(config/node_modules/@types/node/readline) by extensions ['ros']
[0.926s] Level 1:colcon.colcon_core.package_identification:_identify(config/node_modules/@types/node/readline) by extension 'ros'
[0.926s] Level 1:colcon.colcon_core.package_identification:_identify(config/node_modules/@types/node/readline) by extensions ['cmake', 'python']
[0.926s] Level 1:colcon.colcon_core.package_identification:_identify(config/node_modules/@types/node/readline) by extension 'cmake'
[0.926s] Level 1:colcon.colcon_core.package_identification:_identify(config/node_modules/@types/node/readline) by extension 'python'
[0.926s] Level 1:colcon.colcon_core.package_identification:_identify(config/node_modules/@types/node/readline) by extensions ['python_setup_py']
[0.926s] Level 1:colcon.colcon_core.package_identification:_identify(config/node_modules/@types/node/readline) by extension 'python_setup_py'
[0.927s] Level 1:colcon.colcon_core.package_identification:_identify(config/node_modules/@types/node/stream) by extensions ['ignore', 'ignore_ament_install']
[0.927s] Level 1:colcon.colcon_core.package_identification:_identify(config/node_modules/@types/node/stream) by extension 'ignore'
[0.927s] Level 1:colcon.colcon_core.package_identification:_identify(config/node_modules/@types/node/stream) by extension 'ignore_ament_install'
[0.927s] Level 1:colcon.colcon_core.package_identification:_identify(config/node_modules/@types/node/stream) by extensions ['colcon_pkg']
[0.927s] Level 1:colcon.colcon_core.package_identification:_identify(config/node_modules/@types/node/stream) by extension 'colcon_pkg'
[0.927s] Level 1:colcon.colcon_core.package_identification:_identify(config/node_modules/@types/node/stream) by extensions ['colcon_meta']
[0.927s] Level 1:colcon.colcon_core.package_identification:_identify(config/node_modules/@types/node/stream) by extension 'colcon_meta'
[0.927s] Level 1:colcon.colcon_core.package_identification:_identify(config/node_modules/@types/node/stream) by extensions ['ros']
[0.927s] Level 1:colcon.colcon_core.package_identification:_identify(config/node_modules/@types/node/stream) by extension 'ros'
[0.927s] Level 1:colcon.colcon_core.package_identification:_identify(config/node_modules/@types/node/stream) by extensions ['cmake', 'python']
[0.927s] Level 1:colcon.colcon_core.package_identification:_identify(config/node_modules/@types/node/stream) by extension 'cmake'
[0.927s] Level 1:colcon.colcon_core.package_identification:_identify(config/node_modules/@types/node/stream) by extension 'python'
[0.927s] Level 1:colcon.colcon_core.package_identification:_identify(config/node_modules/@types/node/stream) by extensions ['python_setup_py']
[0.927s] Level 1:colcon.colcon_core.package_identification:_identify(config/node_modules/@types/node/stream) by extension 'python_setup_py'
[0.928s] Level 1:colcon.colcon_core.package_identification:_identify(config/node_modules/@types/node/test) by extensions ['ignore', 'ignore_ament_install']
[0.928s] Level 1:colcon.colcon_core.package_identification:_identify(config/node_modules/@types/node/test) by extension 'ignore'
[0.928s] Level 1:colcon.colcon_core.package_identification:_identify(config/node_modules/@types/node/test) by extension 'ignore_ament_install'
[0.928s] Level 1:colcon.colcon_core.package_identification:_identify(config/node_modules/@types/node/test) by extensions ['colcon_pkg']
[0.928s] Level 1:colcon.colcon_core.package_identification:_identify(config/node_modules/@types/node/test) by extension 'colcon_pkg'
[0.928s] Level 1:colcon.colcon_core.package_identification:_identify(config/node_modules/@types/node/test) by extensions ['colcon_meta']
[0.928s] Level 1:colcon.colcon_core.package_identification:_identify(config/node_modules/@types/node/test) by extension 'colcon_meta'
[0.928s] Level 1:colcon.colcon_core.package_identification:_identify(config/node_modules/@types/node/test) by extensions ['ros']
[0.928s] Level 1:colcon.colcon_core.package_identification:_identify(config/node_modules/@types/node/test) by extension 'ros'
[0.928s] Level 1:colcon.colcon_core.package_identification:_identify(config/node_modules/@types/node/test) by extensions ['cmake', 'python']
[0.928s] Level 1:colcon.colcon_core.package_identification:_identify(config/node_modules/@types/node/test) by extension 'cmake'
[0.928s] Level 1:colcon.colcon_core.package_identification:_identify(config/node_modules/@types/node/test) by extension 'python'
[0.928s] Level 1:colcon.colcon_core.package_identification:_identify(config/node_modules/@types/node/test) by extensions ['python_setup_py']
[0.928s] Level 1:colcon.colcon_core.package_identification:_identify(config/node_modules/@types/node/test) by extension 'python_setup_py'
[0.929s] Level 1:colcon.colcon_core.package_identification:_identify(config/node_modules/@types/node/timers) by extensions ['ignore', 'ignore_ament_install']
[0.929s] Level 1:colcon.colcon_core.package_identification:_identify(config/node_modules/@types/node/timers) by extension 'ignore'
[0.929s] Level 1:colcon.colcon_core.package_identification:_identify(config/node_modules/@types/node/timers) by extension 'ignore_ament_install'
[0.929s] Level 1:colcon.colcon_core.package_identification:_identify(config/node_modules/@types/node/timers) by extensions ['colcon_pkg']
[0.929s] Level 1:colcon.colcon_core.package_identification:_identify(config/node_modules/@types/node/timers) by extension 'colcon_pkg'
[0.929s] Level 1:colcon.colcon_core.package_identification:_identify(config/node_modules/@types/node/timers) by extensions ['colcon_meta']
[0.929s] Level 1:colcon.colcon_core.package_identification:_identify(config/node_modules/@types/node/timers) by extension 'colcon_meta'
[0.929s] Level 1:colcon.colcon_core.package_identification:_identify(config/node_modules/@types/node/timers) by extensions ['ros']
[0.929s] Level 1:colcon.colcon_core.package_identification:_identify(config/node_modules/@types/node/timers) by extension 'ros'
[0.929s] Level 1:colcon.colcon_core.package_identification:_identify(config/node_modules/@types/node/timers) by extensions ['cmake', 'python']
[0.929s] Level 1:colcon.colcon_core.package_identification:_identify(config/node_modules/@types/node/timers) by extension 'cmake'
[0.929s] Level 1:colcon.colcon_core.package_identification:_identify(config/node_modules/@types/node/timers) by extension 'python'
[0.929s] Level 1:colcon.colcon_core.package_identification:_identify(config/node_modules/@types/node/timers) by extensions ['python_setup_py']
[0.929s] Level 1:colcon.colcon_core.package_identification:_identify(config/node_modules/@types/node/timers) by extension 'python_setup_py'
[0.930s] Level 1:colcon.colcon_core.package_identification:_identify(config/node_modules/@types/node/ts5.6) by extensions ['ignore', 'ignore_ament_install']
[0.930s] Level 1:colcon.colcon_core.package_identification:_identify(config/node_modules/@types/node/ts5.6) by extension 'ignore'
[0.930s] Level 1:colcon.colcon_core.package_identification:_identify(config/node_modules/@types/node/ts5.6) by extension 'ignore_ament_install'
[0.930s] Level 1:colcon.colcon_core.package_identification:_identify(config/node_modules/@types/node/ts5.6) by extensions ['colcon_pkg']
[0.930s] Level 1:colcon.colcon_core.package_identification:_identify(config/node_modules/@types/node/ts5.6) by extension 'colcon_pkg'
[0.930s] Level 1:colcon.colcon_core.package_identification:_identify(config/node_modules/@types/node/ts5.6) by extensions ['colcon_meta']
[0.930s] Level 1:colcon.colcon_core.package_identification:_identify(config/node_modules/@types/node/ts5.6) by extension 'colcon_meta'
[0.931s] Level 1:colcon.colcon_core.package_identification:_identify(config/node_modules/@types/node/ts5.6) by extensions ['ros']
[0.931s] Level 1:colcon.colcon_core.package_identification:_identify(config/node_modules/@types/node/ts5.6) by extension 'ros'
[0.931s] Level 1:colcon.colcon_core.package_identification:_identify(config/node_modules/@types/node/ts5.6) by extensions ['cmake', 'python']
[0.931s] Level 1:colcon.colcon_core.package_identification:_identify(config/node_modules/@types/node/ts5.6) by extension 'cmake'
[0.931s] Level 1:colcon.colcon_core.package_identification:_identify(config/node_modules/@types/node/ts5.6) by extension 'python'
[0.931s] Level 1:colcon.colcon_core.package_identification:_identify(config/node_modules/@types/node/ts5.6) by extensions ['python_setup_py']
[0.931s] Level 1:colcon.colcon_core.package_identification:_identify(config/node_modules/@types/node/ts5.6) by extension 'python_setup_py'
[0.931s] Level 1:colcon.colcon_core.package_identification:_identify(config/node_modules/@types/node/ts5.6/compatibility) by extensions ['ignore', 'ignore_ament_install']
[0.931s] Level 1:colcon.colcon_core.package_identification:_identify(config/node_modules/@types/node/ts5.6/compatibility) by extension 'ignore'
[0.931s] Level 1:colcon.colcon_core.package_identification:_identify(config/node_modules/@types/node/ts5.6/compatibility) by extension 'ignore_ament_install'
[0.931s] Level 1:colcon.colcon_core.package_identification:_identify(config/node_modules/@types/node/ts5.6/compatibility) by extensions ['colcon_pkg']
[0.931s] Level 1:colcon.colcon_core.package_identification:_identify(config/node_modules/@types/node/ts5.6/compatibility) by extension 'colcon_pkg'
[0.931s] Level 1:colcon.colcon_core.package_identification:_identify(config/node_modules/@types/node/ts5.6/compatibility) by extensions ['colcon_meta']
[0.931s] Level 1:colcon.colcon_core.package_identification:_identify(config/node_modules/@types/node/ts5.6/compatibility) by extension 'colcon_meta'
[0.932s] Level 1:colcon.colcon_core.package_identification:_identify(config/node_modules/@types/node/ts5.6/compatibility) by extensions ['ros']
[0.932s] Level 1:colcon.colcon_core.package_identification:_identify(config/node_modules/@types/node/ts5.6/compatibility) by extension 'ros'
[0.932s] Level 1:colcon.colcon_core.package_identification:_identify(config/node_modules/@types/node/ts5.6/compatibility) by extensions ['cmake', 'python']
[0.932s] Level 1:colcon.colcon_core.package_identification:_identify(config/node_modules/@types/node/ts5.6/compatibility) by extension 'cmake'
[0.932s] Level 1:colcon.colcon_core.package_identification:_identify(config/node_modules/@types/node/ts5.6/compatibility) by extension 'python'
[0.932s] Level 1:colcon.colcon_core.package_identification:_identify(config/node_modules/@types/node/ts5.6/compatibility) by extensions ['python_setup_py']
[0.932s] Level 1:colcon.colcon_core.package_identification:_identify(config/node_modules/@types/node/ts5.6/compatibility) by extension 'python_setup_py'
[0.932s] Level 1:colcon.colcon_core.package_identification:_identify(config/node_modules/@types/node/ts5.7) by extensions ['ignore', 'ignore_ament_install']
[0.932s] Level 1:colcon.colcon_core.package_identification:_identify(config/node_modules/@types/node/ts5.7) by extension 'ignore'
[0.932s] Level 1:colcon.colcon_core.package_identification:_identify(config/node_modules/@types/node/ts5.7) by extension 'ignore_ament_install'
[0.932s] Level 1:colcon.colcon_core.package_identification:_identify(config/node_modules/@types/node/ts5.7) by extensions ['colcon_pkg']
[0.932s] Level 1:colcon.colcon_core.package_identification:_identify(config/node_modules/@types/node/ts5.7) by extension 'colcon_pkg'
[0.932s] Level 1:colcon.colcon_core.package_identification:_identify(config/node_modules/@types/node/ts5.7) by extensions ['colcon_meta']
[0.932s] Level 1:colcon.colcon_core.package_identification:_identify(config/node_modules/@types/node/ts5.7) by extension 'colcon_meta'
[0.933s] Level 1:colcon.colcon_core.package_identification:_identify(config/node_modules/@types/node/ts5.7) by extensions ['ros']
[0.933s] Level 1:colcon.colcon_core.package_identification:_identify(config/node_modules/@types/node/ts5.7) by extension 'ros'
[0.933s] Level 1:colcon.colcon_core.package_identification:_identify(config/node_modules/@types/node/ts5.7) by extensions ['cmake', 'python']
[0.933s] Level 1:colcon.colcon_core.package_identification:_identify(config/node_modules/@types/node/ts5.7) by extension 'cmake'
[0.933s] Level 1:colcon.colcon_core.package_identification:_identify(config/node_modules/@types/node/ts5.7) by extension 'python'
[0.933s] Level 1:colcon.colcon_core.package_identification:_identify(config/node_modules/@types/node/ts5.7) by extensions ['python_setup_py']
[0.933s] Level 1:colcon.colcon_core.package_identification:_identify(config/node_modules/@types/node/ts5.7) by extension 'python_setup_py'
[0.933s] Level 1:colcon.colcon_core.package_identification:_identify(config/node_modules/@types/node/ts5.7/compatibility) by extensions ['ignore', 'ignore_ament_install']
[0.933s] Level 1:colcon.colcon_core.package_identification:_identify(config/node_modules/@types/node/ts5.7/compatibility) by extension 'ignore'
[0.933s] Level 1:colcon.colcon_core.package_identification:_identify(config/node_modules/@types/node/ts5.7/compatibility) by extension 'ignore_ament_install'
[0.933s] Level 1:colcon.colcon_core.package_identification:_identify(config/node_modules/@types/node/ts5.7/compatibility) by extensions ['colcon_pkg']
[0.933s] Level 1:colcon.colcon_core.package_identification:_identify(config/node_modules/@types/node/ts5.7/compatibility) by extension 'colcon_pkg'
[0.933s] Level 1:colcon.colcon_core.package_identification:_identify(config/node_modules/@types/node/ts5.7/compatibility) by extensions ['colcon_meta']
[0.933s] Level 1:colcon.colcon_core.package_identification:_identify(config/node_modules/@types/node/ts5.7/compatibility) by extension 'colcon_meta'
[0.933s] Level 1:colcon.colcon_core.package_identification:_identify(config/node_modules/@types/node/ts5.7/compatibility) by extensions ['ros']
[0.933s] Level 1:colcon.colcon_core.package_identification:_identify(config/node_modules/@types/node/ts5.7/compatibility) by extension 'ros'
[0.934s] Level 1:colcon.colcon_core.package_identification:_identify(config/node_modules/@types/node/ts5.7/compatibility) by extensions ['cmake', 'python']
[0.934s] Level 1:colcon.colcon_core.package_identification:_identify(config/node_modules/@types/node/ts5.7/compatibility) by extension 'cmake'
[0.934s] Level 1:colcon.colcon_core.package_identification:_identify(config/node_modules/@types/node/ts5.7/compatibility) by extension 'python'
[0.934s] Level 1:colcon.colcon_core.package_identification:_identify(config/node_modules/@types/node/ts5.7/compatibility) by extensions ['python_setup_py']
[0.934s] Level 1:colcon.colcon_core.package_identification:_identify(config/node_modules/@types/node/ts5.7/compatibility) by extension 'python_setup_py'
[0.934s] Level 1:colcon.colcon_core.package_identification:_identify(config/node_modules/@types/node/util) by extensions ['ignore', 'ignore_ament_install']
[0.934s] Level 1:colcon.colcon_core.package_identification:_identify(config/node_modules/@types/node/util) by extension 'ignore'
[0.934s] Level 1:colcon.colcon_core.package_identification:_identify(config/node_modules/@types/node/util) by extension 'ignore_ament_install'
[0.934s] Level 1:colcon.colcon_core.package_identification:_identify(config/node_modules/@types/node/util) by extensions ['colcon_pkg']
[0.934s] Level 1:colcon.colcon_core.package_identification:_identify(config/node_modules/@types/node/util) by extension 'colcon_pkg'
[0.934s] Level 1:colcon.colcon_core.package_identification:_identify(config/node_modules/@types/node/util) by extensions ['colcon_meta']
[0.934s] Level 1:colcon.colcon_core.package_identification:_identify(config/node_modules/@types/node/util) by extension 'colcon_meta'
[0.935s] Level 1:colcon.colcon_core.package_identification:_identify(config/node_modules/@types/node/util) by extensions ['ros']
[0.935s] Level 1:colcon.colcon_core.package_identification:_identify(config/node_modules/@types/node/util) by extension 'ros'
[0.935s] Level 1:colcon.colcon_core.package_identification:_identify(config/node_modules/@types/node/util) by extensions ['cmake', 'python']
[0.935s] Level 1:colcon.colcon_core.package_identification:_identify(config/node_modules/@types/node/util) by extension 'cmake'
[0.935s] Level 1:colcon.colcon_core.package_identification:_identify(config/node_modules/@types/node/util) by extension 'python'
[0.935s] Level 1:colcon.colcon_core.package_identification:_identify(config/node_modules/@types/node/util) by extensions ['python_setup_py']
[0.935s] Level 1:colcon.colcon_core.package_identification:_identify(config/node_modules/@types/node/util) by extension 'python_setup_py'
[0.935s] Level 1:colcon.colcon_core.package_identification:_identify(config/node_modules/@types/node/web-globals) by extensions ['ignore', 'ignore_ament_install']
[0.935s] Level 1:colcon.colcon_core.package_identification:_identify(config/node_modules/@types/node/web-globals) by extension 'ignore'
[0.936s] Level 1:colcon.colcon_core.package_identification:_identify(config/node_modules/@types/node/web-globals) by extension 'ignore_ament_install'
[0.936s] Level 1:colcon.colcon_core.package_identification:_identify(config/node_modules/@types/node/web-globals) by extensions ['colcon_pkg']
[0.936s] Level 1:colcon.colcon_core.package_identification:_identify(config/node_modules/@types/node/web-globals) by extension 'colcon_pkg'
[0.936s] Level 1:colcon.colcon_core.package_identification:_identify(config/node_modules/@types/node/web-globals) by extensions ['colcon_meta']
[0.936s] Level 1:colcon.colcon_core.package_identification:_identify(config/node_modules/@types/node/web-globals) by extension 'colcon_meta'
[0.936s] Level 1:colcon.colcon_core.package_identification:_identify(config/node_modules/@types/node/web-globals) by extensions ['ros']
[0.936s] Level 1:colcon.colcon_core.package_identification:_identify(config/node_modules/@types/node/web-globals) by extension 'ros'
[0.936s] Level 1:colcon.colcon_core.package_identification:_identify(config/node_modules/@types/node/web-globals) by extensions ['cmake', 'python']
[0.936s] Level 1:colcon.colcon_core.package_identification:_identify(config/node_modules/@types/node/web-globals) by extension 'cmake'
[0.936s] Level 1:colcon.colcon_core.package_identification:_identify(config/node_modules/@types/node/web-globals) by extension 'python'
[0.936s] Level 1:colcon.colcon_core.package_identification:_identify(config/node_modules/@types/node/web-globals) by extensions ['python_setup_py']
[0.936s] Level 1:colcon.colcon_core.package_identification:_identify(config/node_modules/@types/node/web-globals) by extension 'python_setup_py'
[0.936s] Level 1:colcon.colcon_core.package_identification:_identify(config/node_modules/accepts) by extensions ['ignore', 'ignore_ament_install']
[0.936s] Level 1:colcon.colcon_core.package_identification:_identify(config/node_modules/accepts) by extension 'ignore'
[0.936s] Level 1:colcon.colcon_core.package_identification:_identify(config/node_modules/accepts) by extension 'ignore_ament_install'
[0.937s] Level 1:colcon.colcon_core.package_identification:_identify(config/node_modules/accepts) by extensions ['colcon_pkg']
[0.937s] Level 1:colcon.colcon_core.package_identification:_identify(config/node_modules/accepts) by extension 'colcon_pkg'
[0.937s] Level 1:colcon.colcon_core.package_identification:_identify(config/node_modules/accepts) by extensions ['colcon_meta']
[0.937s] Level 1:colcon.colcon_core.package_identification:_identify(config/node_modules/accepts) by extension 'colcon_meta'
[0.937s] Level 1:colcon.colcon_core.package_identification:_identify(config/node_modules/accepts) by extensions ['ros']
[0.937s] Level 1:colcon.colcon_core.package_identification:_identify(config/node_modules/accepts) by extension 'ros'
[0.937s] Level 1:colcon.colcon_core.package_identification:_identify(config/node_modules/accepts) by extensions ['cmake', 'python']
[0.937s] Level 1:colcon.colcon_core.package_identification:_identify(config/node_modules/accepts) by extension 'cmake'
[0.937s] Level 1:colcon.colcon_core.package_identification:_identify(config/node_modules/accepts) by extension 'python'
[0.937s] Level 1:colcon.colcon_core.package_identification:_identify(config/node_modules/accepts) by extensions ['python_setup_py']
[0.937s] Level 1:colcon.colcon_core.package_identification:_identify(config/node_modules/accepts) by extension 'python_setup_py'
[0.937s] Level 1:colcon.colcon_core.package_identification:_identify(config/node_modules/accepts/node_modules) by extensions ['ignore', 'ignore_ament_install']
[0.937s] Level 1:colcon.colcon_core.package_identification:_identify(config/node_modules/accepts/node_modules) by extension 'ignore'
[0.937s] Level 1:colcon.colcon_core.package_identification:_identify(config/node_modules/accepts/node_modules) by extension 'ignore_ament_install'
[0.937s] Level 1:colcon.colcon_core.package_identification:_identify(config/node_modules/accepts/node_modules) by extensions ['colcon_pkg']
[0.937s] Level 1:colcon.colcon_core.package_identification:_identify(config/node_modules/accepts/node_modules) by extension 'colcon_pkg'
[0.937s] Level 1:colcon.colcon_core.package_identification:_identify(config/node_modules/accepts/node_modules) by extensions ['colcon_meta']
[0.937s] Level 1:colcon.colcon_core.package_identification:_identify(config/node_modules/accepts/node_modules) by extension 'colcon_meta'
[0.938s] Level 1:colcon.colcon_core.package_identification:_identify(config/node_modules/accepts/node_modules) by extensions ['ros']
[0.938s] Level 1:colcon.colcon_core.package_identification:_identify(config/node_modules/accepts/node_modules) by extension 'ros'
[0.938s] Level 1:colcon.colcon_core.package_identification:_identify(config/node_modules/accepts/node_modules) by extensions ['cmake', 'python']
[0.938s] Level 1:colcon.colcon_core.package_identification:_identify(config/node_modules/accepts/node_modules) by extension 'cmake'
[0.938s] Level 1:colcon.colcon_core.package_identification:_identify(config/node_modules/accepts/node_modules) by extension 'python'
[0.938s] Level 1:colcon.colcon_core.package_identification:_identify(config/node_modules/accepts/node_modules) by extensions ['python_setup_py']
[0.938s] Level 1:colcon.colcon_core.package_identification:_identify(config/node_modules/accepts/node_modules) by extension 'python_setup_py'
[0.938s] Level 1:colcon.colcon_core.package_identification:_identify(config/node_modules/accepts/node_modules/negotiator) by extensions ['ignore', 'ignore_ament_install']
[0.938s] Level 1:colcon.colcon_core.package_identification:_identify(config/node_modules/accepts/node_modules/negotiator) by extension 'ignore'
[0.938s] Level 1:colcon.colcon_core.package_identification:_identify(config/node_modules/accepts/node_modules/negotiator) by extension 'ignore_ament_install'
[0.938s] Level 1:colcon.colcon_core.package_identification:_identify(config/node_modules/accepts/node_modules/negotiator) by extensions ['colcon_pkg']
[0.938s] Level 1:colcon.colcon_core.package_identification:_identify(config/node_modules/accepts/node_modules/negotiator) by extension 'colcon_pkg'
[0.939s] Level 1:colcon.colcon_core.package_identification:_identify(config/node_modules/accepts/node_modules/negotiator) by extensions ['colcon_meta']
[0.939s] Level 1:colcon.colcon_core.package_identification:_identify(config/node_modules/accepts/node_modules/negotiator) by extension 'colcon_meta'
[0.939s] Level 1:colcon.colcon_core.package_identification:_identify(config/node_modules/accepts/node_modules/negotiator) by extensions ['ros']
[0.939s] Level 1:colcon.colcon_core.package_identification:_identify(config/node_modules/accepts/node_modules/negotiator) by extension 'ros'
[0.939s] Level 1:colcon.colcon_core.package_identification:_identify(config/node_modules/accepts/node_modules/negotiator) by extensions ['cmake', 'python']
[0.939s] Level 1:colcon.colcon_core.package_identification:_identify(config/node_modules/accepts/node_modules/negotiator) by extension 'cmake'
[0.939s] Level 1:colcon.colcon_core.package_identification:_identify(config/node_modules/accepts/node_modules/negotiator) by extension 'python'
[0.939s] Level 1:colcon.colcon_core.package_identification:_identify(config/node_modules/accepts/node_modules/negotiator) by extensions ['python_setup_py']
[0.939s] Level 1:colcon.colcon_core.package_identification:_identify(config/node_modules/accepts/node_modules/negotiator) by extension 'python_setup_py'
[0.939s] Level 1:colcon.colcon_core.package_identification:_identify(config/node_modules/accepts/node_modules/negotiator/lib) by extensions ['ignore', 'ignore_ament_install']
[0.940s] Level 1:colcon.colcon_core.package_identification:_identify(config/node_modules/accepts/node_modules/negotiator/lib) by extension 'ignore'
[0.940s] Level 1:colcon.colcon_core.package_identification:_identify(config/node_modules/accepts/node_modules/negotiator/lib) by extension 'ignore_ament_install'
[0.940s] Level 1:colcon.colcon_core.package_identification:_identify(config/node_modules/accepts/node_modules/negotiator/lib) by extensions ['colcon_pkg']
[0.940s] Level 1:colcon.colcon_core.package_identification:_identify(config/node_modules/accepts/node_modules/negotiator/lib) by extension 'colcon_pkg'
[0.940s] Level 1:colcon.colcon_core.package_identification:_identify(config/node_modules/accepts/node_modules/negotiator/lib) by extensions ['colcon_meta']
[0.940s] Level 1:colcon.colcon_core.package_identification:_identify(config/node_modules/accepts/node_modules/negotiator/lib) by extension 'colcon_meta'
[0.940s] Level 1:colcon.colcon_core.package_identification:_identify(config/node_modules/accepts/node_modules/negotiator/lib) by extensions ['ros']
[0.940s] Level 1:colcon.colcon_core.package_identification:_identify(config/node_modules/accepts/node_modules/negotiator/lib) by extension 'ros'
[0.940s] Level 1:colcon.colcon_core.package_identification:_identify(config/node_modules/accepts/node_modules/negotiator/lib) by extensions ['cmake', 'python']
[0.940s] Level 1:colcon.colcon_core.package_identification:_identify(config/node_modules/accepts/node_modules/negotiator/lib) by extension 'cmake'
[0.940s] Level 1:colcon.colcon_core.package_identification:_identify(config/node_modules/accepts/node_modules/negotiator/lib) by extension 'python'
[0.940s] Level 1:colcon.colcon_core.package_identification:_identify(config/node_modules/accepts/node_modules/negotiator/lib) by extensions ['python_setup_py']
[0.940s] Level 1:colcon.colcon_core.package_identification:_identify(config/node_modules/accepts/node_modules/negotiator/lib) by extension 'python_setup_py'
[0.941s] Level 1:colcon.colcon_core.package_identification:_identify(config/node_modules/base64id) by extensions ['ignore', 'ignore_ament_install']
[0.941s] Level 1:colcon.colcon_core.package_identification:_identify(config/node_modules/base64id) by extension 'ignore'
[0.941s] Level 1:colcon.colcon_core.package_identification:_identify(config/node_modules/base64id) by extension 'ignore_ament_install'
[0.941s] Level 1:colcon.colcon_core.package_identification:_identify(config/node_modules/base64id) by extensions ['colcon_pkg']
[0.941s] Level 1:colcon.colcon_core.package_identification:_identify(config/node_modules/base64id) by extension 'colcon_pkg'
[0.941s] Level 1:colcon.colcon_core.package_identification:_identify(config/node_modules/base64id) by extensions ['colcon_meta']
[0.941s] Level 1:colcon.colcon_core.package_identification:_identify(config/node_modules/base64id) by extension 'colcon_meta'
[0.941s] Level 1:colcon.colcon_core.package_identification:_identify(config/node_modules/base64id) by extensions ['ros']
[0.941s] Level 1:colcon.colcon_core.package_identification:_identify(config/node_modules/base64id) by extension 'ros'
[0.941s] Level 1:colcon.colcon_core.package_identification:_identify(config/node_modules/base64id) by extensions ['cmake', 'python']
[0.941s] Level 1:colcon.colcon_core.package_identification:_identify(config/node_modules/base64id) by extension 'cmake'
[0.941s] Level 1:colcon.colcon_core.package_identification:_identify(config/node_modules/base64id) by extension 'python'
[0.941s] Level 1:colcon.colcon_core.package_identification:_identify(config/node_modules/base64id) by extensions ['python_setup_py']
[0.941s] Level 1:colcon.colcon_core.package_identification:_identify(config/node_modules/base64id) by extension 'python_setup_py'
[0.942s] Level 1:colcon.colcon_core.package_identification:_identify(config/node_modules/base64id/lib) by extensions ['ignore', 'ignore_ament_install']
[0.942s] Level 1:colcon.colcon_core.package_identification:_identify(config/node_modules/base64id/lib) by extension 'ignore'
[0.942s] Level 1:colcon.colcon_core.package_identification:_identify(config/node_modules/base64id/lib) by extension 'ignore_ament_install'
[0.942s] Level 1:colcon.colcon_core.package_identification:_identify(config/node_modules/base64id/lib) by extensions ['colcon_pkg']
[0.942s] Level 1:colcon.colcon_core.package_identification:_identify(config/node_modules/base64id/lib) by extension 'colcon_pkg'
[0.942s] Level 1:colcon.colcon_core.package_identification:_identify(config/node_modules/base64id/lib) by extensions ['colcon_meta']
[0.942s] Level 1:colcon.colcon_core.package_identification:_identify(config/node_modules/base64id/lib) by extension 'colcon_meta'
[0.942s] Level 1:colcon.colcon_core.package_identification:_identify(config/node_modules/base64id/lib) by extensions ['ros']
[0.942s] Level 1:colcon.colcon_core.package_identification:_identify(config/node_modules/base64id/lib) by extension 'ros'
[0.943s] Level 1:colcon.colcon_core.package_identification:_identify(config/node_modules/base64id/lib) by extensions ['cmake', 'python']
[0.943s] Level 1:colcon.colcon_core.package_identification:_identify(config/node_modules/base64id/lib) by extension 'cmake'
[0.943s] Level 1:colcon.colcon_core.package_identification:_identify(config/node_modules/base64id/lib) by extension 'python'
[0.943s] Level 1:colcon.colcon_core.package_identification:_identify(config/node_modules/base64id/lib) by extensions ['python_setup_py']
[0.943s] Level 1:colcon.colcon_core.package_identification:_identify(config/node_modules/base64id/lib) by extension 'python_setup_py'
[0.943s] Level 1:colcon.colcon_core.package_identification:_identify(config/node_modules/bytes) by extensions ['ignore', 'ignore_ament_install']
[0.943s] Level 1:colcon.colcon_core.package_identification:_identify(config/node_modules/bytes) by extension 'ignore'
[0.943s] Level 1:colcon.colcon_core.package_identification:_identify(config/node_modules/bytes) by extension 'ignore_ament_install'
[0.943s] Level 1:colcon.colcon_core.package_identification:_identify(config/node_modules/bytes) by extensions ['colcon_pkg']
[0.944s] Level 1:colcon.colcon_core.package_identification:_identify(config/node_modules/bytes) by extension 'colcon_pkg'
[0.944s] Level 1:colcon.colcon_core.package_identification:_identify(config/node_modules/bytes) by extensions ['colcon_meta']
[0.944s] Level 1:colcon.colcon_core.package_identification:_identify(config/node_modules/bytes) by extension 'colcon_meta'
[0.944s] Level 1:colcon.colcon_core.package_identification:_identify(config/node_modules/bytes) by extensions ['ros']
[0.944s] Level 1:colcon.colcon_core.package_identification:_identify(config/node_modules/bytes) by extension 'ros'
[0.944s] Level 1:colcon.colcon_core.package_identification:_identify(config/node_modules/bytes) by extensions ['cmake', 'python']
[0.944s] Level 1:colcon.colcon_core.package_identification:_identify(config/node_modules/bytes) by extension 'cmake'
[0.944s] Level 1:colcon.colcon_core.package_identification:_identify(config/node_modules/bytes) by extension 'python'
[0.944s] Level 1:colcon.colcon_core.package_identification:_identify(config/node_modules/bytes) by extensions ['python_setup_py']
[0.944s] Level 1:colcon.colcon_core.package_identification:_identify(config/node_modules/bytes) by extension 'python_setup_py'
[0.944s] Level 1:colcon.colcon_core.package_identification:_identify(config/node_modules/compressible) by extensions ['ignore', 'ignore_ament_install']
[0.945s] Level 1:colcon.colcon_core.package_identification:_identify(config/node_modules/compressible) by extension 'ignore'
[0.945s] Level 1:colcon.colcon_core.package_identification:_identify(config/node_modules/compressible) by extension 'ignore_ament_install'
[0.945s] Level 1:colcon.colcon_core.package_identification:_identify(config/node_modules/compressible) by extensions ['colcon_pkg']
[0.945s] Level 1:colcon.colcon_core.package_identification:_identify(config/node_modules/compressible) by extension 'colcon_pkg'
[0.945s] Level 1:colcon.colcon_core.package_identification:_identify(config/node_modules/compressible) by extensions ['colcon_meta']
[0.945s] Level 1:colcon.colcon_core.package_identification:_identify(config/node_modules/compressible) by extension 'colcon_meta'
[0.945s] Level 1:colcon.colcon_core.package_identification:_identify(config/node_modules/compressible) by extensions ['ros']
[0.945s] Level 1:colcon.colcon_core.package_identification:_identify(config/node_modules/compressible) by extension 'ros'
[0.945s] Level 1:colcon.colcon_core.package_identification:_identify(config/node_modules/compressible) by extensions ['cmake', 'python']
[0.945s] Level 1:colcon.colcon_core.package_identification:_identify(config/node_modules/compressible) by extension 'cmake'
[0.945s] Level 1:colcon.colcon_core.package_identification:_identify(config/node_modules/compressible) by extension 'python'
[0.945s] Level 1:colcon.colcon_core.package_identification:_identify(config/node_modules/compressible) by extensions ['python_setup_py']
[0.945s] Level 1:colcon.colcon_core.package_identification:_identify(config/node_modules/compressible) by extension 'python_setup_py'
[0.946s] Level 1:colcon.colcon_core.package_identification:_identify(config/node_modules/compression) by extensions ['ignore', 'ignore_ament_install']
[0.946s] Level 1:colcon.colcon_core.package_identification:_identify(config/node_modules/compression) by extension 'ignore'
[0.946s] Level 1:colcon.colcon_core.package_identification:_identify(config/node_modules/compression) by extension 'ignore_ament_install'
[0.946s] Level 1:colcon.colcon_core.package_identification:_identify(config/node_modules/compression) by extensions ['colcon_pkg']
[0.946s] Level 1:colcon.colcon_core.package_identification:_identify(config/node_modules/compression) by extension 'colcon_pkg'
[0.946s] Level 1:colcon.colcon_core.package_identification:_identify(config/node_modules/compression) by extensions ['colcon_meta']
[0.946s] Level 1:colcon.colcon_core.package_identification:_identify(config/node_modules/compression) by extension 'colcon_meta'
[0.946s] Level 1:colcon.colcon_core.package_identification:_identify(config/node_modules/compression) by extensions ['ros']
[0.947s] Level 1:colcon.colcon_core.package_identification:_identify(config/node_modules/compression) by extension 'ros'
[0.947s] Level 1:colcon.colcon_core.package_identification:_identify(config/node_modules/compression) by extensions ['cmake', 'python']
[0.947s] Level 1:colcon.colcon_core.package_identification:_identify(config/node_modules/compression) by extension 'cmake'
[0.947s] Level 1:colcon.colcon_core.package_identification:_identify(config/node_modules/compression) by extension 'python'
[0.947s] Level 1:colcon.colcon_core.package_identification:_identify(config/node_modules/compression) by extensions ['python_setup_py']
[0.947s] Level 1:colcon.colcon_core.package_identification:_identify(config/node_modules/compression) by extension 'python_setup_py'
[0.947s] Level 1:colcon.colcon_core.package_identification:_identify(config/node_modules/cookie) by extensions ['ignore', 'ignore_ament_install']
[0.947s] Level 1:colcon.colcon_core.package_identification:_identify(config/node_modules/cookie) by extension 'ignore'
[0.948s] Level 1:colcon.colcon_core.package_identification:_identify(config/node_modules/cookie) by extension 'ignore_ament_install'
[0.948s] Level 1:colcon.colcon_core.package_identification:_identify(config/node_modules/cookie) by extensions ['colcon_pkg']
[0.948s] Level 1:colcon.colcon_core.package_identification:_identify(config/node_modules/cookie) by extension 'colcon_pkg'
[0.948s] Level 1:colcon.colcon_core.package_identification:_identify(config/node_modules/cookie) by extensions ['colcon_meta']
[0.948s] Level 1:colcon.colcon_core.package_identification:_identify(config/node_modules/cookie) by extension 'colcon_meta'
[0.948s] Level 1:colcon.colcon_core.package_identification:_identify(config/node_modules/cookie) by extensions ['ros']
[0.948s] Level 1:colcon.colcon_core.package_identification:_identify(config/node_modules/cookie) by extension 'ros'
[0.948s] Level 1:colcon.colcon_core.package_identification:_identify(config/node_modules/cookie) by extensions ['cmake', 'python']
[0.948s] Level 1:colcon.colcon_core.package_identification:_identify(config/node_modules/cookie) by extension 'cmake'
[0.948s] Level 1:colcon.colcon_core.package_identification:_identify(config/node_modules/cookie) by extension 'python'
[0.948s] Level 1:colcon.colcon_core.package_identification:_identify(config/node_modules/cookie) by extensions ['python_setup_py']
[0.948s] Level 1:colcon.colcon_core.package_identification:_identify(config/node_modules/cookie) by extension 'python_setup_py'
[0.949s] Level 1:colcon.colcon_core.package_identification:_identify(config/node_modules/cors) by extensions ['ignore', 'ignore_ament_install']
[0.949s] Level 1:colcon.colcon_core.package_identification:_identify(config/node_modules/cors) by extension 'ignore'
[0.949s] Level 1:colcon.colcon_core.package_identification:_identify(config/node_modules/cors) by extension 'ignore_ament_install'
[0.949s] Level 1:colcon.colcon_core.package_identification:_identify(config/node_modules/cors) by extensions ['colcon_pkg']
[0.949s] Level 1:colcon.colcon_core.package_identification:_identify(config/node_modules/cors) by extension 'colcon_pkg'
[0.949s] Level 1:colcon.colcon_core.package_identification:_identify(config/node_modules/cors) by extensions ['colcon_meta']
[0.949s] Level 1:colcon.colcon_core.package_identification:_identify(config/node_modules/cors) by extension 'colcon_meta'
[0.949s] Level 1:colcon.colcon_core.package_identification:_identify(config/node_modules/cors) by extensions ['ros']
[0.949s] Level 1:colcon.colcon_core.package_identification:_identify(config/node_modules/cors) by extension 'ros'
[0.949s] Level 1:colcon.colcon_core.package_identification:_identify(config/node_modules/cors) by extensions ['cmake', 'python']
[0.949s] Level 1:colcon.colcon_core.package_identification:_identify(config/node_modules/cors) by extension 'cmake'
[0.949s] Level 1:colcon.colcon_core.package_identification:_identify(config/node_modules/cors) by extension 'python'
[0.949s] Level 1:colcon.colcon_core.package_identification:_identify(config/node_modules/cors) by extensions ['python_setup_py']
[0.949s] Level 1:colcon.colcon_core.package_identification:_identify(config/node_modules/cors) by extension 'python_setup_py'
[0.950s] Level 1:colcon.colcon_core.package_identification:_identify(config/node_modules/cors/lib) by extensions ['ignore', 'ignore_ament_install']
[0.950s] Level 1:colcon.colcon_core.package_identification:_identify(config/node_modules/cors/lib) by extension 'ignore'
[0.950s] Level 1:colcon.colcon_core.package_identification:_identify(config/node_modules/cors/lib) by extension 'ignore_ament_install'
[0.950s] Level 1:colcon.colcon_core.package_identification:_identify(config/node_modules/cors/lib) by extensions ['colcon_pkg']
[0.950s] Level 1:colcon.colcon_core.package_identification:_identify(config/node_modules/cors/lib) by extension 'colcon_pkg'
[0.950s] Level 1:colcon.colcon_core.package_identification:_identify(config/node_modules/cors/lib) by extensions ['colcon_meta']
[0.950s] Level 1:colcon.colcon_core.package_identification:_identify(config/node_modules/cors/lib) by extension 'colcon_meta'
[0.950s] Level 1:colcon.colcon_core.package_identification:_identify(config/node_modules/cors/lib) by extensions ['ros']
[0.950s] Level 1:colcon.colcon_core.package_identification:_identify(config/node_modules/cors/lib) by extension 'ros'
[0.951s] Level 1:colcon.colcon_core.package_identification:_identify(config/node_modules/cors/lib) by extensions ['cmake', 'python']
[0.951s] Level 1:colcon.colcon_core.package_identification:_identify(config/node_modules/cors/lib) by extension 'cmake'
[0.951s] Level 1:colcon.colcon_core.package_identification:_identify(config/node_modules/cors/lib) by extension 'python'
[0.951s] Level 1:colcon.colcon_core.package_identification:_identify(config/node_modules/cors/lib) by extensions ['python_setup_py']
[0.951s] Level 1:colcon.colcon_core.package_identification:_identify(config/node_modules/cors/lib) by extension 'python_setup_py'
[0.951s] Level 1:colcon.colcon_core.package_identification:_identify(config/node_modules/debug) by extensions ['ignore', 'ignore_ament_install']
[0.951s] Level 1:colcon.colcon_core.package_identification:_identify(config/node_modules/debug) by extension 'ignore'
[0.951s] Level 1:colcon.colcon_core.package_identification:_identify(config/node_modules/debug) by extension 'ignore_ament_install'
[0.951s] Level 1:colcon.colcon_core.package_identification:_identify(config/node_modules/debug) by extensions ['colcon_pkg']
[0.952s] Level 1:colcon.colcon_core.package_identification:_identify(config/node_modules/debug) by extension 'colcon_pkg'
[0.952s] Level 1:colcon.colcon_core.package_identification:_identify(config/node_modules/debug) by extensions ['colcon_meta']
[0.952s] Level 1:colcon.colcon_core.package_identification:_identify(config/node_modules/debug) by extension 'colcon_meta'
[0.952s] Level 1:colcon.colcon_core.package_identification:_identify(config/node_modules/debug) by extensions ['ros']
[0.952s] Level 1:colcon.colcon_core.package_identification:_identify(config/node_modules/debug) by extension 'ros'
[0.952s] Level 1:colcon.colcon_core.package_identification:_identify(config/node_modules/debug) by extensions ['cmake', 'python']
[0.952s] Level 1:colcon.colcon_core.package_identification:_identify(config/node_modules/debug) by extension 'cmake'
[0.952s] Level 1:colcon.colcon_core.package_identification:_identify(config/node_modules/debug) by extension 'python'
[0.952s] Level 1:colcon.colcon_core.package_identification:_identify(config/node_modules/debug) by extensions ['python_setup_py']
[0.952s] Level 1:colcon.colcon_core.package_identification:_identify(config/node_modules/debug) by extension 'python_setup_py'
[0.952s] Level 1:colcon.colcon_core.package_identification:_identify(config/node_modules/debug/src) by extensions ['ignore', 'ignore_ament_install']
[0.952s] Level 1:colcon.colcon_core.package_identification:_identify(config/node_modules/debug/src) by extension 'ignore'
[0.952s] Level 1:colcon.colcon_core.package_identification:_identify(config/node_modules/debug/src) by extension 'ignore_ament_install'
[0.952s] Level 1:colcon.colcon_core.package_identification:_identify(config/node_modules/debug/src) by extensions ['colcon_pkg']
[0.952s] Level 1:colcon.colcon_core.package_identification:_identify(config/node_modules/debug/src) by extension 'colcon_pkg'
[0.952s] Level 1:colcon.colcon_core.package_identification:_identify(config/node_modules/debug/src) by extensions ['colcon_meta']
[0.952s] Level 1:colcon.colcon_core.package_identification:_identify(config/node_modules/debug/src) by extension 'colcon_meta'
[0.952s] Level 1:colcon.colcon_core.package_identification:_identify(config/node_modules/debug/src) by extensions ['ros']
[0.953s] Level 1:colcon.colcon_core.package_identification:_identify(config/node_modules/debug/src) by extension 'ros'
[0.953s] Level 1:colcon.colcon_core.package_identification:_identify(config/node_modules/debug/src) by extensions ['cmake', 'python']
[0.953s] Level 1:colcon.colcon_core.package_identification:_identify(config/node_modules/debug/src) by extension 'cmake'
[0.953s] Level 1:colcon.colcon_core.package_identification:_identify(config/node_modules/debug/src) by extension 'python'
[0.953s] Level 1:colcon.colcon_core.package_identification:_identify(config/node_modules/debug/src) by extensions ['python_setup_py']
[0.953s] Level 1:colcon.colcon_core.package_identification:_identify(config/node_modules/debug/src) by extension 'python_setup_py'
[0.953s] Level 1:colcon.colcon_core.package_identification:_identify(config/node_modules/depd) by extensions ['ignore', 'ignore_ament_install']
[0.953s] Level 1:colcon.colcon_core.package_identification:_identify(config/node_modules/depd) by extension 'ignore'
[0.953s] Level 1:colcon.colcon_core.package_identification:_identify(config/node_modules/depd) by extension 'ignore_ament_install'
[0.953s] Level 1:colcon.colcon_core.package_identification:_identify(config/node_modules/depd) by extensions ['colcon_pkg']
[0.954s] Level 1:colcon.colcon_core.package_identification:_identify(config/node_modules/depd) by extension 'colcon_pkg'
[0.954s] Level 1:colcon.colcon_core.package_identification:_identify(config/node_modules/depd) by extensions ['colcon_meta']
[0.954s] Level 1:colcon.colcon_core.package_identification:_identify(config/node_modules/depd) by extension 'colcon_meta'
[0.954s] Level 1:colcon.colcon_core.package_identification:_identify(config/node_modules/depd) by extensions ['ros']
[0.954s] Level 1:colcon.colcon_core.package_identification:_identify(config/node_modules/depd) by extension 'ros'
[0.954s] Level 1:colcon.colcon_core.package_identification:_identify(config/node_modules/depd) by extensions ['cmake', 'python']
[0.954s] Level 1:colcon.colcon_core.package_identification:_identify(config/node_modules/depd) by extension 'cmake'
[0.954s] Level 1:colcon.colcon_core.package_identification:_identify(config/node_modules/depd) by extension 'python'
[0.954s] Level 1:colcon.colcon_core.package_identification:_identify(config/node_modules/depd) by extensions ['python_setup_py']
[0.954s] Level 1:colcon.colcon_core.package_identification:_identify(config/node_modules/depd) by extension 'python_setup_py'
[0.955s] Level 1:colcon.colcon_core.package_identification:_identify(config/node_modules/depd/lib) by extensions ['ignore', 'ignore_ament_install']
[0.955s] Level 1:colcon.colcon_core.package_identification:_identify(config/node_modules/depd/lib) by extension 'ignore'
[0.955s] Level 1:colcon.colcon_core.package_identification:_identify(config/node_modules/depd/lib) by extension 'ignore_ament_install'
[0.955s] Level 1:colcon.colcon_core.package_identification:_identify(config/node_modules/depd/lib) by extensions ['colcon_pkg']
[0.955s] Level 1:colcon.colcon_core.package_identification:_identify(config/node_modules/depd/lib) by extension 'colcon_pkg'
[0.955s] Level 1:colcon.colcon_core.package_identification:_identify(config/node_modules/depd/lib) by extensions ['colcon_meta']
[0.955s] Level 1:colcon.colcon_core.package_identification:_identify(config/node_modules/depd/lib) by extension 'colcon_meta'
[0.955s] Level 1:colcon.colcon_core.package_identification:_identify(config/node_modules/depd/lib) by extensions ['ros']
[0.955s] Level 1:colcon.colcon_core.package_identification:_identify(config/node_modules/depd/lib) by extension 'ros'
[0.955s] Level 1:colcon.colcon_core.package_identification:_identify(config/node_modules/depd/lib) by extensions ['cmake', 'python']
[0.955s] Level 1:colcon.colcon_core.package_identification:_identify(config/node_modules/depd/lib) by extension 'cmake'
[0.955s] Level 1:colcon.colcon_core.package_identification:_identify(config/node_modules/depd/lib) by extension 'python'
[0.955s] Level 1:colcon.colcon_core.package_identification:_identify(config/node_modules/depd/lib) by extensions ['python_setup_py']
[0.955s] Level 1:colcon.colcon_core.package_identification:_identify(config/node_modules/depd/lib) by extension 'python_setup_py'
[0.956s] Level 1:colcon.colcon_core.package_identification:_identify(config/node_modules/depd/lib/browser) by extensions ['ignore', 'ignore_ament_install']
[0.956s] Level 1:colcon.colcon_core.package_identification:_identify(config/node_modules/depd/lib/browser) by extension 'ignore'
[0.956s] Level 1:colcon.colcon_core.package_identification:_identify(config/node_modules/depd/lib/browser) by extension 'ignore_ament_install'
[0.956s] Level 1:colcon.colcon_core.package_identification:_identify(config/node_modules/depd/lib/browser) by extensions ['colcon_pkg']
[0.956s] Level 1:colcon.colcon_core.package_identification:_identify(config/node_modules/depd/lib/browser) by extension 'colcon_pkg'
[0.956s] Level 1:colcon.colcon_core.package_identification:_identify(config/node_modules/depd/lib/browser) by extensions ['colcon_meta']
[0.956s] Level 1:colcon.colcon_core.package_identification:_identify(config/node_modules/depd/lib/browser) by extension 'colcon_meta'
[0.956s] Level 1:colcon.colcon_core.package_identification:_identify(config/node_modules/depd/lib/browser) by extensions ['ros']
[0.957s] Level 1:colcon.colcon_core.package_identification:_identify(config/node_modules/depd/lib/browser) by extension 'ros'
[0.957s] Level 1:colcon.colcon_core.package_identification:_identify(config/node_modules/depd/lib/browser) by extensions ['cmake', 'python']
[0.957s] Level 1:colcon.colcon_core.package_identification:_identify(config/node_modules/depd/lib/browser) by extension 'cmake'
[0.957s] Level 1:colcon.colcon_core.package_identification:_identify(config/node_modules/depd/lib/browser) by extension 'python'
[0.957s] Level 1:colcon.colcon_core.package_identification:_identify(config/node_modules/depd/lib/browser) by extensions ['python_setup_py']
[0.957s] Level 1:colcon.colcon_core.package_identification:_identify(config/node_modules/depd/lib/browser) by extension 'python_setup_py'
[0.957s] Level 1:colcon.colcon_core.package_identification:_identify(config/node_modules/destroy) by extensions ['ignore', 'ignore_ament_install']
[0.957s] Level 1:colcon.colcon_core.package_identification:_identify(config/node_modules/destroy) by extension 'ignore'
[0.957s] Level 1:colcon.colcon_core.package_identification:_identify(config/node_modules/destroy) by extension 'ignore_ament_install'
[0.958s] Level 1:colcon.colcon_core.package_identification:_identify(config/node_modules/destroy) by extensions ['colcon_pkg']
[0.958s] Level 1:colcon.colcon_core.package_identification:_identify(config/node_modules/destroy) by extension 'colcon_pkg'
[0.958s] Level 1:colcon.colcon_core.package_identification:_identify(config/node_modules/destroy) by extensions ['colcon_meta']
[0.958s] Level 1:colcon.colcon_core.package_identification:_identify(config/node_modules/destroy) by extension 'colcon_meta'
[0.958s] Level 1:colcon.colcon_core.package_identification:_identify(config/node_modules/destroy) by extensions ['ros']
[0.958s] Level 1:colcon.colcon_core.package_identification:_identify(config/node_modules/destroy) by extension 'ros'
[0.958s] Level 1:colcon.colcon_core.package_identification:_identify(config/node_modules/destroy) by extensions ['cmake', 'python']
[0.958s] Level 1:colcon.colcon_core.package_identification:_identify(config/node_modules/destroy) by extension 'cmake'
[0.958s] Level 1:colcon.colcon_core.package_identification:_identify(config/node_modules/destroy) by extension 'python'
[0.958s] Level 1:colcon.colcon_core.package_identification:_identify(config/node_modules/destroy) by extensions ['python_setup_py']
[0.958s] Level 1:colcon.colcon_core.package_identification:_identify(config/node_modules/destroy) by extension 'python_setup_py'
[0.959s] Level 1:colcon.colcon_core.package_identification:_identify(config/node_modules/ee-first) by extensions ['ignore', 'ignore_ament_install']
[0.959s] Level 1:colcon.colcon_core.package_identification:_identify(config/node_modules/ee-first) by extension 'ignore'
[0.959s] Level 1:colcon.colcon_core.package_identification:_identify(config/node_modules/ee-first) by extension 'ignore_ament_install'
[0.959s] Level 1:colcon.colcon_core.package_identification:_identify(config/node_modules/ee-first) by extensions ['colcon_pkg']
[0.959s] Level 1:colcon.colcon_core.package_identification:_identify(config/node_modules/ee-first) by extension 'colcon_pkg'
[0.959s] Level 1:colcon.colcon_core.package_identification:_identify(config/node_modules/ee-first) by extensions ['colcon_meta']
[0.959s] Level 1:colcon.colcon_core.package_identification:_identify(config/node_modules/ee-first) by extension 'colcon_meta'
[0.959s] Level 1:colcon.colcon_core.package_identification:_identify(config/node_modules/ee-first) by extensions ['ros']
[0.959s] Level 1:colcon.colcon_core.package_identification:_identify(config/node_modules/ee-first) by extension 'ros'
[0.959s] Level 1:colcon.colcon_core.package_identification:_identify(config/node_modules/ee-first) by extensions ['cmake', 'python']
[0.959s] Level 1:colcon.colcon_core.package_identification:_identify(config/node_modules/ee-first) by extension 'cmake'
[0.959s] Level 1:colcon.colcon_core.package_identification:_identify(config/node_modules/ee-first) by extension 'python'
[0.959s] Level 1:colcon.colcon_core.package_identification:_identify(config/node_modules/ee-first) by extensions ['python_setup_py']
[0.959s] Level 1:colcon.colcon_core.package_identification:_identify(config/node_modules/ee-first) by extension 'python_setup_py'
[0.960s] Level 1:colcon.colcon_core.package_identification:_identify(config/node_modules/encodeurl) by extensions ['ignore', 'ignore_ament_install']
[0.960s] Level 1:colcon.colcon_core.package_identification:_identify(config/node_modules/encodeurl) by extension 'ignore'
[0.960s] Level 1:colcon.colcon_core.package_identification:_identify(config/node_modules/encodeurl) by extension 'ignore_ament_install'
[0.960s] Level 1:colcon.colcon_core.package_identification:_identify(config/node_modules/encodeurl) by extensions ['colcon_pkg']
[0.960s] Level 1:colcon.colcon_core.package_identification:_identify(config/node_modules/encodeurl) by extension 'colcon_pkg'
[0.960s] Level 1:colcon.colcon_core.package_identification:_identify(config/node_modules/encodeurl) by extensions ['colcon_meta']
[0.960s] Level 1:colcon.colcon_core.package_identification:_identify(config/node_modules/encodeurl) by extension 'colcon_meta'
[0.960s] Level 1:colcon.colcon_core.package_identification:_identify(config/node_modules/encodeurl) by extensions ['ros']
[0.960s] Level 1:colcon.colcon_core.package_identification:_identify(config/node_modules/encodeurl) by extension 'ros'
[0.961s] Level 1:colcon.colcon_core.package_identification:_identify(config/node_modules/encodeurl) by extensions ['cmake', 'python']
[0.961s] Level 1:colcon.colcon_core.package_identification:_identify(config/node_modules/encodeurl) by extension 'cmake'
[0.961s] Level 1:colcon.colcon_core.package_identification:_identify(config/node_modules/encodeurl) by extension 'python'
[0.961s] Level 1:colcon.colcon_core.package_identification:_identify(config/node_modules/encodeurl) by extensions ['python_setup_py']
[0.961s] Level 1:colcon.colcon_core.package_identification:_identify(config/node_modules/encodeurl) by extension 'python_setup_py'
[0.961s] Level 1:colcon.colcon_core.package_identification:_identify(config/node_modules/engine.io) by extensions ['ignore', 'ignore_ament_install']
[0.961s] Level 1:colcon.colcon_core.package_identification:_identify(config/node_modules/engine.io) by extension 'ignore'
[0.961s] Level 1:colcon.colcon_core.package_identification:_identify(config/node_modules/engine.io) by extension 'ignore_ament_install'
[0.961s] Level 1:colcon.colcon_core.package_identification:_identify(config/node_modules/engine.io) by extensions ['colcon_pkg']
[0.962s] Level 1:colcon.colcon_core.package_identification:_identify(config/node_modules/engine.io) by extension 'colcon_pkg'
[0.962s] Level 1:colcon.colcon_core.package_identification:_identify(config/node_modules/engine.io) by extensions ['colcon_meta']
[0.962s] Level 1:colcon.colcon_core.package_identification:_identify(config/node_modules/engine.io) by extension 'colcon_meta'
[0.962s] Level 1:colcon.colcon_core.package_identification:_identify(config/node_modules/engine.io) by extensions ['ros']
[0.962s] Level 1:colcon.colcon_core.package_identification:_identify(config/node_modules/engine.io) by extension 'ros'
[0.962s] Level 1:colcon.colcon_core.package_identification:_identify(config/node_modules/engine.io) by extensions ['cmake', 'python']
[0.962s] Level 1:colcon.colcon_core.package_identification:_identify(config/node_modules/engine.io) by extension 'cmake'
[0.962s] Level 1:colcon.colcon_core.package_identification:_identify(config/node_modules/engine.io) by extension 'python'
[0.962s] Level 1:colcon.colcon_core.package_identification:_identify(config/node_modules/engine.io) by extensions ['python_setup_py']
[0.962s] Level 1:colcon.colcon_core.package_identification:_identify(config/node_modules/engine.io) by extension 'python_setup_py'
[0.963s] Level 1:colcon.colcon_core.package_identification:_identify(config/node_modules/engine.io/build) by extensions ['ignore', 'ignore_ament_install']
[0.963s] Level 1:colcon.colcon_core.package_identification:_identify(config/node_modules/engine.io/build) by extension 'ignore'
[0.963s] Level 1:colcon.colcon_core.package_identification:_identify(config/node_modules/engine.io/build) by extension 'ignore_ament_install'
[0.963s] Level 1:colcon.colcon_core.package_identification:_identify(config/node_modules/engine.io/build) by extensions ['colcon_pkg']
[0.963s] Level 1:colcon.colcon_core.package_identification:_identify(config/node_modules/engine.io/build) by extension 'colcon_pkg'
[0.963s] Level 1:colcon.colcon_core.package_identification:_identify(config/node_modules/engine.io/build) by extensions ['colcon_meta']
[0.963s] Level 1:colcon.colcon_core.package_identification:_identify(config/node_modules/engine.io/build) by extension 'colcon_meta'
[0.963s] Level 1:colcon.colcon_core.package_identification:_identify(config/node_modules/engine.io/build) by extensions ['ros']
[0.963s] Level 1:colcon.colcon_core.package_identification:_identify(config/node_modules/engine.io/build) by extension 'ros'
[0.963s] Level 1:colcon.colcon_core.package_identification:_identify(config/node_modules/engine.io/build) by extensions ['cmake', 'python']
[0.963s] Level 1:colcon.colcon_core.package_identification:_identify(config/node_modules/engine.io/build) by extension 'cmake'
[0.963s] Level 1:colcon.colcon_core.package_identification:_identify(config/node_modules/engine.io/build) by extension 'python'
[0.963s] Level 1:colcon.colcon_core.package_identification:_identify(config/node_modules/engine.io/build) by extensions ['python_setup_py']
[0.963s] Level 1:colcon.colcon_core.package_identification:_identify(config/node_modules/engine.io/build) by extension 'python_setup_py'
[0.964s] Level 1:colcon.colcon_core.package_identification:_identify(config/node_modules/engine.io/build/contrib) by extensions ['ignore', 'ignore_ament_install']
[0.964s] Level 1:colcon.colcon_core.package_identification:_identify(config/node_modules/engine.io/build/contrib) by extension 'ignore'
[0.964s] Level 1:colcon.colcon_core.package_identification:_identify(config/node_modules/engine.io/build/contrib) by extension 'ignore_ament_install'
[0.964s] Level 1:colcon.colcon_core.package_identification:_identify(config/node_modules/engine.io/build/contrib) by extensions ['colcon_pkg']
[0.964s] Level 1:colcon.colcon_core.package_identification:_identify(config/node_modules/engine.io/build/contrib) by extension 'colcon_pkg'
[0.964s] Level 1:colcon.colcon_core.package_identification:_identify(config/node_modules/engine.io/build/contrib) by extensions ['colcon_meta']
[0.964s] Level 1:colcon.colcon_core.package_identification:_identify(config/node_modules/engine.io/build/contrib) by extension 'colcon_meta'
[0.965s] Level 1:colcon.colcon_core.package_identification:_identify(config/node_modules/engine.io/build/contrib) by extensions ['ros']
[0.965s] Level 1:colcon.colcon_core.package_identification:_identify(config/node_modules/engine.io/build/contrib) by extension 'ros'
[0.965s] Level 1:colcon.colcon_core.package_identification:_identify(config/node_modules/engine.io/build/contrib) by extensions ['cmake', 'python']
[0.965s] Level 1:colcon.colcon_core.package_identification:_identify(config/node_modules/engine.io/build/contrib) by extension 'cmake'
[0.965s] Level 1:colcon.colcon_core.package_identification:_identify(config/node_modules/engine.io/build/contrib) by extension 'python'
[0.965s] Level 1:colcon.colcon_core.package_identification:_identify(config/node_modules/engine.io/build/contrib) by extensions ['python_setup_py']
[0.965s] Level 1:colcon.colcon_core.package_identification:_identify(config/node_modules/engine.io/build/contrib) by extension 'python_setup_py'
[0.965s] Level 1:colcon.colcon_core.package_identification:_identify(config/node_modules/engine.io/build/parser-v3) by extensions ['ignore', 'ignore_ament_install']
[0.965s] Level 1:colcon.colcon_core.package_identification:_identify(config/node_modules/engine.io/build/parser-v3) by extension 'ignore'
[0.966s] Level 1:colcon.colcon_core.package_identification:_identify(config/node_modules/engine.io/build/parser-v3) by extension 'ignore_ament_install'
[0.966s] Level 1:colcon.colcon_core.package_identification:_identify(config/node_modules/engine.io/build/parser-v3) by extensions ['colcon_pkg']
[0.966s] Level 1:colcon.colcon_core.package_identification:_identify(config/node_modules/engine.io/build/parser-v3) by extension 'colcon_pkg'
[0.966s] Level 1:colcon.colcon_core.package_identification:_identify(config/node_modules/engine.io/build/parser-v3) by extensions ['colcon_meta']
[0.966s] Level 1:colcon.colcon_core.package_identification:_identify(config/node_modules/engine.io/build/parser-v3) by extension 'colcon_meta'
[0.966s] Level 1:colcon.colcon_core.package_identification:_identify(config/node_modules/engine.io/build/parser-v3) by extensions ['ros']
[0.966s] Level 1:colcon.colcon_core.package_identification:_identify(config/node_modules/engine.io/build/parser-v3) by extension 'ros'
[0.966s] Level 1:colcon.colcon_core.package_identification:_identify(config/node_modules/engine.io/build/parser-v3) by extensions ['cmake', 'python']
[0.966s] Level 1:colcon.colcon_core.package_identification:_identify(config/node_modules/engine.io/build/parser-v3) by extension 'cmake'
[0.966s] Level 1:colcon.colcon_core.package_identification:_identify(config/node_modules/engine.io/build/parser-v3) by extension 'python'
[0.966s] Level 1:colcon.colcon_core.package_identification:_identify(config/node_modules/engine.io/build/parser-v3) by extensions ['python_setup_py']
[0.966s] Level 1:colcon.colcon_core.package_identification:_identify(config/node_modules/engine.io/build/parser-v3) by extension 'python_setup_py'
[0.967s] Level 1:colcon.colcon_core.package_identification:_identify(config/node_modules/engine.io/build/transports) by extensions ['ignore', 'ignore_ament_install']
[0.967s] Level 1:colcon.colcon_core.package_identification:_identify(config/node_modules/engine.io/build/transports) by extension 'ignore'
[0.967s] Level 1:colcon.colcon_core.package_identification:_identify(config/node_modules/engine.io/build/transports) by extension 'ignore_ament_install'
[0.967s] Level 1:colcon.colcon_core.package_identification:_identify(config/node_modules/engine.io/build/transports) by extensions ['colcon_pkg']
[0.967s] Level 1:colcon.colcon_core.package_identification:_identify(config/node_modules/engine.io/build/transports) by extension 'colcon_pkg'
[0.967s] Level 1:colcon.colcon_core.package_identification:_identify(config/node_modules/engine.io/build/transports) by extensions ['colcon_meta']
[0.967s] Level 1:colcon.colcon_core.package_identification:_identify(config/node_modules/engine.io/build/transports) by extension 'colcon_meta'
[0.967s] Level 1:colcon.colcon_core.package_identification:_identify(config/node_modules/engine.io/build/transports) by extensions ['ros']
[0.967s] Level 1:colcon.colcon_core.package_identification:_identify(config/node_modules/engine.io/build/transports) by extension 'ros'
[0.967s] Level 1:colcon.colcon_core.package_identification:_identify(config/node_modules/engine.io/build/transports) by extensions ['cmake', 'python']
[0.967s] Level 1:colcon.colcon_core.package_identification:_identify(config/node_modules/engine.io/build/transports) by extension 'cmake'
[0.967s] Level 1:colcon.colcon_core.package_identification:_identify(config/node_modules/engine.io/build/transports) by extension 'python'
[0.967s] Level 1:colcon.colcon_core.package_identification:_identify(config/node_modules/engine.io/build/transports) by extensions ['python_setup_py']
[0.967s] Level 1:colcon.colcon_core.package_identification:_identify(config/node_modules/engine.io/build/transports) by extension 'python_setup_py'
[0.968s] Level 1:colcon.colcon_core.package_identification:_identify(config/node_modules/engine.io/build/transports-uws) by extensions ['ignore', 'ignore_ament_install']
[0.968s] Level 1:colcon.colcon_core.package_identification:_identify(config/node_modules/engine.io/build/transports-uws) by extension 'ignore'
[0.968s] Level 1:colcon.colcon_core.package_identification:_identify(config/node_modules/engine.io/build/transports-uws) by extension 'ignore_ament_install'
[0.968s] Level 1:colcon.colcon_core.package_identification:_identify(config/node_modules/engine.io/build/transports-uws) by extensions ['colcon_pkg']
[0.968s] Level 1:colcon.colcon_core.package_identification:_identify(config/node_modules/engine.io/build/transports-uws) by extension 'colcon_pkg'
[0.968s] Level 1:colcon.colcon_core.package_identification:_identify(config/node_modules/engine.io/build/transports-uws) by extensions ['colcon_meta']
[0.968s] Level 1:colcon.colcon_core.package_identification:_identify(config/node_modules/engine.io/build/transports-uws) by extension 'colcon_meta'
[0.968s] Level 1:colcon.colcon_core.package_identification:_identify(config/node_modules/engine.io/build/transports-uws) by extensions ['ros']
[0.968s] Level 1:colcon.colcon_core.package_identification:_identify(config/node_modules/engine.io/build/transports-uws) by extension 'ros'
[0.968s] Level 1:colcon.colcon_core.package_identification:_identify(config/node_modules/engine.io/build/transports-uws) by extensions ['cmake', 'python']
[0.968s] Level 1:colcon.colcon_core.package_identification:_identify(config/node_modules/engine.io/build/transports-uws) by extension 'cmake'
[0.968s] Level 1:colcon.colcon_core.package_identification:_identify(config/node_modules/engine.io/build/transports-uws) by extension 'python'
[0.968s] Level 1:colcon.colcon_core.package_identification:_identify(config/node_modules/engine.io/build/transports-uws) by extensions ['python_setup_py']
[0.968s] Level 1:colcon.colcon_core.package_identification:_identify(config/node_modules/engine.io/build/transports-uws) by extension 'python_setup_py'
[0.969s] Level 1:colcon.colcon_core.package_identification:_identify(config/node_modules/engine.io/node_modules) by extensions ['ignore', 'ignore_ament_install']
[0.969s] Level 1:colcon.colcon_core.package_identification:_identify(config/node_modules/engine.io/node_modules) by extension 'ignore'
[0.969s] Level 1:colcon.colcon_core.package_identification:_identify(config/node_modules/engine.io/node_modules) by extension 'ignore_ament_install'
[0.969s] Level 1:colcon.colcon_core.package_identification:_identify(config/node_modules/engine.io/node_modules) by extensions ['colcon_pkg']
[0.969s] Level 1:colcon.colcon_core.package_identification:_identify(config/node_modules/engine.io/node_modules) by extension 'colcon_pkg'
[0.969s] Level 1:colcon.colcon_core.package_identification:_identify(config/node_modules/engine.io/node_modules) by extensions ['colcon_meta']
[0.969s] Level 1:colcon.colcon_core.package_identification:_identify(config/node_modules/engine.io/node_modules) by extension 'colcon_meta'
[0.969s] Level 1:colcon.colcon_core.package_identification:_identify(config/node_modules/engine.io/node_modules) by extensions ['ros']
[0.969s] Level 1:colcon.colcon_core.package_identification:_identify(config/node_modules/engine.io/node_modules) by extension 'ros'
[0.969s] Level 1:colcon.colcon_core.package_identification:_identify(config/node_modules/engine.io/node_modules) by extensions ['cmake', 'python']
[0.969s] Level 1:colcon.colcon_core.package_identification:_identify(config/node_modules/engine.io/node_modules) by extension 'cmake'
[0.969s] Level 1:colcon.colcon_core.package_identification:_identify(config/node_modules/engine.io/node_modules) by extension 'python'
[0.969s] Level 1:colcon.colcon_core.package_identification:_identify(config/node_modules/engine.io/node_modules) by extensions ['python_setup_py']
[0.969s] Level 1:colcon.colcon_core.package_identification:_identify(config/node_modules/engine.io/node_modules) by extension 'python_setup_py'
[0.970s] Level 1:colcon.colcon_core.package_identification:_identify(config/node_modules/engine.io/node_modules/debug) by extensions ['ignore', 'ignore_ament_install']
[0.970s] Level 1:colcon.colcon_core.package_identification:_identify(config/node_modules/engine.io/node_modules/debug) by extension 'ignore'
[0.970s] Level 1:colcon.colcon_core.package_identification:_identify(config/node_modules/engine.io/node_modules/debug) by extension 'ignore_ament_install'
[0.970s] Level 1:colcon.colcon_core.package_identification:_identify(config/node_modules/engine.io/node_modules/debug) by extensions ['colcon_pkg']
[0.970s] Level 1:colcon.colcon_core.package_identification:_identify(config/node_modules/engine.io/node_modules/debug) by extension 'colcon_pkg'
[0.970s] Level 1:colcon.colcon_core.package_identification:_identify(config/node_modules/engine.io/node_modules/debug) by extensions ['colcon_meta']
[0.970s] Level 1:colcon.colcon_core.package_identification:_identify(config/node_modules/engine.io/node_modules/debug) by extension 'colcon_meta'
[0.970s] Level 1:colcon.colcon_core.package_identification:_identify(config/node_modules/engine.io/node_modules/debug) by extensions ['ros']
[0.970s] Level 1:colcon.colcon_core.package_identification:_identify(config/node_modules/engine.io/node_modules/debug) by extension 'ros'
[0.970s] Level 1:colcon.colcon_core.package_identification:_identify(config/node_modules/engine.io/node_modules/debug) by extensions ['cmake', 'python']
[0.970s] Level 1:colcon.colcon_core.package_identification:_identify(config/node_modules/engine.io/node_modules/debug) by extension 'cmake'
[0.970s] Level 1:colcon.colcon_core.package_identification:_identify(config/node_modules/engine.io/node_modules/debug) by extension 'python'
[0.970s] Level 1:colcon.colcon_core.package_identification:_identify(config/node_modules/engine.io/node_modules/debug) by extensions ['python_setup_py']
[0.970s] Level 1:colcon.colcon_core.package_identification:_identify(config/node_modules/engine.io/node_modules/debug) by extension 'python_setup_py'
[0.971s] Level 1:colcon.colcon_core.package_identification:_identify(config/node_modules/engine.io/node_modules/debug/src) by extensions ['ignore', 'ignore_ament_install']
[0.971s] Level 1:colcon.colcon_core.package_identification:_identify(config/node_modules/engine.io/node_modules/debug/src) by extension 'ignore'
[0.971s] Level 1:colcon.colcon_core.package_identification:_identify(config/node_modules/engine.io/node_modules/debug/src) by extension 'ignore_ament_install'
[0.971s] Level 1:colcon.colcon_core.package_identification:_identify(config/node_modules/engine.io/node_modules/debug/src) by extensions ['colcon_pkg']
[0.971s] Level 1:colcon.colcon_core.package_identification:_identify(config/node_modules/engine.io/node_modules/debug/src) by extension 'colcon_pkg'
[0.971s] Level 1:colcon.colcon_core.package_identification:_identify(config/node_modules/engine.io/node_modules/debug/src) by extensions ['colcon_meta']
[0.971s] Level 1:colcon.colcon_core.package_identification:_identify(config/node_modules/engine.io/node_modules/debug/src) by extension 'colcon_meta'
[0.971s] Level 1:colcon.colcon_core.package_identification:_identify(config/node_modules/engine.io/node_modules/debug/src) by extensions ['ros']
[0.971s] Level 1:colcon.colcon_core.package_identification:_identify(config/node_modules/engine.io/node_modules/debug/src) by extension 'ros'
[0.971s] Level 1:colcon.colcon_core.package_identification:_identify(config/node_modules/engine.io/node_modules/debug/src) by extensions ['cmake', 'python']
[0.971s] Level 1:colcon.colcon_core.package_identification:_identify(config/node_modules/engine.io/node_modules/debug/src) by extension 'cmake'
[0.971s] Level 1:colcon.colcon_core.package_identification:_identify(config/node_modules/engine.io/node_modules/debug/src) by extension 'python'
[0.971s] Level 1:colcon.colcon_core.package_identification:_identify(config/node_modules/engine.io/node_modules/debug/src) by extensions ['python_setup_py']
[0.971s] Level 1:colcon.colcon_core.package_identification:_identify(config/node_modules/engine.io/node_modules/debug/src) by extension 'python_setup_py'
[0.972s] Level 1:colcon.colcon_core.package_identification:_identify(config/node_modules/engine.io/node_modules/ms) by extensions ['ignore', 'ignore_ament_install']
[0.972s] Level 1:colcon.colcon_core.package_identification:_identify(config/node_modules/engine.io/node_modules/ms) by extension 'ignore'
[0.972s] Level 1:colcon.colcon_core.package_identification:_identify(config/node_modules/engine.io/node_modules/ms) by extension 'ignore_ament_install'
[0.972s] Level 1:colcon.colcon_core.package_identification:_identify(config/node_modules/engine.io/node_modules/ms) by extensions ['colcon_pkg']
[0.972s] Level 1:colcon.colcon_core.package_identification:_identify(config/node_modules/engine.io/node_modules/ms) by extension 'colcon_pkg'
[0.972s] Level 1:colcon.colcon_core.package_identification:_identify(config/node_modules/engine.io/node_modules/ms) by extensions ['colcon_meta']
[0.972s] Level 1:colcon.colcon_core.package_identification:_identify(config/node_modules/engine.io/node_modules/ms) by extension 'colcon_meta'
[0.972s] Level 1:colcon.colcon_core.package_identification:_identify(config/node_modules/engine.io/node_modules/ms) by extensions ['ros']
[0.972s] Level 1:colcon.colcon_core.package_identification:_identify(config/node_modules/engine.io/node_modules/ms) by extension 'ros'
[0.973s] Level 1:colcon.colcon_core.package_identification:_identify(config/node_modules/engine.io/node_modules/ms) by extensions ['cmake', 'python']
[0.973s] Level 1:colcon.colcon_core.package_identification:_identify(config/node_modules/engine.io/node_modules/ms) by extension 'cmake'
[0.973s] Level 1:colcon.colcon_core.package_identification:_identify(config/node_modules/engine.io/node_modules/ms) by extension 'python'
[0.973s] Level 1:colcon.colcon_core.package_identification:_identify(config/node_modules/engine.io/node_modules/ms) by extensions ['python_setup_py']
[0.973s] Level 1:colcon.colcon_core.package_identification:_identify(config/node_modules/engine.io/node_modules/ms) by extension 'python_setup_py'
[0.973s] Level 1:colcon.colcon_core.package_identification:_identify(config/node_modules/engine.io-parser) by extensions ['ignore', 'ignore_ament_install']
[0.973s] Level 1:colcon.colcon_core.package_identification:_identify(config/node_modules/engine.io-parser) by extension 'ignore'
[0.973s] Level 1:colcon.colcon_core.package_identification:_identify(config/node_modules/engine.io-parser) by extension 'ignore_ament_install'
[0.974s] Level 1:colcon.colcon_core.package_identification:_identify(config/node_modules/engine.io-parser) by extensions ['colcon_pkg']
[0.974s] Level 1:colcon.colcon_core.package_identification:_identify(config/node_modules/engine.io-parser) by extension 'colcon_pkg'
[0.974s] Level 1:colcon.colcon_core.package_identification:_identify(config/node_modules/engine.io-parser) by extensions ['colcon_meta']
[0.974s] Level 1:colcon.colcon_core.package_identification:_identify(config/node_modules/engine.io-parser) by extension 'colcon_meta'
[0.974s] Level 1:colcon.colcon_core.package_identification:_identify(config/node_modules/engine.io-parser) by extensions ['ros']
[0.974s] Level 1:colcon.colcon_core.package_identification:_identify(config/node_modules/engine.io-parser) by extension 'ros'
[0.974s] Level 1:colcon.colcon_core.package_identification:_identify(config/node_modules/engine.io-parser) by extensions ['cmake', 'python']
[0.974s] Level 1:colcon.colcon_core.package_identification:_identify(config/node_modules/engine.io-parser) by extension 'cmake'
[0.974s] Level 1:colcon.colcon_core.package_identification:_identify(config/node_modules/engine.io-parser) by extension 'python'
[0.974s] Level 1:colcon.colcon_core.package_identification:_identify(config/node_modules/engine.io-parser) by extensions ['python_setup_py']
[0.974s] Level 1:colcon.colcon_core.package_identification:_identify(config/node_modules/engine.io-parser) by extension 'python_setup_py'
[0.974s] Level 1:colcon.colcon_core.package_identification:_identify(config/node_modules/engine.io-parser/build) by extensions ['ignore', 'ignore_ament_install']
[0.974s] Level 1:colcon.colcon_core.package_identification:_identify(config/node_modules/engine.io-parser/build) by extension 'ignore'
[0.974s] Level 1:colcon.colcon_core.package_identification:_identify(config/node_modules/engine.io-parser/build) by extension 'ignore_ament_install'
[0.974s] Level 1:colcon.colcon_core.package_identification:_identify(config/node_modules/engine.io-parser/build) by extensions ['colcon_pkg']
[0.975s] Level 1:colcon.colcon_core.package_identification:_identify(config/node_modules/engine.io-parser/build) by extension 'colcon_pkg'
[0.975s] Level 1:colcon.colcon_core.package_identification:_identify(config/node_modules/engine.io-parser/build) by extensions ['colcon_meta']
[0.975s] Level 1:colcon.colcon_core.package_identification:_identify(config/node_modules/engine.io-parser/build) by extension 'colcon_meta'
[0.975s] Level 1:colcon.colcon_core.package_identification:_identify(config/node_modules/engine.io-parser/build) by extensions ['ros']
[0.975s] Level 1:colcon.colcon_core.package_identification:_identify(config/node_modules/engine.io-parser/build) by extension 'ros'
[0.975s] Level 1:colcon.colcon_core.package_identification:_identify(config/node_modules/engine.io-parser/build) by extensions ['cmake', 'python']
[0.975s] Level 1:colcon.colcon_core.package_identification:_identify(config/node_modules/engine.io-parser/build) by extension 'cmake'
[0.975s] Level 1:colcon.colcon_core.package_identification:_identify(config/node_modules/engine.io-parser/build) by extension 'python'
[0.975s] Level 1:colcon.colcon_core.package_identification:_identify(config/node_modules/engine.io-parser/build) by extensions ['python_setup_py']
[0.975s] Level 1:colcon.colcon_core.package_identification:_identify(config/node_modules/engine.io-parser/build) by extension 'python_setup_py'
[0.975s] Level 1:colcon.colcon_core.package_identification:_identify(config/node_modules/engine.io-parser/build/cjs) by extensions ['ignore', 'ignore_ament_install']
[0.975s] Level 1:colcon.colcon_core.package_identification:_identify(config/node_modules/engine.io-parser/build/cjs) by extension 'ignore'
[0.975s] Level 1:colcon.colcon_core.package_identification:_identify(config/node_modules/engine.io-parser/build/cjs) by extension 'ignore_ament_install'
[0.976s] Level 1:colcon.colcon_core.package_identification:_identify(config/node_modules/engine.io-parser/build/cjs) by extensions ['colcon_pkg']
[0.976s] Level 1:colcon.colcon_core.package_identification:_identify(config/node_modules/engine.io-parser/build/cjs) by extension 'colcon_pkg'
[0.976s] Level 1:colcon.colcon_core.package_identification:_identify(config/node_modules/engine.io-parser/build/cjs) by extensions ['colcon_meta']
[0.976s] Level 1:colcon.colcon_core.package_identification:_identify(config/node_modules/engine.io-parser/build/cjs) by extension 'colcon_meta'
[0.976s] Level 1:colcon.colcon_core.package_identification:_identify(config/node_modules/engine.io-parser/build/cjs) by extensions ['ros']
[0.976s] Level 1:colcon.colcon_core.package_identification:_identify(config/node_modules/engine.io-parser/build/cjs) by extension 'ros'
[0.976s] Level 1:colcon.colcon_core.package_identification:_identify(config/node_modules/engine.io-parser/build/cjs) by extensions ['cmake', 'python']
[0.976s] Level 1:colcon.colcon_core.package_identification:_identify(config/node_modules/engine.io-parser/build/cjs) by extension 'cmake'
[0.976s] Level 1:colcon.colcon_core.package_identification:_identify(config/node_modules/engine.io-parser/build/cjs) by extension 'python'
[0.976s] Level 1:colcon.colcon_core.package_identification:_identify(config/node_modules/engine.io-parser/build/cjs) by extensions ['python_setup_py']
[0.976s] Level 1:colcon.colcon_core.package_identification:_identify(config/node_modules/engine.io-parser/build/cjs) by extension 'python_setup_py'
[0.976s] Level 1:colcon.colcon_core.package_identification:_identify(config/node_modules/engine.io-parser/build/cjs/contrib) by extensions ['ignore', 'ignore_ament_install']
[0.976s] Level 1:colcon.colcon_core.package_identification:_identify(config/node_modules/engine.io-parser/build/cjs/contrib) by extension 'ignore'
[0.976s] Level 1:colcon.colcon_core.package_identification:_identify(config/node_modules/engine.io-parser/build/cjs/contrib) by extension 'ignore_ament_install'
[0.976s] Level 1:colcon.colcon_core.package_identification:_identify(config/node_modules/engine.io-parser/build/cjs/contrib) by extensions ['colcon_pkg']
[0.976s] Level 1:colcon.colcon_core.package_identification:_identify(config/node_modules/engine.io-parser/build/cjs/contrib) by extension 'colcon_pkg'
[0.977s] Level 1:colcon.colcon_core.package_identification:_identify(config/node_modules/engine.io-parser/build/cjs/contrib) by extensions ['colcon_meta']
[0.977s] Level 1:colcon.colcon_core.package_identification:_identify(config/node_modules/engine.io-parser/build/cjs/contrib) by extension 'colcon_meta'
[0.977s] Level 1:colcon.colcon_core.package_identification:_identify(config/node_modules/engine.io-parser/build/cjs/contrib) by extensions ['ros']
[0.977s] Level 1:colcon.colcon_core.package_identification:_identify(config/node_modules/engine.io-parser/build/cjs/contrib) by extension 'ros'
[0.977s] Level 1:colcon.colcon_core.package_identification:_identify(config/node_modules/engine.io-parser/build/cjs/contrib) by extensions ['cmake', 'python']
[0.977s] Level 1:colcon.colcon_core.package_identification:_identify(config/node_modules/engine.io-parser/build/cjs/contrib) by extension 'cmake'
[0.977s] Level 1:colcon.colcon_core.package_identification:_identify(config/node_modules/engine.io-parser/build/cjs/contrib) by extension 'python'
[0.977s] Level 1:colcon.colcon_core.package_identification:_identify(config/node_modules/engine.io-parser/build/cjs/contrib) by extensions ['python_setup_py']
[0.977s] Level 1:colcon.colcon_core.package_identification:_identify(config/node_modules/engine.io-parser/build/cjs/contrib) by extension 'python_setup_py'
[0.977s] Level 1:colcon.colcon_core.package_identification:_identify(config/node_modules/engine.io-parser/build/esm) by extensions ['ignore', 'ignore_ament_install']
[0.977s] Level 1:colcon.colcon_core.package_identification:_identify(config/node_modules/engine.io-parser/build/esm) by extension 'ignore'
[0.977s] Level 1:colcon.colcon_core.package_identification:_identify(config/node_modules/engine.io-parser/build/esm) by extension 'ignore_ament_install'
[0.977s] Level 1:colcon.colcon_core.package_identification:_identify(config/node_modules/engine.io-parser/build/esm) by extensions ['colcon_pkg']
[0.977s] Level 1:colcon.colcon_core.package_identification:_identify(config/node_modules/engine.io-parser/build/esm) by extension 'colcon_pkg'
[0.977s] Level 1:colcon.colcon_core.package_identification:_identify(config/node_modules/engine.io-parser/build/esm) by extensions ['colcon_meta']
[0.978s] Level 1:colcon.colcon_core.package_identification:_identify(config/node_modules/engine.io-parser/build/esm) by extension 'colcon_meta'
[0.978s] Level 1:colcon.colcon_core.package_identification:_identify(config/node_modules/engine.io-parser/build/esm) by extensions ['ros']
[0.978s] Level 1:colcon.colcon_core.package_identification:_identify(config/node_modules/engine.io-parser/build/esm) by extension 'ros'
[0.978s] Level 1:colcon.colcon_core.package_identification:_identify(config/node_modules/engine.io-parser/build/esm) by extensions ['cmake', 'python']
[0.978s] Level 1:colcon.colcon_core.package_identification:_identify(config/node_modules/engine.io-parser/build/esm) by extension 'cmake'
[0.978s] Level 1:colcon.colcon_core.package_identification:_identify(config/node_modules/engine.io-parser/build/esm) by extension 'python'
[0.978s] Level 1:colcon.colcon_core.package_identification:_identify(config/node_modules/engine.io-parser/build/esm) by extensions ['python_setup_py']
[0.978s] Level 1:colcon.colcon_core.package_identification:_identify(config/node_modules/engine.io-parser/build/esm) by extension 'python_setup_py'
[0.978s] Level 1:colcon.colcon_core.package_identification:_identify(config/node_modules/engine.io-parser/build/esm/contrib) by extensions ['ignore', 'ignore_ament_install']
[0.978s] Level 1:colcon.colcon_core.package_identification:_identify(config/node_modules/engine.io-parser/build/esm/contrib) by extension 'ignore'
[0.978s] Level 1:colcon.colcon_core.package_identification:_identify(config/node_modules/engine.io-parser/build/esm/contrib) by extension 'ignore_ament_install'
[0.978s] Level 1:colcon.colcon_core.package_identification:_identify(config/node_modules/engine.io-parser/build/esm/contrib) by extensions ['colcon_pkg']
[0.978s] Level 1:colcon.colcon_core.package_identification:_identify(config/node_modules/engine.io-parser/build/esm/contrib) by extension 'colcon_pkg'
[0.978s] Level 1:colcon.colcon_core.package_identification:_identify(config/node_modules/engine.io-parser/build/esm/contrib) by extensions ['colcon_meta']
[0.978s] Level 1:colcon.colcon_core.package_identification:_identify(config/node_modules/engine.io-parser/build/esm/contrib) by extension 'colcon_meta'
[0.978s] Level 1:colcon.colcon_core.package_identification:_identify(config/node_modules/engine.io-parser/build/esm/contrib) by extensions ['ros']
[0.978s] Level 1:colcon.colcon_core.package_identification:_identify(config/node_modules/engine.io-parser/build/esm/contrib) by extension 'ros'
[0.979s] Level 1:colcon.colcon_core.package_identification:_identify(config/node_modules/engine.io-parser/build/esm/contrib) by extensions ['cmake', 'python']
[0.979s] Level 1:colcon.colcon_core.package_identification:_identify(config/node_modules/engine.io-parser/build/esm/contrib) by extension 'cmake'
[0.979s] Level 1:colcon.colcon_core.package_identification:_identify(config/node_modules/engine.io-parser/build/esm/contrib) by extension 'python'
[0.979s] Level 1:colcon.colcon_core.package_identification:_identify(config/node_modules/engine.io-parser/build/esm/contrib) by extensions ['python_setup_py']
[0.979s] Level 1:colcon.colcon_core.package_identification:_identify(config/node_modules/engine.io-parser/build/esm/contrib) by extension 'python_setup_py'
[0.979s] Level 1:colcon.colcon_core.package_identification:_identify(config/node_modules/escape-html) by extensions ['ignore', 'ignore_ament_install']
[0.979s] Level 1:colcon.colcon_core.package_identification:_identify(config/node_modules/escape-html) by extension 'ignore'
[0.979s] Level 1:colcon.colcon_core.package_identification:_identify(config/node_modules/escape-html) by extension 'ignore_ament_install'
[0.979s] Level 1:colcon.colcon_core.package_identification:_identify(config/node_modules/escape-html) by extensions ['colcon_pkg']
[0.979s] Level 1:colcon.colcon_core.package_identification:_identify(config/node_modules/escape-html) by extension 'colcon_pkg'
[0.979s] Level 1:colcon.colcon_core.package_identification:_identify(config/node_modules/escape-html) by extensions ['colcon_meta']
[0.979s] Level 1:colcon.colcon_core.package_identification:_identify(config/node_modules/escape-html) by extension 'colcon_meta'
[0.980s] Level 1:colcon.colcon_core.package_identification:_identify(config/node_modules/escape-html) by extensions ['ros']
[0.980s] Level 1:colcon.colcon_core.package_identification:_identify(config/node_modules/escape-html) by extension 'ros'
[0.980s] Level 1:colcon.colcon_core.package_identification:_identify(config/node_modules/escape-html) by extensions ['cmake', 'python']
[0.980s] Level 1:colcon.colcon_core.package_identification:_identify(config/node_modules/escape-html) by extension 'cmake'
[0.980s] Level 1:colcon.colcon_core.package_identification:_identify(config/node_modules/escape-html) by extension 'python'
[0.980s] Level 1:colcon.colcon_core.package_identification:_identify(config/node_modules/escape-html) by extensions ['python_setup_py']
[0.980s] Level 1:colcon.colcon_core.package_identification:_identify(config/node_modules/escape-html) by extension 'python_setup_py'
[0.980s] Level 1:colcon.colcon_core.package_identification:_identify(config/node_modules/etag) by extensions ['ignore', 'ignore_ament_install']
[0.980s] Level 1:colcon.colcon_core.package_identification:_identify(config/node_modules/etag) by extension 'ignore'
[0.980s] Level 1:colcon.colcon_core.package_identification:_identify(config/node_modules/etag) by extension 'ignore_ament_install'
[0.981s] Level 1:colcon.colcon_core.package_identification:_identify(config/node_modules/etag) by extensions ['colcon_pkg']
[0.981s] Level 1:colcon.colcon_core.package_identification:_identify(config/node_modules/etag) by extension 'colcon_pkg'
[0.981s] Level 1:colcon.colcon_core.package_identification:_identify(config/node_modules/etag) by extensions ['colcon_meta']
[0.981s] Level 1:colcon.colcon_core.package_identification:_identify(config/node_modules/etag) by extension 'colcon_meta'
[0.981s] Level 1:colcon.colcon_core.package_identification:_identify(config/node_modules/etag) by extensions ['ros']
[0.981s] Level 1:colcon.colcon_core.package_identification:_identify(config/node_modules/etag) by extension 'ros'
[0.981s] Level 1:colcon.colcon_core.package_identification:_identify(config/node_modules/etag) by extensions ['cmake', 'python']
[0.981s] Level 1:colcon.colcon_core.package_identification:_identify(config/node_modules/etag) by extension 'cmake'
[0.981s] Level 1:colcon.colcon_core.package_identification:_identify(config/node_modules/etag) by extension 'python'
[0.981s] Level 1:colcon.colcon_core.package_identification:_identify(config/node_modules/etag) by extensions ['python_setup_py']
[0.981s] Level 1:colcon.colcon_core.package_identification:_identify(config/node_modules/etag) by extension 'python_setup_py'
[0.981s] Level 1:colcon.colcon_core.package_identification:_identify(config/node_modules/fresh) by extensions ['ignore', 'ignore_ament_install']
[0.981s] Level 1:colcon.colcon_core.package_identification:_identify(config/node_modules/fresh) by extension 'ignore'
[0.982s] Level 1:colcon.colcon_core.package_identification:_identify(config/node_modules/fresh) by extension 'ignore_ament_install'
[0.982s] Level 1:colcon.colcon_core.package_identification:_identify(config/node_modules/fresh) by extensions ['colcon_pkg']
[0.982s] Level 1:colcon.colcon_core.package_identification:_identify(config/node_modules/fresh) by extension 'colcon_pkg'
[0.982s] Level 1:colcon.colcon_core.package_identification:_identify(config/node_modules/fresh) by extensions ['colcon_meta']
[0.982s] Level 1:colcon.colcon_core.package_identification:_identify(config/node_modules/fresh) by extension 'colcon_meta'
[0.982s] Level 1:colcon.colcon_core.package_identification:_identify(config/node_modules/fresh) by extensions ['ros']
[0.982s] Level 1:colcon.colcon_core.package_identification:_identify(config/node_modules/fresh) by extension 'ros'
[0.982s] Level 1:colcon.colcon_core.package_identification:_identify(config/node_modules/fresh) by extensions ['cmake', 'python']
[0.982s] Level 1:colcon.colcon_core.package_identification:_identify(config/node_modules/fresh) by extension 'cmake'
[0.982s] Level 1:colcon.colcon_core.package_identification:_identify(config/node_modules/fresh) by extension 'python'
[0.982s] Level 1:colcon.colcon_core.package_identification:_identify(config/node_modules/fresh) by extensions ['python_setup_py']
[0.982s] Level 1:colcon.colcon_core.package_identification:_identify(config/node_modules/fresh) by extension 'python_setup_py'
[0.982s] Level 1:colcon.colcon_core.package_identification:_identify(config/node_modules/gridstack) by extensions ['ignore', 'ignore_ament_install']
[0.982s] Level 1:colcon.colcon_core.package_identification:_identify(config/node_modules/gridstack) by extension 'ignore'
[0.982s] Level 1:colcon.colcon_core.package_identification:_identify(config/node_modules/gridstack) by extension 'ignore_ament_install'
[0.983s] Level 1:colcon.colcon_core.package_identification:_identify(config/node_modules/gridstack) by extensions ['colcon_pkg']
[0.983s] Level 1:colcon.colcon_core.package_identification:_identify(config/node_modules/gridstack) by extension 'colcon_pkg'
[0.983s] Level 1:colcon.colcon_core.package_identification:_identify(config/node_modules/gridstack) by extensions ['colcon_meta']
[0.983s] Level 1:colcon.colcon_core.package_identification:_identify(config/node_modules/gridstack) by extension 'colcon_meta'
[0.983s] Level 1:colcon.colcon_core.package_identification:_identify(config/node_modules/gridstack) by extensions ['ros']
[0.983s] Level 1:colcon.colcon_core.package_identification:_identify(config/node_modules/gridstack) by extension 'ros'
[0.983s] Level 1:colcon.colcon_core.package_identification:_identify(config/node_modules/gridstack) by extensions ['cmake', 'python']
[0.983s] Level 1:colcon.colcon_core.package_identification:_identify(config/node_modules/gridstack) by extension 'cmake'
[0.983s] Level 1:colcon.colcon_core.package_identification:_identify(config/node_modules/gridstack) by extension 'python'
[0.983s] Level 1:colcon.colcon_core.package_identification:_identify(config/node_modules/gridstack) by extensions ['python_setup_py']
[0.983s] Level 1:colcon.colcon_core.package_identification:_identify(config/node_modules/gridstack) by extension 'python_setup_py'
[0.983s] Level 1:colcon.colcon_core.package_identification:_identify(config/node_modules/gridstack/dist) by extensions ['ignore', 'ignore_ament_install']
[0.983s] Level 1:colcon.colcon_core.package_identification:_identify(config/node_modules/gridstack/dist) by extension 'ignore'
[0.983s] Level 1:colcon.colcon_core.package_identification:_identify(config/node_modules/gridstack/dist) by extension 'ignore_ament_install'
[0.983s] Level 1:colcon.colcon_core.package_identification:_identify(config/node_modules/gridstack/dist) by extensions ['colcon_pkg']
[0.983s] Level 1:colcon.colcon_core.package_identification:_identify(config/node_modules/gridstack/dist) by extension 'colcon_pkg'
[0.984s] Level 1:colcon.colcon_core.package_identification:_identify(config/node_modules/gridstack/dist) by extensions ['colcon_meta']
[0.984s] Level 1:colcon.colcon_core.package_identification:_identify(config/node_modules/gridstack/dist) by extension 'colcon_meta'
[0.984s] Level 1:colcon.colcon_core.package_identification:_identify(config/node_modules/gridstack/dist) by extensions ['ros']
[0.984s] Level 1:colcon.colcon_core.package_identification:_identify(config/node_modules/gridstack/dist) by extension 'ros'
[0.984s] Level 1:colcon.colcon_core.package_identification:_identify(config/node_modules/gridstack/dist) by extensions ['cmake', 'python']
[0.984s] Level 1:colcon.colcon_core.package_identification:_identify(config/node_modules/gridstack/dist) by extension 'cmake'
[0.984s] Level 1:colcon.colcon_core.package_identification:_identify(config/node_modules/gridstack/dist) by extension 'python'
[0.984s] Level 1:colcon.colcon_core.package_identification:_identify(config/node_modules/gridstack/dist) by extensions ['python_setup_py']
[0.984s] Level 1:colcon.colcon_core.package_identification:_identify(config/node_modules/gridstack/dist) by extension 'python_setup_py'
[0.984s] Level 1:colcon.colcon_core.package_identification:_identify(config/node_modules/gridstack/doc) by extensions ['ignore', 'ignore_ament_install']
[0.984s] Level 1:colcon.colcon_core.package_identification:_identify(config/node_modules/gridstack/doc) by extension 'ignore'
[0.984s] Level 1:colcon.colcon_core.package_identification:_identify(config/node_modules/gridstack/doc) by extension 'ignore_ament_install'
[0.984s] Level 1:colcon.colcon_core.package_identification:_identify(config/node_modules/gridstack/doc) by extensions ['colcon_pkg']
[0.984s] Level 1:colcon.colcon_core.package_identification:_identify(config/node_modules/gridstack/doc) by extension 'colcon_pkg'
[0.984s] Level 1:colcon.colcon_core.package_identification:_identify(config/node_modules/gridstack/doc) by extensions ['colcon_meta']
[0.984s] Level 1:colcon.colcon_core.package_identification:_identify(config/node_modules/gridstack/doc) by extension 'colcon_meta'
[0.985s] Level 1:colcon.colcon_core.package_identification:_identify(config/node_modules/gridstack/doc) by extensions ['ros']
[0.985s] Level 1:colcon.colcon_core.package_identification:_identify(config/node_modules/gridstack/doc) by extension 'ros'
[0.985s] Level 1:colcon.colcon_core.package_identification:_identify(config/node_modules/gridstack/doc) by extensions ['cmake', 'python']
[0.985s] Level 1:colcon.colcon_core.package_identification:_identify(config/node_modules/gridstack/doc) by extension 'cmake'
[0.985s] Level 1:colcon.colcon_core.package_identification:_identify(config/node_modules/gridstack/doc) by extension 'python'
[0.985s] Level 1:colcon.colcon_core.package_identification:_identify(config/node_modules/gridstack/doc) by extensions ['python_setup_py']
[0.985s] Level 1:colcon.colcon_core.package_identification:_identify(config/node_modules/gridstack/doc) by extension 'python_setup_py'
[0.985s] Level 1:colcon.colcon_core.package_identification:_identify(config/node_modules/http-errors) by extensions ['ignore', 'ignore_ament_install']
[0.985s] Level 1:colcon.colcon_core.package_identification:_identify(config/node_modules/http-errors) by extension 'ignore'
[0.985s] Level 1:colcon.colcon_core.package_identification:_identify(config/node_modules/http-errors) by extension 'ignore_ament_install'
[0.985s] Level 1:colcon.colcon_core.package_identification:_identify(config/node_modules/http-errors) by extensions ['colcon_pkg']
[0.985s] Level 1:colcon.colcon_core.package_identification:_identify(config/node_modules/http-errors) by extension 'colcon_pkg'
[0.985s] Level 1:colcon.colcon_core.package_identification:_identify(config/node_modules/http-errors) by extensions ['colcon_meta']
[0.985s] Level 1:colcon.colcon_core.package_identification:_identify(config/node_modules/http-errors) by extension 'colcon_meta'
[0.985s] Level 1:colcon.colcon_core.package_identification:_identify(config/node_modules/http-errors) by extensions ['ros']
[0.985s] Level 1:colcon.colcon_core.package_identification:_identify(config/node_modules/http-errors) by extension 'ros'
[0.986s] Level 1:colcon.colcon_core.package_identification:_identify(config/node_modules/http-errors) by extensions ['cmake', 'python']
[0.986s] Level 1:colcon.colcon_core.package_identification:_identify(config/node_modules/http-errors) by extension 'cmake'
[0.986s] Level 1:colcon.colcon_core.package_identification:_identify(config/node_modules/http-errors) by extension 'python'
[0.986s] Level 1:colcon.colcon_core.package_identification:_identify(config/node_modules/http-errors) by extensions ['python_setup_py']
[0.986s] Level 1:colcon.colcon_core.package_identification:_identify(config/node_modules/http-errors) by extension 'python_setup_py'
[0.986s] Level 1:colcon.colcon_core.package_identification:_identify(config/node_modules/inherits) by extensions ['ignore', 'ignore_ament_install']
[0.986s] Level 1:colcon.colcon_core.package_identification:_identify(config/node_modules/inherits) by extension 'ignore'
[0.986s] Level 1:colcon.colcon_core.package_identification:_identify(config/node_modules/inherits) by extension 'ignore_ament_install'
[0.986s] Level 1:colcon.colcon_core.package_identification:_identify(config/node_modules/inherits) by extensions ['colcon_pkg']
[0.986s] Level 1:colcon.colcon_core.package_identification:_identify(config/node_modules/inherits) by extension 'colcon_pkg'
[0.986s] Level 1:colcon.colcon_core.package_identification:_identify(config/node_modules/inherits) by extensions ['colcon_meta']
[0.986s] Level 1:colcon.colcon_core.package_identification:_identify(config/node_modules/inherits) by extension 'colcon_meta'
[0.986s] Level 1:colcon.colcon_core.package_identification:_identify(config/node_modules/inherits) by extensions ['ros']
[0.986s] Level 1:colcon.colcon_core.package_identification:_identify(config/node_modules/inherits) by extension 'ros'
[0.986s] Level 1:colcon.colcon_core.package_identification:_identify(config/node_modules/inherits) by extensions ['cmake', 'python']
[0.986s] Level 1:colcon.colcon_core.package_identification:_identify(config/node_modules/inherits) by extension 'cmake'
[0.986s] Level 1:colcon.colcon_core.package_identification:_identify(config/node_modules/inherits) by extension 'python'
[0.986s] Level 1:colcon.colcon_core.package_identification:_identify(config/node_modules/inherits) by extensions ['python_setup_py']
[0.986s] Level 1:colcon.colcon_core.package_identification:_identify(config/node_modules/inherits) by extension 'python_setup_py'
[0.987s] Level 1:colcon.colcon_core.package_identification:_identify(config/node_modules/jquery) by extensions ['ignore', 'ignore_ament_install']
[0.987s] Level 1:colcon.colcon_core.package_identification:_identify(config/node_modules/jquery) by extension 'ignore'
[0.987s] Level 1:colcon.colcon_core.package_identification:_identify(config/node_modules/jquery) by extension 'ignore_ament_install'
[0.987s] Level 1:colcon.colcon_core.package_identification:_identify(config/node_modules/jquery) by extensions ['colcon_pkg']
[0.987s] Level 1:colcon.colcon_core.package_identification:_identify(config/node_modules/jquery) by extension 'colcon_pkg'
[0.987s] Level 1:colcon.colcon_core.package_identification:_identify(config/node_modules/jquery) by extensions ['colcon_meta']
[0.987s] Level 1:colcon.colcon_core.package_identification:_identify(config/node_modules/jquery) by extension 'colcon_meta'
[0.987s] Level 1:colcon.colcon_core.package_identification:_identify(config/node_modules/jquery) by extensions ['ros']
[0.987s] Level 1:colcon.colcon_core.package_identification:_identify(config/node_modules/jquery) by extension 'ros'
[0.987s] Level 1:colcon.colcon_core.package_identification:_identify(config/node_modules/jquery) by extensions ['cmake', 'python']
[0.987s] Level 1:colcon.colcon_core.package_identification:_identify(config/node_modules/jquery) by extension 'cmake'
[0.987s] Level 1:colcon.colcon_core.package_identification:_identify(config/node_modules/jquery) by extension 'python'
[0.987s] Level 1:colcon.colcon_core.package_identification:_identify(config/node_modules/jquery) by extensions ['python_setup_py']
[0.987s] Level 1:colcon.colcon_core.package_identification:_identify(config/node_modules/jquery) by extension 'python_setup_py'
[0.988s] Level 1:colcon.colcon_core.package_identification:_identify(config/node_modules/jquery/dist) by extensions ['ignore', 'ignore_ament_install']
[0.988s] Level 1:colcon.colcon_core.package_identification:_identify(config/node_modules/jquery/dist) by extension 'ignore'
[0.988s] Level 1:colcon.colcon_core.package_identification:_identify(config/node_modules/jquery/dist) by extension 'ignore_ament_install'
[0.988s] Level 1:colcon.colcon_core.package_identification:_identify(config/node_modules/jquery/dist) by extensions ['colcon_pkg']
[0.988s] Level 1:colcon.colcon_core.package_identification:_identify(config/node_modules/jquery/dist) by extension 'colcon_pkg'
[0.988s] Level 1:colcon.colcon_core.package_identification:_identify(config/node_modules/jquery/dist) by extensions ['colcon_meta']
[0.988s] Level 1:colcon.colcon_core.package_identification:_identify(config/node_modules/jquery/dist) by extension 'colcon_meta'
[0.988s] Level 1:colcon.colcon_core.package_identification:_identify(config/node_modules/jquery/dist) by extensions ['ros']
[0.988s] Level 1:colcon.colcon_core.package_identification:_identify(config/node_modules/jquery/dist) by extension 'ros'
[0.988s] Level 1:colcon.colcon_core.package_identification:_identify(config/node_modules/jquery/dist) by extensions ['cmake', 'python']
[0.988s] Level 1:colcon.colcon_core.package_identification:_identify(config/node_modules/jquery/dist) by extension 'cmake'
[0.988s] Level 1:colcon.colcon_core.package_identification:_identify(config/node_modules/jquery/dist) by extension 'python'
[0.988s] Level 1:colcon.colcon_core.package_identification:_identify(config/node_modules/jquery/dist) by extensions ['python_setup_py']
[0.988s] Level 1:colcon.colcon_core.package_identification:_identify(config/node_modules/jquery/dist) by extension 'python_setup_py'
[0.989s] Level 1:colcon.colcon_core.package_identification:_identify(config/node_modules/jquery/src) by extensions ['ignore', 'ignore_ament_install']
[0.989s] Level 1:colcon.colcon_core.package_identification:_identify(config/node_modules/jquery/src) by extension 'ignore'
[0.989s] Level 1:colcon.colcon_core.package_identification:_identify(config/node_modules/jquery/src) by extension 'ignore_ament_install'
[0.989s] Level 1:colcon.colcon_core.package_identification:_identify(config/node_modules/jquery/src) by extensions ['colcon_pkg']
[0.989s] Level 1:colcon.colcon_core.package_identification:_identify(config/node_modules/jquery/src) by extension 'colcon_pkg'
[0.989s] Level 1:colcon.colcon_core.package_identification:_identify(config/node_modules/jquery/src) by extensions ['colcon_meta']
[0.989s] Level 1:colcon.colcon_core.package_identification:_identify(config/node_modules/jquery/src) by extension 'colcon_meta'
[0.989s] Level 1:colcon.colcon_core.package_identification:_identify(config/node_modules/jquery/src) by extensions ['ros']
[0.989s] Level 1:colcon.colcon_core.package_identification:_identify(config/node_modules/jquery/src) by extension 'ros'
[0.989s] Level 1:colcon.colcon_core.package_identification:_identify(config/node_modules/jquery/src) by extensions ['cmake', 'python']
[0.989s] Level 1:colcon.colcon_core.package_identification:_identify(config/node_modules/jquery/src) by extension 'cmake'
[0.989s] Level 1:colcon.colcon_core.package_identification:_identify(config/node_modules/jquery/src) by extension 'python'
[0.989s] Level 1:colcon.colcon_core.package_identification:_identify(config/node_modules/jquery/src) by extensions ['python_setup_py']
[0.989s] Level 1:colcon.colcon_core.package_identification:_identify(config/node_modules/jquery/src) by extension 'python_setup_py'
[0.990s] Level 1:colcon.colcon_core.package_identification:_identify(config/node_modules/jquery/src/ajax) by extensions ['ignore', 'ignore_ament_install']
[0.990s] Level 1:colcon.colcon_core.package_identification:_identify(config/node_modules/jquery/src/ajax) by extension 'ignore'
[0.990s] Level 1:colcon.colcon_core.package_identification:_identify(config/node_modules/jquery/src/ajax) by extension 'ignore_ament_install'
[0.990s] Level 1:colcon.colcon_core.package_identification:_identify(config/node_modules/jquery/src/ajax) by extensions ['colcon_pkg']
[0.990s] Level 1:colcon.colcon_core.package_identification:_identify(config/node_modules/jquery/src/ajax) by extension 'colcon_pkg'
[0.990s] Level 1:colcon.colcon_core.package_identification:_identify(config/node_modules/jquery/src/ajax) by extensions ['colcon_meta']
[0.990s] Level 1:colcon.colcon_core.package_identification:_identify(config/node_modules/jquery/src/ajax) by extension 'colcon_meta'
[0.990s] Level 1:colcon.colcon_core.package_identification:_identify(config/node_modules/jquery/src/ajax) by extensions ['ros']
[0.990s] Level 1:colcon.colcon_core.package_identification:_identify(config/node_modules/jquery/src/ajax) by extension 'ros'
[0.990s] Level 1:colcon.colcon_core.package_identification:_identify(config/node_modules/jquery/src/ajax) by extensions ['cmake', 'python']
[0.990s] Level 1:colcon.colcon_core.package_identification:_identify(config/node_modules/jquery/src/ajax) by extension 'cmake'
[0.990s] Level 1:colcon.colcon_core.package_identification:_identify(config/node_modules/jquery/src/ajax) by extension 'python'
[0.990s] Level 1:colcon.colcon_core.package_identification:_identify(config/node_modules/jquery/src/ajax) by extensions ['python_setup_py']
[0.990s] Level 1:colcon.colcon_core.package_identification:_identify(config/node_modules/jquery/src/ajax) by extension 'python_setup_py'
[0.991s] Level 1:colcon.colcon_core.package_identification:_identify(config/node_modules/jquery/src/ajax/var) by extensions ['ignore', 'ignore_ament_install']
[0.991s] Level 1:colcon.colcon_core.package_identification:_identify(config/node_modules/jquery/src/ajax/var) by extension 'ignore'
[0.991s] Level 1:colcon.colcon_core.package_identification:_identify(config/node_modules/jquery/src/ajax/var) by extension 'ignore_ament_install'
[0.991s] Level 1:colcon.colcon_core.package_identification:_identify(config/node_modules/jquery/src/ajax/var) by extensions ['colcon_pkg']
[0.991s] Level 1:colcon.colcon_core.package_identification:_identify(config/node_modules/jquery/src/ajax/var) by extension 'colcon_pkg'
[0.991s] Level 1:colcon.colcon_core.package_identification:_identify(config/node_modules/jquery/src/ajax/var) by extensions ['colcon_meta']
[0.991s] Level 1:colcon.colcon_core.package_identification:_identify(config/node_modules/jquery/src/ajax/var) by extension 'colcon_meta'
[0.991s] Level 1:colcon.colcon_core.package_identification:_identify(config/node_modules/jquery/src/ajax/var) by extensions ['ros']
[0.991s] Level 1:colcon.colcon_core.package_identification:_identify(config/node_modules/jquery/src/ajax/var) by extension 'ros'
[0.991s] Level 1:colcon.colcon_core.package_identification:_identify(config/node_modules/jquery/src/ajax/var) by extensions ['cmake', 'python']
[0.991s] Level 1:colcon.colcon_core.package_identification:_identify(config/node_modules/jquery/src/ajax/var) by extension 'cmake'
[0.991s] Level 1:colcon.colcon_core.package_identification:_identify(config/node_modules/jquery/src/ajax/var) by extension 'python'
[0.991s] Level 1:colcon.colcon_core.package_identification:_identify(config/node_modules/jquery/src/ajax/var) by extensions ['python_setup_py']
[0.991s] Level 1:colcon.colcon_core.package_identification:_identify(config/node_modules/jquery/src/ajax/var) by extension 'python_setup_py'
[0.992s] Level 1:colcon.colcon_core.package_identification:_identify(config/node_modules/jquery/src/attributes) by extensions ['ignore', 'ignore_ament_install']
[0.992s] Level 1:colcon.colcon_core.package_identification:_identify(config/node_modules/jquery/src/attributes) by extension 'ignore'
[0.992s] Level 1:colcon.colcon_core.package_identification:_identify(config/node_modules/jquery/src/attributes) by extension 'ignore_ament_install'
[0.992s] Level 1:colcon.colcon_core.package_identification:_identify(config/node_modules/jquery/src/attributes) by extensions ['colcon_pkg']
[0.992s] Level 1:colcon.colcon_core.package_identification:_identify(config/node_modules/jquery/src/attributes) by extension 'colcon_pkg'
[0.992s] Level 1:colcon.colcon_core.package_identification:_identify(config/node_modules/jquery/src/attributes) by extensions ['colcon_meta']
[0.992s] Level 1:colcon.colcon_core.package_identification:_identify(config/node_modules/jquery/src/attributes) by extension 'colcon_meta'
[0.992s] Level 1:colcon.colcon_core.package_identification:_identify(config/node_modules/jquery/src/attributes) by extensions ['ros']
[0.992s] Level 1:colcon.colcon_core.package_identification:_identify(config/node_modules/jquery/src/attributes) by extension 'ros'
[0.992s] Level 1:colcon.colcon_core.package_identification:_identify(config/node_modules/jquery/src/attributes) by extensions ['cmake', 'python']
[0.992s] Level 1:colcon.colcon_core.package_identification:_identify(config/node_modules/jquery/src/attributes) by extension 'cmake'
[0.992s] Level 1:colcon.colcon_core.package_identification:_identify(config/node_modules/jquery/src/attributes) by extension 'python'
[0.992s] Level 1:colcon.colcon_core.package_identification:_identify(config/node_modules/jquery/src/attributes) by extensions ['python_setup_py']
[0.992s] Level 1:colcon.colcon_core.package_identification:_identify(config/node_modules/jquery/src/attributes) by extension 'python_setup_py'
[0.993s] Level 1:colcon.colcon_core.package_identification:_identify(config/node_modules/jquery/src/core) by extensions ['ignore', 'ignore_ament_install']
[0.993s] Level 1:colcon.colcon_core.package_identification:_identify(config/node_modules/jquery/src/core) by extension 'ignore'
[0.993s] Level 1:colcon.colcon_core.package_identification:_identify(config/node_modules/jquery/src/core) by extension 'ignore_ament_install'
[0.993s] Level 1:colcon.colcon_core.package_identification:_identify(config/node_modules/jquery/src/core) by extensions ['colcon_pkg']
[0.993s] Level 1:colcon.colcon_core.package_identification:_identify(config/node_modules/jquery/src/core) by extension 'colcon_pkg'
[0.993s] Level 1:colcon.colcon_core.package_identification:_identify(config/node_modules/jquery/src/core) by extensions ['colcon_meta']
[0.993s] Level 1:colcon.colcon_core.package_identification:_identify(config/node_modules/jquery/src/core) by extension 'colcon_meta'
[0.993s] Level 1:colcon.colcon_core.package_identification:_identify(config/node_modules/jquery/src/core) by extensions ['ros']
[0.993s] Level 1:colcon.colcon_core.package_identification:_identify(config/node_modules/jquery/src/core) by extension 'ros'
[0.993s] Level 1:colcon.colcon_core.package_identification:_identify(config/node_modules/jquery/src/core) by extensions ['cmake', 'python']
[0.993s] Level 1:colcon.colcon_core.package_identification:_identify(config/node_modules/jquery/src/core) by extension 'cmake'
[0.993s] Level 1:colcon.colcon_core.package_identification:_identify(config/node_modules/jquery/src/core) by extension 'python'
[0.993s] Level 1:colcon.colcon_core.package_identification:_identify(config/node_modules/jquery/src/core) by extensions ['python_setup_py']
[0.993s] Level 1:colcon.colcon_core.package_identification:_identify(config/node_modules/jquery/src/core) by extension 'python_setup_py'
[0.994s] Level 1:colcon.colcon_core.package_identification:_identify(config/node_modules/jquery/src/core/var) by extensions ['ignore', 'ignore_ament_install']
[0.994s] Level 1:colcon.colcon_core.package_identification:_identify(config/node_modules/jquery/src/core/var) by extension 'ignore'
[0.994s] Level 1:colcon.colcon_core.package_identification:_identify(config/node_modules/jquery/src/core/var) by extension 'ignore_ament_install'
[0.994s] Level 1:colcon.colcon_core.package_identification:_identify(config/node_modules/jquery/src/core/var) by extensions ['colcon_pkg']
[0.994s] Level 1:colcon.colcon_core.package_identification:_identify(config/node_modules/jquery/src/core/var) by extension 'colcon_pkg'
[0.994s] Level 1:colcon.colcon_core.package_identification:_identify(config/node_modules/jquery/src/core/var) by extensions ['colcon_meta']
[0.994s] Level 1:colcon.colcon_core.package_identification:_identify(config/node_modules/jquery/src/core/var) by extension 'colcon_meta'
[0.994s] Level 1:colcon.colcon_core.package_identification:_identify(config/node_modules/jquery/src/core/var) by extensions ['ros']
[0.994s] Level 1:colcon.colcon_core.package_identification:_identify(config/node_modules/jquery/src/core/var) by extension 'ros'
[0.994s] Level 1:colcon.colcon_core.package_identification:_identify(config/node_modules/jquery/src/core/var) by extensions ['cmake', 'python']
[0.994s] Level 1:colcon.colcon_core.package_identification:_identify(config/node_modules/jquery/src/core/var) by extension 'cmake'
[0.994s] Level 1:colcon.colcon_core.package_identification:_identify(config/node_modules/jquery/src/core/var) by extension 'python'
[0.994s] Level 1:colcon.colcon_core.package_identification:_identify(config/node_modules/jquery/src/core/var) by extensions ['python_setup_py']
[0.994s] Level 1:colcon.colcon_core.package_identification:_identify(config/node_modules/jquery/src/core/var) by extension 'python_setup_py'
[0.994s] Level 1:colcon.colcon_core.package_identification:_identify(config/node_modules/jquery/src/css) by extensions ['ignore', 'ignore_ament_install']
[0.995s] Level 1:colcon.colcon_core.package_identification:_identify(config/node_modules/jquery/src/css) by extension 'ignore'
[0.995s] Level 1:colcon.colcon_core.package_identification:_identify(config/node_modules/jquery/src/css) by extension 'ignore_ament_install'
[0.995s] Level 1:colcon.colcon_core.package_identification:_identify(config/node_modules/jquery/src/css) by extensions ['colcon_pkg']
[0.995s] Level 1:colcon.colcon_core.package_identification:_identify(config/node_modules/jquery/src/css) by extension 'colcon_pkg'
[0.995s] Level 1:colcon.colcon_core.package_identification:_identify(config/node_modules/jquery/src/css) by extensions ['colcon_meta']
[0.995s] Level 1:colcon.colcon_core.package_identification:_identify(config/node_modules/jquery/src/css) by extension 'colcon_meta'
[0.995s] Level 1:colcon.colcon_core.package_identification:_identify(config/node_modules/jquery/src/css) by extensions ['ros']
[0.995s] Level 1:colcon.colcon_core.package_identification:_identify(config/node_modules/jquery/src/css) by extension 'ros'
[0.995s] Level 1:colcon.colcon_core.package_identification:_identify(config/node_modules/jquery/src/css) by extensions ['cmake', 'python']
[0.995s] Level 1:colcon.colcon_core.package_identification:_identify(config/node_modules/jquery/src/css) by extension 'cmake'
[0.995s] Level 1:colcon.colcon_core.package_identification:_identify(config/node_modules/jquery/src/css) by extension 'python'
[0.995s] Level 1:colcon.colcon_core.package_identification:_identify(config/node_modules/jquery/src/css) by extensions ['python_setup_py']
[0.995s] Level 1:colcon.colcon_core.package_identification:_identify(config/node_modules/jquery/src/css) by extension 'python_setup_py'
[0.995s] Level 1:colcon.colcon_core.package_identification:_identify(config/node_modules/jquery/src/css/var) by extensions ['ignore', 'ignore_ament_install']
[0.996s] Level 1:colcon.colcon_core.package_identification:_identify(config/node_modules/jquery/src/css/var) by extension 'ignore'
[0.996s] Level 1:colcon.colcon_core.package_identification:_identify(config/node_modules/jquery/src/css/var) by extension 'ignore_ament_install'
[0.996s] Level 1:colcon.colcon_core.package_identification:_identify(config/node_modules/jquery/src/css/var) by extensions ['colcon_pkg']
[0.996s] Level 1:colcon.colcon_core.package_identification:_identify(config/node_modules/jquery/src/css/var) by extension 'colcon_pkg'
[0.996s] Level 1:colcon.colcon_core.package_identification:_identify(config/node_modules/jquery/src/css/var) by extensions ['colcon_meta']
[0.996s] Level 1:colcon.colcon_core.package_identification:_identify(config/node_modules/jquery/src/css/var) by extension 'colcon_meta'
[0.996s] Level 1:colcon.colcon_core.package_identification:_identify(config/node_modules/jquery/src/css/var) by extensions ['ros']
[0.996s] Level 1:colcon.colcon_core.package_identification:_identify(config/node_modules/jquery/src/css/var) by extension 'ros'
[0.996s] Level 1:colcon.colcon_core.package_identification:_identify(config/node_modules/jquery/src/css/var) by extensions ['cmake', 'python']
[0.996s] Level 1:colcon.colcon_core.package_identification:_identify(config/node_modules/jquery/src/css/var) by extension 'cmake'
[0.996s] Level 1:colcon.colcon_core.package_identification:_identify(config/node_modules/jquery/src/css/var) by extension 'python'
[0.996s] Level 1:colcon.colcon_core.package_identification:_identify(config/node_modules/jquery/src/css/var) by extensions ['python_setup_py']
[0.996s] Level 1:colcon.colcon_core.package_identification:_identify(config/node_modules/jquery/src/css/var) by extension 'python_setup_py'
[0.996s] Level 1:colcon.colcon_core.package_identification:_identify(config/node_modules/jquery/src/data) by extensions ['ignore', 'ignore_ament_install']
[0.997s] Level 1:colcon.colcon_core.package_identification:_identify(config/node_modules/jquery/src/data) by extension 'ignore'
[0.997s] Level 1:colcon.colcon_core.package_identification:_identify(config/node_modules/jquery/src/data) by extension 'ignore_ament_install'
[0.997s] Level 1:colcon.colcon_core.package_identification:_identify(config/node_modules/jquery/src/data) by extensions ['colcon_pkg']
[0.997s] Level 1:colcon.colcon_core.package_identification:_identify(config/node_modules/jquery/src/data) by extension 'colcon_pkg'
[0.997s] Level 1:colcon.colcon_core.package_identification:_identify(config/node_modules/jquery/src/data) by extensions ['colcon_meta']
[0.997s] Level 1:colcon.colcon_core.package_identification:_identify(config/node_modules/jquery/src/data) by extension 'colcon_meta'
[0.997s] Level 1:colcon.colcon_core.package_identification:_identify(config/node_modules/jquery/src/data) by extensions ['ros']
[0.997s] Level 1:colcon.colcon_core.package_identification:_identify(config/node_modules/jquery/src/data) by extension 'ros'
[0.997s] Level 1:colcon.colcon_core.package_identification:_identify(config/node_modules/jquery/src/data) by extensions ['cmake', 'python']
[0.997s] Level 1:colcon.colcon_core.package_identification:_identify(config/node_modules/jquery/src/data) by extension 'cmake'
[0.997s] Level 1:colcon.colcon_core.package_identification:_identify(config/node_modules/jquery/src/data) by extension 'python'
[0.997s] Level 1:colcon.colcon_core.package_identification:_identify(config/node_modules/jquery/src/data) by extensions ['python_setup_py']
[0.997s] Level 1:colcon.colcon_core.package_identification:_identify(config/node_modules/jquery/src/data) by extension 'python_setup_py'
[0.998s] Level 1:colcon.colcon_core.package_identification:_identify(config/node_modules/jquery/src/data/var) by extensions ['ignore', 'ignore_ament_install']
[0.998s] Level 1:colcon.colcon_core.package_identification:_identify(config/node_modules/jquery/src/data/var) by extension 'ignore'
[0.998s] Level 1:colcon.colcon_core.package_identification:_identify(config/node_modules/jquery/src/data/var) by extension 'ignore_ament_install'
[0.998s] Level 1:colcon.colcon_core.package_identification:_identify(config/node_modules/jquery/src/data/var) by extensions ['colcon_pkg']
[0.998s] Level 1:colcon.colcon_core.package_identification:_identify(config/node_modules/jquery/src/data/var) by extension 'colcon_pkg'
[0.998s] Level 1:colcon.colcon_core.package_identification:_identify(config/node_modules/jquery/src/data/var) by extensions ['colcon_meta']
[0.998s] Level 1:colcon.colcon_core.package_identification:_identify(config/node_modules/jquery/src/data/var) by extension 'colcon_meta'
[0.998s] Level 1:colcon.colcon_core.package_identification:_identify(config/node_modules/jquery/src/data/var) by extensions ['ros']
[0.998s] Level 1:colcon.colcon_core.package_identification:_identify(config/node_modules/jquery/src/data/var) by extension 'ros'
[0.998s] Level 1:colcon.colcon_core.package_identification:_identify(config/node_modules/jquery/src/data/var) by extensions ['cmake', 'python']
[0.998s] Level 1:colcon.colcon_core.package_identification:_identify(config/node_modules/jquery/src/data/var) by extension 'cmake'
[0.998s] Level 1:colcon.colcon_core.package_identification:_identify(config/node_modules/jquery/src/data/var) by extension 'python'
[0.998s] Level 1:colcon.colcon_core.package_identification:_identify(config/node_modules/jquery/src/data/var) by extensions ['python_setup_py']
[0.998s] Level 1:colcon.colcon_core.package_identification:_identify(config/node_modules/jquery/src/data/var) by extension 'python_setup_py'
[0.999s] Level 1:colcon.colcon_core.package_identification:_identify(config/node_modules/jquery/src/deferred) by extensions ['ignore', 'ignore_ament_install']
[0.999s] Level 1:colcon.colcon_core.package_identification:_identify(config/node_modules/jquery/src/deferred) by extension 'ignore'
[0.999s] Level 1:colcon.colcon_core.package_identification:_identify(config/node_modules/jquery/src/deferred) by extension 'ignore_ament_install'
[0.999s] Level 1:colcon.colcon_core.package_identification:_identify(config/node_modules/jquery/src/deferred) by extensions ['colcon_pkg']
[0.999s] Level 1:colcon.colcon_core.package_identification:_identify(config/node_modules/jquery/src/deferred) by extension 'colcon_pkg'
[0.999s] Level 1:colcon.colcon_core.package_identification:_identify(config/node_modules/jquery/src/deferred) by extensions ['colcon_meta']
[0.999s] Level 1:colcon.colcon_core.package_identification:_identify(config/node_modules/jquery/src/deferred) by extension 'colcon_meta'
[0.999s] Level 1:colcon.colcon_core.package_identification:_identify(config/node_modules/jquery/src/deferred) by extensions ['ros']
[0.999s] Level 1:colcon.colcon_core.package_identification:_identify(config/node_modules/jquery/src/deferred) by extension 'ros'
[0.999s] Level 1:colcon.colcon_core.package_identification:_identify(config/node_modules/jquery/src/deferred) by extensions ['cmake', 'python']
[0.999s] Level 1:colcon.colcon_core.package_identification:_identify(config/node_modules/jquery/src/deferred) by extension 'cmake'
[0.999s] Level 1:colcon.colcon_core.package_identification:_identify(config/node_modules/jquery/src/deferred) by extension 'python'
[0.999s] Level 1:colcon.colcon_core.package_identification:_identify(config/node_modules/jquery/src/deferred) by extensions ['python_setup_py']
[0.999s] Level 1:colcon.colcon_core.package_identification:_identify(config/node_modules/jquery/src/deferred) by extension 'python_setup_py'
[0.999s] Level 1:colcon.colcon_core.package_identification:_identify(config/node_modules/jquery/src/deprecated) by extensions ['ignore', 'ignore_ament_install']
[1.000s] Level 1:colcon.colcon_core.package_identification:_identify(config/node_modules/jquery/src/deprecated) by extension 'ignore'
[1.000s] Level 1:colcon.colcon_core.package_identification:_identify(config/node_modules/jquery/src/deprecated) by extension 'ignore_ament_install'
[1.000s] Level 1:colcon.colcon_core.package_identification:_identify(config/node_modules/jquery/src/deprecated) by extensions ['colcon_pkg']
[1.000s] Level 1:colcon.colcon_core.package_identification:_identify(config/node_modules/jquery/src/deprecated) by extension 'colcon_pkg'
[1.000s] Level 1:colcon.colcon_core.package_identification:_identify(config/node_modules/jquery/src/deprecated) by extensions ['colcon_meta']
[1.000s] Level 1:colcon.colcon_core.package_identification:_identify(config/node_modules/jquery/src/deprecated) by extension 'colcon_meta'
[1.000s] Level 1:colcon.colcon_core.package_identification:_identify(config/node_modules/jquery/src/deprecated) by extensions ['ros']
[1.000s] Level 1:colcon.colcon_core.package_identification:_identify(config/node_modules/jquery/src/deprecated) by extension 'ros'
[1.000s] Level 1:colcon.colcon_core.package_identification:_identify(config/node_modules/jquery/src/deprecated) by extensions ['cmake', 'python']
[1.000s] Level 1:colcon.colcon_core.package_identification:_identify(config/node_modules/jquery/src/deprecated) by extension 'cmake'
[1.000s] Level 1:colcon.colcon_core.package_identification:_identify(config/node_modules/jquery/src/deprecated) by extension 'python'
[1.000s] Level 1:colcon.colcon_core.package_identification:_identify(config/node_modules/jquery/src/deprecated) by extensions ['python_setup_py']
[1.000s] Level 1:colcon.colcon_core.package_identification:_identify(config/node_modules/jquery/src/deprecated) by extension 'python_setup_py'
[1.000s] Level 1:colcon.colcon_core.package_identification:_identify(config/node_modules/jquery/src/effects) by extensions ['ignore', 'ignore_ament_install']
[1.000s] Level 1:colcon.colcon_core.package_identification:_identify(config/node_modules/jquery/src/effects) by extension 'ignore'
[1.000s] Level 1:colcon.colcon_core.package_identification:_identify(config/node_modules/jquery/src/effects) by extension 'ignore_ament_install'
[1.001s] Level 1:colcon.colcon_core.package_identification:_identify(config/node_modules/jquery/src/effects) by extensions ['colcon_pkg']
[1.001s] Level 1:colcon.colcon_core.package_identification:_identify(config/node_modules/jquery/src/effects) by extension 'colcon_pkg'
[1.001s] Level 1:colcon.colcon_core.package_identification:_identify(config/node_modules/jquery/src/effects) by extensions ['colcon_meta']
[1.001s] Level 1:colcon.colcon_core.package_identification:_identify(config/node_modules/jquery/src/effects) by extension 'colcon_meta'
[1.001s] Level 1:colcon.colcon_core.package_identification:_identify(config/node_modules/jquery/src/effects) by extensions ['ros']
[1.001s] Level 1:colcon.colcon_core.package_identification:_identify(config/node_modules/jquery/src/effects) by extension 'ros'
[1.001s] Level 1:colcon.colcon_core.package_identification:_identify(config/node_modules/jquery/src/effects) by extensions ['cmake', 'python']
[1.001s] Level 1:colcon.colcon_core.package_identification:_identify(config/node_modules/jquery/src/effects) by extension 'cmake'
[1.001s] Level 1:colcon.colcon_core.package_identification:_identify(config/node_modules/jquery/src/effects) by extension 'python'
[1.001s] Level 1:colcon.colcon_core.package_identification:_identify(config/node_modules/jquery/src/effects) by extensions ['python_setup_py']
[1.001s] Level 1:colcon.colcon_core.package_identification:_identify(config/node_modules/jquery/src/effects) by extension 'python_setup_py'
[1.001s] Level 1:colcon.colcon_core.package_identification:_identify(config/node_modules/jquery/src/event) by extensions ['ignore', 'ignore_ament_install']
[1.001s] Level 1:colcon.colcon_core.package_identification:_identify(config/node_modules/jquery/src/event) by extension 'ignore'
[1.001s] Level 1:colcon.colcon_core.package_identification:_identify(config/node_modules/jquery/src/event) by extension 'ignore_ament_install'
[1.001s] Level 1:colcon.colcon_core.package_identification:_identify(config/node_modules/jquery/src/event) by extensions ['colcon_pkg']
[1.001s] Level 1:colcon.colcon_core.package_identification:_identify(config/node_modules/jquery/src/event) by extension 'colcon_pkg'
[1.002s] Level 1:colcon.colcon_core.package_identification:_identify(config/node_modules/jquery/src/event) by extensions ['colcon_meta']
[1.002s] Level 1:colcon.colcon_core.package_identification:_identify(config/node_modules/jquery/src/event) by extension 'colcon_meta'
[1.002s] Level 1:colcon.colcon_core.package_identification:_identify(config/node_modules/jquery/src/event) by extensions ['ros']
[1.002s] Level 1:colcon.colcon_core.package_identification:_identify(config/node_modules/jquery/src/event) by extension 'ros'
[1.002s] Level 1:colcon.colcon_core.package_identification:_identify(config/node_modules/jquery/src/event) by extensions ['cmake', 'python']
[1.002s] Level 1:colcon.colcon_core.package_identification:_identify(config/node_modules/jquery/src/event) by extension 'cmake'
[1.002s] Level 1:colcon.colcon_core.package_identification:_identify(config/node_modules/jquery/src/event) by extension 'python'
[1.002s] Level 1:colcon.colcon_core.package_identification:_identify(config/node_modules/jquery/src/event) by extensions ['python_setup_py']
[1.002s] Level 1:colcon.colcon_core.package_identification:_identify(config/node_modules/jquery/src/event) by extension 'python_setup_py'
[1.002s] Level 1:colcon.colcon_core.package_identification:_identify(config/node_modules/jquery/src/exports) by extensions ['ignore', 'ignore_ament_install']
[1.002s] Level 1:colcon.colcon_core.package_identification:_identify(config/node_modules/jquery/src/exports) by extension 'ignore'
[1.002s] Level 1:colcon.colcon_core.package_identification:_identify(config/node_modules/jquery/src/exports) by extension 'ignore_ament_install'
[1.002s] Level 1:colcon.colcon_core.package_identification:_identify(config/node_modules/jquery/src/exports) by extensions ['colcon_pkg']
[1.002s] Level 1:colcon.colcon_core.package_identification:_identify(config/node_modules/jquery/src/exports) by extension 'colcon_pkg'
[1.002s] Level 1:colcon.colcon_core.package_identification:_identify(config/node_modules/jquery/src/exports) by extensions ['colcon_meta']
[1.002s] Level 1:colcon.colcon_core.package_identification:_identify(config/node_modules/jquery/src/exports) by extension 'colcon_meta'
[1.002s] Level 1:colcon.colcon_core.package_identification:_identify(config/node_modules/jquery/src/exports) by extensions ['ros']
[1.002s] Level 1:colcon.colcon_core.package_identification:_identify(config/node_modules/jquery/src/exports) by extension 'ros'
[1.002s] Level 1:colcon.colcon_core.package_identification:_identify(config/node_modules/jquery/src/exports) by extensions ['cmake', 'python']
[1.002s] Level 1:colcon.colcon_core.package_identification:_identify(config/node_modules/jquery/src/exports) by extension 'cmake'
[1.003s] Level 1:colcon.colcon_core.package_identification:_identify(config/node_modules/jquery/src/exports) by extension 'python'
[1.003s] Level 1:colcon.colcon_core.package_identification:_identify(config/node_modules/jquery/src/exports) by extensions ['python_setup_py']
[1.003s] Level 1:colcon.colcon_core.package_identification:_identify(config/node_modules/jquery/src/exports) by extension 'python_setup_py'
[1.003s] Level 1:colcon.colcon_core.package_identification:_identify(config/node_modules/jquery/src/manipulation) by extensions ['ignore', 'ignore_ament_install']
[1.003s] Level 1:colcon.colcon_core.package_identification:_identify(config/node_modules/jquery/src/manipulation) by extension 'ignore'
[1.003s] Level 1:colcon.colcon_core.package_identification:_identify(config/node_modules/jquery/src/manipulation) by extension 'ignore_ament_install'
[1.003s] Level 1:colcon.colcon_core.package_identification:_identify(config/node_modules/jquery/src/manipulation) by extensions ['colcon_pkg']
[1.003s] Level 1:colcon.colcon_core.package_identification:_identify(config/node_modules/jquery/src/manipulation) by extension 'colcon_pkg'
[1.003s] Level 1:colcon.colcon_core.package_identification:_identify(config/node_modules/jquery/src/manipulation) by extensions ['colcon_meta']
[1.004s] Level 1:colcon.colcon_core.package_identification:_identify(config/node_modules/jquery/src/manipulation) by extension 'colcon_meta'
[1.004s] Level 1:colcon.colcon_core.package_identification:_identify(config/node_modules/jquery/src/manipulation) by extensions ['ros']
[1.004s] Level 1:colcon.colcon_core.package_identification:_identify(config/node_modules/jquery/src/manipulation) by extension 'ros'
[1.004s] Level 1:colcon.colcon_core.package_identification:_identify(config/node_modules/jquery/src/manipulation) by extensions ['cmake', 'python']
[1.004s] Level 1:colcon.colcon_core.package_identification:_identify(config/node_modules/jquery/src/manipulation) by extension 'cmake'
[1.004s] Level 1:colcon.colcon_core.package_identification:_identify(config/node_modules/jquery/src/manipulation) by extension 'python'
[1.004s] Level 1:colcon.colcon_core.package_identification:_identify(config/node_modules/jquery/src/manipulation) by extensions ['python_setup_py']
[1.004s] Level 1:colcon.colcon_core.package_identification:_identify(config/node_modules/jquery/src/manipulation) by extension 'python_setup_py'
[1.004s] Level 1:colcon.colcon_core.package_identification:_identify(config/node_modules/jquery/src/manipulation/var) by extensions ['ignore', 'ignore_ament_install']
[1.005s] Level 1:colcon.colcon_core.package_identification:_identify(config/node_modules/jquery/src/manipulation/var) by extension 'ignore'
[1.005s] Level 1:colcon.colcon_core.package_identification:_identify(config/node_modules/jquery/src/manipulation/var) by extension 'ignore_ament_install'
[1.005s] Level 1:colcon.colcon_core.package_identification:_identify(config/node_modules/jquery/src/manipulation/var) by extensions ['colcon_pkg']
[1.005s] Level 1:colcon.colcon_core.package_identification:_identify(config/node_modules/jquery/src/manipulation/var) by extension 'colcon_pkg'
[1.005s] Level 1:colcon.colcon_core.package_identification:_identify(config/node_modules/jquery/src/manipulation/var) by extensions ['colcon_meta']
[1.005s] Level 1:colcon.colcon_core.package_identification:_identify(config/node_modules/jquery/src/manipulation/var) by extension 'colcon_meta'
[1.005s] Level 1:colcon.colcon_core.package_identification:_identify(config/node_modules/jquery/src/manipulation/var) by extensions ['ros']
[1.005s] Level 1:colcon.colcon_core.package_identification:_identify(config/node_modules/jquery/src/manipulation/var) by extension 'ros'
[1.005s] Level 1:colcon.colcon_core.package_identification:_identify(config/node_modules/jquery/src/manipulation/var) by extensions ['cmake', 'python']
[1.005s] Level 1:colcon.colcon_core.package_identification:_identify(config/node_modules/jquery/src/manipulation/var) by extension 'cmake'
[1.005s] Level 1:colcon.colcon_core.package_identification:_identify(config/node_modules/jquery/src/manipulation/var) by extension 'python'
[1.005s] Level 1:colcon.colcon_core.package_identification:_identify(config/node_modules/jquery/src/manipulation/var) by extensions ['python_setup_py']
[1.005s] Level 1:colcon.colcon_core.package_identification:_identify(config/node_modules/jquery/src/manipulation/var) by extension 'python_setup_py'
[1.006s] Level 1:colcon.colcon_core.package_identification:_identify(config/node_modules/jquery/src/queue) by extensions ['ignore', 'ignore_ament_install']
[1.006s] Level 1:colcon.colcon_core.package_identification:_identify(config/node_modules/jquery/src/queue) by extension 'ignore'
[1.006s] Level 1:colcon.colcon_core.package_identification:_identify(config/node_modules/jquery/src/queue) by extension 'ignore_ament_install'
[1.006s] Level 1:colcon.colcon_core.package_identification:_identify(config/node_modules/jquery/src/queue) by extensions ['colcon_pkg']
[1.006s] Level 1:colcon.colcon_core.package_identification:_identify(config/node_modules/jquery/src/queue) by extension 'colcon_pkg'
[1.006s] Level 1:colcon.colcon_core.package_identification:_identify(config/node_modules/jquery/src/queue) by extensions ['colcon_meta']
[1.006s] Level 1:colcon.colcon_core.package_identification:_identify(config/node_modules/jquery/src/queue) by extension 'colcon_meta'
[1.006s] Level 1:colcon.colcon_core.package_identification:_identify(config/node_modules/jquery/src/queue) by extensions ['ros']
[1.006s] Level 1:colcon.colcon_core.package_identification:_identify(config/node_modules/jquery/src/queue) by extension 'ros'
[1.006s] Level 1:colcon.colcon_core.package_identification:_identify(config/node_modules/jquery/src/queue) by extensions ['cmake', 'python']
[1.006s] Level 1:colcon.colcon_core.package_identification:_identify(config/node_modules/jquery/src/queue) by extension 'cmake'
[1.006s] Level 1:colcon.colcon_core.package_identification:_identify(config/node_modules/jquery/src/queue) by extension 'python'
[1.006s] Level 1:colcon.colcon_core.package_identification:_identify(config/node_modules/jquery/src/queue) by extensions ['python_setup_py']
[1.006s] Level 1:colcon.colcon_core.package_identification:_identify(config/node_modules/jquery/src/queue) by extension 'python_setup_py'
[1.007s] Level 1:colcon.colcon_core.package_identification:_identify(config/node_modules/jquery/src/selector) by extensions ['ignore', 'ignore_ament_install']
[1.007s] Level 1:colcon.colcon_core.package_identification:_identify(config/node_modules/jquery/src/selector) by extension 'ignore'
[1.007s] Level 1:colcon.colcon_core.package_identification:_identify(config/node_modules/jquery/src/selector) by extension 'ignore_ament_install'
[1.007s] Level 1:colcon.colcon_core.package_identification:_identify(config/node_modules/jquery/src/selector) by extensions ['colcon_pkg']
[1.007s] Level 1:colcon.colcon_core.package_identification:_identify(config/node_modules/jquery/src/selector) by extension 'colcon_pkg'
[1.007s] Level 1:colcon.colcon_core.package_identification:_identify(config/node_modules/jquery/src/selector) by extensions ['colcon_meta']
[1.007s] Level 1:colcon.colcon_core.package_identification:_identify(config/node_modules/jquery/src/selector) by extension 'colcon_meta'
[1.007s] Level 1:colcon.colcon_core.package_identification:_identify(config/node_modules/jquery/src/selector) by extensions ['ros']
[1.007s] Level 1:colcon.colcon_core.package_identification:_identify(config/node_modules/jquery/src/selector) by extension 'ros'
[1.007s] Level 1:colcon.colcon_core.package_identification:_identify(config/node_modules/jquery/src/selector) by extensions ['cmake', 'python']
[1.007s] Level 1:colcon.colcon_core.package_identification:_identify(config/node_modules/jquery/src/selector) by extension 'cmake'
[1.007s] Level 1:colcon.colcon_core.package_identification:_identify(config/node_modules/jquery/src/selector) by extension 'python'
[1.007s] Level 1:colcon.colcon_core.package_identification:_identify(config/node_modules/jquery/src/selector) by extensions ['python_setup_py']
[1.007s] Level 1:colcon.colcon_core.package_identification:_identify(config/node_modules/jquery/src/selector) by extension 'python_setup_py'
[1.008s] Level 1:colcon.colcon_core.package_identification:_identify(config/node_modules/jquery/src/traversing) by extensions ['ignore', 'ignore_ament_install']
[1.008s] Level 1:colcon.colcon_core.package_identification:_identify(config/node_modules/jquery/src/traversing) by extension 'ignore'
[1.008s] Level 1:colcon.colcon_core.package_identification:_identify(config/node_modules/jquery/src/traversing) by extension 'ignore_ament_install'
[1.008s] Level 1:colcon.colcon_core.package_identification:_identify(config/node_modules/jquery/src/traversing) by extensions ['colcon_pkg']
[1.008s] Level 1:colcon.colcon_core.package_identification:_identify(config/node_modules/jquery/src/traversing) by extension 'colcon_pkg'
[1.008s] Level 1:colcon.colcon_core.package_identification:_identify(config/node_modules/jquery/src/traversing) by extensions ['colcon_meta']
[1.008s] Level 1:colcon.colcon_core.package_identification:_identify(config/node_modules/jquery/src/traversing) by extension 'colcon_meta'
[1.008s] Level 1:colcon.colcon_core.package_identification:_identify(config/node_modules/jquery/src/traversing) by extensions ['ros']
[1.008s] Level 1:colcon.colcon_core.package_identification:_identify(config/node_modules/jquery/src/traversing) by extension 'ros'
[1.008s] Level 1:colcon.colcon_core.package_identification:_identify(config/node_modules/jquery/src/traversing) by extensions ['cmake', 'python']
[1.008s] Level 1:colcon.colcon_core.package_identification:_identify(config/node_modules/jquery/src/traversing) by extension 'cmake'
[1.008s] Level 1:colcon.colcon_core.package_identification:_identify(config/node_modules/jquery/src/traversing) by extension 'python'
[1.008s] Level 1:colcon.colcon_core.package_identification:_identify(config/node_modules/jquery/src/traversing) by extensions ['python_setup_py']
[1.008s] Level 1:colcon.colcon_core.package_identification:_identify(config/node_modules/jquery/src/traversing) by extension 'python_setup_py'
[1.009s] Level 1:colcon.colcon_core.package_identification:_identify(config/node_modules/jquery/src/traversing/var) by extensions ['ignore', 'ignore_ament_install']
[1.009s] Level 1:colcon.colcon_core.package_identification:_identify(config/node_modules/jquery/src/traversing/var) by extension 'ignore'
[1.009s] Level 1:colcon.colcon_core.package_identification:_identify(config/node_modules/jquery/src/traversing/var) by extension 'ignore_ament_install'
[1.009s] Level 1:colcon.colcon_core.package_identification:_identify(config/node_modules/jquery/src/traversing/var) by extensions ['colcon_pkg']
[1.009s] Level 1:colcon.colcon_core.package_identification:_identify(config/node_modules/jquery/src/traversing/var) by extension 'colcon_pkg'
[1.009s] Level 1:colcon.colcon_core.package_identification:_identify(config/node_modules/jquery/src/traversing/var) by extensions ['colcon_meta']
[1.009s] Level 1:colcon.colcon_core.package_identification:_identify(config/node_modules/jquery/src/traversing/var) by extension 'colcon_meta'
[1.009s] Level 1:colcon.colcon_core.package_identification:_identify(config/node_modules/jquery/src/traversing/var) by extensions ['ros']
[1.009s] Level 1:colcon.colcon_core.package_identification:_identify(config/node_modules/jquery/src/traversing/var) by extension 'ros'
[1.009s] Level 1:colcon.colcon_core.package_identification:_identify(config/node_modules/jquery/src/traversing/var) by extensions ['cmake', 'python']
[1.009s] Level 1:colcon.colcon_core.package_identification:_identify(config/node_modules/jquery/src/traversing/var) by extension 'cmake'
[1.009s] Level 1:colcon.colcon_core.package_identification:_identify(config/node_modules/jquery/src/traversing/var) by extension 'python'
[1.009s] Level 1:colcon.colcon_core.package_identification:_identify(config/node_modules/jquery/src/traversing/var) by extensions ['python_setup_py']
[1.009s] Level 1:colcon.colcon_core.package_identification:_identify(config/node_modules/jquery/src/traversing/var) by extension 'python_setup_py'
[1.010s] Level 1:colcon.colcon_core.package_identification:_identify(config/node_modules/jquery/src/var) by extensions ['ignore', 'ignore_ament_install']
[1.010s] Level 1:colcon.colcon_core.package_identification:_identify(config/node_modules/jquery/src/var) by extension 'ignore'
[1.010s] Level 1:colcon.colcon_core.package_identification:_identify(config/node_modules/jquery/src/var) by extension 'ignore_ament_install'
[1.010s] Level 1:colcon.colcon_core.package_identification:_identify(config/node_modules/jquery/src/var) by extensions ['colcon_pkg']
[1.010s] Level 1:colcon.colcon_core.package_identification:_identify(config/node_modules/jquery/src/var) by extension 'colcon_pkg'
[1.010s] Level 1:colcon.colcon_core.package_identification:_identify(config/node_modules/jquery/src/var) by extensions ['colcon_meta']
[1.010s] Level 1:colcon.colcon_core.package_identification:_identify(config/node_modules/jquery/src/var) by extension 'colcon_meta'
[1.010s] Level 1:colcon.colcon_core.package_identification:_identify(config/node_modules/jquery/src/var) by extensions ['ros']
[1.010s] Level 1:colcon.colcon_core.package_identification:_identify(config/node_modules/jquery/src/var) by extension 'ros'
[1.010s] Level 1:colcon.colcon_core.package_identification:_identify(config/node_modules/jquery/src/var) by extensions ['cmake', 'python']
[1.010s] Level 1:colcon.colcon_core.package_identification:_identify(config/node_modules/jquery/src/var) by extension 'cmake'
[1.010s] Level 1:colcon.colcon_core.package_identification:_identify(config/node_modules/jquery/src/var) by extension 'python'
[1.010s] Level 1:colcon.colcon_core.package_identification:_identify(config/node_modules/jquery/src/var) by extensions ['python_setup_py']
[1.010s] Level 1:colcon.colcon_core.package_identification:_identify(config/node_modules/jquery/src/var) by extension 'python_setup_py'
[1.011s] Level 1:colcon.colcon_core.package_identification:_identify(config/node_modules/mime) by extensions ['ignore', 'ignore_ament_install']
[1.011s] Level 1:colcon.colcon_core.package_identification:_identify(config/node_modules/mime) by extension 'ignore'
[1.011s] Level 1:colcon.colcon_core.package_identification:_identify(config/node_modules/mime) by extension 'ignore_ament_install'
[1.011s] Level 1:colcon.colcon_core.package_identification:_identify(config/node_modules/mime) by extensions ['colcon_pkg']
[1.011s] Level 1:colcon.colcon_core.package_identification:_identify(config/node_modules/mime) by extension 'colcon_pkg'
[1.011s] Level 1:colcon.colcon_core.package_identification:_identify(config/node_modules/mime) by extensions ['colcon_meta']
[1.011s] Level 1:colcon.colcon_core.package_identification:_identify(config/node_modules/mime) by extension 'colcon_meta'
[1.011s] Level 1:colcon.colcon_core.package_identification:_identify(config/node_modules/mime) by extensions ['ros']
[1.011s] Level 1:colcon.colcon_core.package_identification:_identify(config/node_modules/mime) by extension 'ros'
[1.011s] Level 1:colcon.colcon_core.package_identification:_identify(config/node_modules/mime) by extensions ['cmake', 'python']
[1.011s] Level 1:colcon.colcon_core.package_identification:_identify(config/node_modules/mime) by extension 'cmake'
[1.011s] Level 1:colcon.colcon_core.package_identification:_identify(config/node_modules/mime) by extension 'python'
[1.011s] Level 1:colcon.colcon_core.package_identification:_identify(config/node_modules/mime) by extensions ['python_setup_py']
[1.011s] Level 1:colcon.colcon_core.package_identification:_identify(config/node_modules/mime) by extension 'python_setup_py'
[1.012s] Level 1:colcon.colcon_core.package_identification:_identify(config/node_modules/mime/src) by extensions ['ignore', 'ignore_ament_install']
[1.012s] Level 1:colcon.colcon_core.package_identification:_identify(config/node_modules/mime/src) by extension 'ignore'
[1.012s] Level 1:colcon.colcon_core.package_identification:_identify(config/node_modules/mime/src) by extension 'ignore_ament_install'
[1.012s] Level 1:colcon.colcon_core.package_identification:_identify(config/node_modules/mime/src) by extensions ['colcon_pkg']
[1.012s] Level 1:colcon.colcon_core.package_identification:_identify(config/node_modules/mime/src) by extension 'colcon_pkg'
[1.012s] Level 1:colcon.colcon_core.package_identification:_identify(config/node_modules/mime/src) by extensions ['colcon_meta']
[1.012s] Level 1:colcon.colcon_core.package_identification:_identify(config/node_modules/mime/src) by extension 'colcon_meta'
[1.012s] Level 1:colcon.colcon_core.package_identification:_identify(config/node_modules/mime/src) by extensions ['ros']
[1.012s] Level 1:colcon.colcon_core.package_identification:_identify(config/node_modules/mime/src) by extension 'ros'
[1.012s] Level 1:colcon.colcon_core.package_identification:_identify(config/node_modules/mime/src) by extensions ['cmake', 'python']
[1.012s] Level 1:colcon.colcon_core.package_identification:_identify(config/node_modules/mime/src) by extension 'cmake'
[1.012s] Level 1:colcon.colcon_core.package_identification:_identify(config/node_modules/mime/src) by extension 'python'
[1.012s] Level 1:colcon.colcon_core.package_identification:_identify(config/node_modules/mime/src) by extensions ['python_setup_py']
[1.012s] Level 1:colcon.colcon_core.package_identification:_identify(config/node_modules/mime/src) by extension 'python_setup_py'
[1.013s] Level 1:colcon.colcon_core.package_identification:_identify(config/node_modules/mime-db) by extensions ['ignore', 'ignore_ament_install']
[1.013s] Level 1:colcon.colcon_core.package_identification:_identify(config/node_modules/mime-db) by extension 'ignore'
[1.013s] Level 1:colcon.colcon_core.package_identification:_identify(config/node_modules/mime-db) by extension 'ignore_ament_install'
[1.013s] Level 1:colcon.colcon_core.package_identification:_identify(config/node_modules/mime-db) by extensions ['colcon_pkg']
[1.013s] Level 1:colcon.colcon_core.package_identification:_identify(config/node_modules/mime-db) by extension 'colcon_pkg'
[1.013s] Level 1:colcon.colcon_core.package_identification:_identify(config/node_modules/mime-db) by extensions ['colcon_meta']
[1.013s] Level 1:colcon.colcon_core.package_identification:_identify(config/node_modules/mime-db) by extension 'colcon_meta'
[1.013s] Level 1:colcon.colcon_core.package_identification:_identify(config/node_modules/mime-db) by extensions ['ros']
[1.013s] Level 1:colcon.colcon_core.package_identification:_identify(config/node_modules/mime-db) by extension 'ros'
[1.013s] Level 1:colcon.colcon_core.package_identification:_identify(config/node_modules/mime-db) by extensions ['cmake', 'python']
[1.013s] Level 1:colcon.colcon_core.package_identification:_identify(config/node_modules/mime-db) by extension 'cmake'
[1.013s] Level 1:colcon.colcon_core.package_identification:_identify(config/node_modules/mime-db) by extension 'python'
[1.013s] Level 1:colcon.colcon_core.package_identification:_identify(config/node_modules/mime-db) by extensions ['python_setup_py']
[1.013s] Level 1:colcon.colcon_core.package_identification:_identify(config/node_modules/mime-db) by extension 'python_setup_py'
[1.014s] Level 1:colcon.colcon_core.package_identification:_identify(config/node_modules/mime-types) by extensions ['ignore', 'ignore_ament_install']
[1.014s] Level 1:colcon.colcon_core.package_identification:_identify(config/node_modules/mime-types) by extension 'ignore'
[1.014s] Level 1:colcon.colcon_core.package_identification:_identify(config/node_modules/mime-types) by extension 'ignore_ament_install'
[1.014s] Level 1:colcon.colcon_core.package_identification:_identify(config/node_modules/mime-types) by extensions ['colcon_pkg']
[1.014s] Level 1:colcon.colcon_core.package_identification:_identify(config/node_modules/mime-types) by extension 'colcon_pkg'
[1.014s] Level 1:colcon.colcon_core.package_identification:_identify(config/node_modules/mime-types) by extensions ['colcon_meta']
[1.014s] Level 1:colcon.colcon_core.package_identification:_identify(config/node_modules/mime-types) by extension 'colcon_meta'
[1.014s] Level 1:colcon.colcon_core.package_identification:_identify(config/node_modules/mime-types) by extensions ['ros']
[1.014s] Level 1:colcon.colcon_core.package_identification:_identify(config/node_modules/mime-types) by extension 'ros'
[1.014s] Level 1:colcon.colcon_core.package_identification:_identify(config/node_modules/mime-types) by extensions ['cmake', 'python']
[1.014s] Level 1:colcon.colcon_core.package_identification:_identify(config/node_modules/mime-types) by extension 'cmake'
[1.014s] Level 1:colcon.colcon_core.package_identification:_identify(config/node_modules/mime-types) by extension 'python'
[1.014s] Level 1:colcon.colcon_core.package_identification:_identify(config/node_modules/mime-types) by extensions ['python_setup_py']
[1.014s] Level 1:colcon.colcon_core.package_identification:_identify(config/node_modules/mime-types) by extension 'python_setup_py'
[1.015s] Level 1:colcon.colcon_core.package_identification:_identify(config/node_modules/mime-types/node_modules) by extensions ['ignore', 'ignore_ament_install']
[1.015s] Level 1:colcon.colcon_core.package_identification:_identify(config/node_modules/mime-types/node_modules) by extension 'ignore'
[1.015s] Level 1:colcon.colcon_core.package_identification:_identify(config/node_modules/mime-types/node_modules) by extension 'ignore_ament_install'
[1.015s] Level 1:colcon.colcon_core.package_identification:_identify(config/node_modules/mime-types/node_modules) by extensions ['colcon_pkg']
[1.015s] Level 1:colcon.colcon_core.package_identification:_identify(config/node_modules/mime-types/node_modules) by extension 'colcon_pkg'
[1.015s] Level 1:colcon.colcon_core.package_identification:_identify(config/node_modules/mime-types/node_modules) by extensions ['colcon_meta']
[1.015s] Level 1:colcon.colcon_core.package_identification:_identify(config/node_modules/mime-types/node_modules) by extension 'colcon_meta'
[1.015s] Level 1:colcon.colcon_core.package_identification:_identify(config/node_modules/mime-types/node_modules) by extensions ['ros']
[1.015s] Level 1:colcon.colcon_core.package_identification:_identify(config/node_modules/mime-types/node_modules) by extension 'ros'
[1.015s] Level 1:colcon.colcon_core.package_identification:_identify(config/node_modules/mime-types/node_modules) by extensions ['cmake', 'python']
[1.015s] Level 1:colcon.colcon_core.package_identification:_identify(config/node_modules/mime-types/node_modules) by extension 'cmake'
[1.015s] Level 1:colcon.colcon_core.package_identification:_identify(config/node_modules/mime-types/node_modules) by extension 'python'
[1.015s] Level 1:colcon.colcon_core.package_identification:_identify(config/node_modules/mime-types/node_modules) by extensions ['python_setup_py']
[1.015s] Level 1:colcon.colcon_core.package_identification:_identify(config/node_modules/mime-types/node_modules) by extension 'python_setup_py'
[1.016s] Level 1:colcon.colcon_core.package_identification:_identify(config/node_modules/mime-types/node_modules/mime-db) by extensions ['ignore', 'ignore_ament_install']
[1.016s] Level 1:colcon.colcon_core.package_identification:_identify(config/node_modules/mime-types/node_modules/mime-db) by extension 'ignore'
[1.016s] Level 1:colcon.colcon_core.package_identification:_identify(config/node_modules/mime-types/node_modules/mime-db) by extension 'ignore_ament_install'
[1.016s] Level 1:colcon.colcon_core.package_identification:_identify(config/node_modules/mime-types/node_modules/mime-db) by extensions ['colcon_pkg']
[1.016s] Level 1:colcon.colcon_core.package_identification:_identify(config/node_modules/mime-types/node_modules/mime-db) by extension 'colcon_pkg'
[1.016s] Level 1:colcon.colcon_core.package_identification:_identify(config/node_modules/mime-types/node_modules/mime-db) by extensions ['colcon_meta']
[1.016s] Level 1:colcon.colcon_core.package_identification:_identify(config/node_modules/mime-types/node_modules/mime-db) by extension 'colcon_meta'
[1.016s] Level 1:colcon.colcon_core.package_identification:_identify(config/node_modules/mime-types/node_modules/mime-db) by extensions ['ros']
[1.016s] Level 1:colcon.colcon_core.package_identification:_identify(config/node_modules/mime-types/node_modules/mime-db) by extension 'ros'
[1.017s] Level 1:colcon.colcon_core.package_identification:_identify(config/node_modules/mime-types/node_modules/mime-db) by extensions ['cmake', 'python']
[1.017s] Level 1:colcon.colcon_core.package_identification:_identify(config/node_modules/mime-types/node_modules/mime-db) by extension 'cmake'
[1.017s] Level 1:colcon.colcon_core.package_identification:_identify(config/node_modules/mime-types/node_modules/mime-db) by extension 'python'
[1.017s] Level 1:colcon.colcon_core.package_identification:_identify(config/node_modules/mime-types/node_modules/mime-db) by extensions ['python_setup_py']
[1.017s] Level 1:colcon.colcon_core.package_identification:_identify(config/node_modules/mime-types/node_modules/mime-db) by extension 'python_setup_py'
[1.017s] Level 1:colcon.colcon_core.package_identification:_identify(config/node_modules/ms) by extensions ['ignore', 'ignore_ament_install']
[1.017s] Level 1:colcon.colcon_core.package_identification:_identify(config/node_modules/ms) by extension 'ignore'
[1.017s] Level 1:colcon.colcon_core.package_identification:_identify(config/node_modules/ms) by extension 'ignore_ament_install'
[1.017s] Level 1:colcon.colcon_core.package_identification:_identify(config/node_modules/ms) by extensions ['colcon_pkg']
[1.017s] Level 1:colcon.colcon_core.package_identification:_identify(config/node_modules/ms) by extension 'colcon_pkg'
[1.017s] Level 1:colcon.colcon_core.package_identification:_identify(config/node_modules/ms) by extensions ['colcon_meta']
[1.017s] Level 1:colcon.colcon_core.package_identification:_identify(config/node_modules/ms) by extension 'colcon_meta'
[1.018s] Level 1:colcon.colcon_core.package_identification:_identify(config/node_modules/ms) by extensions ['ros']
[1.018s] Level 1:colcon.colcon_core.package_identification:_identify(config/node_modules/ms) by extension 'ros'
[1.018s] Level 1:colcon.colcon_core.package_identification:_identify(config/node_modules/ms) by extensions ['cmake', 'python']
[1.018s] Level 1:colcon.colcon_core.package_identification:_identify(config/node_modules/ms) by extension 'cmake'
[1.018s] Level 1:colcon.colcon_core.package_identification:_identify(config/node_modules/ms) by extension 'python'
[1.018s] Level 1:colcon.colcon_core.package_identification:_identify(config/node_modules/ms) by extensions ['python_setup_py']
[1.018s] Level 1:colcon.colcon_core.package_identification:_identify(config/node_modules/ms) by extension 'python_setup_py'
[1.019s] Level 1:colcon.colcon_core.package_identification:_identify(config/node_modules/negotiator) by extensions ['ignore', 'ignore_ament_install']
[1.019s] Level 1:colcon.colcon_core.package_identification:_identify(config/node_modules/negotiator) by extension 'ignore'
[1.019s] Level 1:colcon.colcon_core.package_identification:_identify(config/node_modules/negotiator) by extension 'ignore_ament_install'
[1.019s] Level 1:colcon.colcon_core.package_identification:_identify(config/node_modules/negotiator) by extensions ['colcon_pkg']
[1.019s] Level 1:colcon.colcon_core.package_identification:_identify(config/node_modules/negotiator) by extension 'colcon_pkg'
[1.019s] Level 1:colcon.colcon_core.package_identification:_identify(config/node_modules/negotiator) by extensions ['colcon_meta']
[1.019s] Level 1:colcon.colcon_core.package_identification:_identify(config/node_modules/negotiator) by extension 'colcon_meta'
[1.019s] Level 1:colcon.colcon_core.package_identification:_identify(config/node_modules/negotiator) by extensions ['ros']
[1.019s] Level 1:colcon.colcon_core.package_identification:_identify(config/node_modules/negotiator) by extension 'ros'
[1.019s] Level 1:colcon.colcon_core.package_identification:_identify(config/node_modules/negotiator) by extensions ['cmake', 'python']
[1.019s] Level 1:colcon.colcon_core.package_identification:_identify(config/node_modules/negotiator) by extension 'cmake'
[1.020s] Level 1:colcon.colcon_core.package_identification:_identify(config/node_modules/negotiator) by extension 'python'
[1.020s] Level 1:colcon.colcon_core.package_identification:_identify(config/node_modules/negotiator) by extensions ['python_setup_py']
[1.020s] Level 1:colcon.colcon_core.package_identification:_identify(config/node_modules/negotiator) by extension 'python_setup_py'
[1.020s] Level 1:colcon.colcon_core.package_identification:_identify(config/node_modules/negotiator/lib) by extensions ['ignore', 'ignore_ament_install']
[1.020s] Level 1:colcon.colcon_core.package_identification:_identify(config/node_modules/negotiator/lib) by extension 'ignore'
[1.020s] Level 1:colcon.colcon_core.package_identification:_identify(config/node_modules/negotiator/lib) by extension 'ignore_ament_install'
[1.020s] Level 1:colcon.colcon_core.package_identification:_identify(config/node_modules/negotiator/lib) by extensions ['colcon_pkg']
[1.020s] Level 1:colcon.colcon_core.package_identification:_identify(config/node_modules/negotiator/lib) by extension 'colcon_pkg'
[1.020s] Level 1:colcon.colcon_core.package_identification:_identify(config/node_modules/negotiator/lib) by extensions ['colcon_meta']
[1.020s] Level 1:colcon.colcon_core.package_identification:_identify(config/node_modules/negotiator/lib) by extension 'colcon_meta'
[1.020s] Level 1:colcon.colcon_core.package_identification:_identify(config/node_modules/negotiator/lib) by extensions ['ros']
[1.021s] Level 1:colcon.colcon_core.package_identification:_identify(config/node_modules/negotiator/lib) by extension 'ros'
[1.021s] Level 1:colcon.colcon_core.package_identification:_identify(config/node_modules/negotiator/lib) by extensions ['cmake', 'python']
[1.021s] Level 1:colcon.colcon_core.package_identification:_identify(config/node_modules/negotiator/lib) by extension 'cmake'
[1.021s] Level 1:colcon.colcon_core.package_identification:_identify(config/node_modules/negotiator/lib) by extension 'python'
[1.021s] Level 1:colcon.colcon_core.package_identification:_identify(config/node_modules/negotiator/lib) by extensions ['python_setup_py']
[1.021s] Level 1:colcon.colcon_core.package_identification:_identify(config/node_modules/negotiator/lib) by extension 'python_setup_py'
[1.021s] Level 1:colcon.colcon_core.package_identification:_identify(config/node_modules/node-red-dashboard) by extensions ['ignore', 'ignore_ament_install']
[1.021s] Level 1:colcon.colcon_core.package_identification:_identify(config/node_modules/node-red-dashboard) by extension 'ignore'
[1.021s] Level 1:colcon.colcon_core.package_identification:_identify(config/node_modules/node-red-dashboard) by extension 'ignore_ament_install'
[1.021s] Level 1:colcon.colcon_core.package_identification:_identify(config/node_modules/node-red-dashboard) by extensions ['colcon_pkg']
[1.021s] Level 1:colcon.colcon_core.package_identification:_identify(config/node_modules/node-red-dashboard) by extension 'colcon_pkg'
[1.021s] Level 1:colcon.colcon_core.package_identification:_identify(config/node_modules/node-red-dashboard) by extensions ['colcon_meta']
[1.021s] Level 1:colcon.colcon_core.package_identification:_identify(config/node_modules/node-red-dashboard) by extension 'colcon_meta'
[1.021s] Level 1:colcon.colcon_core.package_identification:_identify(config/node_modules/node-red-dashboard) by extensions ['ros']
[1.021s] Level 1:colcon.colcon_core.package_identification:_identify(config/node_modules/node-red-dashboard) by extension 'ros'
[1.022s] Level 1:colcon.colcon_core.package_identification:_identify(config/node_modules/node-red-dashboard) by extensions ['cmake', 'python']
[1.022s] Level 1:colcon.colcon_core.package_identification:_identify(config/node_modules/node-red-dashboard) by extension 'cmake'
[1.022s] Level 1:colcon.colcon_core.package_identification:_identify(config/node_modules/node-red-dashboard) by extension 'python'
[1.022s] Level 1:colcon.colcon_core.package_identification:_identify(config/node_modules/node-red-dashboard) by extensions ['python_setup_py']
[1.022s] Level 1:colcon.colcon_core.package_identification:_identify(config/node_modules/node-red-dashboard) by extension 'python_setup_py'
[1.022s] Level 1:colcon.colcon_core.package_identification:_identify(config/node_modules/node-red-dashboard/dist) by extensions ['ignore', 'ignore_ament_install']
[1.022s] Level 1:colcon.colcon_core.package_identification:_identify(config/node_modules/node-red-dashboard/dist) by extension 'ignore'
[1.022s] Level 1:colcon.colcon_core.package_identification:_identify(config/node_modules/node-red-dashboard/dist) by extension 'ignore_ament_install'
[1.022s] Level 1:colcon.colcon_core.package_identification:_identify(config/node_modules/node-red-dashboard/dist) by extensions ['colcon_pkg']
[1.023s] Level 1:colcon.colcon_core.package_identification:_identify(config/node_modules/node-red-dashboard/dist) by extension 'colcon_pkg'
[1.023s] Level 1:colcon.colcon_core.package_identification:_identify(config/node_modules/node-red-dashboard/dist) by extensions ['colcon_meta']
[1.023s] Level 1:colcon.colcon_core.package_identification:_identify(config/node_modules/node-red-dashboard/dist) by extension 'colcon_meta'
[1.023s] Level 1:colcon.colcon_core.package_identification:_identify(config/node_modules/node-red-dashboard/dist) by extensions ['ros']
[1.023s] Level 1:colcon.colcon_core.package_identification:_identify(config/node_modules/node-red-dashboard/dist) by extension 'ros'
[1.023s] Level 1:colcon.colcon_core.package_identification:_identify(config/node_modules/node-red-dashboard/dist) by extensions ['cmake', 'python']
[1.023s] Level 1:colcon.colcon_core.package_identification:_identify(config/node_modules/node-red-dashboard/dist) by extension 'cmake'
[1.023s] Level 1:colcon.colcon_core.package_identification:_identify(config/node_modules/node-red-dashboard/dist) by extension 'python'
[1.023s] Level 1:colcon.colcon_core.package_identification:_identify(config/node_modules/node-red-dashboard/dist) by extensions ['python_setup_py']
[1.023s] Level 1:colcon.colcon_core.package_identification:_identify(config/node_modules/node-red-dashboard/dist) by extension 'python_setup_py'
[1.024s] Level 1:colcon.colcon_core.package_identification:_identify(config/node_modules/node-red-dashboard/dist/css) by extensions ['ignore', 'ignore_ament_install']
[1.024s] Level 1:colcon.colcon_core.package_identification:_identify(config/node_modules/node-red-dashboard/dist/css) by extension 'ignore'
[1.024s] Level 1:colcon.colcon_core.package_identification:_identify(config/node_modules/node-red-dashboard/dist/css) by extension 'ignore_ament_install'
[1.024s] Level 1:colcon.colcon_core.package_identification:_identify(config/node_modules/node-red-dashboard/dist/css) by extensions ['colcon_pkg']
[1.024s] Level 1:colcon.colcon_core.package_identification:_identify(config/node_modules/node-red-dashboard/dist/css) by extension 'colcon_pkg'
[1.024s] Level 1:colcon.colcon_core.package_identification:_identify(config/node_modules/node-red-dashboard/dist/css) by extensions ['colcon_meta']
[1.024s] Level 1:colcon.colcon_core.package_identification:_identify(config/node_modules/node-red-dashboard/dist/css) by extension 'colcon_meta'
[1.024s] Level 1:colcon.colcon_core.package_identification:_identify(config/node_modules/node-red-dashboard/dist/css) by extensions ['ros']
[1.024s] Level 1:colcon.colcon_core.package_identification:_identify(config/node_modules/node-red-dashboard/dist/css) by extension 'ros'
[1.024s] Level 1:colcon.colcon_core.package_identification:_identify(config/node_modules/node-red-dashboard/dist/css) by extensions ['cmake', 'python']
[1.024s] Level 1:colcon.colcon_core.package_identification:_identify(config/node_modules/node-red-dashboard/dist/css) by extension 'cmake'
[1.024s] Level 1:colcon.colcon_core.package_identification:_identify(config/node_modules/node-red-dashboard/dist/css) by extension 'python'
[1.024s] Level 1:colcon.colcon_core.package_identification:_identify(config/node_modules/node-red-dashboard/dist/css) by extensions ['python_setup_py']
[1.024s] Level 1:colcon.colcon_core.package_identification:_identify(config/node_modules/node-red-dashboard/dist/css) by extension 'python_setup_py'
[1.025s] Level 1:colcon.colcon_core.package_identification:_identify(config/node_modules/node-red-dashboard/dist/fonts) by extensions ['ignore', 'ignore_ament_install']
[1.025s] Level 1:colcon.colcon_core.package_identification:_identify(config/node_modules/node-red-dashboard/dist/fonts) by extension 'ignore'
[1.025s] Level 1:colcon.colcon_core.package_identification:_identify(config/node_modules/node-red-dashboard/dist/fonts) by extension 'ignore_ament_install'
[1.025s] Level 1:colcon.colcon_core.package_identification:_identify(config/node_modules/node-red-dashboard/dist/fonts) by extensions ['colcon_pkg']
[1.025s] Level 1:colcon.colcon_core.package_identification:_identify(config/node_modules/node-red-dashboard/dist/fonts) by extension 'colcon_pkg'
[1.025s] Level 1:colcon.colcon_core.package_identification:_identify(config/node_modules/node-red-dashboard/dist/fonts) by extensions ['colcon_meta']
[1.025s] Level 1:colcon.colcon_core.package_identification:_identify(config/node_modules/node-red-dashboard/dist/fonts) by extension 'colcon_meta'
[1.025s] Level 1:colcon.colcon_core.package_identification:_identify(config/node_modules/node-red-dashboard/dist/fonts) by extensions ['ros']
[1.025s] Level 1:colcon.colcon_core.package_identification:_identify(config/node_modules/node-red-dashboard/dist/fonts) by extension 'ros'
[1.025s] Level 1:colcon.colcon_core.package_identification:_identify(config/node_modules/node-red-dashboard/dist/fonts) by extensions ['cmake', 'python']
[1.025s] Level 1:colcon.colcon_core.package_identification:_identify(config/node_modules/node-red-dashboard/dist/fonts) by extension 'cmake'
[1.025s] Level 1:colcon.colcon_core.package_identification:_identify(config/node_modules/node-red-dashboard/dist/fonts) by extension 'python'
[1.025s] Level 1:colcon.colcon_core.package_identification:_identify(config/node_modules/node-red-dashboard/dist/fonts) by extensions ['python_setup_py']
[1.025s] Level 1:colcon.colcon_core.package_identification:_identify(config/node_modules/node-red-dashboard/dist/fonts) by extension 'python_setup_py'
[1.026s] Level 1:colcon.colcon_core.package_identification:_identify(config/node_modules/node-red-dashboard/dist/js) by extensions ['ignore', 'ignore_ament_install']
[1.026s] Level 1:colcon.colcon_core.package_identification:_identify(config/node_modules/node-red-dashboard/dist/js) by extension 'ignore'
[1.026s] Level 1:colcon.colcon_core.package_identification:_identify(config/node_modules/node-red-dashboard/dist/js) by extension 'ignore_ament_install'
[1.026s] Level 1:colcon.colcon_core.package_identification:_identify(config/node_modules/node-red-dashboard/dist/js) by extensions ['colcon_pkg']
[1.026s] Level 1:colcon.colcon_core.package_identification:_identify(config/node_modules/node-red-dashboard/dist/js) by extension 'colcon_pkg'
[1.026s] Level 1:colcon.colcon_core.package_identification:_identify(config/node_modules/node-red-dashboard/dist/js) by extensions ['colcon_meta']
[1.026s] Level 1:colcon.colcon_core.package_identification:_identify(config/node_modules/node-red-dashboard/dist/js) by extension 'colcon_meta'
[1.026s] Level 1:colcon.colcon_core.package_identification:_identify(config/node_modules/node-red-dashboard/dist/js) by extensions ['ros']
[1.026s] Level 1:colcon.colcon_core.package_identification:_identify(config/node_modules/node-red-dashboard/dist/js) by extension 'ros'
[1.026s] Level 1:colcon.colcon_core.package_identification:_identify(config/node_modules/node-red-dashboard/dist/js) by extensions ['cmake', 'python']
[1.026s] Level 1:colcon.colcon_core.package_identification:_identify(config/node_modules/node-red-dashboard/dist/js) by extension 'cmake'
[1.026s] Level 1:colcon.colcon_core.package_identification:_identify(config/node_modules/node-red-dashboard/dist/js) by extension 'python'
[1.026s] Level 1:colcon.colcon_core.package_identification:_identify(config/node_modules/node-red-dashboard/dist/js) by extensions ['python_setup_py']
[1.026s] Level 1:colcon.colcon_core.package_identification:_identify(config/node_modules/node-red-dashboard/dist/js) by extension 'python_setup_py'
[1.027s] Level 1:colcon.colcon_core.package_identification:_identify(config/node_modules/node-red-dashboard/nodes) by extensions ['ignore', 'ignore_ament_install']
[1.027s] Level 1:colcon.colcon_core.package_identification:_identify(config/node_modules/node-red-dashboard/nodes) by extension 'ignore'
[1.027s] Level 1:colcon.colcon_core.package_identification:_identify(config/node_modules/node-red-dashboard/nodes) by extension 'ignore_ament_install'
[1.027s] Level 1:colcon.colcon_core.package_identification:_identify(config/node_modules/node-red-dashboard/nodes) by extensions ['colcon_pkg']
[1.027s] Level 1:colcon.colcon_core.package_identification:_identify(config/node_modules/node-red-dashboard/nodes) by extension 'colcon_pkg'
[1.027s] Level 1:colcon.colcon_core.package_identification:_identify(config/node_modules/node-red-dashboard/nodes) by extensions ['colcon_meta']
[1.027s] Level 1:colcon.colcon_core.package_identification:_identify(config/node_modules/node-red-dashboard/nodes) by extension 'colcon_meta'
[1.027s] Level 1:colcon.colcon_core.package_identification:_identify(config/node_modules/node-red-dashboard/nodes) by extensions ['ros']
[1.027s] Level 1:colcon.colcon_core.package_identification:_identify(config/node_modules/node-red-dashboard/nodes) by extension 'ros'
[1.027s] Level 1:colcon.colcon_core.package_identification:_identify(config/node_modules/node-red-dashboard/nodes) by extensions ['cmake', 'python']
[1.027s] Level 1:colcon.colcon_core.package_identification:_identify(config/node_modules/node-red-dashboard/nodes) by extension 'cmake'
[1.027s] Level 1:colcon.colcon_core.package_identification:_identify(config/node_modules/node-red-dashboard/nodes) by extension 'python'
[1.027s] Level 1:colcon.colcon_core.package_identification:_identify(config/node_modules/node-red-dashboard/nodes) by extensions ['python_setup_py']
[1.027s] Level 1:colcon.colcon_core.package_identification:_identify(config/node_modules/node-red-dashboard/nodes) by extension 'python_setup_py'
[1.027s] Level 1:colcon.colcon_core.package_identification:_identify(config/node_modules/node-red-dashboard/nodes/icons) by extensions ['ignore', 'ignore_ament_install']
[1.028s] Level 1:colcon.colcon_core.package_identification:_identify(config/node_modules/node-red-dashboard/nodes/icons) by extension 'ignore'
[1.028s] Level 1:colcon.colcon_core.package_identification:_identify(config/node_modules/node-red-dashboard/nodes/icons) by extension 'ignore_ament_install'
[1.028s] Level 1:colcon.colcon_core.package_identification:_identify(config/node_modules/node-red-dashboard/nodes/icons) by extensions ['colcon_pkg']
[1.028s] Level 1:colcon.colcon_core.package_identification:_identify(config/node_modules/node-red-dashboard/nodes/icons) by extension 'colcon_pkg'
[1.028s] Level 1:colcon.colcon_core.package_identification:_identify(config/node_modules/node-red-dashboard/nodes/icons) by extensions ['colcon_meta']
[1.028s] Level 1:colcon.colcon_core.package_identification:_identify(config/node_modules/node-red-dashboard/nodes/icons) by extension 'colcon_meta'
[1.028s] Level 1:colcon.colcon_core.package_identification:_identify(config/node_modules/node-red-dashboard/nodes/icons) by extensions ['ros']
[1.028s] Level 1:colcon.colcon_core.package_identification:_identify(config/node_modules/node-red-dashboard/nodes/icons) by extension 'ros'
[1.028s] Level 1:colcon.colcon_core.package_identification:_identify(config/node_modules/node-red-dashboard/nodes/icons) by extensions ['cmake', 'python']
[1.028s] Level 1:colcon.colcon_core.package_identification:_identify(config/node_modules/node-red-dashboard/nodes/icons) by extension 'cmake'
[1.028s] Level 1:colcon.colcon_core.package_identification:_identify(config/node_modules/node-red-dashboard/nodes/icons) by extension 'python'
[1.028s] Level 1:colcon.colcon_core.package_identification:_identify(config/node_modules/node-red-dashboard/nodes/icons) by extensions ['python_setup_py']
[1.028s] Level 1:colcon.colcon_core.package_identification:_identify(config/node_modules/node-red-dashboard/nodes/icons) by extension 'python_setup_py'
[1.029s] Level 1:colcon.colcon_core.package_identification:_identify(config/node_modules/node-red-dashboard/nodes/locales) by extensions ['ignore', 'ignore_ament_install']
[1.029s] Level 1:colcon.colcon_core.package_identification:_identify(config/node_modules/node-red-dashboard/nodes/locales) by extension 'ignore'
[1.029s] Level 1:colcon.colcon_core.package_identification:_identify(config/node_modules/node-red-dashboard/nodes/locales) by extension 'ignore_ament_install'
[1.029s] Level 1:colcon.colcon_core.package_identification:_identify(config/node_modules/node-red-dashboard/nodes/locales) by extensions ['colcon_pkg']
[1.029s] Level 1:colcon.colcon_core.package_identification:_identify(config/node_modules/node-red-dashboard/nodes/locales) by extension 'colcon_pkg'
[1.029s] Level 1:colcon.colcon_core.package_identification:_identify(config/node_modules/node-red-dashboard/nodes/locales) by extensions ['colcon_meta']
[1.029s] Level 1:colcon.colcon_core.package_identification:_identify(config/node_modules/node-red-dashboard/nodes/locales) by extension 'colcon_meta'
[1.029s] Level 1:colcon.colcon_core.package_identification:_identify(config/node_modules/node-red-dashboard/nodes/locales) by extensions ['ros']
[1.029s] Level 1:colcon.colcon_core.package_identification:_identify(config/node_modules/node-red-dashboard/nodes/locales) by extension 'ros'
[1.029s] Level 1:colcon.colcon_core.package_identification:_identify(config/node_modules/node-red-dashboard/nodes/locales) by extensions ['cmake', 'python']
[1.029s] Level 1:colcon.colcon_core.package_identification:_identify(config/node_modules/node-red-dashboard/nodes/locales) by extension 'cmake'
[1.029s] Level 1:colcon.colcon_core.package_identification:_identify(config/node_modules/node-red-dashboard/nodes/locales) by extension 'python'
[1.029s] Level 1:colcon.colcon_core.package_identification:_identify(config/node_modules/node-red-dashboard/nodes/locales) by extensions ['python_setup_py']
[1.029s] Level 1:colcon.colcon_core.package_identification:_identify(config/node_modules/node-red-dashboard/nodes/locales) by extension 'python_setup_py'
[1.030s] Level 1:colcon.colcon_core.package_identification:_identify(config/node_modules/node-red-dashboard/nodes/locales/de) by extensions ['ignore', 'ignore_ament_install']
[1.030s] Level 1:colcon.colcon_core.package_identification:_identify(config/node_modules/node-red-dashboard/nodes/locales/de) by extension 'ignore'
[1.031s] Level 1:colcon.colcon_core.package_identification:_identify(config/node_modules/node-red-dashboard/nodes/locales/de) by extension 'ignore_ament_install'
[1.031s] Level 1:colcon.colcon_core.package_identification:_identify(config/node_modules/node-red-dashboard/nodes/locales/de) by extensions ['colcon_pkg']
[1.031s] Level 1:colcon.colcon_core.package_identification:_identify(config/node_modules/node-red-dashboard/nodes/locales/de) by extension 'colcon_pkg'
[1.031s] Level 1:colcon.colcon_core.package_identification:_identify(config/node_modules/node-red-dashboard/nodes/locales/de) by extensions ['colcon_meta']
[1.031s] Level 1:colcon.colcon_core.package_identification:_identify(config/node_modules/node-red-dashboard/nodes/locales/de) by extension 'colcon_meta'
[1.031s] Level 1:colcon.colcon_core.package_identification:_identify(config/node_modules/node-red-dashboard/nodes/locales/de) by extensions ['ros']
[1.031s] Level 1:colcon.colcon_core.package_identification:_identify(config/node_modules/node-red-dashboard/nodes/locales/de) by extension 'ros'
[1.031s] Level 1:colcon.colcon_core.package_identification:_identify(config/node_modules/node-red-dashboard/nodes/locales/de) by extensions ['cmake', 'python']
[1.031s] Level 1:colcon.colcon_core.package_identification:_identify(config/node_modules/node-red-dashboard/nodes/locales/de) by extension 'cmake'
[1.031s] Level 1:colcon.colcon_core.package_identification:_identify(config/node_modules/node-red-dashboard/nodes/locales/de) by extension 'python'
[1.031s] Level 1:colcon.colcon_core.package_identification:_identify(config/node_modules/node-red-dashboard/nodes/locales/de) by extensions ['python_setup_py']
[1.031s] Level 1:colcon.colcon_core.package_identification:_identify(config/node_modules/node-red-dashboard/nodes/locales/de) by extension 'python_setup_py'
[1.032s] Level 1:colcon.colcon_core.package_identification:_identify(config/node_modules/node-red-dashboard/nodes/locales/en-US) by extensions ['ignore', 'ignore_ament_install']
[1.032s] Level 1:colcon.colcon_core.package_identification:_identify(config/node_modules/node-red-dashboard/nodes/locales/en-US) by extension 'ignore'
[1.032s] Level 1:colcon.colcon_core.package_identification:_identify(config/node_modules/node-red-dashboard/nodes/locales/en-US) by extension 'ignore_ament_install'
[1.032s] Level 1:colcon.colcon_core.package_identification:_identify(config/node_modules/node-red-dashboard/nodes/locales/en-US) by extensions ['colcon_pkg']
[1.032s] Level 1:colcon.colcon_core.package_identification:_identify(config/node_modules/node-red-dashboard/nodes/locales/en-US) by extension 'colcon_pkg'
[1.032s] Level 1:colcon.colcon_core.package_identification:_identify(config/node_modules/node-red-dashboard/nodes/locales/en-US) by extensions ['colcon_meta']
[1.032s] Level 1:colcon.colcon_core.package_identification:_identify(config/node_modules/node-red-dashboard/nodes/locales/en-US) by extension 'colcon_meta'
[1.032s] Level 1:colcon.colcon_core.package_identification:_identify(config/node_modules/node-red-dashboard/nodes/locales/en-US) by extensions ['ros']
[1.032s] Level 1:colcon.colcon_core.package_identification:_identify(config/node_modules/node-red-dashboard/nodes/locales/en-US) by extension 'ros'
[1.032s] Level 1:colcon.colcon_core.package_identification:_identify(config/node_modules/node-red-dashboard/nodes/locales/en-US) by extensions ['cmake', 'python']
[1.032s] Level 1:colcon.colcon_core.package_identification:_identify(config/node_modules/node-red-dashboard/nodes/locales/en-US) by extension 'cmake'
[1.032s] Level 1:colcon.colcon_core.package_identification:_identify(config/node_modules/node-red-dashboard/nodes/locales/en-US) by extension 'python'
[1.032s] Level 1:colcon.colcon_core.package_identification:_identify(config/node_modules/node-red-dashboard/nodes/locales/en-US) by extensions ['python_setup_py']
[1.032s] Level 1:colcon.colcon_core.package_identification:_identify(config/node_modules/node-red-dashboard/nodes/locales/en-US) by extension 'python_setup_py'
[1.033s] Level 1:colcon.colcon_core.package_identification:_identify(config/node_modules/node-red-dashboard/nodes/locales/ja) by extensions ['ignore', 'ignore_ament_install']
[1.033s] Level 1:colcon.colcon_core.package_identification:_identify(config/node_modules/node-red-dashboard/nodes/locales/ja) by extension 'ignore'
[1.033s] Level 1:colcon.colcon_core.package_identification:_identify(config/node_modules/node-red-dashboard/nodes/locales/ja) by extension 'ignore_ament_install'
[1.033s] Level 1:colcon.colcon_core.package_identification:_identify(config/node_modules/node-red-dashboard/nodes/locales/ja) by extensions ['colcon_pkg']
[1.034s] Level 1:colcon.colcon_core.package_identification:_identify(config/node_modules/node-red-dashboard/nodes/locales/ja) by extension 'colcon_pkg'
[1.034s] Level 1:colcon.colcon_core.package_identification:_identify(config/node_modules/node-red-dashboard/nodes/locales/ja) by extensions ['colcon_meta']
[1.034s] Level 1:colcon.colcon_core.package_identification:_identify(config/node_modules/node-red-dashboard/nodes/locales/ja) by extension 'colcon_meta'
[1.034s] Level 1:colcon.colcon_core.package_identification:_identify(config/node_modules/node-red-dashboard/nodes/locales/ja) by extensions ['ros']
[1.034s] Level 1:colcon.colcon_core.package_identification:_identify(config/node_modules/node-red-dashboard/nodes/locales/ja) by extension 'ros'
[1.034s] Level 1:colcon.colcon_core.package_identification:_identify(config/node_modules/node-red-dashboard/nodes/locales/ja) by extensions ['cmake', 'python']
[1.034s] Level 1:colcon.colcon_core.package_identification:_identify(config/node_modules/node-red-dashboard/nodes/locales/ja) by extension 'cmake'
[1.034s] Level 1:colcon.colcon_core.package_identification:_identify(config/node_modules/node-red-dashboard/nodes/locales/ja) by extension 'python'
[1.034s] Level 1:colcon.colcon_core.package_identification:_identify(config/node_modules/node-red-dashboard/nodes/locales/ja) by extensions ['python_setup_py']
[1.034s] Level 1:colcon.colcon_core.package_identification:_identify(config/node_modules/node-red-dashboard/nodes/locales/ja) by extension 'python_setup_py'
[1.035s] Level 1:colcon.colcon_core.package_identification:_identify(config/node_modules/object-assign) by extensions ['ignore', 'ignore_ament_install']
[1.035s] Level 1:colcon.colcon_core.package_identification:_identify(config/node_modules/object-assign) by extension 'ignore'
[1.035s] Level 1:colcon.colcon_core.package_identification:_identify(config/node_modules/object-assign) by extension 'ignore_ament_install'
[1.035s] Level 1:colcon.colcon_core.package_identification:_identify(config/node_modules/object-assign) by extensions ['colcon_pkg']
[1.035s] Level 1:colcon.colcon_core.package_identification:_identify(config/node_modules/object-assign) by extension 'colcon_pkg'
[1.035s] Level 1:colcon.colcon_core.package_identification:_identify(config/node_modules/object-assign) by extensions ['colcon_meta']
[1.035s] Level 1:colcon.colcon_core.package_identification:_identify(config/node_modules/object-assign) by extension 'colcon_meta'
[1.035s] Level 1:colcon.colcon_core.package_identification:_identify(config/node_modules/object-assign) by extensions ['ros']
[1.035s] Level 1:colcon.colcon_core.package_identification:_identify(config/node_modules/object-assign) by extension 'ros'
[1.035s] Level 1:colcon.colcon_core.package_identification:_identify(config/node_modules/object-assign) by extensions ['cmake', 'python']
[1.035s] Level 1:colcon.colcon_core.package_identification:_identify(config/node_modules/object-assign) by extension 'cmake'
[1.035s] Level 1:colcon.colcon_core.package_identification:_identify(config/node_modules/object-assign) by extension 'python'
[1.036s] Level 1:colcon.colcon_core.package_identification:_identify(config/node_modules/object-assign) by extensions ['python_setup_py']
[1.036s] Level 1:colcon.colcon_core.package_identification:_identify(config/node_modules/object-assign) by extension 'python_setup_py'
[1.036s] Level 1:colcon.colcon_core.package_identification:_identify(config/node_modules/on-finished) by extensions ['ignore', 'ignore_ament_install']
[1.036s] Level 1:colcon.colcon_core.package_identification:_identify(config/node_modules/on-finished) by extension 'ignore'
[1.036s] Level 1:colcon.colcon_core.package_identification:_identify(config/node_modules/on-finished) by extension 'ignore_ament_install'
[1.036s] Level 1:colcon.colcon_core.package_identification:_identify(config/node_modules/on-finished) by extensions ['colcon_pkg']
[1.036s] Level 1:colcon.colcon_core.package_identification:_identify(config/node_modules/on-finished) by extension 'colcon_pkg'
[1.036s] Level 1:colcon.colcon_core.package_identification:_identify(config/node_modules/on-finished) by extensions ['colcon_meta']
[1.036s] Level 1:colcon.colcon_core.package_identification:_identify(config/node_modules/on-finished) by extension 'colcon_meta'
[1.037s] Level 1:colcon.colcon_core.package_identification:_identify(config/node_modules/on-finished) by extensions ['ros']
[1.037s] Level 1:colcon.colcon_core.package_identification:_identify(config/node_modules/on-finished) by extension 'ros'
[1.037s] Level 1:colcon.colcon_core.package_identification:_identify(config/node_modules/on-finished) by extensions ['cmake', 'python']
[1.037s] Level 1:colcon.colcon_core.package_identification:_identify(config/node_modules/on-finished) by extension 'cmake'
[1.037s] Level 1:colcon.colcon_core.package_identification:_identify(config/node_modules/on-finished) by extension 'python'
[1.037s] Level 1:colcon.colcon_core.package_identification:_identify(config/node_modules/on-finished) by extensions ['python_setup_py']
[1.037s] Level 1:colcon.colcon_core.package_identification:_identify(config/node_modules/on-finished) by extension 'python_setup_py'
[1.037s] Level 1:colcon.colcon_core.package_identification:_identify(config/node_modules/on-headers) by extensions ['ignore', 'ignore_ament_install']
[1.038s] Level 1:colcon.colcon_core.package_identification:_identify(config/node_modules/on-headers) by extension 'ignore'
[1.038s] Level 1:colcon.colcon_core.package_identification:_identify(config/node_modules/on-headers) by extension 'ignore_ament_install'
[1.038s] Level 1:colcon.colcon_core.package_identification:_identify(config/node_modules/on-headers) by extensions ['colcon_pkg']
[1.038s] Level 1:colcon.colcon_core.package_identification:_identify(config/node_modules/on-headers) by extension 'colcon_pkg'
[1.038s] Level 1:colcon.colcon_core.package_identification:_identify(config/node_modules/on-headers) by extensions ['colcon_meta']
[1.038s] Level 1:colcon.colcon_core.package_identification:_identify(config/node_modules/on-headers) by extension 'colcon_meta'
[1.038s] Level 1:colcon.colcon_core.package_identification:_identify(config/node_modules/on-headers) by extensions ['ros']
[1.038s] Level 1:colcon.colcon_core.package_identification:_identify(config/node_modules/on-headers) by extension 'ros'
[1.038s] Level 1:colcon.colcon_core.package_identification:_identify(config/node_modules/on-headers) by extensions ['cmake', 'python']
[1.038s] Level 1:colcon.colcon_core.package_identification:_identify(config/node_modules/on-headers) by extension 'cmake'
[1.038s] Level 1:colcon.colcon_core.package_identification:_identify(config/node_modules/on-headers) by extension 'python'
[1.038s] Level 1:colcon.colcon_core.package_identification:_identify(config/node_modules/on-headers) by extensions ['python_setup_py']
[1.038s] Level 1:colcon.colcon_core.package_identification:_identify(config/node_modules/on-headers) by extension 'python_setup_py'
[1.039s] Level 1:colcon.colcon_core.package_identification:_identify(config/node_modules/parseurl) by extensions ['ignore', 'ignore_ament_install']
[1.039s] Level 1:colcon.colcon_core.package_identification:_identify(config/node_modules/parseurl) by extension 'ignore'
[1.039s] Level 1:colcon.colcon_core.package_identification:_identify(config/node_modules/parseurl) by extension 'ignore_ament_install'
[1.039s] Level 1:colcon.colcon_core.package_identification:_identify(config/node_modules/parseurl) by extensions ['colcon_pkg']
[1.039s] Level 1:colcon.colcon_core.package_identification:_identify(config/node_modules/parseurl) by extension 'colcon_pkg'
[1.039s] Level 1:colcon.colcon_core.package_identification:_identify(config/node_modules/parseurl) by extensions ['colcon_meta']
[1.039s] Level 1:colcon.colcon_core.package_identification:_identify(config/node_modules/parseurl) by extension 'colcon_meta'
[1.039s] Level 1:colcon.colcon_core.package_identification:_identify(config/node_modules/parseurl) by extensions ['ros']
[1.039s] Level 1:colcon.colcon_core.package_identification:_identify(config/node_modules/parseurl) by extension 'ros'
[1.039s] Level 1:colcon.colcon_core.package_identification:_identify(config/node_modules/parseurl) by extensions ['cmake', 'python']
[1.039s] Level 1:colcon.colcon_core.package_identification:_identify(config/node_modules/parseurl) by extension 'cmake'
[1.039s] Level 1:colcon.colcon_core.package_identification:_identify(config/node_modules/parseurl) by extension 'python'
[1.039s] Level 1:colcon.colcon_core.package_identification:_identify(config/node_modules/parseurl) by extensions ['python_setup_py']
[1.039s] Level 1:colcon.colcon_core.package_identification:_identify(config/node_modules/parseurl) by extension 'python_setup_py'
[1.040s] Level 1:colcon.colcon_core.package_identification:_identify(config/node_modules/range-parser) by extensions ['ignore', 'ignore_ament_install']
[1.040s] Level 1:colcon.colcon_core.package_identification:_identify(config/node_modules/range-parser) by extension 'ignore'
[1.040s] Level 1:colcon.colcon_core.package_identification:_identify(config/node_modules/range-parser) by extension 'ignore_ament_install'
[1.040s] Level 1:colcon.colcon_core.package_identification:_identify(config/node_modules/range-parser) by extensions ['colcon_pkg']
[1.040s] Level 1:colcon.colcon_core.package_identification:_identify(config/node_modules/range-parser) by extension 'colcon_pkg'
[1.040s] Level 1:colcon.colcon_core.package_identification:_identify(config/node_modules/range-parser) by extensions ['colcon_meta']
[1.040s] Level 1:colcon.colcon_core.package_identification:_identify(config/node_modules/range-parser) by extension 'colcon_meta'
[1.040s] Level 1:colcon.colcon_core.package_identification:_identify(config/node_modules/range-parser) by extensions ['ros']
[1.040s] Level 1:colcon.colcon_core.package_identification:_identify(config/node_modules/range-parser) by extension 'ros'
[1.040s] Level 1:colcon.colcon_core.package_identification:_identify(config/node_modules/range-parser) by extensions ['cmake', 'python']
[1.041s] Level 1:colcon.colcon_core.package_identification:_identify(config/node_modules/range-parser) by extension 'cmake'
[1.041s] Level 1:colcon.colcon_core.package_identification:_identify(config/node_modules/range-parser) by extension 'python'
[1.041s] Level 1:colcon.colcon_core.package_identification:_identify(config/node_modules/range-parser) by extensions ['python_setup_py']
[1.041s] Level 1:colcon.colcon_core.package_identification:_identify(config/node_modules/range-parser) by extension 'python_setup_py'
[1.041s] Level 1:colcon.colcon_core.package_identification:_identify(config/node_modules/safe-buffer) by extensions ['ignore', 'ignore_ament_install']
[1.041s] Level 1:colcon.colcon_core.package_identification:_identify(config/node_modules/safe-buffer) by extension 'ignore'
[1.041s] Level 1:colcon.colcon_core.package_identification:_identify(config/node_modules/safe-buffer) by extension 'ignore_ament_install'
[1.041s] Level 1:colcon.colcon_core.package_identification:_identify(config/node_modules/safe-buffer) by extensions ['colcon_pkg']
[1.041s] Level 1:colcon.colcon_core.package_identification:_identify(config/node_modules/safe-buffer) by extension 'colcon_pkg'
[1.041s] Level 1:colcon.colcon_core.package_identification:_identify(config/node_modules/safe-buffer) by extensions ['colcon_meta']
[1.041s] Level 1:colcon.colcon_core.package_identification:_identify(config/node_modules/safe-buffer) by extension 'colcon_meta'
[1.042s] Level 1:colcon.colcon_core.package_identification:_identify(config/node_modules/safe-buffer) by extensions ['ros']
[1.042s] Level 1:colcon.colcon_core.package_identification:_identify(config/node_modules/safe-buffer) by extension 'ros'
[1.042s] Level 1:colcon.colcon_core.package_identification:_identify(config/node_modules/safe-buffer) by extensions ['cmake', 'python']
[1.042s] Level 1:colcon.colcon_core.package_identification:_identify(config/node_modules/safe-buffer) by extension 'cmake'
[1.042s] Level 1:colcon.colcon_core.package_identification:_identify(config/node_modules/safe-buffer) by extension 'python'
[1.042s] Level 1:colcon.colcon_core.package_identification:_identify(config/node_modules/safe-buffer) by extensions ['python_setup_py']
[1.042s] Level 1:colcon.colcon_core.package_identification:_identify(config/node_modules/safe-buffer) by extension 'python_setup_py'
[1.042s] Level 1:colcon.colcon_core.package_identification:_identify(config/node_modules/send) by extensions ['ignore', 'ignore_ament_install']
[1.043s] Level 1:colcon.colcon_core.package_identification:_identify(config/node_modules/send) by extension 'ignore'
[1.043s] Level 1:colcon.colcon_core.package_identification:_identify(config/node_modules/send) by extension 'ignore_ament_install'
[1.043s] Level 1:colcon.colcon_core.package_identification:_identify(config/node_modules/send) by extensions ['colcon_pkg']
[1.043s] Level 1:colcon.colcon_core.package_identification:_identify(config/node_modules/send) by extension 'colcon_pkg'
[1.043s] Level 1:colcon.colcon_core.package_identification:_identify(config/node_modules/send) by extensions ['colcon_meta']
[1.043s] Level 1:colcon.colcon_core.package_identification:_identify(config/node_modules/send) by extension 'colcon_meta'
[1.043s] Level 1:colcon.colcon_core.package_identification:_identify(config/node_modules/send) by extensions ['ros']
[1.043s] Level 1:colcon.colcon_core.package_identification:_identify(config/node_modules/send) by extension 'ros'
[1.043s] Level 1:colcon.colcon_core.package_identification:_identify(config/node_modules/send) by extensions ['cmake', 'python']
[1.043s] Level 1:colcon.colcon_core.package_identification:_identify(config/node_modules/send) by extension 'cmake'
[1.043s] Level 1:colcon.colcon_core.package_identification:_identify(config/node_modules/send) by extension 'python'
[1.043s] Level 1:colcon.colcon_core.package_identification:_identify(config/node_modules/send) by extensions ['python_setup_py']
[1.043s] Level 1:colcon.colcon_core.package_identification:_identify(config/node_modules/send) by extension 'python_setup_py'
[1.044s] Level 1:colcon.colcon_core.package_identification:_identify(config/node_modules/send/node_modules) by extensions ['ignore', 'ignore_ament_install']
[1.044s] Level 1:colcon.colcon_core.package_identification:_identify(config/node_modules/send/node_modules) by extension 'ignore'
[1.044s] Level 1:colcon.colcon_core.package_identification:_identify(config/node_modules/send/node_modules) by extension 'ignore_ament_install'
[1.044s] Level 1:colcon.colcon_core.package_identification:_identify(config/node_modules/send/node_modules) by extensions ['colcon_pkg']
[1.044s] Level 1:colcon.colcon_core.package_identification:_identify(config/node_modules/send/node_modules) by extension 'colcon_pkg'
[1.044s] Level 1:colcon.colcon_core.package_identification:_identify(config/node_modules/send/node_modules) by extensions ['colcon_meta']
[1.044s] Level 1:colcon.colcon_core.package_identification:_identify(config/node_modules/send/node_modules) by extension 'colcon_meta'
[1.044s] Level 1:colcon.colcon_core.package_identification:_identify(config/node_modules/send/node_modules) by extensions ['ros']
[1.044s] Level 1:colcon.colcon_core.package_identification:_identify(config/node_modules/send/node_modules) by extension 'ros'
[1.044s] Level 1:colcon.colcon_core.package_identification:_identify(config/node_modules/send/node_modules) by extensions ['cmake', 'python']
[1.044s] Level 1:colcon.colcon_core.package_identification:_identify(config/node_modules/send/node_modules) by extension 'cmake'
[1.044s] Level 1:colcon.colcon_core.package_identification:_identify(config/node_modules/send/node_modules) by extension 'python'
[1.044s] Level 1:colcon.colcon_core.package_identification:_identify(config/node_modules/send/node_modules) by extensions ['python_setup_py']
[1.044s] Level 1:colcon.colcon_core.package_identification:_identify(config/node_modules/send/node_modules) by extension 'python_setup_py'
[1.045s] Level 1:colcon.colcon_core.package_identification:_identify(config/node_modules/send/node_modules/ms) by extensions ['ignore', 'ignore_ament_install']
[1.045s] Level 1:colcon.colcon_core.package_identification:_identify(config/node_modules/send/node_modules/ms) by extension 'ignore'
[1.045s] Level 1:colcon.colcon_core.package_identification:_identify(config/node_modules/send/node_modules/ms) by extension 'ignore_ament_install'
[1.045s] Level 1:colcon.colcon_core.package_identification:_identify(config/node_modules/send/node_modules/ms) by extensions ['colcon_pkg']
[1.045s] Level 1:colcon.colcon_core.package_identification:_identify(config/node_modules/send/node_modules/ms) by extension 'colcon_pkg'
[1.045s] Level 1:colcon.colcon_core.package_identification:_identify(config/node_modules/send/node_modules/ms) by extensions ['colcon_meta']
[1.045s] Level 1:colcon.colcon_core.package_identification:_identify(config/node_modules/send/node_modules/ms) by extension 'colcon_meta'
[1.045s] Level 1:colcon.colcon_core.package_identification:_identify(config/node_modules/send/node_modules/ms) by extensions ['ros']
[1.045s] Level 1:colcon.colcon_core.package_identification:_identify(config/node_modules/send/node_modules/ms) by extension 'ros'
[1.046s] Level 1:colcon.colcon_core.package_identification:_identify(config/node_modules/send/node_modules/ms) by extensions ['cmake', 'python']
[1.046s] Level 1:colcon.colcon_core.package_identification:_identify(config/node_modules/send/node_modules/ms) by extension 'cmake'
[1.046s] Level 1:colcon.colcon_core.package_identification:_identify(config/node_modules/send/node_modules/ms) by extension 'python'
[1.046s] Level 1:colcon.colcon_core.package_identification:_identify(config/node_modules/send/node_modules/ms) by extensions ['python_setup_py']
[1.046s] Level 1:colcon.colcon_core.package_identification:_identify(config/node_modules/send/node_modules/ms) by extension 'python_setup_py'
[1.046s] Level 1:colcon.colcon_core.package_identification:_identify(config/node_modules/serve-static) by extensions ['ignore', 'ignore_ament_install']
[1.046s] Level 1:colcon.colcon_core.package_identification:_identify(config/node_modules/serve-static) by extension 'ignore'
[1.046s] Level 1:colcon.colcon_core.package_identification:_identify(config/node_modules/serve-static) by extension 'ignore_ament_install'
[1.046s] Level 1:colcon.colcon_core.package_identification:_identify(config/node_modules/serve-static) by extensions ['colcon_pkg']
[1.046s] Level 1:colcon.colcon_core.package_identification:_identify(config/node_modules/serve-static) by extension 'colcon_pkg'
[1.046s] Level 1:colcon.colcon_core.package_identification:_identify(config/node_modules/serve-static) by extensions ['colcon_meta']
[1.046s] Level 1:colcon.colcon_core.package_identification:_identify(config/node_modules/serve-static) by extension 'colcon_meta'
[1.046s] Level 1:colcon.colcon_core.package_identification:_identify(config/node_modules/serve-static) by extensions ['ros']
[1.047s] Level 1:colcon.colcon_core.package_identification:_identify(config/node_modules/serve-static) by extension 'ros'
[1.047s] Level 1:colcon.colcon_core.package_identification:_identify(config/node_modules/serve-static) by extensions ['cmake', 'python']
[1.047s] Level 1:colcon.colcon_core.package_identification:_identify(config/node_modules/serve-static) by extension 'cmake'
[1.047s] Level 1:colcon.colcon_core.package_identification:_identify(config/node_modules/serve-static) by extension 'python'
[1.047s] Level 1:colcon.colcon_core.package_identification:_identify(config/node_modules/serve-static) by extensions ['python_setup_py']
[1.047s] Level 1:colcon.colcon_core.package_identification:_identify(config/node_modules/serve-static) by extension 'python_setup_py'
[1.047s] Level 1:colcon.colcon_core.package_identification:_identify(config/node_modules/setprototypeof) by extensions ['ignore', 'ignore_ament_install']
[1.047s] Level 1:colcon.colcon_core.package_identification:_identify(config/node_modules/setprototypeof) by extension 'ignore'
[1.047s] Level 1:colcon.colcon_core.package_identification:_identify(config/node_modules/setprototypeof) by extension 'ignore_ament_install'
[1.048s] Level 1:colcon.colcon_core.package_identification:_identify(config/node_modules/setprototypeof) by extensions ['colcon_pkg']
[1.048s] Level 1:colcon.colcon_core.package_identification:_identify(config/node_modules/setprototypeof) by extension 'colcon_pkg'
[1.048s] Level 1:colcon.colcon_core.package_identification:_identify(config/node_modules/setprototypeof) by extensions ['colcon_meta']
[1.048s] Level 1:colcon.colcon_core.package_identification:_identify(config/node_modules/setprototypeof) by extension 'colcon_meta'
[1.048s] Level 1:colcon.colcon_core.package_identification:_identify(config/node_modules/setprototypeof) by extensions ['ros']
[1.048s] Level 1:colcon.colcon_core.package_identification:_identify(config/node_modules/setprototypeof) by extension 'ros'
[1.048s] Level 1:colcon.colcon_core.package_identification:_identify(config/node_modules/setprototypeof) by extensions ['cmake', 'python']
[1.048s] Level 1:colcon.colcon_core.package_identification:_identify(config/node_modules/setprototypeof) by extension 'cmake'
[1.048s] Level 1:colcon.colcon_core.package_identification:_identify(config/node_modules/setprototypeof) by extension 'python'
[1.048s] Level 1:colcon.colcon_core.package_identification:_identify(config/node_modules/setprototypeof) by extensions ['python_setup_py']
[1.048s] Level 1:colcon.colcon_core.package_identification:_identify(config/node_modules/setprototypeof) by extension 'python_setup_py'
[1.049s] Level 1:colcon.colcon_core.package_identification:_identify(config/node_modules/setprototypeof/test) by extensions ['ignore', 'ignore_ament_install']
[1.049s] Level 1:colcon.colcon_core.package_identification:_identify(config/node_modules/setprototypeof/test) by extension 'ignore'
[1.049s] Level 1:colcon.colcon_core.package_identification:_identify(config/node_modules/setprototypeof/test) by extension 'ignore_ament_install'
[1.049s] Level 1:colcon.colcon_core.package_identification:_identify(config/node_modules/setprototypeof/test) by extensions ['colcon_pkg']
[1.049s] Level 1:colcon.colcon_core.package_identification:_identify(config/node_modules/setprototypeof/test) by extension 'colcon_pkg'
[1.049s] Level 1:colcon.colcon_core.package_identification:_identify(config/node_modules/setprototypeof/test) by extensions ['colcon_meta']
[1.049s] Level 1:colcon.colcon_core.package_identification:_identify(config/node_modules/setprototypeof/test) by extension 'colcon_meta'
[1.049s] Level 1:colcon.colcon_core.package_identification:_identify(config/node_modules/setprototypeof/test) by extensions ['ros']
[1.049s] Level 1:colcon.colcon_core.package_identification:_identify(config/node_modules/setprototypeof/test) by extension 'ros'
[1.049s] Level 1:colcon.colcon_core.package_identification:_identify(config/node_modules/setprototypeof/test) by extensions ['cmake', 'python']
[1.049s] Level 1:colcon.colcon_core.package_identification:_identify(config/node_modules/setprototypeof/test) by extension 'cmake'
[1.049s] Level 1:colcon.colcon_core.package_identification:_identify(config/node_modules/setprototypeof/test) by extension 'python'
[1.050s] Level 1:colcon.colcon_core.package_identification:_identify(config/node_modules/setprototypeof/test) by extensions ['python_setup_py']
[1.050s] Level 1:colcon.colcon_core.package_identification:_identify(config/node_modules/setprototypeof/test) by extension 'python_setup_py'
[1.050s] Level 1:colcon.colcon_core.package_identification:_identify(config/node_modules/socket.io) by extensions ['ignore', 'ignore_ament_install']
[1.050s] Level 1:colcon.colcon_core.package_identification:_identify(config/node_modules/socket.io) by extension 'ignore'
[1.050s] Level 1:colcon.colcon_core.package_identification:_identify(config/node_modules/socket.io) by extension 'ignore_ament_install'
[1.050s] Level 1:colcon.colcon_core.package_identification:_identify(config/node_modules/socket.io) by extensions ['colcon_pkg']
[1.050s] Level 1:colcon.colcon_core.package_identification:_identify(config/node_modules/socket.io) by extension 'colcon_pkg'
[1.050s] Level 1:colcon.colcon_core.package_identification:_identify(config/node_modules/socket.io) by extensions ['colcon_meta']
[1.050s] Level 1:colcon.colcon_core.package_identification:_identify(config/node_modules/socket.io) by extension 'colcon_meta'
[1.051s] Level 1:colcon.colcon_core.package_identification:_identify(config/node_modules/socket.io) by extensions ['ros']
[1.051s] Level 1:colcon.colcon_core.package_identification:_identify(config/node_modules/socket.io) by extension 'ros'
[1.051s] Level 1:colcon.colcon_core.package_identification:_identify(config/node_modules/socket.io) by extensions ['cmake', 'python']
[1.051s] Level 1:colcon.colcon_core.package_identification:_identify(config/node_modules/socket.io) by extension 'cmake'
[1.051s] Level 1:colcon.colcon_core.package_identification:_identify(config/node_modules/socket.io) by extension 'python'
[1.051s] Level 1:colcon.colcon_core.package_identification:_identify(config/node_modules/socket.io) by extensions ['python_setup_py']
[1.051s] Level 1:colcon.colcon_core.package_identification:_identify(config/node_modules/socket.io) by extension 'python_setup_py'
[1.051s] Level 1:colcon.colcon_core.package_identification:_identify(config/node_modules/socket.io/client-dist) by extensions ['ignore', 'ignore_ament_install']
[1.051s] Level 1:colcon.colcon_core.package_identification:_identify(config/node_modules/socket.io/client-dist) by extension 'ignore'
[1.051s] Level 1:colcon.colcon_core.package_identification:_identify(config/node_modules/socket.io/client-dist) by extension 'ignore_ament_install'
[1.051s] Level 1:colcon.colcon_core.package_identification:_identify(config/node_modules/socket.io/client-dist) by extensions ['colcon_pkg']
[1.052s] Level 1:colcon.colcon_core.package_identification:_identify(config/node_modules/socket.io/client-dist) by extension 'colcon_pkg'
[1.052s] Level 1:colcon.colcon_core.package_identification:_identify(config/node_modules/socket.io/client-dist) by extensions ['colcon_meta']
[1.052s] Level 1:colcon.colcon_core.package_identification:_identify(config/node_modules/socket.io/client-dist) by extension 'colcon_meta'
[1.052s] Level 1:colcon.colcon_core.package_identification:_identify(config/node_modules/socket.io/client-dist) by extensions ['ros']
[1.052s] Level 1:colcon.colcon_core.package_identification:_identify(config/node_modules/socket.io/client-dist) by extension 'ros'
[1.052s] Level 1:colcon.colcon_core.package_identification:_identify(config/node_modules/socket.io/client-dist) by extensions ['cmake', 'python']
[1.052s] Level 1:colcon.colcon_core.package_identification:_identify(config/node_modules/socket.io/client-dist) by extension 'cmake'
[1.052s] Level 1:colcon.colcon_core.package_identification:_identify(config/node_modules/socket.io/client-dist) by extension 'python'
[1.052s] Level 1:colcon.colcon_core.package_identification:_identify(config/node_modules/socket.io/client-dist) by extensions ['python_setup_py']
[1.052s] Level 1:colcon.colcon_core.package_identification:_identify(config/node_modules/socket.io/client-dist) by extension 'python_setup_py'
[1.053s] Level 1:colcon.colcon_core.package_identification:_identify(config/node_modules/socket.io/dist) by extensions ['ignore', 'ignore_ament_install']
[1.053s] Level 1:colcon.colcon_core.package_identification:_identify(config/node_modules/socket.io/dist) by extension 'ignore'
[1.053s] Level 1:colcon.colcon_core.package_identification:_identify(config/node_modules/socket.io/dist) by extension 'ignore_ament_install'
[1.053s] Level 1:colcon.colcon_core.package_identification:_identify(config/node_modules/socket.io/dist) by extensions ['colcon_pkg']
[1.053s] Level 1:colcon.colcon_core.package_identification:_identify(config/node_modules/socket.io/dist) by extension 'colcon_pkg'
[1.053s] Level 1:colcon.colcon_core.package_identification:_identify(config/node_modules/socket.io/dist) by extensions ['colcon_meta']
[1.053s] Level 1:colcon.colcon_core.package_identification:_identify(config/node_modules/socket.io/dist) by extension 'colcon_meta'
[1.053s] Level 1:colcon.colcon_core.package_identification:_identify(config/node_modules/socket.io/dist) by extensions ['ros']
[1.053s] Level 1:colcon.colcon_core.package_identification:_identify(config/node_modules/socket.io/dist) by extension 'ros'
[1.053s] Level 1:colcon.colcon_core.package_identification:_identify(config/node_modules/socket.io/dist) by extensions ['cmake', 'python']
[1.053s] Level 1:colcon.colcon_core.package_identification:_identify(config/node_modules/socket.io/dist) by extension 'cmake'
[1.053s] Level 1:colcon.colcon_core.package_identification:_identify(config/node_modules/socket.io/dist) by extension 'python'
[1.053s] Level 1:colcon.colcon_core.package_identification:_identify(config/node_modules/socket.io/dist) by extensions ['python_setup_py']
[1.053s] Level 1:colcon.colcon_core.package_identification:_identify(config/node_modules/socket.io/dist) by extension 'python_setup_py'
[1.054s] Level 1:colcon.colcon_core.package_identification:_identify(config/node_modules/socket.io/node_modules) by extensions ['ignore', 'ignore_ament_install']
[1.054s] Level 1:colcon.colcon_core.package_identification:_identify(config/node_modules/socket.io/node_modules) by extension 'ignore'
[1.054s] Level 1:colcon.colcon_core.package_identification:_identify(config/node_modules/socket.io/node_modules) by extension 'ignore_ament_install'
[1.054s] Level 1:colcon.colcon_core.package_identification:_identify(config/node_modules/socket.io/node_modules) by extensions ['colcon_pkg']
[1.054s] Level 1:colcon.colcon_core.package_identification:_identify(config/node_modules/socket.io/node_modules) by extension 'colcon_pkg'
[1.054s] Level 1:colcon.colcon_core.package_identification:_identify(config/node_modules/socket.io/node_modules) by extensions ['colcon_meta']
[1.054s] Level 1:colcon.colcon_core.package_identification:_identify(config/node_modules/socket.io/node_modules) by extension 'colcon_meta'
[1.054s] Level 1:colcon.colcon_core.package_identification:_identify(config/node_modules/socket.io/node_modules) by extensions ['ros']
[1.054s] Level 1:colcon.colcon_core.package_identification:_identify(config/node_modules/socket.io/node_modules) by extension 'ros'
[1.054s] Level 1:colcon.colcon_core.package_identification:_identify(config/node_modules/socket.io/node_modules) by extensions ['cmake', 'python']
[1.054s] Level 1:colcon.colcon_core.package_identification:_identify(config/node_modules/socket.io/node_modules) by extension 'cmake'
[1.054s] Level 1:colcon.colcon_core.package_identification:_identify(config/node_modules/socket.io/node_modules) by extension 'python'
[1.054s] Level 1:colcon.colcon_core.package_identification:_identify(config/node_modules/socket.io/node_modules) by extensions ['python_setup_py']
[1.054s] Level 1:colcon.colcon_core.package_identification:_identify(config/node_modules/socket.io/node_modules) by extension 'python_setup_py'
[1.055s] Level 1:colcon.colcon_core.package_identification:_identify(config/node_modules/socket.io/node_modules/debug) by extensions ['ignore', 'ignore_ament_install']
[1.055s] Level 1:colcon.colcon_core.package_identification:_identify(config/node_modules/socket.io/node_modules/debug) by extension 'ignore'
[1.055s] Level 1:colcon.colcon_core.package_identification:_identify(config/node_modules/socket.io/node_modules/debug) by extension 'ignore_ament_install'
[1.055s] Level 1:colcon.colcon_core.package_identification:_identify(config/node_modules/socket.io/node_modules/debug) by extensions ['colcon_pkg']
[1.055s] Level 1:colcon.colcon_core.package_identification:_identify(config/node_modules/socket.io/node_modules/debug) by extension 'colcon_pkg'
[1.055s] Level 1:colcon.colcon_core.package_identification:_identify(config/node_modules/socket.io/node_modules/debug) by extensions ['colcon_meta']
[1.055s] Level 1:colcon.colcon_core.package_identification:_identify(config/node_modules/socket.io/node_modules/debug) by extension 'colcon_meta'
[1.056s] Level 1:colcon.colcon_core.package_identification:_identify(config/node_modules/socket.io/node_modules/debug) by extensions ['ros']
[1.056s] Level 1:colcon.colcon_core.package_identification:_identify(config/node_modules/socket.io/node_modules/debug) by extension 'ros'
[1.056s] Level 1:colcon.colcon_core.package_identification:_identify(config/node_modules/socket.io/node_modules/debug) by extensions ['cmake', 'python']
[1.056s] Level 1:colcon.colcon_core.package_identification:_identify(config/node_modules/socket.io/node_modules/debug) by extension 'cmake'
[1.056s] Level 1:colcon.colcon_core.package_identification:_identify(config/node_modules/socket.io/node_modules/debug) by extension 'python'
[1.056s] Level 1:colcon.colcon_core.package_identification:_identify(config/node_modules/socket.io/node_modules/debug) by extensions ['python_setup_py']
[1.056s] Level 1:colcon.colcon_core.package_identification:_identify(config/node_modules/socket.io/node_modules/debug) by extension 'python_setup_py'
[1.056s] Level 1:colcon.colcon_core.package_identification:_identify(config/node_modules/socket.io/node_modules/debug/src) by extensions ['ignore', 'ignore_ament_install']
[1.056s] Level 1:colcon.colcon_core.package_identification:_identify(config/node_modules/socket.io/node_modules/debug/src) by extension 'ignore'
[1.056s] Level 1:colcon.colcon_core.package_identification:_identify(config/node_modules/socket.io/node_modules/debug/src) by extension 'ignore_ament_install'
[1.057s] Level 1:colcon.colcon_core.package_identification:_identify(config/node_modules/socket.io/node_modules/debug/src) by extensions ['colcon_pkg']
[1.057s] Level 1:colcon.colcon_core.package_identification:_identify(config/node_modules/socket.io/node_modules/debug/src) by extension 'colcon_pkg'
[1.057s] Level 1:colcon.colcon_core.package_identification:_identify(config/node_modules/socket.io/node_modules/debug/src) by extensions ['colcon_meta']
[1.057s] Level 1:colcon.colcon_core.package_identification:_identify(config/node_modules/socket.io/node_modules/debug/src) by extension 'colcon_meta'
[1.057s] Level 1:colcon.colcon_core.package_identification:_identify(config/node_modules/socket.io/node_modules/debug/src) by extensions ['ros']
[1.057s] Level 1:colcon.colcon_core.package_identification:_identify(config/node_modules/socket.io/node_modules/debug/src) by extension 'ros'
[1.057s] Level 1:colcon.colcon_core.package_identification:_identify(config/node_modules/socket.io/node_modules/debug/src) by extensions ['cmake', 'python']
[1.057s] Level 1:colcon.colcon_core.package_identification:_identify(config/node_modules/socket.io/node_modules/debug/src) by extension 'cmake'
[1.057s] Level 1:colcon.colcon_core.package_identification:_identify(config/node_modules/socket.io/node_modules/debug/src) by extension 'python'
[1.057s] Level 1:colcon.colcon_core.package_identification:_identify(config/node_modules/socket.io/node_modules/debug/src) by extensions ['python_setup_py']
[1.057s] Level 1:colcon.colcon_core.package_identification:_identify(config/node_modules/socket.io/node_modules/debug/src) by extension 'python_setup_py'
[1.058s] Level 1:colcon.colcon_core.package_identification:_identify(config/node_modules/socket.io/node_modules/ms) by extensions ['ignore', 'ignore_ament_install']
[1.058s] Level 1:colcon.colcon_core.package_identification:_identify(config/node_modules/socket.io/node_modules/ms) by extension 'ignore'
[1.058s] Level 1:colcon.colcon_core.package_identification:_identify(config/node_modules/socket.io/node_modules/ms) by extension 'ignore_ament_install'
[1.058s] Level 1:colcon.colcon_core.package_identification:_identify(config/node_modules/socket.io/node_modules/ms) by extensions ['colcon_pkg']
[1.058s] Level 1:colcon.colcon_core.package_identification:_identify(config/node_modules/socket.io/node_modules/ms) by extension 'colcon_pkg'
[1.058s] Level 1:colcon.colcon_core.package_identification:_identify(config/node_modules/socket.io/node_modules/ms) by extensions ['colcon_meta']
[1.058s] Level 1:colcon.colcon_core.package_identification:_identify(config/node_modules/socket.io/node_modules/ms) by extension 'colcon_meta'
[1.058s] Level 1:colcon.colcon_core.package_identification:_identify(config/node_modules/socket.io/node_modules/ms) by extensions ['ros']
[1.058s] Level 1:colcon.colcon_core.package_identification:_identify(config/node_modules/socket.io/node_modules/ms) by extension 'ros'
[1.058s] Level 1:colcon.colcon_core.package_identification:_identify(config/node_modules/socket.io/node_modules/ms) by extensions ['cmake', 'python']
[1.058s] Level 1:colcon.colcon_core.package_identification:_identify(config/node_modules/socket.io/node_modules/ms) by extension 'cmake'
[1.058s] Level 1:colcon.colcon_core.package_identification:_identify(config/node_modules/socket.io/node_modules/ms) by extension 'python'
[1.058s] Level 1:colcon.colcon_core.package_identification:_identify(config/node_modules/socket.io/node_modules/ms) by extensions ['python_setup_py']
[1.058s] Level 1:colcon.colcon_core.package_identification:_identify(config/node_modules/socket.io/node_modules/ms) by extension 'python_setup_py'
[1.059s] Level 1:colcon.colcon_core.package_identification:_identify(config/node_modules/socket.io-adapter) by extensions ['ignore', 'ignore_ament_install']
[1.059s] Level 1:colcon.colcon_core.package_identification:_identify(config/node_modules/socket.io-adapter) by extension 'ignore'
[1.059s] Level 1:colcon.colcon_core.package_identification:_identify(config/node_modules/socket.io-adapter) by extension 'ignore_ament_install'
[1.059s] Level 1:colcon.colcon_core.package_identification:_identify(config/node_modules/socket.io-adapter) by extensions ['colcon_pkg']
[1.059s] Level 1:colcon.colcon_core.package_identification:_identify(config/node_modules/socket.io-adapter) by extension 'colcon_pkg'
[1.059s] Level 1:colcon.colcon_core.package_identification:_identify(config/node_modules/socket.io-adapter) by extensions ['colcon_meta']
[1.059s] Level 1:colcon.colcon_core.package_identification:_identify(config/node_modules/socket.io-adapter) by extension 'colcon_meta'
[1.060s] Level 1:colcon.colcon_core.package_identification:_identify(config/node_modules/socket.io-adapter) by extensions ['ros']
[1.060s] Level 1:colcon.colcon_core.package_identification:_identify(config/node_modules/socket.io-adapter) by extension 'ros'
[1.060s] Level 1:colcon.colcon_core.package_identification:_identify(config/node_modules/socket.io-adapter) by extensions ['cmake', 'python']
[1.060s] Level 1:colcon.colcon_core.package_identification:_identify(config/node_modules/socket.io-adapter) by extension 'cmake'
[1.060s] Level 1:colcon.colcon_core.package_identification:_identify(config/node_modules/socket.io-adapter) by extension 'python'
[1.060s] Level 1:colcon.colcon_core.package_identification:_identify(config/node_modules/socket.io-adapter) by extensions ['python_setup_py']
[1.060s] Level 1:colcon.colcon_core.package_identification:_identify(config/node_modules/socket.io-adapter) by extension 'python_setup_py'
[1.060s] Level 1:colcon.colcon_core.package_identification:_identify(config/node_modules/socket.io-adapter/dist) by extensions ['ignore', 'ignore_ament_install']
[1.060s] Level 1:colcon.colcon_core.package_identification:_identify(config/node_modules/socket.io-adapter/dist) by extension 'ignore'
[1.060s] Level 1:colcon.colcon_core.package_identification:_identify(config/node_modules/socket.io-adapter/dist) by extension 'ignore_ament_install'
[1.061s] Level 1:colcon.colcon_core.package_identification:_identify(config/node_modules/socket.io-adapter/dist) by extensions ['colcon_pkg']
[1.061s] Level 1:colcon.colcon_core.package_identification:_identify(config/node_modules/socket.io-adapter/dist) by extension 'colcon_pkg'
[1.061s] Level 1:colcon.colcon_core.package_identification:_identify(config/node_modules/socket.io-adapter/dist) by extensions ['colcon_meta']
[1.061s] Level 1:colcon.colcon_core.package_identification:_identify(config/node_modules/socket.io-adapter/dist) by extension 'colcon_meta'
[1.061s] Level 1:colcon.colcon_core.package_identification:_identify(config/node_modules/socket.io-adapter/dist) by extensions ['ros']
[1.061s] Level 1:colcon.colcon_core.package_identification:_identify(config/node_modules/socket.io-adapter/dist) by extension 'ros'
[1.061s] Level 1:colcon.colcon_core.package_identification:_identify(config/node_modules/socket.io-adapter/dist) by extensions ['cmake', 'python']
[1.061s] Level 1:colcon.colcon_core.package_identification:_identify(config/node_modules/socket.io-adapter/dist) by extension 'cmake'
[1.061s] Level 1:colcon.colcon_core.package_identification:_identify(config/node_modules/socket.io-adapter/dist) by extension 'python'
[1.061s] Level 1:colcon.colcon_core.package_identification:_identify(config/node_modules/socket.io-adapter/dist) by extensions ['python_setup_py']
[1.061s] Level 1:colcon.colcon_core.package_identification:_identify(config/node_modules/socket.io-adapter/dist) by extension 'python_setup_py'
[1.062s] Level 1:colcon.colcon_core.package_identification:_identify(config/node_modules/socket.io-adapter/dist/contrib) by extensions ['ignore', 'ignore_ament_install']
[1.062s] Level 1:colcon.colcon_core.package_identification:_identify(config/node_modules/socket.io-adapter/dist/contrib) by extension 'ignore'
[1.062s] Level 1:colcon.colcon_core.package_identification:_identify(config/node_modules/socket.io-adapter/dist/contrib) by extension 'ignore_ament_install'
[1.062s] Level 1:colcon.colcon_core.package_identification:_identify(config/node_modules/socket.io-adapter/dist/contrib) by extensions ['colcon_pkg']
[1.062s] Level 1:colcon.colcon_core.package_identification:_identify(config/node_modules/socket.io-adapter/dist/contrib) by extension 'colcon_pkg'
[1.062s] Level 1:colcon.colcon_core.package_identification:_identify(config/node_modules/socket.io-adapter/dist/contrib) by extensions ['colcon_meta']
[1.062s] Level 1:colcon.colcon_core.package_identification:_identify(config/node_modules/socket.io-adapter/dist/contrib) by extension 'colcon_meta'
[1.062s] Level 1:colcon.colcon_core.package_identification:_identify(config/node_modules/socket.io-adapter/dist/contrib) by extensions ['ros']
[1.062s] Level 1:colcon.colcon_core.package_identification:_identify(config/node_modules/socket.io-adapter/dist/contrib) by extension 'ros'
[1.062s] Level 1:colcon.colcon_core.package_identification:_identify(config/node_modules/socket.io-adapter/dist/contrib) by extensions ['cmake', 'python']
[1.062s] Level 1:colcon.colcon_core.package_identification:_identify(config/node_modules/socket.io-adapter/dist/contrib) by extension 'cmake'
[1.063s] Level 1:colcon.colcon_core.package_identification:_identify(config/node_modules/socket.io-adapter/dist/contrib) by extension 'python'
[1.063s] Level 1:colcon.colcon_core.package_identification:_identify(config/node_modules/socket.io-adapter/dist/contrib) by extensions ['python_setup_py']
[1.063s] Level 1:colcon.colcon_core.package_identification:_identify(config/node_modules/socket.io-adapter/dist/contrib) by extension 'python_setup_py'
[1.064s] Level 1:colcon.colcon_core.package_identification:_identify(config/node_modules/socket.io-adapter/node_modules) by extensions ['ignore', 'ignore_ament_install']
[1.064s] Level 1:colcon.colcon_core.package_identification:_identify(config/node_modules/socket.io-adapter/node_modules) by extension 'ignore'
[1.064s] Level 1:colcon.colcon_core.package_identification:_identify(config/node_modules/socket.io-adapter/node_modules) by extension 'ignore_ament_install'
[1.064s] Level 1:colcon.colcon_core.package_identification:_identify(config/node_modules/socket.io-adapter/node_modules) by extensions ['colcon_pkg']
[1.064s] Level 1:colcon.colcon_core.package_identification:_identify(config/node_modules/socket.io-adapter/node_modules) by extension 'colcon_pkg'
[1.064s] Level 1:colcon.colcon_core.package_identification:_identify(config/node_modules/socket.io-adapter/node_modules) by extensions ['colcon_meta']
[1.064s] Level 1:colcon.colcon_core.package_identification:_identify(config/node_modules/socket.io-adapter/node_modules) by extension 'colcon_meta'
[1.064s] Level 1:colcon.colcon_core.package_identification:_identify(config/node_modules/socket.io-adapter/node_modules) by extensions ['ros']
[1.064s] Level 1:colcon.colcon_core.package_identification:_identify(config/node_modules/socket.io-adapter/node_modules) by extension 'ros'
[1.064s] Level 1:colcon.colcon_core.package_identification:_identify(config/node_modules/socket.io-adapter/node_modules) by extensions ['cmake', 'python']
[1.064s] Level 1:colcon.colcon_core.package_identification:_identify(config/node_modules/socket.io-adapter/node_modules) by extension 'cmake'
[1.064s] Level 1:colcon.colcon_core.package_identification:_identify(config/node_modules/socket.io-adapter/node_modules) by extension 'python'
[1.064s] Level 1:colcon.colcon_core.package_identification:_identify(config/node_modules/socket.io-adapter/node_modules) by extensions ['python_setup_py']
[1.065s] Level 1:colcon.colcon_core.package_identification:_identify(config/node_modules/socket.io-adapter/node_modules) by extension 'python_setup_py'
[1.065s] Level 1:colcon.colcon_core.package_identification:_identify(config/node_modules/socket.io-adapter/node_modules/debug) by extensions ['ignore', 'ignore_ament_install']
[1.065s] Level 1:colcon.colcon_core.package_identification:_identify(config/node_modules/socket.io-adapter/node_modules/debug) by extension 'ignore'
[1.065s] Level 1:colcon.colcon_core.package_identification:_identify(config/node_modules/socket.io-adapter/node_modules/debug) by extension 'ignore_ament_install'
[1.066s] Level 1:colcon.colcon_core.package_identification:_identify(config/node_modules/socket.io-adapter/node_modules/debug) by extensions ['colcon_pkg']
[1.066s] Level 1:colcon.colcon_core.package_identification:_identify(config/node_modules/socket.io-adapter/node_modules/debug) by extension 'colcon_pkg'
[1.066s] Level 1:colcon.colcon_core.package_identification:_identify(config/node_modules/socket.io-adapter/node_modules/debug) by extensions ['colcon_meta']
[1.066s] Level 1:colcon.colcon_core.package_identification:_identify(config/node_modules/socket.io-adapter/node_modules/debug) by extension 'colcon_meta'
[1.066s] Level 1:colcon.colcon_core.package_identification:_identify(config/node_modules/socket.io-adapter/node_modules/debug) by extensions ['ros']
[1.066s] Level 1:colcon.colcon_core.package_identification:_identify(config/node_modules/socket.io-adapter/node_modules/debug) by extension 'ros'
[1.066s] Level 1:colcon.colcon_core.package_identification:_identify(config/node_modules/socket.io-adapter/node_modules/debug) by extensions ['cmake', 'python']
[1.066s] Level 1:colcon.colcon_core.package_identification:_identify(config/node_modules/socket.io-adapter/node_modules/debug) by extension 'cmake'
[1.066s] Level 1:colcon.colcon_core.package_identification:_identify(config/node_modules/socket.io-adapter/node_modules/debug) by extension 'python'
[1.066s] Level 1:colcon.colcon_core.package_identification:_identify(config/node_modules/socket.io-adapter/node_modules/debug) by extensions ['python_setup_py']
[1.066s] Level 1:colcon.colcon_core.package_identification:_identify(config/node_modules/socket.io-adapter/node_modules/debug) by extension 'python_setup_py'
[1.066s] Level 1:colcon.colcon_core.package_identification:_identify(config/node_modules/socket.io-adapter/node_modules/debug/src) by extensions ['ignore', 'ignore_ament_install']
[1.067s] Level 1:colcon.colcon_core.package_identification:_identify(config/node_modules/socket.io-adapter/node_modules/debug/src) by extension 'ignore'
[1.067s] Level 1:colcon.colcon_core.package_identification:_identify(config/node_modules/socket.io-adapter/node_modules/debug/src) by extension 'ignore_ament_install'
[1.067s] Level 1:colcon.colcon_core.package_identification:_identify(config/node_modules/socket.io-adapter/node_modules/debug/src) by extensions ['colcon_pkg']
[1.067s] Level 1:colcon.colcon_core.package_identification:_identify(config/node_modules/socket.io-adapter/node_modules/debug/src) by extension 'colcon_pkg'
[1.067s] Level 1:colcon.colcon_core.package_identification:_identify(config/node_modules/socket.io-adapter/node_modules/debug/src) by extensions ['colcon_meta']
[1.067s] Level 1:colcon.colcon_core.package_identification:_identify(config/node_modules/socket.io-adapter/node_modules/debug/src) by extension 'colcon_meta'
[1.067s] Level 1:colcon.colcon_core.package_identification:_identify(config/node_modules/socket.io-adapter/node_modules/debug/src) by extensions ['ros']
[1.067s] Level 1:colcon.colcon_core.package_identification:_identify(config/node_modules/socket.io-adapter/node_modules/debug/src) by extension 'ros'
[1.067s] Level 1:colcon.colcon_core.package_identification:_identify(config/node_modules/socket.io-adapter/node_modules/debug/src) by extensions ['cmake', 'python']
[1.067s] Level 1:colcon.colcon_core.package_identification:_identify(config/node_modules/socket.io-adapter/node_modules/debug/src) by extension 'cmake'
[1.067s] Level 1:colcon.colcon_core.package_identification:_identify(config/node_modules/socket.io-adapter/node_modules/debug/src) by extension 'python'
[1.067s] Level 1:colcon.colcon_core.package_identification:_identify(config/node_modules/socket.io-adapter/node_modules/debug/src) by extensions ['python_setup_py']
[1.067s] Level 1:colcon.colcon_core.package_identification:_identify(config/node_modules/socket.io-adapter/node_modules/debug/src) by extension 'python_setup_py'
[1.069s] Level 1:colcon.colcon_core.package_identification:_identify(config/node_modules/socket.io-adapter/node_modules/ms) by extensions ['ignore', 'ignore_ament_install']
[1.069s] Level 1:colcon.colcon_core.package_identification:_identify(config/node_modules/socket.io-adapter/node_modules/ms) by extension 'ignore'
[1.069s] Level 1:colcon.colcon_core.package_identification:_identify(config/node_modules/socket.io-adapter/node_modules/ms) by extension 'ignore_ament_install'
[1.069s] Level 1:colcon.colcon_core.package_identification:_identify(config/node_modules/socket.io-adapter/node_modules/ms) by extensions ['colcon_pkg']
[1.069s] Level 1:colcon.colcon_core.package_identification:_identify(config/node_modules/socket.io-adapter/node_modules/ms) by extension 'colcon_pkg'
[1.069s] Level 1:colcon.colcon_core.package_identification:_identify(config/node_modules/socket.io-adapter/node_modules/ms) by extensions ['colcon_meta']
[1.070s] Level 1:colcon.colcon_core.package_identification:_identify(config/node_modules/socket.io-adapter/node_modules/ms) by extension 'colcon_meta'
[1.070s] Level 1:colcon.colcon_core.package_identification:_identify(config/node_modules/socket.io-adapter/node_modules/ms) by extensions ['ros']
[1.070s] Level 1:colcon.colcon_core.package_identification:_identify(config/node_modules/socket.io-adapter/node_modules/ms) by extension 'ros'
[1.070s] Level 1:colcon.colcon_core.package_identification:_identify(config/node_modules/socket.io-adapter/node_modules/ms) by extensions ['cmake', 'python']
[1.070s] Level 1:colcon.colcon_core.package_identification:_identify(config/node_modules/socket.io-adapter/node_modules/ms) by extension 'cmake'
[1.070s] Level 1:colcon.colcon_core.package_identification:_identify(config/node_modules/socket.io-adapter/node_modules/ms) by extension 'python'
[1.070s] Level 1:colcon.colcon_core.package_identification:_identify(config/node_modules/socket.io-adapter/node_modules/ms) by extensions ['python_setup_py']
[1.070s] Level 1:colcon.colcon_core.package_identification:_identify(config/node_modules/socket.io-adapter/node_modules/ms) by extension 'python_setup_py'
[1.071s] Level 1:colcon.colcon_core.package_identification:_identify(config/node_modules/socket.io-parser) by extensions ['ignore', 'ignore_ament_install']
[1.071s] Level 1:colcon.colcon_core.package_identification:_identify(config/node_modules/socket.io-parser) by extension 'ignore'
[1.071s] Level 1:colcon.colcon_core.package_identification:_identify(config/node_modules/socket.io-parser) by extension 'ignore_ament_install'
[1.072s] Level 1:colcon.colcon_core.package_identification:_identify(config/node_modules/socket.io-parser) by extensions ['colcon_pkg']
[1.072s] Level 1:colcon.colcon_core.package_identification:_identify(config/node_modules/socket.io-parser) by extension 'colcon_pkg'
[1.072s] Level 1:colcon.colcon_core.package_identification:_identify(config/node_modules/socket.io-parser) by extensions ['colcon_meta']
[1.072s] Level 1:colcon.colcon_core.package_identification:_identify(config/node_modules/socket.io-parser) by extension 'colcon_meta'
[1.072s] Level 1:colcon.colcon_core.package_identification:_identify(config/node_modules/socket.io-parser) by extensions ['ros']
[1.072s] Level 1:colcon.colcon_core.package_identification:_identify(config/node_modules/socket.io-parser) by extension 'ros'
[1.072s] Level 1:colcon.colcon_core.package_identification:_identify(config/node_modules/socket.io-parser) by extensions ['cmake', 'python']
[1.072s] Level 1:colcon.colcon_core.package_identification:_identify(config/node_modules/socket.io-parser) by extension 'cmake'
[1.072s] Level 1:colcon.colcon_core.package_identification:_identify(config/node_modules/socket.io-parser) by extension 'python'
[1.072s] Level 1:colcon.colcon_core.package_identification:_identify(config/node_modules/socket.io-parser) by extensions ['python_setup_py']
[1.072s] Level 1:colcon.colcon_core.package_identification:_identify(config/node_modules/socket.io-parser) by extension 'python_setup_py'
[1.072s] Level 1:colcon.colcon_core.package_identification:_identify(config/node_modules/socket.io-parser/build) by extensions ['ignore', 'ignore_ament_install']
[1.072s] Level 1:colcon.colcon_core.package_identification:_identify(config/node_modules/socket.io-parser/build) by extension 'ignore'
[1.073s] Level 1:colcon.colcon_core.package_identification:_identify(config/node_modules/socket.io-parser/build) by extension 'ignore_ament_install'
[1.073s] Level 1:colcon.colcon_core.package_identification:_identify(config/node_modules/socket.io-parser/build) by extensions ['colcon_pkg']
[1.073s] Level 1:colcon.colcon_core.package_identification:_identify(config/node_modules/socket.io-parser/build) by extension 'colcon_pkg'
[1.073s] Level 1:colcon.colcon_core.package_identification:_identify(config/node_modules/socket.io-parser/build) by extensions ['colcon_meta']
[1.073s] Level 1:colcon.colcon_core.package_identification:_identify(config/node_modules/socket.io-parser/build) by extension 'colcon_meta'
[1.073s] Level 1:colcon.colcon_core.package_identification:_identify(config/node_modules/socket.io-parser/build) by extensions ['ros']
[1.073s] Level 1:colcon.colcon_core.package_identification:_identify(config/node_modules/socket.io-parser/build) by extension 'ros'
[1.073s] Level 1:colcon.colcon_core.package_identification:_identify(config/node_modules/socket.io-parser/build) by extensions ['cmake', 'python']
[1.073s] Level 1:colcon.colcon_core.package_identification:_identify(config/node_modules/socket.io-parser/build) by extension 'cmake'
[1.073s] Level 1:colcon.colcon_core.package_identification:_identify(config/node_modules/socket.io-parser/build) by extension 'python'
[1.073s] Level 1:colcon.colcon_core.package_identification:_identify(config/node_modules/socket.io-parser/build) by extensions ['python_setup_py']
[1.073s] Level 1:colcon.colcon_core.package_identification:_identify(config/node_modules/socket.io-parser/build) by extension 'python_setup_py'
[1.074s] Level 1:colcon.colcon_core.package_identification:_identify(config/node_modules/socket.io-parser/build/cjs) by extensions ['ignore', 'ignore_ament_install']
[1.074s] Level 1:colcon.colcon_core.package_identification:_identify(config/node_modules/socket.io-parser/build/cjs) by extension 'ignore'
[1.074s] Level 1:colcon.colcon_core.package_identification:_identify(config/node_modules/socket.io-parser/build/cjs) by extension 'ignore_ament_install'
[1.074s] Level 1:colcon.colcon_core.package_identification:_identify(config/node_modules/socket.io-parser/build/cjs) by extensions ['colcon_pkg']
[1.074s] Level 1:colcon.colcon_core.package_identification:_identify(config/node_modules/socket.io-parser/build/cjs) by extension 'colcon_pkg'
[1.074s] Level 1:colcon.colcon_core.package_identification:_identify(config/node_modules/socket.io-parser/build/cjs) by extensions ['colcon_meta']
[1.074s] Level 1:colcon.colcon_core.package_identification:_identify(config/node_modules/socket.io-parser/build/cjs) by extension 'colcon_meta'
[1.074s] Level 1:colcon.colcon_core.package_identification:_identify(config/node_modules/socket.io-parser/build/cjs) by extensions ['ros']
[1.075s] Level 1:colcon.colcon_core.package_identification:_identify(config/node_modules/socket.io-parser/build/cjs) by extension 'ros'
[1.075s] Level 1:colcon.colcon_core.package_identification:_identify(config/node_modules/socket.io-parser/build/cjs) by extensions ['cmake', 'python']
[1.075s] Level 1:colcon.colcon_core.package_identification:_identify(config/node_modules/socket.io-parser/build/cjs) by extension 'cmake'
[1.075s] Level 1:colcon.colcon_core.package_identification:_identify(config/node_modules/socket.io-parser/build/cjs) by extension 'python'
[1.075s] Level 1:colcon.colcon_core.package_identification:_identify(config/node_modules/socket.io-parser/build/cjs) by extensions ['python_setup_py']
[1.075s] Level 1:colcon.colcon_core.package_identification:_identify(config/node_modules/socket.io-parser/build/cjs) by extension 'python_setup_py'
[1.076s] Level 1:colcon.colcon_core.package_identification:_identify(config/node_modules/socket.io-parser/build/esm) by extensions ['ignore', 'ignore_ament_install']
[1.076s] Level 1:colcon.colcon_core.package_identification:_identify(config/node_modules/socket.io-parser/build/esm) by extension 'ignore'
[1.076s] Level 1:colcon.colcon_core.package_identification:_identify(config/node_modules/socket.io-parser/build/esm) by extension 'ignore_ament_install'
[1.076s] Level 1:colcon.colcon_core.package_identification:_identify(config/node_modules/socket.io-parser/build/esm) by extensions ['colcon_pkg']
[1.076s] Level 1:colcon.colcon_core.package_identification:_identify(config/node_modules/socket.io-parser/build/esm) by extension 'colcon_pkg'
[1.076s] Level 1:colcon.colcon_core.package_identification:_identify(config/node_modules/socket.io-parser/build/esm) by extensions ['colcon_meta']
[1.076s] Level 1:colcon.colcon_core.package_identification:_identify(config/node_modules/socket.io-parser/build/esm) by extension 'colcon_meta'
[1.076s] Level 1:colcon.colcon_core.package_identification:_identify(config/node_modules/socket.io-parser/build/esm) by extensions ['ros']
[1.076s] Level 1:colcon.colcon_core.package_identification:_identify(config/node_modules/socket.io-parser/build/esm) by extension 'ros'
[1.076s] Level 1:colcon.colcon_core.package_identification:_identify(config/node_modules/socket.io-parser/build/esm) by extensions ['cmake', 'python']
[1.076s] Level 1:colcon.colcon_core.package_identification:_identify(config/node_modules/socket.io-parser/build/esm) by extension 'cmake'
[1.076s] Level 1:colcon.colcon_core.package_identification:_identify(config/node_modules/socket.io-parser/build/esm) by extension 'python'
[1.076s] Level 1:colcon.colcon_core.package_identification:_identify(config/node_modules/socket.io-parser/build/esm) by extensions ['python_setup_py']
[1.076s] Level 1:colcon.colcon_core.package_identification:_identify(config/node_modules/socket.io-parser/build/esm) by extension 'python_setup_py'
[1.077s] Level 1:colcon.colcon_core.package_identification:_identify(config/node_modules/socket.io-parser/build/esm-debug) by extensions ['ignore', 'ignore_ament_install']
[1.077s] Level 1:colcon.colcon_core.package_identification:_identify(config/node_modules/socket.io-parser/build/esm-debug) by extension 'ignore'
[1.077s] Level 1:colcon.colcon_core.package_identification:_identify(config/node_modules/socket.io-parser/build/esm-debug) by extension 'ignore_ament_install'
[1.077s] Level 1:colcon.colcon_core.package_identification:_identify(config/node_modules/socket.io-parser/build/esm-debug) by extensions ['colcon_pkg']
[1.077s] Level 1:colcon.colcon_core.package_identification:_identify(config/node_modules/socket.io-parser/build/esm-debug) by extension 'colcon_pkg'
[1.077s] Level 1:colcon.colcon_core.package_identification:_identify(config/node_modules/socket.io-parser/build/esm-debug) by extensions ['colcon_meta']
[1.077s] Level 1:colcon.colcon_core.package_identification:_identify(config/node_modules/socket.io-parser/build/esm-debug) by extension 'colcon_meta'
[1.077s] Level 1:colcon.colcon_core.package_identification:_identify(config/node_modules/socket.io-parser/build/esm-debug) by extensions ['ros']
[1.077s] Level 1:colcon.colcon_core.package_identification:_identify(config/node_modules/socket.io-parser/build/esm-debug) by extension 'ros'
[1.078s] Level 1:colcon.colcon_core.package_identification:_identify(config/node_modules/socket.io-parser/build/esm-debug) by extensions ['cmake', 'python']
[1.078s] Level 1:colcon.colcon_core.package_identification:_identify(config/node_modules/socket.io-parser/build/esm-debug) by extension 'cmake'
[1.078s] Level 1:colcon.colcon_core.package_identification:_identify(config/node_modules/socket.io-parser/build/esm-debug) by extension 'python'
[1.078s] Level 1:colcon.colcon_core.package_identification:_identify(config/node_modules/socket.io-parser/build/esm-debug) by extensions ['python_setup_py']
[1.078s] Level 1:colcon.colcon_core.package_identification:_identify(config/node_modules/socket.io-parser/build/esm-debug) by extension 'python_setup_py'
[1.079s] Level 1:colcon.colcon_core.package_identification:_identify(config/node_modules/socket.io-parser/node_modules) by extensions ['ignore', 'ignore_ament_install']
[1.079s] Level 1:colcon.colcon_core.package_identification:_identify(config/node_modules/socket.io-parser/node_modules) by extension 'ignore'
[1.079s] Level 1:colcon.colcon_core.package_identification:_identify(config/node_modules/socket.io-parser/node_modules) by extension 'ignore_ament_install'
[1.079s] Level 1:colcon.colcon_core.package_identification:_identify(config/node_modules/socket.io-parser/node_modules) by extensions ['colcon_pkg']
[1.079s] Level 1:colcon.colcon_core.package_identification:_identify(config/node_modules/socket.io-parser/node_modules) by extension 'colcon_pkg'
[1.079s] Level 1:colcon.colcon_core.package_identification:_identify(config/node_modules/socket.io-parser/node_modules) by extensions ['colcon_meta']
[1.079s] Level 1:colcon.colcon_core.package_identification:_identify(config/node_modules/socket.io-parser/node_modules) by extension 'colcon_meta'
[1.079s] Level 1:colcon.colcon_core.package_identification:_identify(config/node_modules/socket.io-parser/node_modules) by extensions ['ros']
[1.079s] Level 1:colcon.colcon_core.package_identification:_identify(config/node_modules/socket.io-parser/node_modules) by extension 'ros'
[1.079s] Level 1:colcon.colcon_core.package_identification:_identify(config/node_modules/socket.io-parser/node_modules) by extensions ['cmake', 'python']
[1.079s] Level 1:colcon.colcon_core.package_identification:_identify(config/node_modules/socket.io-parser/node_modules) by extension 'cmake'
[1.079s] Level 1:colcon.colcon_core.package_identification:_identify(config/node_modules/socket.io-parser/node_modules) by extension 'python'
[1.079s] Level 1:colcon.colcon_core.package_identification:_identify(config/node_modules/socket.io-parser/node_modules) by extensions ['python_setup_py']
[1.079s] Level 1:colcon.colcon_core.package_identification:_identify(config/node_modules/socket.io-parser/node_modules) by extension 'python_setup_py'
[1.080s] Level 1:colcon.colcon_core.package_identification:_identify(config/node_modules/socket.io-parser/node_modules/debug) by extensions ['ignore', 'ignore_ament_install']
[1.080s] Level 1:colcon.colcon_core.package_identification:_identify(config/node_modules/socket.io-parser/node_modules/debug) by extension 'ignore'
[1.080s] Level 1:colcon.colcon_core.package_identification:_identify(config/node_modules/socket.io-parser/node_modules/debug) by extension 'ignore_ament_install'
[1.080s] Level 1:colcon.colcon_core.package_identification:_identify(config/node_modules/socket.io-parser/node_modules/debug) by extensions ['colcon_pkg']
[1.080s] Level 1:colcon.colcon_core.package_identification:_identify(config/node_modules/socket.io-parser/node_modules/debug) by extension 'colcon_pkg'
[1.080s] Level 1:colcon.colcon_core.package_identification:_identify(config/node_modules/socket.io-parser/node_modules/debug) by extensions ['colcon_meta']
[1.080s] Level 1:colcon.colcon_core.package_identification:_identify(config/node_modules/socket.io-parser/node_modules/debug) by extension 'colcon_meta'
[1.080s] Level 1:colcon.colcon_core.package_identification:_identify(config/node_modules/socket.io-parser/node_modules/debug) by extensions ['ros']
[1.080s] Level 1:colcon.colcon_core.package_identification:_identify(config/node_modules/socket.io-parser/node_modules/debug) by extension 'ros'
[1.080s] Level 1:colcon.colcon_core.package_identification:_identify(config/node_modules/socket.io-parser/node_modules/debug) by extensions ['cmake', 'python']
[1.080s] Level 1:colcon.colcon_core.package_identification:_identify(config/node_modules/socket.io-parser/node_modules/debug) by extension 'cmake'
[1.080s] Level 1:colcon.colcon_core.package_identification:_identify(config/node_modules/socket.io-parser/node_modules/debug) by extension 'python'
[1.080s] Level 1:colcon.colcon_core.package_identification:_identify(config/node_modules/socket.io-parser/node_modules/debug) by extensions ['python_setup_py']
[1.080s] Level 1:colcon.colcon_core.package_identification:_identify(config/node_modules/socket.io-parser/node_modules/debug) by extension 'python_setup_py'
[1.081s] Level 1:colcon.colcon_core.package_identification:_identify(config/node_modules/socket.io-parser/node_modules/debug/src) by extensions ['ignore', 'ignore_ament_install']
[1.081s] Level 1:colcon.colcon_core.package_identification:_identify(config/node_modules/socket.io-parser/node_modules/debug/src) by extension 'ignore'
[1.081s] Level 1:colcon.colcon_core.package_identification:_identify(config/node_modules/socket.io-parser/node_modules/debug/src) by extension 'ignore_ament_install'
[1.081s] Level 1:colcon.colcon_core.package_identification:_identify(config/node_modules/socket.io-parser/node_modules/debug/src) by extensions ['colcon_pkg']
[1.081s] Level 1:colcon.colcon_core.package_identification:_identify(config/node_modules/socket.io-parser/node_modules/debug/src) by extension 'colcon_pkg'
[1.081s] Level 1:colcon.colcon_core.package_identification:_identify(config/node_modules/socket.io-parser/node_modules/debug/src) by extensions ['colcon_meta']
[1.081s] Level 1:colcon.colcon_core.package_identification:_identify(config/node_modules/socket.io-parser/node_modules/debug/src) by extension 'colcon_meta'
[1.081s] Level 1:colcon.colcon_core.package_identification:_identify(config/node_modules/socket.io-parser/node_modules/debug/src) by extensions ['ros']
[1.081s] Level 1:colcon.colcon_core.package_identification:_identify(config/node_modules/socket.io-parser/node_modules/debug/src) by extension 'ros'
[1.081s] Level 1:colcon.colcon_core.package_identification:_identify(config/node_modules/socket.io-parser/node_modules/debug/src) by extensions ['cmake', 'python']
[1.081s] Level 1:colcon.colcon_core.package_identification:_identify(config/node_modules/socket.io-parser/node_modules/debug/src) by extension 'cmake'
[1.081s] Level 1:colcon.colcon_core.package_identification:_identify(config/node_modules/socket.io-parser/node_modules/debug/src) by extension 'python'
[1.081s] Level 1:colcon.colcon_core.package_identification:_identify(config/node_modules/socket.io-parser/node_modules/debug/src) by extensions ['python_setup_py']
[1.081s] Level 1:colcon.colcon_core.package_identification:_identify(config/node_modules/socket.io-parser/node_modules/debug/src) by extension 'python_setup_py'
[1.082s] Level 1:colcon.colcon_core.package_identification:_identify(config/node_modules/socket.io-parser/node_modules/ms) by extensions ['ignore', 'ignore_ament_install']
[1.082s] Level 1:colcon.colcon_core.package_identification:_identify(config/node_modules/socket.io-parser/node_modules/ms) by extension 'ignore'
[1.082s] Level 1:colcon.colcon_core.package_identification:_identify(config/node_modules/socket.io-parser/node_modules/ms) by extension 'ignore_ament_install'
[1.082s] Level 1:colcon.colcon_core.package_identification:_identify(config/node_modules/socket.io-parser/node_modules/ms) by extensions ['colcon_pkg']
[1.082s] Level 1:colcon.colcon_core.package_identification:_identify(config/node_modules/socket.io-parser/node_modules/ms) by extension 'colcon_pkg'
[1.082s] Level 1:colcon.colcon_core.package_identification:_identify(config/node_modules/socket.io-parser/node_modules/ms) by extensions ['colcon_meta']
[1.082s] Level 1:colcon.colcon_core.package_identification:_identify(config/node_modules/socket.io-parser/node_modules/ms) by extension 'colcon_meta'
[1.082s] Level 1:colcon.colcon_core.package_identification:_identify(config/node_modules/socket.io-parser/node_modules/ms) by extensions ['ros']
[1.082s] Level 1:colcon.colcon_core.package_identification:_identify(config/node_modules/socket.io-parser/node_modules/ms) by extension 'ros'
[1.082s] Level 1:colcon.colcon_core.package_identification:_identify(config/node_modules/socket.io-parser/node_modules/ms) by extensions ['cmake', 'python']
[1.082s] Level 1:colcon.colcon_core.package_identification:_identify(config/node_modules/socket.io-parser/node_modules/ms) by extension 'cmake'
[1.082s] Level 1:colcon.colcon_core.package_identification:_identify(config/node_modules/socket.io-parser/node_modules/ms) by extension 'python'
[1.082s] Level 1:colcon.colcon_core.package_identification:_identify(config/node_modules/socket.io-parser/node_modules/ms) by extensions ['python_setup_py']
[1.082s] Level 1:colcon.colcon_core.package_identification:_identify(config/node_modules/socket.io-parser/node_modules/ms) by extension 'python_setup_py'
[1.083s] Level 1:colcon.colcon_core.package_identification:_identify(config/node_modules/statuses) by extensions ['ignore', 'ignore_ament_install']
[1.083s] Level 1:colcon.colcon_core.package_identification:_identify(config/node_modules/statuses) by extension 'ignore'
[1.083s] Level 1:colcon.colcon_core.package_identification:_identify(config/node_modules/statuses) by extension 'ignore_ament_install'
[1.083s] Level 1:colcon.colcon_core.package_identification:_identify(config/node_modules/statuses) by extensions ['colcon_pkg']
[1.083s] Level 1:colcon.colcon_core.package_identification:_identify(config/node_modules/statuses) by extension 'colcon_pkg'
[1.083s] Level 1:colcon.colcon_core.package_identification:_identify(config/node_modules/statuses) by extensions ['colcon_meta']
[1.083s] Level 1:colcon.colcon_core.package_identification:_identify(config/node_modules/statuses) by extension 'colcon_meta'
[1.083s] Level 1:colcon.colcon_core.package_identification:_identify(config/node_modules/statuses) by extensions ['ros']
[1.083s] Level 1:colcon.colcon_core.package_identification:_identify(config/node_modules/statuses) by extension 'ros'
[1.083s] Level 1:colcon.colcon_core.package_identification:_identify(config/node_modules/statuses) by extensions ['cmake', 'python']
[1.083s] Level 1:colcon.colcon_core.package_identification:_identify(config/node_modules/statuses) by extension 'cmake'
[1.084s] Level 1:colcon.colcon_core.package_identification:_identify(config/node_modules/statuses) by extension 'python'
[1.084s] Level 1:colcon.colcon_core.package_identification:_identify(config/node_modules/statuses) by extensions ['python_setup_py']
[1.084s] Level 1:colcon.colcon_core.package_identification:_identify(config/node_modules/statuses) by extension 'python_setup_py'
[1.084s] Level 1:colcon.colcon_core.package_identification:_identify(config/node_modules/toidentifier) by extensions ['ignore', 'ignore_ament_install']
[1.084s] Level 1:colcon.colcon_core.package_identification:_identify(config/node_modules/toidentifier) by extension 'ignore'
[1.084s] Level 1:colcon.colcon_core.package_identification:_identify(config/node_modules/toidentifier) by extension 'ignore_ament_install'
[1.084s] Level 1:colcon.colcon_core.package_identification:_identify(config/node_modules/toidentifier) by extensions ['colcon_pkg']
[1.084s] Level 1:colcon.colcon_core.package_identification:_identify(config/node_modules/toidentifier) by extension 'colcon_pkg'
[1.084s] Level 1:colcon.colcon_core.package_identification:_identify(config/node_modules/toidentifier) by extensions ['colcon_meta']
[1.084s] Level 1:colcon.colcon_core.package_identification:_identify(config/node_modules/toidentifier) by extension 'colcon_meta'
[1.084s] Level 1:colcon.colcon_core.package_identification:_identify(config/node_modules/toidentifier) by extensions ['ros']
[1.084s] Level 1:colcon.colcon_core.package_identification:_identify(config/node_modules/toidentifier) by extension 'ros'
[1.084s] Level 1:colcon.colcon_core.package_identification:_identify(config/node_modules/toidentifier) by extensions ['cmake', 'python']
[1.084s] Level 1:colcon.colcon_core.package_identification:_identify(config/node_modules/toidentifier) by extension 'cmake'
[1.084s] Level 1:colcon.colcon_core.package_identification:_identify(config/node_modules/toidentifier) by extension 'python'
[1.084s] Level 1:colcon.colcon_core.package_identification:_identify(config/node_modules/toidentifier) by extensions ['python_setup_py']
[1.084s] Level 1:colcon.colcon_core.package_identification:_identify(config/node_modules/toidentifier) by extension 'python_setup_py'
[1.085s] Level 1:colcon.colcon_core.package_identification:_identify(config/node_modules/undici-types) by extensions ['ignore', 'ignore_ament_install']
[1.085s] Level 1:colcon.colcon_core.package_identification:_identify(config/node_modules/undici-types) by extension 'ignore'
[1.085s] Level 1:colcon.colcon_core.package_identification:_identify(config/node_modules/undici-types) by extension 'ignore_ament_install'
[1.085s] Level 1:colcon.colcon_core.package_identification:_identify(config/node_modules/undici-types) by extensions ['colcon_pkg']
[1.085s] Level 1:colcon.colcon_core.package_identification:_identify(config/node_modules/undici-types) by extension 'colcon_pkg'
[1.085s] Level 1:colcon.colcon_core.package_identification:_identify(config/node_modules/undici-types) by extensions ['colcon_meta']
[1.085s] Level 1:colcon.colcon_core.package_identification:_identify(config/node_modules/undici-types) by extension 'colcon_meta'
[1.085s] Level 1:colcon.colcon_core.package_identification:_identify(config/node_modules/undici-types) by extensions ['ros']
[1.085s] Level 1:colcon.colcon_core.package_identification:_identify(config/node_modules/undici-types) by extension 'ros'
[1.085s] Level 1:colcon.colcon_core.package_identification:_identify(config/node_modules/undici-types) by extensions ['cmake', 'python']
[1.085s] Level 1:colcon.colcon_core.package_identification:_identify(config/node_modules/undici-types) by extension 'cmake'
[1.085s] Level 1:colcon.colcon_core.package_identification:_identify(config/node_modules/undici-types) by extension 'python'
[1.085s] Level 1:colcon.colcon_core.package_identification:_identify(config/node_modules/undici-types) by extensions ['python_setup_py']
[1.086s] Level 1:colcon.colcon_core.package_identification:_identify(config/node_modules/undici-types) by extension 'python_setup_py'
[1.086s] Level 1:colcon.colcon_core.package_identification:_identify(config/node_modules/vary) by extensions ['ignore', 'ignore_ament_install']
[1.086s] Level 1:colcon.colcon_core.package_identification:_identify(config/node_modules/vary) by extension 'ignore'
[1.086s] Level 1:colcon.colcon_core.package_identification:_identify(config/node_modules/vary) by extension 'ignore_ament_install'
[1.086s] Level 1:colcon.colcon_core.package_identification:_identify(config/node_modules/vary) by extensions ['colcon_pkg']
[1.086s] Level 1:colcon.colcon_core.package_identification:_identify(config/node_modules/vary) by extension 'colcon_pkg'
[1.086s] Level 1:colcon.colcon_core.package_identification:_identify(config/node_modules/vary) by extensions ['colcon_meta']
[1.086s] Level 1:colcon.colcon_core.package_identification:_identify(config/node_modules/vary) by extension 'colcon_meta'
[1.086s] Level 1:colcon.colcon_core.package_identification:_identify(config/node_modules/vary) by extensions ['ros']
[1.086s] Level 1:colcon.colcon_core.package_identification:_identify(config/node_modules/vary) by extension 'ros'
[1.086s] Level 1:colcon.colcon_core.package_identification:_identify(config/node_modules/vary) by extensions ['cmake', 'python']
[1.086s] Level 1:colcon.colcon_core.package_identification:_identify(config/node_modules/vary) by extension 'cmake'
[1.086s] Level 1:colcon.colcon_core.package_identification:_identify(config/node_modules/vary) by extension 'python'
[1.086s] Level 1:colcon.colcon_core.package_identification:_identify(config/node_modules/vary) by extensions ['python_setup_py']
[1.086s] Level 1:colcon.colcon_core.package_identification:_identify(config/node_modules/vary) by extension 'python_setup_py'
[1.087s] Level 1:colcon.colcon_core.package_identification:_identify(config/node_modules/ws) by extensions ['ignore', 'ignore_ament_install']
[1.087s] Level 1:colcon.colcon_core.package_identification:_identify(config/node_modules/ws) by extension 'ignore'
[1.087s] Level 1:colcon.colcon_core.package_identification:_identify(config/node_modules/ws) by extension 'ignore_ament_install'
[1.087s] Level 1:colcon.colcon_core.package_identification:_identify(config/node_modules/ws) by extensions ['colcon_pkg']
[1.087s] Level 1:colcon.colcon_core.package_identification:_identify(config/node_modules/ws) by extension 'colcon_pkg'
[1.087s] Level 1:colcon.colcon_core.package_identification:_identify(config/node_modules/ws) by extensions ['colcon_meta']
[1.087s] Level 1:colcon.colcon_core.package_identification:_identify(config/node_modules/ws) by extension 'colcon_meta'
[1.087s] Level 1:colcon.colcon_core.package_identification:_identify(config/node_modules/ws) by extensions ['ros']
[1.087s] Level 1:colcon.colcon_core.package_identification:_identify(config/node_modules/ws) by extension 'ros'
[1.087s] Level 1:colcon.colcon_core.package_identification:_identify(config/node_modules/ws) by extensions ['cmake', 'python']
[1.088s] Level 1:colcon.colcon_core.package_identification:_identify(config/node_modules/ws) by extension 'cmake'
[1.088s] Level 1:colcon.colcon_core.package_identification:_identify(config/node_modules/ws) by extension 'python'
[1.088s] Level 1:colcon.colcon_core.package_identification:_identify(config/node_modules/ws) by extensions ['python_setup_py']
[1.088s] Level 1:colcon.colcon_core.package_identification:_identify(config/node_modules/ws) by extension 'python_setup_py'
[1.088s] Level 1:colcon.colcon_core.package_identification:_identify(config/node_modules/ws/lib) by extensions ['ignore', 'ignore_ament_install']
[1.088s] Level 1:colcon.colcon_core.package_identification:_identify(config/node_modules/ws/lib) by extension 'ignore'
[1.089s] Level 1:colcon.colcon_core.package_identification:_identify(config/node_modules/ws/lib) by extension 'ignore_ament_install'
[1.089s] Level 1:colcon.colcon_core.package_identification:_identify(config/node_modules/ws/lib) by extensions ['colcon_pkg']
[1.089s] Level 1:colcon.colcon_core.package_identification:_identify(config/node_modules/ws/lib) by extension 'colcon_pkg'
[1.089s] Level 1:colcon.colcon_core.package_identification:_identify(config/node_modules/ws/lib) by extensions ['colcon_meta']
[1.089s] Level 1:colcon.colcon_core.package_identification:_identify(config/node_modules/ws/lib) by extension 'colcon_meta'
[1.089s] Level 1:colcon.colcon_core.package_identification:_identify(config/node_modules/ws/lib) by extensions ['ros']
[1.089s] Level 1:colcon.colcon_core.package_identification:_identify(config/node_modules/ws/lib) by extension 'ros'
[1.089s] Level 1:colcon.colcon_core.package_identification:_identify(config/node_modules/ws/lib) by extensions ['cmake', 'python']
[1.089s] Level 1:colcon.colcon_core.package_identification:_identify(config/node_modules/ws/lib) by extension 'cmake'
[1.089s] Level 1:colcon.colcon_core.package_identification:_identify(config/node_modules/ws/lib) by extension 'python'
[1.089s] Level 1:colcon.colcon_core.package_identification:_identify(config/node_modules/ws/lib) by extensions ['python_setup_py']
[1.089s] Level 1:colcon.colcon_core.package_identification:_identify(config/node_modules/ws/lib) by extension 'python_setup_py'
[1.090s] Level 1:colcon.colcon_core.package_identification:_identify(install) by extensions ['ignore', 'ignore_ament_install']
[1.090s] Level 1:colcon.colcon_core.package_identification:_identify(install) by extension 'ignore'
[1.090s] Level 1:colcon.colcon_core.package_identification:_identify(install) ignored
[1.090s] Level 1:colcon.colcon_core.package_identification:_identify(log) by extensions ['ignore', 'ignore_ament_install']
[1.090s] Level 1:colcon.colcon_core.package_identification:_identify(log) by extension 'ignore'
[1.090s] Level 1:colcon.colcon_core.package_identification:_identify(log) ignored
[1.091s] Level 1:colcon.colcon_core.package_identification:_identify(src) by extensions ['ignore', 'ignore_ament_install']
[1.092s] Level 1:colcon.colcon_core.package_identification:_identify(src) by extension 'ignore'
[1.092s] Level 1:colcon.colcon_core.package_identification:_identify(src) by extension 'ignore_ament_install'
[1.092s] Level 1:colcon.colcon_core.package_identification:_identify(src) by extensions ['colcon_pkg']
[1.092s] Level 1:colcon.colcon_core.package_identification:_identify(src) by extension 'colcon_pkg'
[1.092s] Level 1:colcon.colcon_core.package_identification:_identify(src) by extensions ['colcon_meta']
[1.092s] Level 1:colcon.colcon_core.package_identification:_identify(src) by extension 'colcon_meta'
[1.092s] Level 1:colcon.colcon_core.package_identification:_identify(src) by extensions ['ros']
[1.092s] Level 1:colcon.colcon_core.package_identification:_identify(src) by extension 'ros'
[1.092s] Level 1:colcon.colcon_core.package_identification:_identify(src) by extensions ['cmake', 'python']
[1.092s] Level 1:colcon.colcon_core.package_identification:_identify(src) by extension 'cmake'
[1.092s] Level 1:colcon.colcon_core.package_identification:_identify(src) by extension 'python'
[1.092s] Level 1:colcon.colcon_core.package_identification:_identify(src) by extensions ['python_setup_py']
[1.092s] Level 1:colcon.colcon_core.package_identification:_identify(src) by extension 'python_setup_py'
[1.092s] Level 1:colcon.colcon_core.package_identification:_identify(src/bridge_manette) by extensions ['ignore', 'ignore_ament_install']
[1.092s] Level 1:colcon.colcon_core.package_identification:_identify(src/bridge_manette) by extension 'ignore'
[1.092s] Level 1:colcon.colcon_core.package_identification:_identify(src/bridge_manette) by extension 'ignore_ament_install'
[1.092s] Level 1:colcon.colcon_core.package_identification:_identify(src/bridge_manette) by extensions ['colcon_pkg']
[1.092s] Level 1:colcon.colcon_core.package_identification:_identify(src/bridge_manette) by extension 'colcon_pkg'
[1.092s] Level 1:colcon.colcon_core.package_identification:_identify(src/bridge_manette) by extensions ['colcon_meta']
[1.092s] Level 1:colcon.colcon_core.package_identification:_identify(src/bridge_manette) by extension 'colcon_meta'
[1.092s] Level 1:colcon.colcon_core.package_identification:_identify(src/bridge_manette) by extensions ['ros']
[1.092s] Level 1:colcon.colcon_core.package_identification:_identify(src/bridge_manette) by extension 'ros'
[1.100s] DEBUG:colcon.colcon_core.package_identification:Package 'src/bridge_manette' with type 'ros.ament_python' and name 'bridge_manette'
[1.100s] Level 1:colcon.colcon_core.package_discovery:discover_packages(recursive) using defaults
[1.100s] Level 1:colcon.colcon_core.package_discovery:discover_packages(ignore) discover
[1.100s] Level 1:colcon.colcon_core.package_discovery:discover_packages(ignore) using defaults
[1.100s] Level 1:colcon.colcon_core.package_discovery:discover_packages(path) discover
[1.100s] Level 1:colcon.colcon_core.package_discovery:discover_packages(path) using defaults
[1.159s] Level 1:colcon.colcon_core.package_discovery:discover_packages(prefix_path) check parameters
[1.159s] Level 1:colcon.colcon_core.package_discovery:discover_packages(prefix_path) discover
[1.166s] DEBUG:colcon.colcon_installed_package_information.package_discovery:Found 286 installed packages in /opt/ros/humble
[1.167s] Level 1:colcon.colcon_core.package_discovery:discover_packages(prefix_path) using defaults
[1.225s] Level 5:colcon.colcon_core.verb:set package 'bridge_manette' build argument 'cmake_args' from command line to 'None'
[1.225s] Level 5:colcon.colcon_core.verb:set package 'bridge_manette' build argument 'cmake_target' from command line to 'None'
[1.225s] Level 5:colcon.colcon_core.verb:set package 'bridge_manette' build argument 'cmake_target_skip_unavailable' from command line to 'False'
[1.225s] Level 5:colcon.colcon_core.verb:set package 'bridge_manette' build argument 'cmake_clean_cache' from command line to 'False'
[1.225s] Level 5:colcon.colcon_core.verb:set package 'bridge_manette' build argument 'cmake_clean_first' from command line to 'False'
[1.225s] Level 5:colcon.colcon_core.verb:set package 'bridge_manette' build argument 'cmake_force_configure' from command line to 'False'
[1.225s] Level 5:colcon.colcon_core.verb:set package 'bridge_manette' build argument 'ament_cmake_args' from command line to 'None'
[1.225s] Level 5:colcon.colcon_core.verb:set package 'bridge_manette' build argument 'catkin_cmake_args' from command line to 'None'
[1.225s] Level 5:colcon.colcon_core.verb:set package 'bridge_manette' build argument 'catkin_skip_building_tests' from command line to 'False'
[1.225s] DEBUG:colcon.colcon_core.verb:Building package 'bridge_manette' with the following arguments: {'ament_cmake_args': None, 'build_base': '/home/util/Documents/Projet/ros2_remote/ros_ws/build/bridge_manette', 'catkin_cmake_args': None, 'catkin_skip_building_tests': False, 'cmake_args': None, 'cmake_clean_cache': False, 'cmake_clean_first': False, 'cmake_force_configure': False, 'cmake_target': None, 'cmake_target_skip_unavailable': False, 'install_base': '/home/util/Documents/Projet/ros2_remote/ros_ws/install/bridge_manette', 'merge_install': False, 'path': '/home/util/Documents/Projet/ros2_remote/ros_ws/src/bridge_manette', 'symlink_install': False, 'test_result_base': None}
[1.226s] INFO:colcon.colcon_core.executor:Executing jobs using 'parallel' executor
[1.229s] DEBUG:colcon.colcon_parallel_executor.executor.parallel:run_until_complete
[1.229s] INFO:colcon.colcon_ros.task.ament_python.build:Building ROS package in '/home/util/Documents/Projet/ros2_remote/ros_ws/src/bridge_manette' with build type 'ament_python'
[1.230s] Level 1:colcon.colcon_core.shell:create_environment_hook('bridge_manette', 'ament_prefix_path')
[1.245s] INFO:colcon.colcon_core.plugin_system:Skipping extension 'colcon_core.shell.bat': Not used on non-Windows systems
[1.245s] INFO:colcon.colcon_core.shell:Creating environment hook '/home/util/Documents/Projet/ros2_remote/ros_ws/install/bridge_manette/share/bridge_manette/hook/ament_prefix_path.ps1'
[1.248s] INFO:colcon.colcon_core.shell:Creating environment descriptor '/home/util/Documents/Projet/ros2_remote/ros_ws/install/bridge_manette/share/bridge_manette/hook/ament_prefix_path.dsv'
[1.253s] INFO:colcon.colcon_core.shell:Creating environment hook '/home/util/Documents/Projet/ros2_remote/ros_ws/install/bridge_manette/share/bridge_manette/hook/ament_prefix_path.sh'
[1.257s] INFO:colcon.colcon_core.shell:Skip shell extension 'powershell' for command environment: Not usable outside of PowerShell
[1.257s] DEBUG:colcon.colcon_core.shell:Skip shell extension 'dsv' for command environment
[1.589s] INFO:colcon.colcon_core.task.python.build:Building Python package in '/home/util/Documents/Projet/ros2_remote/ros_ws/src/bridge_manette'
[1.590s] INFO:colcon.colcon_core.shell:Skip shell extension 'powershell' for command environment: Not usable outside of PowerShell
[1.590s] DEBUG:colcon.colcon_core.shell:Skip shell extension 'dsv' for command environment
[2.011s] DEBUG:colcon.colcon_core.event_handler.log_command:Invoking command in '/home/util/Documents/Projet/ros2_remote/ros_ws/src/bridge_manette': PYTHONPATH=/home/util/Documents/Projet/ros2_remote/ros_ws/build/bridge_manette/prefix_override:/usr/lib/python3/dist-packages/colcon_core/task/python/colcon_distutils_commands:/home/util/Documents/Projet/ros2_remote/ros_ws/install/bridge_manette/lib/python3.10/site-packages:${PYTHONPATH} /usr/bin/python3 -W ignore:setup.py install is deprecated -W ignore:easy_install command is deprecated setup.py egg_info --egg-base ../../build/bridge_manette build --build-base /home/util/Documents/Projet/ros2_remote/ros_ws/build/bridge_manette/build install --record /home/util/Documents/Projet/ros2_remote/ros_ws/build/bridge_manette/install.log --single-version-externally-managed install_data
[2.264s] DEBUG:colcon.colcon_core.event_handler.log_command:Invoked command in '/home/util/Documents/Projet/ros2_remote/ros_ws/src/bridge_manette' returned '0': PYTHONPATH=/home/util/Documents/Projet/ros2_remote/ros_ws/build/bridge_manette/prefix_override:/usr/lib/python3/dist-packages/colcon_core/task/python/colcon_distutils_commands:/home/util/Documents/Projet/ros2_remote/ros_ws/install/bridge_manette/lib/python3.10/site-packages:${PYTHONPATH} /usr/bin/python3 -W ignore:setup.py install is deprecated -W ignore:easy_install command is deprecated setup.py egg_info --egg-base ../../build/bridge_manette build --build-base /home/util/Documents/Projet/ros2_remote/ros_ws/build/bridge_manette/build install --record /home/util/Documents/Projet/ros2_remote/ros_ws/build/bridge_manette/install.log --single-version-externally-managed install_data
[2.276s] Level 1:colcon.colcon_core.environment:checking '/home/util/Documents/Projet/ros2_remote/ros_ws/install/bridge_manette' for CMake module files
[2.279s] Level 1:colcon.colcon_core.environment:checking '/home/util/Documents/Projet/ros2_remote/ros_ws/install/bridge_manette' for CMake config files
[2.284s] Level 1:colcon.colcon_core.environment:checking '/home/util/Documents/Projet/ros2_remote/ros_ws/install/bridge_manette/lib'
[2.284s] Level 1:colcon.colcon_core.environment:checking '/home/util/Documents/Projet/ros2_remote/ros_ws/install/bridge_manette/bin'
[2.284s] Level 1:colcon.colcon_core.environment:checking '/home/util/Documents/Projet/ros2_remote/ros_ws/install/bridge_manette/lib/pkgconfig/bridge_manette.pc'
[2.284s] Level 1:colcon.colcon_core.environment:checking '/home/util/Documents/Projet/ros2_remote/ros_ws/install/bridge_manette/lib/python3.10/site-packages'
[2.284s] Level 1:colcon.colcon_core.shell:create_environment_hook('bridge_manette', 'pythonpath')
[2.284s] INFO:colcon.colcon_core.shell:Creating environment hook '/home/util/Documents/Projet/ros2_remote/ros_ws/install/bridge_manette/share/bridge_manette/hook/pythonpath.ps1'
[2.285s] INFO:colcon.colcon_core.shell:Creating environment descriptor '/home/util/Documents/Projet/ros2_remote/ros_ws/install/bridge_manette/share/bridge_manette/hook/pythonpath.dsv'
[2.285s] INFO:colcon.colcon_core.shell:Creating environment hook '/home/util/Documents/Projet/ros2_remote/ros_ws/install/bridge_manette/share/bridge_manette/hook/pythonpath.sh'
[2.287s] Level 1:colcon.colcon_core.environment:checking '/home/util/Documents/Projet/ros2_remote/ros_ws/install/bridge_manette/bin'
[2.287s] Level 1:colcon.colcon_core.environment:create_environment_scripts_only(bridge_manette)
[2.287s] INFO:colcon.colcon_core.shell:Creating package script '/home/util/Documents/Projet/ros2_remote/ros_ws/install/bridge_manette/share/bridge_manette/package.ps1'
[2.289s] INFO:colcon.colcon_core.shell:Creating package descriptor '/home/util/Documents/Projet/ros2_remote/ros_ws/install/bridge_manette/share/bridge_manette/package.dsv'
[2.290s] INFO:colcon.colcon_core.shell:Creating package script '/home/util/Documents/Projet/ros2_remote/ros_ws/install/bridge_manette/share/bridge_manette/package.sh'
[2.293s] INFO:colcon.colcon_core.shell:Creating package script '/home/util/Documents/Projet/ros2_remote/ros_ws/install/bridge_manette/share/bridge_manette/package.bash'
[2.301s] INFO:colcon.colcon_core.shell:Creating package script '/home/util/Documents/Projet/ros2_remote/ros_ws/install/bridge_manette/share/bridge_manette/package.zsh'
[2.303s] Level 1:colcon.colcon_core.environment:create_file_with_runtime_dependencies(/home/util/Documents/Projet/ros2_remote/ros_ws/install/bridge_manette/share/colcon-core/packages/bridge_manette)
[2.303s] DEBUG:colcon.colcon_parallel_executor.executor.parallel:closing loop
[2.304s] DEBUG:colcon.colcon_parallel_executor.executor.parallel:loop closed
[2.304s] DEBUG:colcon.colcon_parallel_executor.executor.parallel:run_until_complete finished with '0'
[2.304s] DEBUG:colcon.colcon_core.event_reactor:joining thread
[2.335s] INFO:colcon.colcon_core.plugin_system:Skipping extension 'colcon_notification.desktop_notification.terminal_notifier': Not used on non-Darwin systems
[2.335s] INFO:colcon.colcon_core.plugin_system:Skipping extension 'colcon_notification.desktop_notification.win32': Not used on non-Windows systems
[2.335s] INFO:colcon.colcon_notification.desktop_notification:Sending desktop notification using 'notify2'
[2.497s] DEBUG:colcon.colcon_core.event_reactor:joined thread
[2.498s] INFO:colcon.colcon_core.shell:Creating prefix script '/home/util/Documents/Projet/ros2_remote/ros_ws/install/local_setup.ps1'
[2.500s] INFO:colcon.colcon_core.shell:Creating prefix util module '/home/util/Documents/Projet/ros2_remote/ros_ws/install/_local_setup_util_ps1.py'
[2.503s] INFO:colcon.colcon_core.shell:Creating prefix chain script '/home/util/Documents/Projet/ros2_remote/ros_ws/install/setup.ps1'
[2.505s] INFO:colcon.colcon_core.shell:Creating prefix script '/home/util/Documents/Projet/ros2_remote/ros_ws/install/local_setup.sh'
[2.507s] INFO:colcon.colcon_core.shell:Creating prefix util module '/home/util/Documents/Projet/ros2_remote/ros_ws/install/_local_setup_util_sh.py'
[2.508s] INFO:colcon.colcon_core.shell:Creating prefix chain script '/home/util/Documents/Projet/ros2_remote/ros_ws/install/setup.sh'
[2.510s] INFO:colcon.colcon_core.shell:Creating prefix script '/home/util/Documents/Projet/ros2_remote/ros_ws/install/local_setup.bash'
[2.511s] INFO:colcon.colcon_core.shell:Creating prefix chain script '/home/util/Documents/Projet/ros2_remote/ros_ws/install/setup.bash'
[2.512s] INFO:colcon.colcon_core.shell:Creating prefix script '/home/util/Documents/Projet/ros2_remote/ros_ws/install/local_setup.zsh'
[2.514s] INFO:colcon.colcon_core.shell:Creating prefix chain script '/home/util/Documents/Projet/ros2_remote/ros_ws/install/setup.zsh'
