[0.246s] DEBUG:colcon:Command line arguments: ['/usr/bin/colcon', 'build']
[0.247s] DEBUG:colcon:Parsed command line arguments: Namespace(log_base=None, log_level=None, verb_name='build', build_base='build', install_base='install', merge_install=False, symlink_install=False, test_result_base=None, continue_on_error=False, executor='parallel', parallel_workers=4, event_handlers=None, ignore_user_meta=False, metas=['./colcon.meta'], base_paths=['.'], packages_ignore=None, packages_ignore_regex=None, paths=None, packages_up_to=None, packages_up_to_regex=None, packages_above=None, packages_above_and_dependencies=None, packages_above_depth=None, packages_select_by_dep=None, packages_skip_by_dep=None, packages_skip_up_to=None, packages_select_build_failed=False, packages_skip_build_finished=False, packages_select_test_failures=False, packages_skip_test_passed=False, packages_select=None, packages_skip=None, packages_select_regex=None, packages_skip_regex=None, packages_start=None, packages_end=None, allow_overriding=[], cmake_args=None, cmake_target=None, cmake_target_skip_unavailable=False, cmake_clean_cache=False, cmake_clean_first=False, cmake_force_configure=False, ament_cmake_args=None, catkin_cmake_args=None, catkin_skip_building_tests=False, mixin_files=None, mixin=None, verb_parser=<colcon_mixin.mixin.mixin_argument.MixinArgumentDecorator object at 0x775849665630>, verb_extension=<colcon_core.verb.build.BuildVerb object at 0x775849665120>, main=<bound method BuildVerb.main of <colcon_core.verb.build.BuildVerb object at 0x775849665120>>, mixin_verb=('build',))
[0.704s] Level 1:colcon.colcon_core.package_discovery:discover_packages(colcon_meta) check parameters
[0.704s] Level 1:colcon.colcon_core.package_discovery:discover_packages(recursive) check parameters
[0.704s] Level 1:colcon.colcon_core.package_discovery:discover_packages(ignore) check parameters
[0.704s] Level 1:colcon.colcon_core.package_discovery:discover_packages(path) check parameters
[0.704s] Level 1:colcon.colcon_core.package_discovery:discover_packages(colcon_meta) discover
[0.704s] Level 1:colcon.colcon_core.package_discovery:discover_packages(recursive) discover
[0.704s] INFO:colcon.colcon_core.package_discovery:Crawling recursively for packages in '/home/util/Documents/Projet/ros2_remote/ros_ws'
[0.704s] Level 1:colcon.colcon_core.package_identification:_identify(.) by extensions ['ignore', 'ignore_ament_install']
[0.704s] Level 1:colcon.colcon_core.package_identification:_identify(.) by extension 'ignore'
[0.705s] Level 1:colcon.colcon_core.package_identification:_identify(.) by extension 'ignore_ament_install'
[0.705s] Level 1:colcon.colcon_core.package_identification:_identify(.) by extensions ['colcon_pkg']
[0.705s] Level 1:colcon.colcon_core.package_identification:_identify(.) by extension 'colcon_pkg'
[0.705s] Level 1:colcon.colcon_core.package_identification:_identify(.) by extensions ['colcon_meta']
[0.705s] Level 1:colcon.colcon_core.package_identification:_identify(.) by extension 'colcon_meta'
[0.705s] Level 1:colcon.colcon_core.package_identification:_identify(.) by extensions ['ros']
[0.705s] Level 1:colcon.colcon_core.package_identification:_identify(.) by extension 'ros'
[0.735s] Level 1:colcon.colcon_core.package_identification:_identify(.) by extensions ['cmake', 'python']
[0.735s] Level 1:colcon.colcon_core.package_identification:_identify(.) by extension 'cmake'
[0.735s] Level 1:colcon.colcon_core.package_identification:_identify(.) by extension 'python'
[0.735s] Level 1:colcon.colcon_core.package_identification:_identify(.) by extensions ['python_setup_py']
[0.735s] Level 1:colcon.colcon_core.package_identification:_identify(.) by extension 'python_setup_py'
[0.735s] Level 1:colcon.colcon_core.package_identification:_identify(build) by extensions ['ignore', 'ignore_ament_install']
[0.736s] Level 1:colcon.colcon_core.package_identification:_identify(build) by extension 'ignore'
[0.736s] Level 1:colcon.colcon_core.package_identification:_identify(build) ignored
[0.736s] Level 1:colcon.colcon_core.package_identification:_identify(config) by extensions ['ignore', 'ignore_ament_install']
[0.736s] Level 1:colcon.colcon_core.package_identification:_identify(config) by extension 'ignore'
[0.736s] Level 1:colcon.colcon_core.package_identification:_identify(config) by extension 'ignore_ament_install'
[0.736s] Level 1:colcon.colcon_core.package_identification:_identify(config) by extensions ['colcon_pkg']
[0.736s] Level 1:colcon.colcon_core.package_identification:_identify(config) by extension 'colcon_pkg'
[0.736s] Level 1:colcon.colcon_core.package_identification:_identify(config) by extensions ['colcon_meta']
[0.736s] Level 1:colcon.colcon_core.package_identification:_identify(config) by extension 'colcon_meta'
[0.736s] Level 1:colcon.colcon_core.package_identification:_identify(config) by extensions ['ros']
[0.736s] Level 1:colcon.colcon_core.package_identification:_identify(config) by extension 'ros'
[0.736s] Level 1:colcon.colcon_core.package_identification:_identify(config) by extensions ['cmake', 'python']
[0.736s] Level 1:colcon.colcon_core.package_identification:_identify(config) by extension 'cmake'
[0.736s] Level 1:colcon.colcon_core.package_identification:_identify(config) by extension 'python'
[0.736s] Level 1:colcon.colcon_core.package_identification:_identify(config) by extensions ['python_setup_py']
[0.736s] Level 1:colcon.colcon_core.package_identification:_identify(config) by extension 'python_setup_py'
[0.737s] Level 1:colcon.colcon_core.package_identification:_identify(config/node_modules) by extensions ['ignore', 'ignore_ament_install']
[0.737s] Level 1:colcon.colcon_core.package_identification:_identify(config/node_modules) by extension 'ignore'
[0.737s] Level 1:colcon.colcon_core.package_identification:_identify(config/node_modules) by extension 'ignore_ament_install'
[0.737s] Level 1:colcon.colcon_core.package_identification:_identify(config/node_modules) by extensions ['colcon_pkg']
[0.737s] Level 1:colcon.colcon_core.package_identification:_identify(config/node_modules) by extension 'colcon_pkg'
[0.737s] Level 1:colcon.colcon_core.package_identification:_identify(config/node_modules) by extensions ['colcon_meta']
[0.737s] Level 1:colcon.colcon_core.package_identification:_identify(config/node_modules) by extension 'colcon_meta'
[0.737s] Level 1:colcon.colcon_core.package_identification:_identify(config/node_modules) by extensions ['ros']
[0.737s] Level 1:colcon.colcon_core.package_identification:_identify(config/node_modules) by extension 'ros'
[0.737s] Level 1:colcon.colcon_core.package_identification:_identify(config/node_modules) by extensions ['cmake', 'python']
[0.737s] Level 1:colcon.colcon_core.package_identification:_identify(config/node_modules) by extension 'cmake'
[0.737s] Level 1:colcon.colcon_core.package_identification:_identify(config/node_modules) by extension 'python'
[0.738s] Level 1:colcon.colcon_core.package_identification:_identify(config/node_modules) by extensions ['python_setup_py']
[0.738s] Level 1:colcon.colcon_core.package_identification:_identify(config/node_modules) by extension 'python_setup_py'
[0.738s] Level 1:colcon.colcon_core.package_identification:_identify(config/node_modules/@socket.io) by extensions ['ignore', 'ignore_ament_install']
[0.738s] Level 1:colcon.colcon_core.package_identification:_identify(config/node_modules/@socket.io) by extension 'ignore'
[0.739s] Level 1:colcon.colcon_core.package_identification:_identify(config/node_modules/@socket.io) by extension 'ignore_ament_install'
[0.739s] Level 1:colcon.colcon_core.package_identification:_identify(config/node_modules/@socket.io) by extensions ['colcon_pkg']
[0.739s] Level 1:colcon.colcon_core.package_identification:_identify(config/node_modules/@socket.io) by extension 'colcon_pkg'
[0.739s] Level 1:colcon.colcon_core.package_identification:_identify(config/node_modules/@socket.io) by extensions ['colcon_meta']
[0.739s] Level 1:colcon.colcon_core.package_identification:_identify(config/node_modules/@socket.io) by extension 'colcon_meta'
[0.739s] Level 1:colcon.colcon_core.package_identification:_identify(config/node_modules/@socket.io) by extensions ['ros']
[0.739s] Level 1:colcon.colcon_core.package_identification:_identify(config/node_modules/@socket.io) by extension 'ros'
[0.739s] Level 1:colcon.colcon_core.package_identification:_identify(config/node_modules/@socket.io) by extensions ['cmake', 'python']
[0.739s] Level 1:colcon.colcon_core.package_identification:_identify(config/node_modules/@socket.io) by extension 'cmake'
[0.739s] Level 1:colcon.colcon_core.package_identification:_identify(config/node_modules/@socket.io) by extension 'python'
[0.739s] Level 1:colcon.colcon_core.package_identification:_identify(config/node_modules/@socket.io) by extensions ['python_setup_py']
[0.739s] Level 1:colcon.colcon_core.package_identification:_identify(config/node_modules/@socket.io) by extension 'python_setup_py'
[0.739s] Level 1:colcon.colcon_core.package_identification:_identify(config/node_modules/@socket.io/component-emitter) by extensions ['ignore', 'ignore_ament_install']
[0.739s] Level 1:colcon.colcon_core.package_identification:_identify(config/node_modules/@socket.io/component-emitter) by extension 'ignore'
[0.739s] Level 1:colcon.colcon_core.package_identification:_identify(config/node_modules/@socket.io/component-emitter) by extension 'ignore_ament_install'
[0.739s] Level 1:colcon.colcon_core.package_identification:_identify(config/node_modules/@socket.io/component-emitter) by extensions ['colcon_pkg']
[0.739s] Level 1:colcon.colcon_core.package_identification:_identify(config/node_modules/@socket.io/component-emitter) by extension 'colcon_pkg'
[0.740s] Level 1:colcon.colcon_core.package_identification:_identify(config/node_modules/@socket.io/component-emitter) by extensions ['colcon_meta']
[0.740s] Level 1:colcon.colcon_core.package_identification:_identify(config/node_modules/@socket.io/component-emitter) by extension 'colcon_meta'
[0.740s] Level 1:colcon.colcon_core.package_identification:_identify(config/node_modules/@socket.io/component-emitter) by extensions ['ros']
[0.740s] Level 1:colcon.colcon_core.package_identification:_identify(config/node_modules/@socket.io/component-emitter) by extension 'ros'
[0.740s] Level 1:colcon.colcon_core.package_identification:_identify(config/node_modules/@socket.io/component-emitter) by extensions ['cmake', 'python']
[0.740s] Level 1:colcon.colcon_core.package_identification:_identify(config/node_modules/@socket.io/component-emitter) by extension 'cmake'
[0.740s] Level 1:colcon.colcon_core.package_identification:_identify(config/node_modules/@socket.io/component-emitter) by extension 'python'
[0.740s] Level 1:colcon.colcon_core.package_identification:_identify(config/node_modules/@socket.io/component-emitter) by extensions ['python_setup_py']
[0.740s] Level 1:colcon.colcon_core.package_identification:_identify(config/node_modules/@socket.io/component-emitter) by extension 'python_setup_py'
[0.741s] Level 1:colcon.colcon_core.package_identification:_identify(config/node_modules/@socket.io/component-emitter/lib) by extensions ['ignore', 'ignore_ament_install']
[0.741s] Level 1:colcon.colcon_core.package_identification:_identify(config/node_modules/@socket.io/component-emitter/lib) by extension 'ignore'
[0.741s] Level 1:colcon.colcon_core.package_identification:_identify(config/node_modules/@socket.io/component-emitter/lib) by extension 'ignore_ament_install'
[0.741s] Level 1:colcon.colcon_core.package_identification:_identify(config/node_modules/@socket.io/component-emitter/lib) by extensions ['colcon_pkg']
[0.741s] Level 1:colcon.colcon_core.package_identification:_identify(config/node_modules/@socket.io/component-emitter/lib) by extension 'colcon_pkg'
[0.741s] Level 1:colcon.colcon_core.package_identification:_identify(config/node_modules/@socket.io/component-emitter/lib) by extensions ['colcon_meta']
[0.741s] Level 1:colcon.colcon_core.package_identification:_identify(config/node_modules/@socket.io/component-emitter/lib) by extension 'colcon_meta'
[0.741s] Level 1:colcon.colcon_core.package_identification:_identify(config/node_modules/@socket.io/component-emitter/lib) by extensions ['ros']
[0.741s] Level 1:colcon.colcon_core.package_identification:_identify(config/node_modules/@socket.io/component-emitter/lib) by extension 'ros'
[0.742s] Level 1:colcon.colcon_core.package_identification:_identify(config/node_modules/@socket.io/component-emitter/lib) by extensions ['cmake', 'python']
[0.742s] Level 1:colcon.colcon_core.package_identification:_identify(config/node_modules/@socket.io/component-emitter/lib) by extension 'cmake'
[0.742s] Level 1:colcon.colcon_core.package_identification:_identify(config/node_modules/@socket.io/component-emitter/lib) by extension 'python'
[0.742s] Level 1:colcon.colcon_core.package_identification:_identify(config/node_modules/@socket.io/component-emitter/lib) by extensions ['python_setup_py']
[0.742s] Level 1:colcon.colcon_core.package_identification:_identify(config/node_modules/@socket.io/component-emitter/lib) by extension 'python_setup_py'
[0.742s] Level 1:colcon.colcon_core.package_identification:_identify(config/node_modules/@socket.io/component-emitter/lib/cjs) by extensions ['ignore', 'ignore_ament_install']
[0.742s] Level 1:colcon.colcon_core.package_identification:_identify(config/node_modules/@socket.io/component-emitter/lib/cjs) by extension 'ignore'
[0.742s] Level 1:colcon.colcon_core.package_identification:_identify(config/node_modules/@socket.io/component-emitter/lib/cjs) by extension 'ignore_ament_install'
[0.742s] Level 1:colcon.colcon_core.package_identification:_identify(config/node_modules/@socket.io/component-emitter/lib/cjs) by extensions ['colcon_pkg']
[0.742s] Level 1:colcon.colcon_core.package_identification:_identify(config/node_modules/@socket.io/component-emitter/lib/cjs) by extension 'colcon_pkg'
[0.742s] Level 1:colcon.colcon_core.package_identification:_identify(config/node_modules/@socket.io/component-emitter/lib/cjs) by extensions ['colcon_meta']
[0.742s] Level 1:colcon.colcon_core.package_identification:_identify(config/node_modules/@socket.io/component-emitter/lib/cjs) by extension 'colcon_meta'
[0.743s] Level 1:colcon.colcon_core.package_identification:_identify(config/node_modules/@socket.io/component-emitter/lib/cjs) by extensions ['ros']
[0.743s] Level 1:colcon.colcon_core.package_identification:_identify(config/node_modules/@socket.io/component-emitter/lib/cjs) by extension 'ros'
[0.743s] Level 1:colcon.colcon_core.package_identification:_identify(config/node_modules/@socket.io/component-emitter/lib/cjs) by extensions ['cmake', 'python']
[0.743s] Level 1:colcon.colcon_core.package_identification:_identify(config/node_modules/@socket.io/component-emitter/lib/cjs) by extension 'cmake'
[0.743s] Level 1:colcon.colcon_core.package_identification:_identify(config/node_modules/@socket.io/component-emitter/lib/cjs) by extension 'python'
[0.743s] Level 1:colcon.colcon_core.package_identification:_identify(config/node_modules/@socket.io/component-emitter/lib/cjs) by extensions ['python_setup_py']
[0.743s] Level 1:colcon.colcon_core.package_identification:_identify(config/node_modules/@socket.io/component-emitter/lib/cjs) by extension 'python_setup_py'
[0.743s] Level 1:colcon.colcon_core.package_identification:_identify(config/node_modules/@socket.io/component-emitter/lib/esm) by extensions ['ignore', 'ignore_ament_install']
[0.743s] Level 1:colcon.colcon_core.package_identification:_identify(config/node_modules/@socket.io/component-emitter/lib/esm) by extension 'ignore'
[0.743s] Level 1:colcon.colcon_core.package_identification:_identify(config/node_modules/@socket.io/component-emitter/lib/esm) by extension 'ignore_ament_install'
[0.743s] Level 1:colcon.colcon_core.package_identification:_identify(config/node_modules/@socket.io/component-emitter/lib/esm) by extensions ['colcon_pkg']
[0.743s] Level 1:colcon.colcon_core.package_identification:_identify(config/node_modules/@socket.io/component-emitter/lib/esm) by extension 'colcon_pkg'
[0.743s] Level 1:colcon.colcon_core.package_identification:_identify(config/node_modules/@socket.io/component-emitter/lib/esm) by extensions ['colcon_meta']
[0.744s] Level 1:colcon.colcon_core.package_identification:_identify(config/node_modules/@socket.io/component-emitter/lib/esm) by extension 'colcon_meta'
[0.744s] Level 1:colcon.colcon_core.package_identification:_identify(config/node_modules/@socket.io/component-emitter/lib/esm) by extensions ['ros']
[0.744s] Level 1:colcon.colcon_core.package_identification:_identify(config/node_modules/@socket.io/component-emitter/lib/esm) by extension 'ros'
[0.744s] Level 1:colcon.colcon_core.package_identification:_identify(config/node_modules/@socket.io/component-emitter/lib/esm) by extensions ['cmake', 'python']
[0.744s] Level 1:colcon.colcon_core.package_identification:_identify(config/node_modules/@socket.io/component-emitter/lib/esm) by extension 'cmake'
[0.744s] Level 1:colcon.colcon_core.package_identification:_identify(config/node_modules/@socket.io/component-emitter/lib/esm) by extension 'python'
[0.744s] Level 1:colcon.colcon_core.package_identification:_identify(config/node_modules/@socket.io/component-emitter/lib/esm) by extensions ['python_setup_py']
[0.744s] Level 1:colcon.colcon_core.package_identification:_identify(config/node_modules/@socket.io/component-emitter/lib/esm) by extension 'python_setup_py'
[0.744s] Level 1:colcon.colcon_core.package_identification:_identify(config/node_modules/@types) by extensions ['ignore', 'ignore_ament_install']
[0.744s] Level 1:colcon.colcon_core.package_identification:_identify(config/node_modules/@types) by extension 'ignore'
[0.744s] Level 1:colcon.colcon_core.package_identification:_identify(config/node_modules/@types) by extension 'ignore_ament_install'
[0.744s] Level 1:colcon.colcon_core.package_identification:_identify(config/node_modules/@types) by extensions ['colcon_pkg']
[0.744s] Level 1:colcon.colcon_core.package_identification:_identify(config/node_modules/@types) by extension 'colcon_pkg'
[0.744s] Level 1:colcon.colcon_core.package_identification:_identify(config/node_modules/@types) by extensions ['colcon_meta']
[0.744s] Level 1:colcon.colcon_core.package_identification:_identify(config/node_modules/@types) by extension 'colcon_meta'
[0.744s] Level 1:colcon.colcon_core.package_identification:_identify(config/node_modules/@types) by extensions ['ros']
[0.744s] Level 1:colcon.colcon_core.package_identification:_identify(config/node_modules/@types) by extension 'ros'
[0.745s] Level 1:colcon.colcon_core.package_identification:_identify(config/node_modules/@types) by extensions ['cmake', 'python']
[0.745s] Level 1:colcon.colcon_core.package_identification:_identify(config/node_modules/@types) by extension 'cmake'
[0.745s] Level 1:colcon.colcon_core.package_identification:_identify(config/node_modules/@types) by extension 'python'
[0.745s] Level 1:colcon.colcon_core.package_identification:_identify(config/node_modules/@types) by extensions ['python_setup_py']
[0.745s] Level 1:colcon.colcon_core.package_identification:_identify(config/node_modules/@types) by extension 'python_setup_py'
[0.745s] Level 1:colcon.colcon_core.package_identification:_identify(config/node_modules/@types/cors) by extensions ['ignore', 'ignore_ament_install']
[0.745s] Level 1:colcon.colcon_core.package_identification:_identify(config/node_modules/@types/cors) by extension 'ignore'
[0.745s] Level 1:colcon.colcon_core.package_identification:_identify(config/node_modules/@types/cors) by extension 'ignore_ament_install'
[0.745s] Level 1:colcon.colcon_core.package_identification:_identify(config/node_modules/@types/cors) by extensions ['colcon_pkg']
[0.745s] Level 1:colcon.colcon_core.package_identification:_identify(config/node_modules/@types/cors) by extension 'colcon_pkg'
[0.745s] Level 1:colcon.colcon_core.package_identification:_identify(config/node_modules/@types/cors) by extensions ['colcon_meta']
[0.745s] Level 1:colcon.colcon_core.package_identification:_identify(config/node_modules/@types/cors) by extension 'colcon_meta'
[0.745s] Level 1:colcon.colcon_core.package_identification:_identify(config/node_modules/@types/cors) by extensions ['ros']
[0.745s] Level 1:colcon.colcon_core.package_identification:_identify(config/node_modules/@types/cors) by extension 'ros'
[0.745s] Level 1:colcon.colcon_core.package_identification:_identify(config/node_modules/@types/cors) by extensions ['cmake', 'python']
[0.745s] Level 1:colcon.colcon_core.package_identification:_identify(config/node_modules/@types/cors) by extension 'cmake'
[0.745s] Level 1:colcon.colcon_core.package_identification:_identify(config/node_modules/@types/cors) by extension 'python'
[0.745s] Level 1:colcon.colcon_core.package_identification:_identify(config/node_modules/@types/cors) by extensions ['python_setup_py']
[0.746s] Level 1:colcon.colcon_core.package_identification:_identify(config/node_modules/@types/cors) by extension 'python_setup_py'
[0.746s] Level 1:colcon.colcon_core.package_identification:_identify(config/node_modules/@types/node) by extensions ['ignore', 'ignore_ament_install']
[0.746s] Level 1:colcon.colcon_core.package_identification:_identify(config/node_modules/@types/node) by extension 'ignore'
[0.746s] Level 1:colcon.colcon_core.package_identification:_identify(config/node_modules/@types/node) by extension 'ignore_ament_install'
[0.746s] Level 1:colcon.colcon_core.package_identification:_identify(config/node_modules/@types/node) by extensions ['colcon_pkg']
[0.746s] Level 1:colcon.colcon_core.package_identification:_identify(config/node_modules/@types/node) by extension 'colcon_pkg'
[0.746s] Level 1:colcon.colcon_core.package_identification:_identify(config/node_modules/@types/node) by extensions ['colcon_meta']
[0.746s] Level 1:colcon.colcon_core.package_identification:_identify(config/node_modules/@types/node) by extension 'colcon_meta'
[0.746s] Level 1:colcon.colcon_core.package_identification:_identify(config/node_modules/@types/node) by extensions ['ros']
[0.746s] Level 1:colcon.colcon_core.package_identification:_identify(config/node_modules/@types/node) by extension 'ros'
[0.747s] Level 1:colcon.colcon_core.package_identification:_identify(config/node_modules/@types/node) by extensions ['cmake', 'python']
[0.747s] Level 1:colcon.colcon_core.package_identification:_identify(config/node_modules/@types/node) by extension 'cmake'
[0.747s] Level 1:colcon.colcon_core.package_identification:_identify(config/node_modules/@types/node) by extension 'python'
[0.747s] Level 1:colcon.colcon_core.package_identification:_identify(config/node_modules/@types/node) by extensions ['python_setup_py']
[0.747s] Level 1:colcon.colcon_core.package_identification:_identify(config/node_modules/@types/node) by extension 'python_setup_py'
[0.748s] Level 1:colcon.colcon_core.package_identification:_identify(config/node_modules/@types/node/assert) by extensions ['ignore', 'ignore_ament_install']
[0.748s] Level 1:colcon.colcon_core.package_identification:_identify(config/node_modules/@types/node/assert) by extension 'ignore'
[0.748s] Level 1:colcon.colcon_core.package_identification:_identify(config/node_modules/@types/node/assert) by extension 'ignore_ament_install'
[0.748s] Level 1:colcon.colcon_core.package_identification:_identify(config/node_modules/@types/node/assert) by extensions ['colcon_pkg']
[0.748s] Level 1:colcon.colcon_core.package_identification:_identify(config/node_modules/@types/node/assert) by extension 'colcon_pkg'
[0.748s] Level 1:colcon.colcon_core.package_identification:_identify(config/node_modules/@types/node/assert) by extensions ['colcon_meta']
[0.748s] Level 1:colcon.colcon_core.package_identification:_identify(config/node_modules/@types/node/assert) by extension 'colcon_meta'
[0.748s] Level 1:colcon.colcon_core.package_identification:_identify(config/node_modules/@types/node/assert) by extensions ['ros']
[0.748s] Level 1:colcon.colcon_core.package_identification:_identify(config/node_modules/@types/node/assert) by extension 'ros'
[0.748s] Level 1:colcon.colcon_core.package_identification:_identify(config/node_modules/@types/node/assert) by extensions ['cmake', 'python']
[0.748s] Level 1:colcon.colcon_core.package_identification:_identify(config/node_modules/@types/node/assert) by extension 'cmake'
[0.748s] Level 1:colcon.colcon_core.package_identification:_identify(config/node_modules/@types/node/assert) by extension 'python'
[0.749s] Level 1:colcon.colcon_core.package_identification:_identify(config/node_modules/@types/node/assert) by extensions ['python_setup_py']
[0.749s] Level 1:colcon.colcon_core.package_identification:_identify(config/node_modules/@types/node/assert) by extension 'python_setup_py'
[0.749s] Level 1:colcon.colcon_core.package_identification:_identify(config/node_modules/@types/node/compatibility) by extensions ['ignore', 'ignore_ament_install']
[0.749s] Level 1:colcon.colcon_core.package_identification:_identify(config/node_modules/@types/node/compatibility) by extension 'ignore'
[0.749s] Level 1:colcon.colcon_core.package_identification:_identify(config/node_modules/@types/node/compatibility) by extension 'ignore_ament_install'
[0.749s] Level 1:colcon.colcon_core.package_identification:_identify(config/node_modules/@types/node/compatibility) by extensions ['colcon_pkg']
[0.749s] Level 1:colcon.colcon_core.package_identification:_identify(config/node_modules/@types/node/compatibility) by extension 'colcon_pkg'
[0.749s] Level 1:colcon.colcon_core.package_identification:_identify(config/node_modules/@types/node/compatibility) by extensions ['colcon_meta']
[0.749s] Level 1:colcon.colcon_core.package_identification:_identify(config/node_modules/@types/node/compatibility) by extension 'colcon_meta'
[0.749s] Level 1:colcon.colcon_core.package_identification:_identify(config/node_modules/@types/node/compatibility) by extensions ['ros']
[0.749s] Level 1:colcon.colcon_core.package_identification:_identify(config/node_modules/@types/node/compatibility) by extension 'ros'
[0.749s] Level 1:colcon.colcon_core.package_identification:_identify(config/node_modules/@types/node/compatibility) by extensions ['cmake', 'python']
[0.749s] Level 1:colcon.colcon_core.package_identification:_identify(config/node_modules/@types/node/compatibility) by extension 'cmake'
[0.749s] Level 1:colcon.colcon_core.package_identification:_identify(config/node_modules/@types/node/compatibility) by extension 'python'
[0.749s] Level 1:colcon.colcon_core.package_identification:_identify(config/node_modules/@types/node/compatibility) by extensions ['python_setup_py']
[0.749s] Level 1:colcon.colcon_core.package_identification:_identify(config/node_modules/@types/node/compatibility) by extension 'python_setup_py'
[0.749s] Level 1:colcon.colcon_core.package_identification:_identify(config/node_modules/@types/node/dns) by extensions ['ignore', 'ignore_ament_install']
[0.750s] Level 1:colcon.colcon_core.package_identification:_identify(config/node_modules/@types/node/dns) by extension 'ignore'
[0.750s] Level 1:colcon.colcon_core.package_identification:_identify(config/node_modules/@types/node/dns) by extension 'ignore_ament_install'
[0.750s] Level 1:colcon.colcon_core.package_identification:_identify(config/node_modules/@types/node/dns) by extensions ['colcon_pkg']
[0.750s] Level 1:colcon.colcon_core.package_identification:_identify(config/node_modules/@types/node/dns) by extension 'colcon_pkg'
[0.750s] Level 1:colcon.colcon_core.package_identification:_identify(config/node_modules/@types/node/dns) by extensions ['colcon_meta']
[0.750s] Level 1:colcon.colcon_core.package_identification:_identify(config/node_modules/@types/node/dns) by extension 'colcon_meta'
[0.750s] Level 1:colcon.colcon_core.package_identification:_identify(config/node_modules/@types/node/dns) by extensions ['ros']
[0.750s] Level 1:colcon.colcon_core.package_identification:_identify(config/node_modules/@types/node/dns) by extension 'ros'
[0.750s] Level 1:colcon.colcon_core.package_identification:_identify(config/node_modules/@types/node/dns) by extensions ['cmake', 'python']
[0.750s] Level 1:colcon.colcon_core.package_identification:_identify(config/node_modules/@types/node/dns) by extension 'cmake'
[0.750s] Level 1:colcon.colcon_core.package_identification:_identify(config/node_modules/@types/node/dns) by extension 'python'
[0.750s] Level 1:colcon.colcon_core.package_identification:_identify(config/node_modules/@types/node/dns) by extensions ['python_setup_py']
[0.750s] Level 1:colcon.colcon_core.package_identification:_identify(config/node_modules/@types/node/dns) by extension 'python_setup_py'
[0.750s] Level 1:colcon.colcon_core.package_identification:_identify(config/node_modules/@types/node/fs) by extensions ['ignore', 'ignore_ament_install']
[0.750s] Level 1:colcon.colcon_core.package_identification:_identify(config/node_modules/@types/node/fs) by extension 'ignore'
[0.750s] Level 1:colcon.colcon_core.package_identification:_identify(config/node_modules/@types/node/fs) by extension 'ignore_ament_install'
[0.750s] Level 1:colcon.colcon_core.package_identification:_identify(config/node_modules/@types/node/fs) by extensions ['colcon_pkg']
[0.750s] Level 1:colcon.colcon_core.package_identification:_identify(config/node_modules/@types/node/fs) by extension 'colcon_pkg'
[0.750s] Level 1:colcon.colcon_core.package_identification:_identify(config/node_modules/@types/node/fs) by extensions ['colcon_meta']
[0.750s] Level 1:colcon.colcon_core.package_identification:_identify(config/node_modules/@types/node/fs) by extension 'colcon_meta'
[0.751s] Level 1:colcon.colcon_core.package_identification:_identify(config/node_modules/@types/node/fs) by extensions ['ros']
[0.751s] Level 1:colcon.colcon_core.package_identification:_identify(config/node_modules/@types/node/fs) by extension 'ros'
[0.751s] Level 1:colcon.colcon_core.package_identification:_identify(config/node_modules/@types/node/fs) by extensions ['cmake', 'python']
[0.751s] Level 1:colcon.colcon_core.package_identification:_identify(config/node_modules/@types/node/fs) by extension 'cmake'
[0.751s] Level 1:colcon.colcon_core.package_identification:_identify(config/node_modules/@types/node/fs) by extension 'python'
[0.751s] Level 1:colcon.colcon_core.package_identification:_identify(config/node_modules/@types/node/fs) by extensions ['python_setup_py']
[0.751s] Level 1:colcon.colcon_core.package_identification:_identify(config/node_modules/@types/node/fs) by extension 'python_setup_py'
[0.751s] Level 1:colcon.colcon_core.package_identification:_identify(config/node_modules/@types/node/inspector) by extensions ['ignore', 'ignore_ament_install']
[0.751s] Level 1:colcon.colcon_core.package_identification:_identify(config/node_modules/@types/node/inspector) by extension 'ignore'
[0.751s] Level 1:colcon.colcon_core.package_identification:_identify(config/node_modules/@types/node/inspector) by extension 'ignore_ament_install'
[0.751s] Level 1:colcon.colcon_core.package_identification:_identify(config/node_modules/@types/node/inspector) by extensions ['colcon_pkg']
[0.751s] Level 1:colcon.colcon_core.package_identification:_identify(config/node_modules/@types/node/inspector) by extension 'colcon_pkg'
[0.751s] Level 1:colcon.colcon_core.package_identification:_identify(config/node_modules/@types/node/inspector) by extensions ['colcon_meta']
[0.751s] Level 1:colcon.colcon_core.package_identification:_identify(config/node_modules/@types/node/inspector) by extension 'colcon_meta'
[0.751s] Level 1:colcon.colcon_core.package_identification:_identify(config/node_modules/@types/node/inspector) by extensions ['ros']
[0.751s] Level 1:colcon.colcon_core.package_identification:_identify(config/node_modules/@types/node/inspector) by extension 'ros'
[0.751s] Level 1:colcon.colcon_core.package_identification:_identify(config/node_modules/@types/node/inspector) by extensions ['cmake', 'python']
[0.751s] Level 1:colcon.colcon_core.package_identification:_identify(config/node_modules/@types/node/inspector) by extension 'cmake'
[0.751s] Level 1:colcon.colcon_core.package_identification:_identify(config/node_modules/@types/node/inspector) by extension 'python'
[0.751s] Level 1:colcon.colcon_core.package_identification:_identify(config/node_modules/@types/node/inspector) by extensions ['python_setup_py']
[0.751s] Level 1:colcon.colcon_core.package_identification:_identify(config/node_modules/@types/node/inspector) by extension 'python_setup_py'
[0.752s] Level 1:colcon.colcon_core.package_identification:_identify(config/node_modules/@types/node/path) by extensions ['ignore', 'ignore_ament_install']
[0.752s] Level 1:colcon.colcon_core.package_identification:_identify(config/node_modules/@types/node/path) by extension 'ignore'
[0.752s] Level 1:colcon.colcon_core.package_identification:_identify(config/node_modules/@types/node/path) by extension 'ignore_ament_install'
[0.752s] Level 1:colcon.colcon_core.package_identification:_identify(config/node_modules/@types/node/path) by extensions ['colcon_pkg']
[0.752s] Level 1:colcon.colcon_core.package_identification:_identify(config/node_modules/@types/node/path) by extension 'colcon_pkg'
[0.752s] Level 1:colcon.colcon_core.package_identification:_identify(config/node_modules/@types/node/path) by extensions ['colcon_meta']
[0.752s] Level 1:colcon.colcon_core.package_identification:_identify(config/node_modules/@types/node/path) by extension 'colcon_meta'
[0.752s] Level 1:colcon.colcon_core.package_identification:_identify(config/node_modules/@types/node/path) by extensions ['ros']
[0.752s] Level 1:colcon.colcon_core.package_identification:_identify(config/node_modules/@types/node/path) by extension 'ros'
[0.752s] Level 1:colcon.colcon_core.package_identification:_identify(config/node_modules/@types/node/path) by extensions ['cmake', 'python']
[0.752s] Level 1:colcon.colcon_core.package_identification:_identify(config/node_modules/@types/node/path) by extension 'cmake'
[0.752s] Level 1:colcon.colcon_core.package_identification:_identify(config/node_modules/@types/node/path) by extension 'python'
[0.752s] Level 1:colcon.colcon_core.package_identification:_identify(config/node_modules/@types/node/path) by extensions ['python_setup_py']
[0.752s] Level 1:colcon.colcon_core.package_identification:_identify(config/node_modules/@types/node/path) by extension 'python_setup_py'
[0.753s] Level 1:colcon.colcon_core.package_identification:_identify(config/node_modules/@types/node/readline) by extensions ['ignore', 'ignore_ament_install']
[0.753s] Level 1:colcon.colcon_core.package_identification:_identify(config/node_modules/@types/node/readline) by extension 'ignore'
[0.753s] Level 1:colcon.colcon_core.package_identification:_identify(config/node_modules/@types/node/readline) by extension 'ignore_ament_install'
[0.753s] Level 1:colcon.colcon_core.package_identification:_identify(config/node_modules/@types/node/readline) by extensions ['colcon_pkg']
[0.753s] Level 1:colcon.colcon_core.package_identification:_identify(config/node_modules/@types/node/readline) by extension 'colcon_pkg'
[0.753s] Level 1:colcon.colcon_core.package_identification:_identify(config/node_modules/@types/node/readline) by extensions ['colcon_meta']
[0.753s] Level 1:colcon.colcon_core.package_identification:_identify(config/node_modules/@types/node/readline) by extension 'colcon_meta'
[0.753s] Level 1:colcon.colcon_core.package_identification:_identify(config/node_modules/@types/node/readline) by extensions ['ros']
[0.753s] Level 1:colcon.colcon_core.package_identification:_identify(config/node_modules/@types/node/readline) by extension 'ros'
[0.753s] Level 1:colcon.colcon_core.package_identification:_identify(config/node_modules/@types/node/readline) by extensions ['cmake', 'python']
[0.753s] Level 1:colcon.colcon_core.package_identification:_identify(config/node_modules/@types/node/readline) by extension 'cmake'
[0.753s] Level 1:colcon.colcon_core.package_identification:_identify(config/node_modules/@types/node/readline) by extension 'python'
[0.753s] Level 1:colcon.colcon_core.package_identification:_identify(config/node_modules/@types/node/readline) by extensions ['python_setup_py']
[0.753s] Level 1:colcon.colcon_core.package_identification:_identify(config/node_modules/@types/node/readline) by extension 'python_setup_py'
[0.754s] Level 1:colcon.colcon_core.package_identification:_identify(config/node_modules/@types/node/stream) by extensions ['ignore', 'ignore_ament_install']
[0.754s] Level 1:colcon.colcon_core.package_identification:_identify(config/node_modules/@types/node/stream) by extension 'ignore'
[0.754s] Level 1:colcon.colcon_core.package_identification:_identify(config/node_modules/@types/node/stream) by extension 'ignore_ament_install'
[0.754s] Level 1:colcon.colcon_core.package_identification:_identify(config/node_modules/@types/node/stream) by extensions ['colcon_pkg']
[0.754s] Level 1:colcon.colcon_core.package_identification:_identify(config/node_modules/@types/node/stream) by extension 'colcon_pkg'
[0.754s] Level 1:colcon.colcon_core.package_identification:_identify(config/node_modules/@types/node/stream) by extensions ['colcon_meta']
[0.754s] Level 1:colcon.colcon_core.package_identification:_identify(config/node_modules/@types/node/stream) by extension 'colcon_meta'
[0.754s] Level 1:colcon.colcon_core.package_identification:_identify(config/node_modules/@types/node/stream) by extensions ['ros']
[0.754s] Level 1:colcon.colcon_core.package_identification:_identify(config/node_modules/@types/node/stream) by extension 'ros'
[0.754s] Level 1:colcon.colcon_core.package_identification:_identify(config/node_modules/@types/node/stream) by extensions ['cmake', 'python']
[0.754s] Level 1:colcon.colcon_core.package_identification:_identify(config/node_modules/@types/node/stream) by extension 'cmake'
[0.754s] Level 1:colcon.colcon_core.package_identification:_identify(config/node_modules/@types/node/stream) by extension 'python'
[0.754s] Level 1:colcon.colcon_core.package_identification:_identify(config/node_modules/@types/node/stream) by extensions ['python_setup_py']
[0.754s] Level 1:colcon.colcon_core.package_identification:_identify(config/node_modules/@types/node/stream) by extension 'python_setup_py'
[0.754s] Level 1:colcon.colcon_core.package_identification:_identify(config/node_modules/@types/node/test) by extensions ['ignore', 'ignore_ament_install']
[0.754s] Level 1:colcon.colcon_core.package_identification:_identify(config/node_modules/@types/node/test) by extension 'ignore'
[0.754s] Level 1:colcon.colcon_core.package_identification:_identify(config/node_modules/@types/node/test) by extension 'ignore_ament_install'
[0.754s] Level 1:colcon.colcon_core.package_identification:_identify(config/node_modules/@types/node/test) by extensions ['colcon_pkg']
[0.754s] Level 1:colcon.colcon_core.package_identification:_identify(config/node_modules/@types/node/test) by extension 'colcon_pkg'
[0.754s] Level 1:colcon.colcon_core.package_identification:_identify(config/node_modules/@types/node/test) by extensions ['colcon_meta']
[0.754s] Level 1:colcon.colcon_core.package_identification:_identify(config/node_modules/@types/node/test) by extension 'colcon_meta'
[0.754s] Level 1:colcon.colcon_core.package_identification:_identify(config/node_modules/@types/node/test) by extensions ['ros']
[0.754s] Level 1:colcon.colcon_core.package_identification:_identify(config/node_modules/@types/node/test) by extension 'ros'
[0.754s] Level 1:colcon.colcon_core.package_identification:_identify(config/node_modules/@types/node/test) by extensions ['cmake', 'python']
[0.754s] Level 1:colcon.colcon_core.package_identification:_identify(config/node_modules/@types/node/test) by extension 'cmake'
[0.754s] Level 1:colcon.colcon_core.package_identification:_identify(config/node_modules/@types/node/test) by extension 'python'
[0.755s] Level 1:colcon.colcon_core.package_identification:_identify(config/node_modules/@types/node/test) by extensions ['python_setup_py']
[0.755s] Level 1:colcon.colcon_core.package_identification:_identify(config/node_modules/@types/node/test) by extension 'python_setup_py'
[0.755s] Level 1:colcon.colcon_core.package_identification:_identify(config/node_modules/@types/node/timers) by extensions ['ignore', 'ignore_ament_install']
[0.755s] Level 1:colcon.colcon_core.package_identification:_identify(config/node_modules/@types/node/timers) by extension 'ignore'
[0.755s] Level 1:colcon.colcon_core.package_identification:_identify(config/node_modules/@types/node/timers) by extension 'ignore_ament_install'
[0.755s] Level 1:colcon.colcon_core.package_identification:_identify(config/node_modules/@types/node/timers) by extensions ['colcon_pkg']
[0.755s] Level 1:colcon.colcon_core.package_identification:_identify(config/node_modules/@types/node/timers) by extension 'colcon_pkg'
[0.755s] Level 1:colcon.colcon_core.package_identification:_identify(config/node_modules/@types/node/timers) by extensions ['colcon_meta']
[0.755s] Level 1:colcon.colcon_core.package_identification:_identify(config/node_modules/@types/node/timers) by extension 'colcon_meta'
[0.755s] Level 1:colcon.colcon_core.package_identification:_identify(config/node_modules/@types/node/timers) by extensions ['ros']
[0.755s] Level 1:colcon.colcon_core.package_identification:_identify(config/node_modules/@types/node/timers) by extension 'ros'
[0.755s] Level 1:colcon.colcon_core.package_identification:_identify(config/node_modules/@types/node/timers) by extensions ['cmake', 'python']
[0.755s] Level 1:colcon.colcon_core.package_identification:_identify(config/node_modules/@types/node/timers) by extension 'cmake'
[0.755s] Level 1:colcon.colcon_core.package_identification:_identify(config/node_modules/@types/node/timers) by extension 'python'
[0.755s] Level 1:colcon.colcon_core.package_identification:_identify(config/node_modules/@types/node/timers) by extensions ['python_setup_py']
[0.755s] Level 1:colcon.colcon_core.package_identification:_identify(config/node_modules/@types/node/timers) by extension 'python_setup_py'
[0.755s] Level 1:colcon.colcon_core.package_identification:_identify(config/node_modules/@types/node/ts5.6) by extensions ['ignore', 'ignore_ament_install']
[0.755s] Level 1:colcon.colcon_core.package_identification:_identify(config/node_modules/@types/node/ts5.6) by extension 'ignore'
[0.755s] Level 1:colcon.colcon_core.package_identification:_identify(config/node_modules/@types/node/ts5.6) by extension 'ignore_ament_install'
[0.756s] Level 1:colcon.colcon_core.package_identification:_identify(config/node_modules/@types/node/ts5.6) by extensions ['colcon_pkg']
[0.756s] Level 1:colcon.colcon_core.package_identification:_identify(config/node_modules/@types/node/ts5.6) by extension 'colcon_pkg'
[0.756s] Level 1:colcon.colcon_core.package_identification:_identify(config/node_modules/@types/node/ts5.6) by extensions ['colcon_meta']
[0.756s] Level 1:colcon.colcon_core.package_identification:_identify(config/node_modules/@types/node/ts5.6) by extension 'colcon_meta'
[0.756s] Level 1:colcon.colcon_core.package_identification:_identify(config/node_modules/@types/node/ts5.6) by extensions ['ros']
[0.756s] Level 1:colcon.colcon_core.package_identification:_identify(config/node_modules/@types/node/ts5.6) by extension 'ros'
[0.756s] Level 1:colcon.colcon_core.package_identification:_identify(config/node_modules/@types/node/ts5.6) by extensions ['cmake', 'python']
[0.756s] Level 1:colcon.colcon_core.package_identification:_identify(config/node_modules/@types/node/ts5.6) by extension 'cmake'
[0.756s] Level 1:colcon.colcon_core.package_identification:_identify(config/node_modules/@types/node/ts5.6) by extension 'python'
[0.756s] Level 1:colcon.colcon_core.package_identification:_identify(config/node_modules/@types/node/ts5.6) by extensions ['python_setup_py']
[0.756s] Level 1:colcon.colcon_core.package_identification:_identify(config/node_modules/@types/node/ts5.6) by extension 'python_setup_py'
[0.756s] Level 1:colcon.colcon_core.package_identification:_identify(config/node_modules/@types/node/ts5.6/compatibility) by extensions ['ignore', 'ignore_ament_install']
[0.756s] Level 1:colcon.colcon_core.package_identification:_identify(config/node_modules/@types/node/ts5.6/compatibility) by extension 'ignore'
[0.756s] Level 1:colcon.colcon_core.package_identification:_identify(config/node_modules/@types/node/ts5.6/compatibility) by extension 'ignore_ament_install'
[0.757s] Level 1:colcon.colcon_core.package_identification:_identify(config/node_modules/@types/node/ts5.6/compatibility) by extensions ['colcon_pkg']
[0.757s] Level 1:colcon.colcon_core.package_identification:_identify(config/node_modules/@types/node/ts5.6/compatibility) by extension 'colcon_pkg'
[0.757s] Level 1:colcon.colcon_core.package_identification:_identify(config/node_modules/@types/node/ts5.6/compatibility) by extensions ['colcon_meta']
[0.757s] Level 1:colcon.colcon_core.package_identification:_identify(config/node_modules/@types/node/ts5.6/compatibility) by extension 'colcon_meta'
[0.757s] Level 1:colcon.colcon_core.package_identification:_identify(config/node_modules/@types/node/ts5.6/compatibility) by extensions ['ros']
[0.757s] Level 1:colcon.colcon_core.package_identification:_identify(config/node_modules/@types/node/ts5.6/compatibility) by extension 'ros'
[0.757s] Level 1:colcon.colcon_core.package_identification:_identify(config/node_modules/@types/node/ts5.6/compatibility) by extensions ['cmake', 'python']
[0.757s] Level 1:colcon.colcon_core.package_identification:_identify(config/node_modules/@types/node/ts5.6/compatibility) by extension 'cmake'
[0.757s] Level 1:colcon.colcon_core.package_identification:_identify(config/node_modules/@types/node/ts5.6/compatibility) by extension 'python'
[0.757s] Level 1:colcon.colcon_core.package_identification:_identify(config/node_modules/@types/node/ts5.6/compatibility) by extensions ['python_setup_py']
[0.757s] Level 1:colcon.colcon_core.package_identification:_identify(config/node_modules/@types/node/ts5.6/compatibility) by extension 'python_setup_py'
[0.757s] Level 1:colcon.colcon_core.package_identification:_identify(config/node_modules/@types/node/ts5.7) by extensions ['ignore', 'ignore_ament_install']
[0.757s] Level 1:colcon.colcon_core.package_identification:_identify(config/node_modules/@types/node/ts5.7) by extension 'ignore'
[0.757s] Level 1:colcon.colcon_core.package_identification:_identify(config/node_modules/@types/node/ts5.7) by extension 'ignore_ament_install'
[0.757s] Level 1:colcon.colcon_core.package_identification:_identify(config/node_modules/@types/node/ts5.7) by extensions ['colcon_pkg']
[0.757s] Level 1:colcon.colcon_core.package_identification:_identify(config/node_modules/@types/node/ts5.7) by extension 'colcon_pkg'
[0.757s] Level 1:colcon.colcon_core.package_identification:_identify(config/node_modules/@types/node/ts5.7) by extensions ['colcon_meta']
[0.757s] Level 1:colcon.colcon_core.package_identification:_identify(config/node_modules/@types/node/ts5.7) by extension 'colcon_meta'
[0.758s] Level 1:colcon.colcon_core.package_identification:_identify(config/node_modules/@types/node/ts5.7) by extensions ['ros']
[0.758s] Level 1:colcon.colcon_core.package_identification:_identify(config/node_modules/@types/node/ts5.7) by extension 'ros'
[0.758s] Level 1:colcon.colcon_core.package_identification:_identify(config/node_modules/@types/node/ts5.7) by extensions ['cmake', 'python']
[0.758s] Level 1:colcon.colcon_core.package_identification:_identify(config/node_modules/@types/node/ts5.7) by extension 'cmake'
[0.758s] Level 1:colcon.colcon_core.package_identification:_identify(config/node_modules/@types/node/ts5.7) by extension 'python'
[0.758s] Level 1:colcon.colcon_core.package_identification:_identify(config/node_modules/@types/node/ts5.7) by extensions ['python_setup_py']
[0.758s] Level 1:colcon.colcon_core.package_identification:_identify(config/node_modules/@types/node/ts5.7) by extension 'python_setup_py'
[0.758s] Level 1:colcon.colcon_core.package_identification:_identify(config/node_modules/@types/node/ts5.7/compatibility) by extensions ['ignore', 'ignore_ament_install']
[0.758s] Level 1:colcon.colcon_core.package_identification:_identify(config/node_modules/@types/node/ts5.7/compatibility) by extension 'ignore'
[0.758s] Level 1:colcon.colcon_core.package_identification:_identify(config/node_modules/@types/node/ts5.7/compatibility) by extension 'ignore_ament_install'
[0.758s] Level 1:colcon.colcon_core.package_identification:_identify(config/node_modules/@types/node/ts5.7/compatibility) by extensions ['colcon_pkg']
[0.758s] Level 1:colcon.colcon_core.package_identification:_identify(config/node_modules/@types/node/ts5.7/compatibility) by extension 'colcon_pkg'
[0.758s] Level 1:colcon.colcon_core.package_identification:_identify(config/node_modules/@types/node/ts5.7/compatibility) by extensions ['colcon_meta']
[0.758s] Level 1:colcon.colcon_core.package_identification:_identify(config/node_modules/@types/node/ts5.7/compatibility) by extension 'colcon_meta'
[0.759s] Level 1:colcon.colcon_core.package_identification:_identify(config/node_modules/@types/node/ts5.7/compatibility) by extensions ['ros']
[0.759s] Level 1:colcon.colcon_core.package_identification:_identify(config/node_modules/@types/node/ts5.7/compatibility) by extension 'ros'
[0.759s] Level 1:colcon.colcon_core.package_identification:_identify(config/node_modules/@types/node/ts5.7/compatibility) by extensions ['cmake', 'python']
[0.759s] Level 1:colcon.colcon_core.package_identification:_identify(config/node_modules/@types/node/ts5.7/compatibility) by extension 'cmake'
[0.759s] Level 1:colcon.colcon_core.package_identification:_identify(config/node_modules/@types/node/ts5.7/compatibility) by extension 'python'
[0.759s] Level 1:colcon.colcon_core.package_identification:_identify(config/node_modules/@types/node/ts5.7/compatibility) by extensions ['python_setup_py']
[0.759s] Level 1:colcon.colcon_core.package_identification:_identify(config/node_modules/@types/node/ts5.7/compatibility) by extension 'python_setup_py'
[0.759s] Level 1:colcon.colcon_core.package_identification:_identify(config/node_modules/@types/node/util) by extensions ['ignore', 'ignore_ament_install']
[0.759s] Level 1:colcon.colcon_core.package_identification:_identify(config/node_modules/@types/node/util) by extension 'ignore'
[0.759s] Level 1:colcon.colcon_core.package_identification:_identify(config/node_modules/@types/node/util) by extension 'ignore_ament_install'
[0.759s] Level 1:colcon.colcon_core.package_identification:_identify(config/node_modules/@types/node/util) by extensions ['colcon_pkg']
[0.759s] Level 1:colcon.colcon_core.package_identification:_identify(config/node_modules/@types/node/util) by extension 'colcon_pkg'
[0.759s] Level 1:colcon.colcon_core.package_identification:_identify(config/node_modules/@types/node/util) by extensions ['colcon_meta']
[0.759s] Level 1:colcon.colcon_core.package_identification:_identify(config/node_modules/@types/node/util) by extension 'colcon_meta'
[0.759s] Level 1:colcon.colcon_core.package_identification:_identify(config/node_modules/@types/node/util) by extensions ['ros']
[0.759s] Level 1:colcon.colcon_core.package_identification:_identify(config/node_modules/@types/node/util) by extension 'ros'
[0.760s] Level 1:colcon.colcon_core.package_identification:_identify(config/node_modules/@types/node/util) by extensions ['cmake', 'python']
[0.760s] Level 1:colcon.colcon_core.package_identification:_identify(config/node_modules/@types/node/util) by extension 'cmake'
[0.760s] Level 1:colcon.colcon_core.package_identification:_identify(config/node_modules/@types/node/util) by extension 'python'
[0.760s] Level 1:colcon.colcon_core.package_identification:_identify(config/node_modules/@types/node/util) by extensions ['python_setup_py']
[0.760s] Level 1:colcon.colcon_core.package_identification:_identify(config/node_modules/@types/node/util) by extension 'python_setup_py'
[0.760s] Level 1:colcon.colcon_core.package_identification:_identify(config/node_modules/@types/node/web-globals) by extensions ['ignore', 'ignore_ament_install']
[0.760s] Level 1:colcon.colcon_core.package_identification:_identify(config/node_modules/@types/node/web-globals) by extension 'ignore'
[0.760s] Level 1:colcon.colcon_core.package_identification:_identify(config/node_modules/@types/node/web-globals) by extension 'ignore_ament_install'
[0.760s] Level 1:colcon.colcon_core.package_identification:_identify(config/node_modules/@types/node/web-globals) by extensions ['colcon_pkg']
[0.760s] Level 1:colcon.colcon_core.package_identification:_identify(config/node_modules/@types/node/web-globals) by extension 'colcon_pkg'
[0.760s] Level 1:colcon.colcon_core.package_identification:_identify(config/node_modules/@types/node/web-globals) by extensions ['colcon_meta']
[0.760s] Level 1:colcon.colcon_core.package_identification:_identify(config/node_modules/@types/node/web-globals) by extension 'colcon_meta'
[0.760s] Level 1:colcon.colcon_core.package_identification:_identify(config/node_modules/@types/node/web-globals) by extensions ['ros']
[0.760s] Level 1:colcon.colcon_core.package_identification:_identify(config/node_modules/@types/node/web-globals) by extension 'ros'
[0.760s] Level 1:colcon.colcon_core.package_identification:_identify(config/node_modules/@types/node/web-globals) by extensions ['cmake', 'python']
[0.760s] Level 1:colcon.colcon_core.package_identification:_identify(config/node_modules/@types/node/web-globals) by extension 'cmake'
[0.761s] Level 1:colcon.colcon_core.package_identification:_identify(config/node_modules/@types/node/web-globals) by extension 'python'
[0.761s] Level 1:colcon.colcon_core.package_identification:_identify(config/node_modules/@types/node/web-globals) by extensions ['python_setup_py']
[0.761s] Level 1:colcon.colcon_core.package_identification:_identify(config/node_modules/@types/node/web-globals) by extension 'python_setup_py'
[0.761s] Level 1:colcon.colcon_core.package_identification:_identify(config/node_modules/accepts) by extensions ['ignore', 'ignore_ament_install']
[0.761s] Level 1:colcon.colcon_core.package_identification:_identify(config/node_modules/accepts) by extension 'ignore'
[0.761s] Level 1:colcon.colcon_core.package_identification:_identify(config/node_modules/accepts) by extension 'ignore_ament_install'
[0.761s] Level 1:colcon.colcon_core.package_identification:_identify(config/node_modules/accepts) by extensions ['colcon_pkg']
[0.761s] Level 1:colcon.colcon_core.package_identification:_identify(config/node_modules/accepts) by extension 'colcon_pkg'
[0.761s] Level 1:colcon.colcon_core.package_identification:_identify(config/node_modules/accepts) by extensions ['colcon_meta']
[0.761s] Level 1:colcon.colcon_core.package_identification:_identify(config/node_modules/accepts) by extension 'colcon_meta'
[0.761s] Level 1:colcon.colcon_core.package_identification:_identify(config/node_modules/accepts) by extensions ['ros']
[0.761s] Level 1:colcon.colcon_core.package_identification:_identify(config/node_modules/accepts) by extension 'ros'
[0.761s] Level 1:colcon.colcon_core.package_identification:_identify(config/node_modules/accepts) by extensions ['cmake', 'python']
[0.761s] Level 1:colcon.colcon_core.package_identification:_identify(config/node_modules/accepts) by extension 'cmake'
[0.761s] Level 1:colcon.colcon_core.package_identification:_identify(config/node_modules/accepts) by extension 'python'
[0.761s] Level 1:colcon.colcon_core.package_identification:_identify(config/node_modules/accepts) by extensions ['python_setup_py']
[0.761s] Level 1:colcon.colcon_core.package_identification:_identify(config/node_modules/accepts) by extension 'python_setup_py'
[0.762s] Level 1:colcon.colcon_core.package_identification:_identify(config/node_modules/accepts/node_modules) by extensions ['ignore', 'ignore_ament_install']
[0.762s] Level 1:colcon.colcon_core.package_identification:_identify(config/node_modules/accepts/node_modules) by extension 'ignore'
[0.762s] Level 1:colcon.colcon_core.package_identification:_identify(config/node_modules/accepts/node_modules) by extension 'ignore_ament_install'
[0.762s] Level 1:colcon.colcon_core.package_identification:_identify(config/node_modules/accepts/node_modules) by extensions ['colcon_pkg']
[0.762s] Level 1:colcon.colcon_core.package_identification:_identify(config/node_modules/accepts/node_modules) by extension 'colcon_pkg'
[0.762s] Level 1:colcon.colcon_core.package_identification:_identify(config/node_modules/accepts/node_modules) by extensions ['colcon_meta']
[0.762s] Level 1:colcon.colcon_core.package_identification:_identify(config/node_modules/accepts/node_modules) by extension 'colcon_meta'
[0.762s] Level 1:colcon.colcon_core.package_identification:_identify(config/node_modules/accepts/node_modules) by extensions ['ros']
[0.762s] Level 1:colcon.colcon_core.package_identification:_identify(config/node_modules/accepts/node_modules) by extension 'ros'
[0.762s] Level 1:colcon.colcon_core.package_identification:_identify(config/node_modules/accepts/node_modules) by extensions ['cmake', 'python']
[0.762s] Level 1:colcon.colcon_core.package_identification:_identify(config/node_modules/accepts/node_modules) by extension 'cmake'
[0.762s] Level 1:colcon.colcon_core.package_identification:_identify(config/node_modules/accepts/node_modules) by extension 'python'
[0.762s] Level 1:colcon.colcon_core.package_identification:_identify(config/node_modules/accepts/node_modules) by extensions ['python_setup_py']
[0.762s] Level 1:colcon.colcon_core.package_identification:_identify(config/node_modules/accepts/node_modules) by extension 'python_setup_py'
[0.762s] Level 1:colcon.colcon_core.package_identification:_identify(config/node_modules/accepts/node_modules/negotiator) by extensions ['ignore', 'ignore_ament_install']
[0.763s] Level 1:colcon.colcon_core.package_identification:_identify(config/node_modules/accepts/node_modules/negotiator) by extension 'ignore'
[0.763s] Level 1:colcon.colcon_core.package_identification:_identify(config/node_modules/accepts/node_modules/negotiator) by extension 'ignore_ament_install'
[0.763s] Level 1:colcon.colcon_core.package_identification:_identify(config/node_modules/accepts/node_modules/negotiator) by extensions ['colcon_pkg']
[0.763s] Level 1:colcon.colcon_core.package_identification:_identify(config/node_modules/accepts/node_modules/negotiator) by extension 'colcon_pkg'
[0.763s] Level 1:colcon.colcon_core.package_identification:_identify(config/node_modules/accepts/node_modules/negotiator) by extensions ['colcon_meta']
[0.763s] Level 1:colcon.colcon_core.package_identification:_identify(config/node_modules/accepts/node_modules/negotiator) by extension 'colcon_meta'
[0.763s] Level 1:colcon.colcon_core.package_identification:_identify(config/node_modules/accepts/node_modules/negotiator) by extensions ['ros']
[0.763s] Level 1:colcon.colcon_core.package_identification:_identify(config/node_modules/accepts/node_modules/negotiator) by extension 'ros'
[0.763s] Level 1:colcon.colcon_core.package_identification:_identify(config/node_modules/accepts/node_modules/negotiator) by extensions ['cmake', 'python']
[0.763s] Level 1:colcon.colcon_core.package_identification:_identify(config/node_modules/accepts/node_modules/negotiator) by extension 'cmake'
[0.763s] Level 1:colcon.colcon_core.package_identification:_identify(config/node_modules/accepts/node_modules/negotiator) by extension 'python'
[0.763s] Level 1:colcon.colcon_core.package_identification:_identify(config/node_modules/accepts/node_modules/negotiator) by extensions ['python_setup_py']
[0.763s] Level 1:colcon.colcon_core.package_identification:_identify(config/node_modules/accepts/node_modules/negotiator) by extension 'python_setup_py'
[0.763s] Level 1:colcon.colcon_core.package_identification:_identify(config/node_modules/accepts/node_modules/negotiator/lib) by extensions ['ignore', 'ignore_ament_install']
[0.763s] Level 1:colcon.colcon_core.package_identification:_identify(config/node_modules/accepts/node_modules/negotiator/lib) by extension 'ignore'
[0.763s] Level 1:colcon.colcon_core.package_identification:_identify(config/node_modules/accepts/node_modules/negotiator/lib) by extension 'ignore_ament_install'
[0.763s] Level 1:colcon.colcon_core.package_identification:_identify(config/node_modules/accepts/node_modules/negotiator/lib) by extensions ['colcon_pkg']
[0.763s] Level 1:colcon.colcon_core.package_identification:_identify(config/node_modules/accepts/node_modules/negotiator/lib) by extension 'colcon_pkg'
[0.764s] Level 1:colcon.colcon_core.package_identification:_identify(config/node_modules/accepts/node_modules/negotiator/lib) by extensions ['colcon_meta']
[0.764s] Level 1:colcon.colcon_core.package_identification:_identify(config/node_modules/accepts/node_modules/negotiator/lib) by extension 'colcon_meta'
[0.764s] Level 1:colcon.colcon_core.package_identification:_identify(config/node_modules/accepts/node_modules/negotiator/lib) by extensions ['ros']
[0.764s] Level 1:colcon.colcon_core.package_identification:_identify(config/node_modules/accepts/node_modules/negotiator/lib) by extension 'ros'
[0.764s] Level 1:colcon.colcon_core.package_identification:_identify(config/node_modules/accepts/node_modules/negotiator/lib) by extensions ['cmake', 'python']
[0.764s] Level 1:colcon.colcon_core.package_identification:_identify(config/node_modules/accepts/node_modules/negotiator/lib) by extension 'cmake'
[0.764s] Level 1:colcon.colcon_core.package_identification:_identify(config/node_modules/accepts/node_modules/negotiator/lib) by extension 'python'
[0.764s] Level 1:colcon.colcon_core.package_identification:_identify(config/node_modules/accepts/node_modules/negotiator/lib) by extensions ['python_setup_py']
[0.764s] Level 1:colcon.colcon_core.package_identification:_identify(config/node_modules/accepts/node_modules/negotiator/lib) by extension 'python_setup_py'
[0.764s] Level 1:colcon.colcon_core.package_identification:_identify(config/node_modules/base64id) by extensions ['ignore', 'ignore_ament_install']
[0.764s] Level 1:colcon.colcon_core.package_identification:_identify(config/node_modules/base64id) by extension 'ignore'
[0.764s] Level 1:colcon.colcon_core.package_identification:_identify(config/node_modules/base64id) by extension 'ignore_ament_install'
[0.765s] Level 1:colcon.colcon_core.package_identification:_identify(config/node_modules/base64id) by extensions ['colcon_pkg']
[0.765s] Level 1:colcon.colcon_core.package_identification:_identify(config/node_modules/base64id) by extension 'colcon_pkg'
[0.765s] Level 1:colcon.colcon_core.package_identification:_identify(config/node_modules/base64id) by extensions ['colcon_meta']
[0.765s] Level 1:colcon.colcon_core.package_identification:_identify(config/node_modules/base64id) by extension 'colcon_meta'
[0.765s] Level 1:colcon.colcon_core.package_identification:_identify(config/node_modules/base64id) by extensions ['ros']
[0.765s] Level 1:colcon.colcon_core.package_identification:_identify(config/node_modules/base64id) by extension 'ros'
[0.765s] Level 1:colcon.colcon_core.package_identification:_identify(config/node_modules/base64id) by extensions ['cmake', 'python']
[0.765s] Level 1:colcon.colcon_core.package_identification:_identify(config/node_modules/base64id) by extension 'cmake'
[0.765s] Level 1:colcon.colcon_core.package_identification:_identify(config/node_modules/base64id) by extension 'python'
[0.765s] Level 1:colcon.colcon_core.package_identification:_identify(config/node_modules/base64id) by extensions ['python_setup_py']
[0.765s] Level 1:colcon.colcon_core.package_identification:_identify(config/node_modules/base64id) by extension 'python_setup_py'
[0.765s] Level 1:colcon.colcon_core.package_identification:_identify(config/node_modules/base64id/lib) by extensions ['ignore', 'ignore_ament_install']
[0.765s] Level 1:colcon.colcon_core.package_identification:_identify(config/node_modules/base64id/lib) by extension 'ignore'
[0.765s] Level 1:colcon.colcon_core.package_identification:_identify(config/node_modules/base64id/lib) by extension 'ignore_ament_install'
[0.765s] Level 1:colcon.colcon_core.package_identification:_identify(config/node_modules/base64id/lib) by extensions ['colcon_pkg']
[0.765s] Level 1:colcon.colcon_core.package_identification:_identify(config/node_modules/base64id/lib) by extension 'colcon_pkg'
[0.765s] Level 1:colcon.colcon_core.package_identification:_identify(config/node_modules/base64id/lib) by extensions ['colcon_meta']
[0.765s] Level 1:colcon.colcon_core.package_identification:_identify(config/node_modules/base64id/lib) by extension 'colcon_meta'
[0.766s] Level 1:colcon.colcon_core.package_identification:_identify(config/node_modules/base64id/lib) by extensions ['ros']
[0.766s] Level 1:colcon.colcon_core.package_identification:_identify(config/node_modules/base64id/lib) by extension 'ros'
[0.766s] Level 1:colcon.colcon_core.package_identification:_identify(config/node_modules/base64id/lib) by extensions ['cmake', 'python']
[0.766s] Level 1:colcon.colcon_core.package_identification:_identify(config/node_modules/base64id/lib) by extension 'cmake'
[0.766s] Level 1:colcon.colcon_core.package_identification:_identify(config/node_modules/base64id/lib) by extension 'python'
[0.766s] Level 1:colcon.colcon_core.package_identification:_identify(config/node_modules/base64id/lib) by extensions ['python_setup_py']
[0.766s] Level 1:colcon.colcon_core.package_identification:_identify(config/node_modules/base64id/lib) by extension 'python_setup_py'
[0.766s] Level 1:colcon.colcon_core.package_identification:_identify(config/node_modules/bytes) by extensions ['ignore', 'ignore_ament_install']
[0.766s] Level 1:colcon.colcon_core.package_identification:_identify(config/node_modules/bytes) by extension 'ignore'
[0.766s] Level 1:colcon.colcon_core.package_identification:_identify(config/node_modules/bytes) by extension 'ignore_ament_install'
[0.766s] Level 1:colcon.colcon_core.package_identification:_identify(config/node_modules/bytes) by extensions ['colcon_pkg']
[0.766s] Level 1:colcon.colcon_core.package_identification:_identify(config/node_modules/bytes) by extension 'colcon_pkg'
[0.766s] Level 1:colcon.colcon_core.package_identification:_identify(config/node_modules/bytes) by extensions ['colcon_meta']
[0.766s] Level 1:colcon.colcon_core.package_identification:_identify(config/node_modules/bytes) by extension 'colcon_meta'
[0.766s] Level 1:colcon.colcon_core.package_identification:_identify(config/node_modules/bytes) by extensions ['ros']
[0.766s] Level 1:colcon.colcon_core.package_identification:_identify(config/node_modules/bytes) by extension 'ros'
[0.766s] Level 1:colcon.colcon_core.package_identification:_identify(config/node_modules/bytes) by extensions ['cmake', 'python']
[0.766s] Level 1:colcon.colcon_core.package_identification:_identify(config/node_modules/bytes) by extension 'cmake'
[0.766s] Level 1:colcon.colcon_core.package_identification:_identify(config/node_modules/bytes) by extension 'python'
[0.766s] Level 1:colcon.colcon_core.package_identification:_identify(config/node_modules/bytes) by extensions ['python_setup_py']
[0.767s] Level 1:colcon.colcon_core.package_identification:_identify(config/node_modules/bytes) by extension 'python_setup_py'
[0.767s] Level 1:colcon.colcon_core.package_identification:_identify(config/node_modules/compressible) by extensions ['ignore', 'ignore_ament_install']
[0.767s] Level 1:colcon.colcon_core.package_identification:_identify(config/node_modules/compressible) by extension 'ignore'
[0.767s] Level 1:colcon.colcon_core.package_identification:_identify(config/node_modules/compressible) by extension 'ignore_ament_install'
[0.767s] Level 1:colcon.colcon_core.package_identification:_identify(config/node_modules/compressible) by extensions ['colcon_pkg']
[0.767s] Level 1:colcon.colcon_core.package_identification:_identify(config/node_modules/compressible) by extension 'colcon_pkg'
[0.767s] Level 1:colcon.colcon_core.package_identification:_identify(config/node_modules/compressible) by extensions ['colcon_meta']
[0.767s] Level 1:colcon.colcon_core.package_identification:_identify(config/node_modules/compressible) by extension 'colcon_meta'
[0.767s] Level 1:colcon.colcon_core.package_identification:_identify(config/node_modules/compressible) by extensions ['ros']
[0.767s] Level 1:colcon.colcon_core.package_identification:_identify(config/node_modules/compressible) by extension 'ros'
[0.767s] Level 1:colcon.colcon_core.package_identification:_identify(config/node_modules/compressible) by extensions ['cmake', 'python']
[0.767s] Level 1:colcon.colcon_core.package_identification:_identify(config/node_modules/compressible) by extension 'cmake'
[0.767s] Level 1:colcon.colcon_core.package_identification:_identify(config/node_modules/compressible) by extension 'python'
[0.768s] Level 1:colcon.colcon_core.package_identification:_identify(config/node_modules/compressible) by extensions ['python_setup_py']
[0.768s] Level 1:colcon.colcon_core.package_identification:_identify(config/node_modules/compressible) by extension 'python_setup_py'
[0.768s] Level 1:colcon.colcon_core.package_identification:_identify(config/node_modules/compression) by extensions ['ignore', 'ignore_ament_install']
[0.768s] Level 1:colcon.colcon_core.package_identification:_identify(config/node_modules/compression) by extension 'ignore'
[0.768s] Level 1:colcon.colcon_core.package_identification:_identify(config/node_modules/compression) by extension 'ignore_ament_install'
[0.768s] Level 1:colcon.colcon_core.package_identification:_identify(config/node_modules/compression) by extensions ['colcon_pkg']
[0.768s] Level 1:colcon.colcon_core.package_identification:_identify(config/node_modules/compression) by extension 'colcon_pkg'
[0.768s] Level 1:colcon.colcon_core.package_identification:_identify(config/node_modules/compression) by extensions ['colcon_meta']
[0.768s] Level 1:colcon.colcon_core.package_identification:_identify(config/node_modules/compression) by extension 'colcon_meta'
[0.768s] Level 1:colcon.colcon_core.package_identification:_identify(config/node_modules/compression) by extensions ['ros']
[0.768s] Level 1:colcon.colcon_core.package_identification:_identify(config/node_modules/compression) by extension 'ros'
[0.768s] Level 1:colcon.colcon_core.package_identification:_identify(config/node_modules/compression) by extensions ['cmake', 'python']
[0.768s] Level 1:colcon.colcon_core.package_identification:_identify(config/node_modules/compression) by extension 'cmake'
[0.768s] Level 1:colcon.colcon_core.package_identification:_identify(config/node_modules/compression) by extension 'python'
[0.768s] Level 1:colcon.colcon_core.package_identification:_identify(config/node_modules/compression) by extensions ['python_setup_py']
[0.768s] Level 1:colcon.colcon_core.package_identification:_identify(config/node_modules/compression) by extension 'python_setup_py'
[0.769s] Level 1:colcon.colcon_core.package_identification:_identify(config/node_modules/cookie) by extensions ['ignore', 'ignore_ament_install']
[0.769s] Level 1:colcon.colcon_core.package_identification:_identify(config/node_modules/cookie) by extension 'ignore'
[0.769s] Level 1:colcon.colcon_core.package_identification:_identify(config/node_modules/cookie) by extension 'ignore_ament_install'
[0.769s] Level 1:colcon.colcon_core.package_identification:_identify(config/node_modules/cookie) by extensions ['colcon_pkg']
[0.769s] Level 1:colcon.colcon_core.package_identification:_identify(config/node_modules/cookie) by extension 'colcon_pkg'
[0.770s] Level 1:colcon.colcon_core.package_identification:_identify(config/node_modules/cookie) by extensions ['colcon_meta']
[0.770s] Level 1:colcon.colcon_core.package_identification:_identify(config/node_modules/cookie) by extension 'colcon_meta'
[0.770s] Level 1:colcon.colcon_core.package_identification:_identify(config/node_modules/cookie) by extensions ['ros']
[0.770s] Level 1:colcon.colcon_core.package_identification:_identify(config/node_modules/cookie) by extension 'ros'
[0.770s] Level 1:colcon.colcon_core.package_identification:_identify(config/node_modules/cookie) by extensions ['cmake', 'python']
[0.770s] Level 1:colcon.colcon_core.package_identification:_identify(config/node_modules/cookie) by extension 'cmake'
[0.770s] Level 1:colcon.colcon_core.package_identification:_identify(config/node_modules/cookie) by extension 'python'
[0.770s] Level 1:colcon.colcon_core.package_identification:_identify(config/node_modules/cookie) by extensions ['python_setup_py']
[0.770s] Level 1:colcon.colcon_core.package_identification:_identify(config/node_modules/cookie) by extension 'python_setup_py'
[0.770s] Level 1:colcon.colcon_core.package_identification:_identify(config/node_modules/cors) by extensions ['ignore', 'ignore_ament_install']
[0.770s] Level 1:colcon.colcon_core.package_identification:_identify(config/node_modules/cors) by extension 'ignore'
[0.770s] Level 1:colcon.colcon_core.package_identification:_identify(config/node_modules/cors) by extension 'ignore_ament_install'
[0.771s] Level 1:colcon.colcon_core.package_identification:_identify(config/node_modules/cors) by extensions ['colcon_pkg']
[0.771s] Level 1:colcon.colcon_core.package_identification:_identify(config/node_modules/cors) by extension 'colcon_pkg'
[0.771s] Level 1:colcon.colcon_core.package_identification:_identify(config/node_modules/cors) by extensions ['colcon_meta']
[0.771s] Level 1:colcon.colcon_core.package_identification:_identify(config/node_modules/cors) by extension 'colcon_meta'
[0.771s] Level 1:colcon.colcon_core.package_identification:_identify(config/node_modules/cors) by extensions ['ros']
[0.771s] Level 1:colcon.colcon_core.package_identification:_identify(config/node_modules/cors) by extension 'ros'
[0.771s] Level 1:colcon.colcon_core.package_identification:_identify(config/node_modules/cors) by extensions ['cmake', 'python']
[0.771s] Level 1:colcon.colcon_core.package_identification:_identify(config/node_modules/cors) by extension 'cmake'
[0.771s] Level 1:colcon.colcon_core.package_identification:_identify(config/node_modules/cors) by extension 'python'
[0.771s] Level 1:colcon.colcon_core.package_identification:_identify(config/node_modules/cors) by extensions ['python_setup_py']
[0.771s] Level 1:colcon.colcon_core.package_identification:_identify(config/node_modules/cors) by extension 'python_setup_py'
[0.771s] Level 1:colcon.colcon_core.package_identification:_identify(config/node_modules/cors/lib) by extensions ['ignore', 'ignore_ament_install']
[0.771s] Level 1:colcon.colcon_core.package_identification:_identify(config/node_modules/cors/lib) by extension 'ignore'
[0.772s] Level 1:colcon.colcon_core.package_identification:_identify(config/node_modules/cors/lib) by extension 'ignore_ament_install'
[0.772s] Level 1:colcon.colcon_core.package_identification:_identify(config/node_modules/cors/lib) by extensions ['colcon_pkg']
[0.772s] Level 1:colcon.colcon_core.package_identification:_identify(config/node_modules/cors/lib) by extension 'colcon_pkg'
[0.772s] Level 1:colcon.colcon_core.package_identification:_identify(config/node_modules/cors/lib) by extensions ['colcon_meta']
[0.772s] Level 1:colcon.colcon_core.package_identification:_identify(config/node_modules/cors/lib) by extension 'colcon_meta'
[0.772s] Level 1:colcon.colcon_core.package_identification:_identify(config/node_modules/cors/lib) by extensions ['ros']
[0.772s] Level 1:colcon.colcon_core.package_identification:_identify(config/node_modules/cors/lib) by extension 'ros'
[0.772s] Level 1:colcon.colcon_core.package_identification:_identify(config/node_modules/cors/lib) by extensions ['cmake', 'python']
[0.772s] Level 1:colcon.colcon_core.package_identification:_identify(config/node_modules/cors/lib) by extension 'cmake'
[0.772s] Level 1:colcon.colcon_core.package_identification:_identify(config/node_modules/cors/lib) by extension 'python'
[0.772s] Level 1:colcon.colcon_core.package_identification:_identify(config/node_modules/cors/lib) by extensions ['python_setup_py']
[0.772s] Level 1:colcon.colcon_core.package_identification:_identify(config/node_modules/cors/lib) by extension 'python_setup_py'
[0.772s] Level 1:colcon.colcon_core.package_identification:_identify(config/node_modules/debug) by extensions ['ignore', 'ignore_ament_install']
[0.772s] Level 1:colcon.colcon_core.package_identification:_identify(config/node_modules/debug) by extension 'ignore'
[0.772s] Level 1:colcon.colcon_core.package_identification:_identify(config/node_modules/debug) by extension 'ignore_ament_install'
[0.772s] Level 1:colcon.colcon_core.package_identification:_identify(config/node_modules/debug) by extensions ['colcon_pkg']
[0.773s] Level 1:colcon.colcon_core.package_identification:_identify(config/node_modules/debug) by extension 'colcon_pkg'
[0.773s] Level 1:colcon.colcon_core.package_identification:_identify(config/node_modules/debug) by extensions ['colcon_meta']
[0.773s] Level 1:colcon.colcon_core.package_identification:_identify(config/node_modules/debug) by extension 'colcon_meta'
[0.773s] Level 1:colcon.colcon_core.package_identification:_identify(config/node_modules/debug) by extensions ['ros']
[0.773s] Level 1:colcon.colcon_core.package_identification:_identify(config/node_modules/debug) by extension 'ros'
[0.773s] Level 1:colcon.colcon_core.package_identification:_identify(config/node_modules/debug) by extensions ['cmake', 'python']
[0.773s] Level 1:colcon.colcon_core.package_identification:_identify(config/node_modules/debug) by extension 'cmake'
[0.773s] Level 1:colcon.colcon_core.package_identification:_identify(config/node_modules/debug) by extension 'python'
[0.773s] Level 1:colcon.colcon_core.package_identification:_identify(config/node_modules/debug) by extensions ['python_setup_py']
[0.773s] Level 1:colcon.colcon_core.package_identification:_identify(config/node_modules/debug) by extension 'python_setup_py'
[0.773s] Level 1:colcon.colcon_core.package_identification:_identify(config/node_modules/debug/src) by extensions ['ignore', 'ignore_ament_install']
[0.773s] Level 1:colcon.colcon_core.package_identification:_identify(config/node_modules/debug/src) by extension 'ignore'
[0.773s] Level 1:colcon.colcon_core.package_identification:_identify(config/node_modules/debug/src) by extension 'ignore_ament_install'
[0.773s] Level 1:colcon.colcon_core.package_identification:_identify(config/node_modules/debug/src) by extensions ['colcon_pkg']
[0.773s] Level 1:colcon.colcon_core.package_identification:_identify(config/node_modules/debug/src) by extension 'colcon_pkg'
[0.773s] Level 1:colcon.colcon_core.package_identification:_identify(config/node_modules/debug/src) by extensions ['colcon_meta']
[0.773s] Level 1:colcon.colcon_core.package_identification:_identify(config/node_modules/debug/src) by extension 'colcon_meta'
[0.773s] Level 1:colcon.colcon_core.package_identification:_identify(config/node_modules/debug/src) by extensions ['ros']
[0.773s] Level 1:colcon.colcon_core.package_identification:_identify(config/node_modules/debug/src) by extension 'ros'
[0.773s] Level 1:colcon.colcon_core.package_identification:_identify(config/node_modules/debug/src) by extensions ['cmake', 'python']
[0.773s] Level 1:colcon.colcon_core.package_identification:_identify(config/node_modules/debug/src) by extension 'cmake'
[0.774s] Level 1:colcon.colcon_core.package_identification:_identify(config/node_modules/debug/src) by extension 'python'
[0.774s] Level 1:colcon.colcon_core.package_identification:_identify(config/node_modules/debug/src) by extensions ['python_setup_py']
[0.774s] Level 1:colcon.colcon_core.package_identification:_identify(config/node_modules/debug/src) by extension 'python_setup_py'
[0.774s] Level 1:colcon.colcon_core.package_identification:_identify(config/node_modules/depd) by extensions ['ignore', 'ignore_ament_install']
[0.774s] Level 1:colcon.colcon_core.package_identification:_identify(config/node_modules/depd) by extension 'ignore'
[0.774s] Level 1:colcon.colcon_core.package_identification:_identify(config/node_modules/depd) by extension 'ignore_ament_install'
[0.774s] Level 1:colcon.colcon_core.package_identification:_identify(config/node_modules/depd) by extensions ['colcon_pkg']
[0.774s] Level 1:colcon.colcon_core.package_identification:_identify(config/node_modules/depd) by extension 'colcon_pkg'
[0.774s] Level 1:colcon.colcon_core.package_identification:_identify(config/node_modules/depd) by extensions ['colcon_meta']
[0.774s] Level 1:colcon.colcon_core.package_identification:_identify(config/node_modules/depd) by extension 'colcon_meta'
[0.774s] Level 1:colcon.colcon_core.package_identification:_identify(config/node_modules/depd) by extensions ['ros']
[0.774s] Level 1:colcon.colcon_core.package_identification:_identify(config/node_modules/depd) by extension 'ros'
[0.774s] Level 1:colcon.colcon_core.package_identification:_identify(config/node_modules/depd) by extensions ['cmake', 'python']
[0.774s] Level 1:colcon.colcon_core.package_identification:_identify(config/node_modules/depd) by extension 'cmake'
[0.774s] Level 1:colcon.colcon_core.package_identification:_identify(config/node_modules/depd) by extension 'python'
[0.774s] Level 1:colcon.colcon_core.package_identification:_identify(config/node_modules/depd) by extensions ['python_setup_py']
[0.774s] Level 1:colcon.colcon_core.package_identification:_identify(config/node_modules/depd) by extension 'python_setup_py'
[0.774s] Level 1:colcon.colcon_core.package_identification:_identify(config/node_modules/depd/lib) by extensions ['ignore', 'ignore_ament_install']
[0.774s] Level 1:colcon.colcon_core.package_identification:_identify(config/node_modules/depd/lib) by extension 'ignore'
[0.774s] Level 1:colcon.colcon_core.package_identification:_identify(config/node_modules/depd/lib) by extension 'ignore_ament_install'
[0.774s] Level 1:colcon.colcon_core.package_identification:_identify(config/node_modules/depd/lib) by extensions ['colcon_pkg']
[0.774s] Level 1:colcon.colcon_core.package_identification:_identify(config/node_modules/depd/lib) by extension 'colcon_pkg'
[0.775s] Level 1:colcon.colcon_core.package_identification:_identify(config/node_modules/depd/lib) by extensions ['colcon_meta']
[0.775s] Level 1:colcon.colcon_core.package_identification:_identify(config/node_modules/depd/lib) by extension 'colcon_meta'
[0.775s] Level 1:colcon.colcon_core.package_identification:_identify(config/node_modules/depd/lib) by extensions ['ros']
[0.775s] Level 1:colcon.colcon_core.package_identification:_identify(config/node_modules/depd/lib) by extension 'ros'
[0.775s] Level 1:colcon.colcon_core.package_identification:_identify(config/node_modules/depd/lib) by extensions ['cmake', 'python']
[0.775s] Level 1:colcon.colcon_core.package_identification:_identify(config/node_modules/depd/lib) by extension 'cmake'
[0.775s] Level 1:colcon.colcon_core.package_identification:_identify(config/node_modules/depd/lib) by extension 'python'
[0.775s] Level 1:colcon.colcon_core.package_identification:_identify(config/node_modules/depd/lib) by extensions ['python_setup_py']
[0.775s] Level 1:colcon.colcon_core.package_identification:_identify(config/node_modules/depd/lib) by extension 'python_setup_py'
[0.775s] Level 1:colcon.colcon_core.package_identification:_identify(config/node_modules/depd/lib/browser) by extensions ['ignore', 'ignore_ament_install']
[0.775s] Level 1:colcon.colcon_core.package_identification:_identify(config/node_modules/depd/lib/browser) by extension 'ignore'
[0.775s] Level 1:colcon.colcon_core.package_identification:_identify(config/node_modules/depd/lib/browser) by extension 'ignore_ament_install'
[0.775s] Level 1:colcon.colcon_core.package_identification:_identify(config/node_modules/depd/lib/browser) by extensions ['colcon_pkg']
[0.775s] Level 1:colcon.colcon_core.package_identification:_identify(config/node_modules/depd/lib/browser) by extension 'colcon_pkg'
[0.775s] Level 1:colcon.colcon_core.package_identification:_identify(config/node_modules/depd/lib/browser) by extensions ['colcon_meta']
[0.775s] Level 1:colcon.colcon_core.package_identification:_identify(config/node_modules/depd/lib/browser) by extension 'colcon_meta'
[0.775s] Level 1:colcon.colcon_core.package_identification:_identify(config/node_modules/depd/lib/browser) by extensions ['ros']
[0.775s] Level 1:colcon.colcon_core.package_identification:_identify(config/node_modules/depd/lib/browser) by extension 'ros'
[0.775s] Level 1:colcon.colcon_core.package_identification:_identify(config/node_modules/depd/lib/browser) by extensions ['cmake', 'python']
[0.775s] Level 1:colcon.colcon_core.package_identification:_identify(config/node_modules/depd/lib/browser) by extension 'cmake'
[0.775s] Level 1:colcon.colcon_core.package_identification:_identify(config/node_modules/depd/lib/browser) by extension 'python'
[0.775s] Level 1:colcon.colcon_core.package_identification:_identify(config/node_modules/depd/lib/browser) by extensions ['python_setup_py']
[0.775s] Level 1:colcon.colcon_core.package_identification:_identify(config/node_modules/depd/lib/browser) by extension 'python_setup_py'
[0.775s] Level 1:colcon.colcon_core.package_identification:_identify(config/node_modules/destroy) by extensions ['ignore', 'ignore_ament_install']
[0.776s] Level 1:colcon.colcon_core.package_identification:_identify(config/node_modules/destroy) by extension 'ignore'
[0.776s] Level 1:colcon.colcon_core.package_identification:_identify(config/node_modules/destroy) by extension 'ignore_ament_install'
[0.776s] Level 1:colcon.colcon_core.package_identification:_identify(config/node_modules/destroy) by extensions ['colcon_pkg']
[0.776s] Level 1:colcon.colcon_core.package_identification:_identify(config/node_modules/destroy) by extension 'colcon_pkg'
[0.776s] Level 1:colcon.colcon_core.package_identification:_identify(config/node_modules/destroy) by extensions ['colcon_meta']
[0.776s] Level 1:colcon.colcon_core.package_identification:_identify(config/node_modules/destroy) by extension 'colcon_meta'
[0.776s] Level 1:colcon.colcon_core.package_identification:_identify(config/node_modules/destroy) by extensions ['ros']
[0.776s] Level 1:colcon.colcon_core.package_identification:_identify(config/node_modules/destroy) by extension 'ros'
[0.776s] Level 1:colcon.colcon_core.package_identification:_identify(config/node_modules/destroy) by extensions ['cmake', 'python']
[0.776s] Level 1:colcon.colcon_core.package_identification:_identify(config/node_modules/destroy) by extension 'cmake'
[0.776s] Level 1:colcon.colcon_core.package_identification:_identify(config/node_modules/destroy) by extension 'python'
[0.776s] Level 1:colcon.colcon_core.package_identification:_identify(config/node_modules/destroy) by extensions ['python_setup_py']
[0.776s] Level 1:colcon.colcon_core.package_identification:_identify(config/node_modules/destroy) by extension 'python_setup_py'
[0.776s] Level 1:colcon.colcon_core.package_identification:_identify(config/node_modules/ee-first) by extensions ['ignore', 'ignore_ament_install']
[0.776s] Level 1:colcon.colcon_core.package_identification:_identify(config/node_modules/ee-first) by extension 'ignore'
[0.776s] Level 1:colcon.colcon_core.package_identification:_identify(config/node_modules/ee-first) by extension 'ignore_ament_install'
[0.776s] Level 1:colcon.colcon_core.package_identification:_identify(config/node_modules/ee-first) by extensions ['colcon_pkg']
[0.776s] Level 1:colcon.colcon_core.package_identification:_identify(config/node_modules/ee-first) by extension 'colcon_pkg'
[0.776s] Level 1:colcon.colcon_core.package_identification:_identify(config/node_modules/ee-first) by extensions ['colcon_meta']
[0.776s] Level 1:colcon.colcon_core.package_identification:_identify(config/node_modules/ee-first) by extension 'colcon_meta'
[0.776s] Level 1:colcon.colcon_core.package_identification:_identify(config/node_modules/ee-first) by extensions ['ros']
[0.776s] Level 1:colcon.colcon_core.package_identification:_identify(config/node_modules/ee-first) by extension 'ros'
[0.776s] Level 1:colcon.colcon_core.package_identification:_identify(config/node_modules/ee-first) by extensions ['cmake', 'python']
[0.776s] Level 1:colcon.colcon_core.package_identification:_identify(config/node_modules/ee-first) by extension 'cmake'
[0.776s] Level 1:colcon.colcon_core.package_identification:_identify(config/node_modules/ee-first) by extension 'python'
[0.777s] Level 1:colcon.colcon_core.package_identification:_identify(config/node_modules/ee-first) by extensions ['python_setup_py']
[0.777s] Level 1:colcon.colcon_core.package_identification:_identify(config/node_modules/ee-first) by extension 'python_setup_py'
[0.777s] Level 1:colcon.colcon_core.package_identification:_identify(config/node_modules/encodeurl) by extensions ['ignore', 'ignore_ament_install']
[0.777s] Level 1:colcon.colcon_core.package_identification:_identify(config/node_modules/encodeurl) by extension 'ignore'
[0.777s] Level 1:colcon.colcon_core.package_identification:_identify(config/node_modules/encodeurl) by extension 'ignore_ament_install'
[0.777s] Level 1:colcon.colcon_core.package_identification:_identify(config/node_modules/encodeurl) by extensions ['colcon_pkg']
[0.777s] Level 1:colcon.colcon_core.package_identification:_identify(config/node_modules/encodeurl) by extension 'colcon_pkg'
[0.777s] Level 1:colcon.colcon_core.package_identification:_identify(config/node_modules/encodeurl) by extensions ['colcon_meta']
[0.777s] Level 1:colcon.colcon_core.package_identification:_identify(config/node_modules/encodeurl) by extension 'colcon_meta'
[0.777s] Level 1:colcon.colcon_core.package_identification:_identify(config/node_modules/encodeurl) by extensions ['ros']
[0.777s] Level 1:colcon.colcon_core.package_identification:_identify(config/node_modules/encodeurl) by extension 'ros'
[0.777s] Level 1:colcon.colcon_core.package_identification:_identify(config/node_modules/encodeurl) by extensions ['cmake', 'python']
[0.777s] Level 1:colcon.colcon_core.package_identification:_identify(config/node_modules/encodeurl) by extension 'cmake'
[0.777s] Level 1:colcon.colcon_core.package_identification:_identify(config/node_modules/encodeurl) by extension 'python'
[0.777s] Level 1:colcon.colcon_core.package_identification:_identify(config/node_modules/encodeurl) by extensions ['python_setup_py']
[0.777s] Level 1:colcon.colcon_core.package_identification:_identify(config/node_modules/encodeurl) by extension 'python_setup_py'
[0.777s] Level 1:colcon.colcon_core.package_identification:_identify(config/node_modules/engine.io) by extensions ['ignore', 'ignore_ament_install']
[0.777s] Level 1:colcon.colcon_core.package_identification:_identify(config/node_modules/engine.io) by extension 'ignore'
[0.777s] Level 1:colcon.colcon_core.package_identification:_identify(config/node_modules/engine.io) by extension 'ignore_ament_install'
[0.778s] Level 1:colcon.colcon_core.package_identification:_identify(config/node_modules/engine.io) by extensions ['colcon_pkg']
[0.778s] Level 1:colcon.colcon_core.package_identification:_identify(config/node_modules/engine.io) by extension 'colcon_pkg'
[0.778s] Level 1:colcon.colcon_core.package_identification:_identify(config/node_modules/engine.io) by extensions ['colcon_meta']
[0.778s] Level 1:colcon.colcon_core.package_identification:_identify(config/node_modules/engine.io) by extension 'colcon_meta'
[0.778s] Level 1:colcon.colcon_core.package_identification:_identify(config/node_modules/engine.io) by extensions ['ros']
[0.778s] Level 1:colcon.colcon_core.package_identification:_identify(config/node_modules/engine.io) by extension 'ros'
[0.778s] Level 1:colcon.colcon_core.package_identification:_identify(config/node_modules/engine.io) by extensions ['cmake', 'python']
[0.778s] Level 1:colcon.colcon_core.package_identification:_identify(config/node_modules/engine.io) by extension 'cmake'
[0.778s] Level 1:colcon.colcon_core.package_identification:_identify(config/node_modules/engine.io) by extension 'python'
[0.778s] Level 1:colcon.colcon_core.package_identification:_identify(config/node_modules/engine.io) by extensions ['python_setup_py']
[0.778s] Level 1:colcon.colcon_core.package_identification:_identify(config/node_modules/engine.io) by extension 'python_setup_py'
[0.778s] Level 1:colcon.colcon_core.package_identification:_identify(config/node_modules/engine.io/build) by extensions ['ignore', 'ignore_ament_install']
[0.778s] Level 1:colcon.colcon_core.package_identification:_identify(config/node_modules/engine.io/build) by extension 'ignore'
[0.778s] Level 1:colcon.colcon_core.package_identification:_identify(config/node_modules/engine.io/build) by extension 'ignore_ament_install'
[0.778s] Level 1:colcon.colcon_core.package_identification:_identify(config/node_modules/engine.io/build) by extensions ['colcon_pkg']
[0.778s] Level 1:colcon.colcon_core.package_identification:_identify(config/node_modules/engine.io/build) by extension 'colcon_pkg'
[0.778s] Level 1:colcon.colcon_core.package_identification:_identify(config/node_modules/engine.io/build) by extensions ['colcon_meta']
[0.778s] Level 1:colcon.colcon_core.package_identification:_identify(config/node_modules/engine.io/build) by extension 'colcon_meta'
[0.778s] Level 1:colcon.colcon_core.package_identification:_identify(config/node_modules/engine.io/build) by extensions ['ros']
[0.778s] Level 1:colcon.colcon_core.package_identification:_identify(config/node_modules/engine.io/build) by extension 'ros'
[0.778s] Level 1:colcon.colcon_core.package_identification:_identify(config/node_modules/engine.io/build) by extensions ['cmake', 'python']
[0.778s] Level 1:colcon.colcon_core.package_identification:_identify(config/node_modules/engine.io/build) by extension 'cmake'
[0.778s] Level 1:colcon.colcon_core.package_identification:_identify(config/node_modules/engine.io/build) by extension 'python'
[0.778s] Level 1:colcon.colcon_core.package_identification:_identify(config/node_modules/engine.io/build) by extensions ['python_setup_py']
[0.778s] Level 1:colcon.colcon_core.package_identification:_identify(config/node_modules/engine.io/build) by extension 'python_setup_py'
[0.779s] Level 1:colcon.colcon_core.package_identification:_identify(config/node_modules/engine.io/build/contrib) by extensions ['ignore', 'ignore_ament_install']
[0.779s] Level 1:colcon.colcon_core.package_identification:_identify(config/node_modules/engine.io/build/contrib) by extension 'ignore'
[0.779s] Level 1:colcon.colcon_core.package_identification:_identify(config/node_modules/engine.io/build/contrib) by extension 'ignore_ament_install'
[0.779s] Level 1:colcon.colcon_core.package_identification:_identify(config/node_modules/engine.io/build/contrib) by extensions ['colcon_pkg']
[0.779s] Level 1:colcon.colcon_core.package_identification:_identify(config/node_modules/engine.io/build/contrib) by extension 'colcon_pkg'
[0.779s] Level 1:colcon.colcon_core.package_identification:_identify(config/node_modules/engine.io/build/contrib) by extensions ['colcon_meta']
[0.779s] Level 1:colcon.colcon_core.package_identification:_identify(config/node_modules/engine.io/build/contrib) by extension 'colcon_meta'
[0.779s] Level 1:colcon.colcon_core.package_identification:_identify(config/node_modules/engine.io/build/contrib) by extensions ['ros']
[0.779s] Level 1:colcon.colcon_core.package_identification:_identify(config/node_modules/engine.io/build/contrib) by extension 'ros'
[0.779s] Level 1:colcon.colcon_core.package_identification:_identify(config/node_modules/engine.io/build/contrib) by extensions ['cmake', 'python']
[0.779s] Level 1:colcon.colcon_core.package_identification:_identify(config/node_modules/engine.io/build/contrib) by extension 'cmake'
[0.779s] Level 1:colcon.colcon_core.package_identification:_identify(config/node_modules/engine.io/build/contrib) by extension 'python'
[0.779s] Level 1:colcon.colcon_core.package_identification:_identify(config/node_modules/engine.io/build/contrib) by extensions ['python_setup_py']
[0.779s] Level 1:colcon.colcon_core.package_identification:_identify(config/node_modules/engine.io/build/contrib) by extension 'python_setup_py'
[0.779s] Level 1:colcon.colcon_core.package_identification:_identify(config/node_modules/engine.io/build/parser-v3) by extensions ['ignore', 'ignore_ament_install']
[0.779s] Level 1:colcon.colcon_core.package_identification:_identify(config/node_modules/engine.io/build/parser-v3) by extension 'ignore'
[0.779s] Level 1:colcon.colcon_core.package_identification:_identify(config/node_modules/engine.io/build/parser-v3) by extension 'ignore_ament_install'
[0.779s] Level 1:colcon.colcon_core.package_identification:_identify(config/node_modules/engine.io/build/parser-v3) by extensions ['colcon_pkg']
[0.779s] Level 1:colcon.colcon_core.package_identification:_identify(config/node_modules/engine.io/build/parser-v3) by extension 'colcon_pkg'
[0.779s] Level 1:colcon.colcon_core.package_identification:_identify(config/node_modules/engine.io/build/parser-v3) by extensions ['colcon_meta']
[0.779s] Level 1:colcon.colcon_core.package_identification:_identify(config/node_modules/engine.io/build/parser-v3) by extension 'colcon_meta'
[0.779s] Level 1:colcon.colcon_core.package_identification:_identify(config/node_modules/engine.io/build/parser-v3) by extensions ['ros']
[0.779s] Level 1:colcon.colcon_core.package_identification:_identify(config/node_modules/engine.io/build/parser-v3) by extension 'ros'
[0.779s] Level 1:colcon.colcon_core.package_identification:_identify(config/node_modules/engine.io/build/parser-v3) by extensions ['cmake', 'python']
[0.779s] Level 1:colcon.colcon_core.package_identification:_identify(config/node_modules/engine.io/build/parser-v3) by extension 'cmake'
[0.779s] Level 1:colcon.colcon_core.package_identification:_identify(config/node_modules/engine.io/build/parser-v3) by extension 'python'
[0.779s] Level 1:colcon.colcon_core.package_identification:_identify(config/node_modules/engine.io/build/parser-v3) by extensions ['python_setup_py']
[0.779s] Level 1:colcon.colcon_core.package_identification:_identify(config/node_modules/engine.io/build/parser-v3) by extension 'python_setup_py'
[0.780s] Level 1:colcon.colcon_core.package_identification:_identify(config/node_modules/engine.io/build/transports) by extensions ['ignore', 'ignore_ament_install']
[0.780s] Level 1:colcon.colcon_core.package_identification:_identify(config/node_modules/engine.io/build/transports) by extension 'ignore'
[0.780s] Level 1:colcon.colcon_core.package_identification:_identify(config/node_modules/engine.io/build/transports) by extension 'ignore_ament_install'
[0.780s] Level 1:colcon.colcon_core.package_identification:_identify(config/node_modules/engine.io/build/transports) by extensions ['colcon_pkg']
[0.780s] Level 1:colcon.colcon_core.package_identification:_identify(config/node_modules/engine.io/build/transports) by extension 'colcon_pkg'
[0.780s] Level 1:colcon.colcon_core.package_identification:_identify(config/node_modules/engine.io/build/transports) by extensions ['colcon_meta']
[0.780s] Level 1:colcon.colcon_core.package_identification:_identify(config/node_modules/engine.io/build/transports) by extension 'colcon_meta'
[0.780s] Level 1:colcon.colcon_core.package_identification:_identify(config/node_modules/engine.io/build/transports) by extensions ['ros']
[0.780s] Level 1:colcon.colcon_core.package_identification:_identify(config/node_modules/engine.io/build/transports) by extension 'ros'
[0.780s] Level 1:colcon.colcon_core.package_identification:_identify(config/node_modules/engine.io/build/transports) by extensions ['cmake', 'python']
[0.780s] Level 1:colcon.colcon_core.package_identification:_identify(config/node_modules/engine.io/build/transports) by extension 'cmake'
[0.780s] Level 1:colcon.colcon_core.package_identification:_identify(config/node_modules/engine.io/build/transports) by extension 'python'
[0.780s] Level 1:colcon.colcon_core.package_identification:_identify(config/node_modules/engine.io/build/transports) by extensions ['python_setup_py']
[0.780s] Level 1:colcon.colcon_core.package_identification:_identify(config/node_modules/engine.io/build/transports) by extension 'python_setup_py'
[0.780s] Level 1:colcon.colcon_core.package_identification:_identify(config/node_modules/engine.io/build/transports-uws) by extensions ['ignore', 'ignore_ament_install']
[0.780s] Level 1:colcon.colcon_core.package_identification:_identify(config/node_modules/engine.io/build/transports-uws) by extension 'ignore'
[0.780s] Level 1:colcon.colcon_core.package_identification:_identify(config/node_modules/engine.io/build/transports-uws) by extension 'ignore_ament_install'
[0.780s] Level 1:colcon.colcon_core.package_identification:_identify(config/node_modules/engine.io/build/transports-uws) by extensions ['colcon_pkg']
[0.780s] Level 1:colcon.colcon_core.package_identification:_identify(config/node_modules/engine.io/build/transports-uws) by extension 'colcon_pkg'
[0.780s] Level 1:colcon.colcon_core.package_identification:_identify(config/node_modules/engine.io/build/transports-uws) by extensions ['colcon_meta']
[0.780s] Level 1:colcon.colcon_core.package_identification:_identify(config/node_modules/engine.io/build/transports-uws) by extension 'colcon_meta'
[0.780s] Level 1:colcon.colcon_core.package_identification:_identify(config/node_modules/engine.io/build/transports-uws) by extensions ['ros']
[0.780s] Level 1:colcon.colcon_core.package_identification:_identify(config/node_modules/engine.io/build/transports-uws) by extension 'ros'
[0.780s] Level 1:colcon.colcon_core.package_identification:_identify(config/node_modules/engine.io/build/transports-uws) by extensions ['cmake', 'python']
[0.780s] Level 1:colcon.colcon_core.package_identification:_identify(config/node_modules/engine.io/build/transports-uws) by extension 'cmake'
[0.780s] Level 1:colcon.colcon_core.package_identification:_identify(config/node_modules/engine.io/build/transports-uws) by extension 'python'
[0.780s] Level 1:colcon.colcon_core.package_identification:_identify(config/node_modules/engine.io/build/transports-uws) by extensions ['python_setup_py']
[0.780s] Level 1:colcon.colcon_core.package_identification:_identify(config/node_modules/engine.io/build/transports-uws) by extension 'python_setup_py'
[0.781s] Level 1:colcon.colcon_core.package_identification:_identify(config/node_modules/engine.io/node_modules) by extensions ['ignore', 'ignore_ament_install']
[0.781s] Level 1:colcon.colcon_core.package_identification:_identify(config/node_modules/engine.io/node_modules) by extension 'ignore'
[0.781s] Level 1:colcon.colcon_core.package_identification:_identify(config/node_modules/engine.io/node_modules) by extension 'ignore_ament_install'
[0.781s] Level 1:colcon.colcon_core.package_identification:_identify(config/node_modules/engine.io/node_modules) by extensions ['colcon_pkg']
[0.781s] Level 1:colcon.colcon_core.package_identification:_identify(config/node_modules/engine.io/node_modules) by extension 'colcon_pkg'
[0.781s] Level 1:colcon.colcon_core.package_identification:_identify(config/node_modules/engine.io/node_modules) by extensions ['colcon_meta']
[0.781s] Level 1:colcon.colcon_core.package_identification:_identify(config/node_modules/engine.io/node_modules) by extension 'colcon_meta'
[0.781s] Level 1:colcon.colcon_core.package_identification:_identify(config/node_modules/engine.io/node_modules) by extensions ['ros']
[0.781s] Level 1:colcon.colcon_core.package_identification:_identify(config/node_modules/engine.io/node_modules) by extension 'ros'
[0.781s] Level 1:colcon.colcon_core.package_identification:_identify(config/node_modules/engine.io/node_modules) by extensions ['cmake', 'python']
[0.781s] Level 1:colcon.colcon_core.package_identification:_identify(config/node_modules/engine.io/node_modules) by extension 'cmake'
[0.781s] Level 1:colcon.colcon_core.package_identification:_identify(config/node_modules/engine.io/node_modules) by extension 'python'
[0.781s] Level 1:colcon.colcon_core.package_identification:_identify(config/node_modules/engine.io/node_modules) by extensions ['python_setup_py']
[0.781s] Level 1:colcon.colcon_core.package_identification:_identify(config/node_modules/engine.io/node_modules) by extension 'python_setup_py'
[0.781s] Level 1:colcon.colcon_core.package_identification:_identify(config/node_modules/engine.io/node_modules/debug) by extensions ['ignore', 'ignore_ament_install']
[0.781s] Level 1:colcon.colcon_core.package_identification:_identify(config/node_modules/engine.io/node_modules/debug) by extension 'ignore'
[0.781s] Level 1:colcon.colcon_core.package_identification:_identify(config/node_modules/engine.io/node_modules/debug) by extension 'ignore_ament_install'
[0.781s] Level 1:colcon.colcon_core.package_identification:_identify(config/node_modules/engine.io/node_modules/debug) by extensions ['colcon_pkg']
[0.781s] Level 1:colcon.colcon_core.package_identification:_identify(config/node_modules/engine.io/node_modules/debug) by extension 'colcon_pkg'
[0.781s] Level 1:colcon.colcon_core.package_identification:_identify(config/node_modules/engine.io/node_modules/debug) by extensions ['colcon_meta']
[0.781s] Level 1:colcon.colcon_core.package_identification:_identify(config/node_modules/engine.io/node_modules/debug) by extension 'colcon_meta'
[0.781s] Level 1:colcon.colcon_core.package_identification:_identify(config/node_modules/engine.io/node_modules/debug) by extensions ['ros']
[0.781s] Level 1:colcon.colcon_core.package_identification:_identify(config/node_modules/engine.io/node_modules/debug) by extension 'ros'
[0.781s] Level 1:colcon.colcon_core.package_identification:_identify(config/node_modules/engine.io/node_modules/debug) by extensions ['cmake', 'python']
[0.782s] Level 1:colcon.colcon_core.package_identification:_identify(config/node_modules/engine.io/node_modules/debug) by extension 'cmake'
[0.782s] Level 1:colcon.colcon_core.package_identification:_identify(config/node_modules/engine.io/node_modules/debug) by extension 'python'
[0.782s] Level 1:colcon.colcon_core.package_identification:_identify(config/node_modules/engine.io/node_modules/debug) by extensions ['python_setup_py']
[0.782s] Level 1:colcon.colcon_core.package_identification:_identify(config/node_modules/engine.io/node_modules/debug) by extension 'python_setup_py'
[0.782s] Level 1:colcon.colcon_core.package_identification:_identify(config/node_modules/engine.io/node_modules/debug/src) by extensions ['ignore', 'ignore_ament_install']
[0.782s] Level 1:colcon.colcon_core.package_identification:_identify(config/node_modules/engine.io/node_modules/debug/src) by extension 'ignore'
[0.782s] Level 1:colcon.colcon_core.package_identification:_identify(config/node_modules/engine.io/node_modules/debug/src) by extension 'ignore_ament_install'
[0.782s] Level 1:colcon.colcon_core.package_identification:_identify(config/node_modules/engine.io/node_modules/debug/src) by extensions ['colcon_pkg']
[0.782s] Level 1:colcon.colcon_core.package_identification:_identify(config/node_modules/engine.io/node_modules/debug/src) by extension 'colcon_pkg'
[0.782s] Level 1:colcon.colcon_core.package_identification:_identify(config/node_modules/engine.io/node_modules/debug/src) by extensions ['colcon_meta']
[0.782s] Level 1:colcon.colcon_core.package_identification:_identify(config/node_modules/engine.io/node_modules/debug/src) by extension 'colcon_meta'
[0.782s] Level 1:colcon.colcon_core.package_identification:_identify(config/node_modules/engine.io/node_modules/debug/src) by extensions ['ros']
[0.782s] Level 1:colcon.colcon_core.package_identification:_identify(config/node_modules/engine.io/node_modules/debug/src) by extension 'ros'
[0.782s] Level 1:colcon.colcon_core.package_identification:_identify(config/node_modules/engine.io/node_modules/debug/src) by extensions ['cmake', 'python']
[0.782s] Level 1:colcon.colcon_core.package_identification:_identify(config/node_modules/engine.io/node_modules/debug/src) by extension 'cmake'
[0.782s] Level 1:colcon.colcon_core.package_identification:_identify(config/node_modules/engine.io/node_modules/debug/src) by extension 'python'
[0.782s] Level 1:colcon.colcon_core.package_identification:_identify(config/node_modules/engine.io/node_modules/debug/src) by extensions ['python_setup_py']
[0.782s] Level 1:colcon.colcon_core.package_identification:_identify(config/node_modules/engine.io/node_modules/debug/src) by extension 'python_setup_py'
[0.782s] Level 1:colcon.colcon_core.package_identification:_identify(config/node_modules/engine.io/node_modules/ms) by extensions ['ignore', 'ignore_ament_install']
[0.782s] Level 1:colcon.colcon_core.package_identification:_identify(config/node_modules/engine.io/node_modules/ms) by extension 'ignore'
[0.782s] Level 1:colcon.colcon_core.package_identification:_identify(config/node_modules/engine.io/node_modules/ms) by extension 'ignore_ament_install'
[0.782s] Level 1:colcon.colcon_core.package_identification:_identify(config/node_modules/engine.io/node_modules/ms) by extensions ['colcon_pkg']
[0.782s] Level 1:colcon.colcon_core.package_identification:_identify(config/node_modules/engine.io/node_modules/ms) by extension 'colcon_pkg'
[0.782s] Level 1:colcon.colcon_core.package_identification:_identify(config/node_modules/engine.io/node_modules/ms) by extensions ['colcon_meta']
[0.782s] Level 1:colcon.colcon_core.package_identification:_identify(config/node_modules/engine.io/node_modules/ms) by extension 'colcon_meta'
[0.782s] Level 1:colcon.colcon_core.package_identification:_identify(config/node_modules/engine.io/node_modules/ms) by extensions ['ros']
[0.782s] Level 1:colcon.colcon_core.package_identification:_identify(config/node_modules/engine.io/node_modules/ms) by extension 'ros'
[0.782s] Level 1:colcon.colcon_core.package_identification:_identify(config/node_modules/engine.io/node_modules/ms) by extensions ['cmake', 'python']
[0.782s] Level 1:colcon.colcon_core.package_identification:_identify(config/node_modules/engine.io/node_modules/ms) by extension 'cmake'
[0.782s] Level 1:colcon.colcon_core.package_identification:_identify(config/node_modules/engine.io/node_modules/ms) by extension 'python'
[0.783s] Level 1:colcon.colcon_core.package_identification:_identify(config/node_modules/engine.io/node_modules/ms) by extensions ['python_setup_py']
[0.783s] Level 1:colcon.colcon_core.package_identification:_identify(config/node_modules/engine.io/node_modules/ms) by extension 'python_setup_py'
[0.783s] Level 1:colcon.colcon_core.package_identification:_identify(config/node_modules/engine.io-parser) by extensions ['ignore', 'ignore_ament_install']
[0.783s] Level 1:colcon.colcon_core.package_identification:_identify(config/node_modules/engine.io-parser) by extension 'ignore'
[0.783s] Level 1:colcon.colcon_core.package_identification:_identify(config/node_modules/engine.io-parser) by extension 'ignore_ament_install'
[0.783s] Level 1:colcon.colcon_core.package_identification:_identify(config/node_modules/engine.io-parser) by extensions ['colcon_pkg']
[0.783s] Level 1:colcon.colcon_core.package_identification:_identify(config/node_modules/engine.io-parser) by extension 'colcon_pkg'
[0.783s] Level 1:colcon.colcon_core.package_identification:_identify(config/node_modules/engine.io-parser) by extensions ['colcon_meta']
[0.783s] Level 1:colcon.colcon_core.package_identification:_identify(config/node_modules/engine.io-parser) by extension 'colcon_meta'
[0.783s] Level 1:colcon.colcon_core.package_identification:_identify(config/node_modules/engine.io-parser) by extensions ['ros']
[0.783s] Level 1:colcon.colcon_core.package_identification:_identify(config/node_modules/engine.io-parser) by extension 'ros'
[0.783s] Level 1:colcon.colcon_core.package_identification:_identify(config/node_modules/engine.io-parser) by extensions ['cmake', 'python']
[0.783s] Level 1:colcon.colcon_core.package_identification:_identify(config/node_modules/engine.io-parser) by extension 'cmake'
[0.783s] Level 1:colcon.colcon_core.package_identification:_identify(config/node_modules/engine.io-parser) by extension 'python'
[0.783s] Level 1:colcon.colcon_core.package_identification:_identify(config/node_modules/engine.io-parser) by extensions ['python_setup_py']
[0.783s] Level 1:colcon.colcon_core.package_identification:_identify(config/node_modules/engine.io-parser) by extension 'python_setup_py'
[0.783s] Level 1:colcon.colcon_core.package_identification:_identify(config/node_modules/engine.io-parser/build) by extensions ['ignore', 'ignore_ament_install']
[0.783s] Level 1:colcon.colcon_core.package_identification:_identify(config/node_modules/engine.io-parser/build) by extension 'ignore'
[0.783s] Level 1:colcon.colcon_core.package_identification:_identify(config/node_modules/engine.io-parser/build) by extension 'ignore_ament_install'
[0.783s] Level 1:colcon.colcon_core.package_identification:_identify(config/node_modules/engine.io-parser/build) by extensions ['colcon_pkg']
[0.783s] Level 1:colcon.colcon_core.package_identification:_identify(config/node_modules/engine.io-parser/build) by extension 'colcon_pkg'
[0.783s] Level 1:colcon.colcon_core.package_identification:_identify(config/node_modules/engine.io-parser/build) by extensions ['colcon_meta']
[0.783s] Level 1:colcon.colcon_core.package_identification:_identify(config/node_modules/engine.io-parser/build) by extension 'colcon_meta'
[0.783s] Level 1:colcon.colcon_core.package_identification:_identify(config/node_modules/engine.io-parser/build) by extensions ['ros']
[0.783s] Level 1:colcon.colcon_core.package_identification:_identify(config/node_modules/engine.io-parser/build) by extension 'ros'
[0.783s] Level 1:colcon.colcon_core.package_identification:_identify(config/node_modules/engine.io-parser/build) by extensions ['cmake', 'python']
[0.783s] Level 1:colcon.colcon_core.package_identification:_identify(config/node_modules/engine.io-parser/build) by extension 'cmake'
[0.783s] Level 1:colcon.colcon_core.package_identification:_identify(config/node_modules/engine.io-parser/build) by extension 'python'
[0.784s] Level 1:colcon.colcon_core.package_identification:_identify(config/node_modules/engine.io-parser/build) by extensions ['python_setup_py']
[0.784s] Level 1:colcon.colcon_core.package_identification:_identify(config/node_modules/engine.io-parser/build) by extension 'python_setup_py'
[0.784s] Level 1:colcon.colcon_core.package_identification:_identify(config/node_modules/engine.io-parser/build/cjs) by extensions ['ignore', 'ignore_ament_install']
[0.784s] Level 1:colcon.colcon_core.package_identification:_identify(config/node_modules/engine.io-parser/build/cjs) by extension 'ignore'
[0.784s] Level 1:colcon.colcon_core.package_identification:_identify(config/node_modules/engine.io-parser/build/cjs) by extension 'ignore_ament_install'
[0.784s] Level 1:colcon.colcon_core.package_identification:_identify(config/node_modules/engine.io-parser/build/cjs) by extensions ['colcon_pkg']
[0.784s] Level 1:colcon.colcon_core.package_identification:_identify(config/node_modules/engine.io-parser/build/cjs) by extension 'colcon_pkg'
[0.784s] Level 1:colcon.colcon_core.package_identification:_identify(config/node_modules/engine.io-parser/build/cjs) by extensions ['colcon_meta']
[0.784s] Level 1:colcon.colcon_core.package_identification:_identify(config/node_modules/engine.io-parser/build/cjs) by extension 'colcon_meta'
[0.784s] Level 1:colcon.colcon_core.package_identification:_identify(config/node_modules/engine.io-parser/build/cjs) by extensions ['ros']
[0.784s] Level 1:colcon.colcon_core.package_identification:_identify(config/node_modules/engine.io-parser/build/cjs) by extension 'ros'
[0.784s] Level 1:colcon.colcon_core.package_identification:_identify(config/node_modules/engine.io-parser/build/cjs) by extensions ['cmake', 'python']
[0.784s] Level 1:colcon.colcon_core.package_identification:_identify(config/node_modules/engine.io-parser/build/cjs) by extension 'cmake'
[0.784s] Level 1:colcon.colcon_core.package_identification:_identify(config/node_modules/engine.io-parser/build/cjs) by extension 'python'
[0.784s] Level 1:colcon.colcon_core.package_identification:_identify(config/node_modules/engine.io-parser/build/cjs) by extensions ['python_setup_py']
[0.784s] Level 1:colcon.colcon_core.package_identification:_identify(config/node_modules/engine.io-parser/build/cjs) by extension 'python_setup_py'
[0.784s] Level 1:colcon.colcon_core.package_identification:_identify(config/node_modules/engine.io-parser/build/cjs/contrib) by extensions ['ignore', 'ignore_ament_install']
[0.784s] Level 1:colcon.colcon_core.package_identification:_identify(config/node_modules/engine.io-parser/build/cjs/contrib) by extension 'ignore'
[0.784s] Level 1:colcon.colcon_core.package_identification:_identify(config/node_modules/engine.io-parser/build/cjs/contrib) by extension 'ignore_ament_install'
[0.784s] Level 1:colcon.colcon_core.package_identification:_identify(config/node_modules/engine.io-parser/build/cjs/contrib) by extensions ['colcon_pkg']
[0.784s] Level 1:colcon.colcon_core.package_identification:_identify(config/node_modules/engine.io-parser/build/cjs/contrib) by extension 'colcon_pkg'
[0.784s] Level 1:colcon.colcon_core.package_identification:_identify(config/node_modules/engine.io-parser/build/cjs/contrib) by extensions ['colcon_meta']
[0.784s] Level 1:colcon.colcon_core.package_identification:_identify(config/node_modules/engine.io-parser/build/cjs/contrib) by extension 'colcon_meta'
[0.784s] Level 1:colcon.colcon_core.package_identification:_identify(config/node_modules/engine.io-parser/build/cjs/contrib) by extensions ['ros']
[0.784s] Level 1:colcon.colcon_core.package_identification:_identify(config/node_modules/engine.io-parser/build/cjs/contrib) by extension 'ros'
[0.784s] Level 1:colcon.colcon_core.package_identification:_identify(config/node_modules/engine.io-parser/build/cjs/contrib) by extensions ['cmake', 'python']
[0.785s] Level 1:colcon.colcon_core.package_identification:_identify(config/node_modules/engine.io-parser/build/cjs/contrib) by extension 'cmake'
[0.785s] Level 1:colcon.colcon_core.package_identification:_identify(config/node_modules/engine.io-parser/build/cjs/contrib) by extension 'python'
[0.785s] Level 1:colcon.colcon_core.package_identification:_identify(config/node_modules/engine.io-parser/build/cjs/contrib) by extensions ['python_setup_py']
[0.785s] Level 1:colcon.colcon_core.package_identification:_identify(config/node_modules/engine.io-parser/build/cjs/contrib) by extension 'python_setup_py'
[0.785s] Level 1:colcon.colcon_core.package_identification:_identify(config/node_modules/engine.io-parser/build/esm) by extensions ['ignore', 'ignore_ament_install']
[0.785s] Level 1:colcon.colcon_core.package_identification:_identify(config/node_modules/engine.io-parser/build/esm) by extension 'ignore'
[0.785s] Level 1:colcon.colcon_core.package_identification:_identify(config/node_modules/engine.io-parser/build/esm) by extension 'ignore_ament_install'
[0.785s] Level 1:colcon.colcon_core.package_identification:_identify(config/node_modules/engine.io-parser/build/esm) by extensions ['colcon_pkg']
[0.785s] Level 1:colcon.colcon_core.package_identification:_identify(config/node_modules/engine.io-parser/build/esm) by extension 'colcon_pkg'
[0.785s] Level 1:colcon.colcon_core.package_identification:_identify(config/node_modules/engine.io-parser/build/esm) by extensions ['colcon_meta']
[0.785s] Level 1:colcon.colcon_core.package_identification:_identify(config/node_modules/engine.io-parser/build/esm) by extension 'colcon_meta'
[0.785s] Level 1:colcon.colcon_core.package_identification:_identify(config/node_modules/engine.io-parser/build/esm) by extensions ['ros']
[0.785s] Level 1:colcon.colcon_core.package_identification:_identify(config/node_modules/engine.io-parser/build/esm) by extension 'ros'
[0.785s] Level 1:colcon.colcon_core.package_identification:_identify(config/node_modules/engine.io-parser/build/esm) by extensions ['cmake', 'python']
[0.785s] Level 1:colcon.colcon_core.package_identification:_identify(config/node_modules/engine.io-parser/build/esm) by extension 'cmake'
[0.785s] Level 1:colcon.colcon_core.package_identification:_identify(config/node_modules/engine.io-parser/build/esm) by extension 'python'
[0.785s] Level 1:colcon.colcon_core.package_identification:_identify(config/node_modules/engine.io-parser/build/esm) by extensions ['python_setup_py']
[0.785s] Level 1:colcon.colcon_core.package_identification:_identify(config/node_modules/engine.io-parser/build/esm) by extension 'python_setup_py'
[0.785s] Level 1:colcon.colcon_core.package_identification:_identify(config/node_modules/engine.io-parser/build/esm/contrib) by extensions ['ignore', 'ignore_ament_install']
[0.785s] Level 1:colcon.colcon_core.package_identification:_identify(config/node_modules/engine.io-parser/build/esm/contrib) by extension 'ignore'
[0.785s] Level 1:colcon.colcon_core.package_identification:_identify(config/node_modules/engine.io-parser/build/esm/contrib) by extension 'ignore_ament_install'
[0.785s] Level 1:colcon.colcon_core.package_identification:_identify(config/node_modules/engine.io-parser/build/esm/contrib) by extensions ['colcon_pkg']
[0.785s] Level 1:colcon.colcon_core.package_identification:_identify(config/node_modules/engine.io-parser/build/esm/contrib) by extension 'colcon_pkg'
[0.785s] Level 1:colcon.colcon_core.package_identification:_identify(config/node_modules/engine.io-parser/build/esm/contrib) by extensions ['colcon_meta']
[0.785s] Level 1:colcon.colcon_core.package_identification:_identify(config/node_modules/engine.io-parser/build/esm/contrib) by extension 'colcon_meta'
[0.785s] Level 1:colcon.colcon_core.package_identification:_identify(config/node_modules/engine.io-parser/build/esm/contrib) by extensions ['ros']
[0.785s] Level 1:colcon.colcon_core.package_identification:_identify(config/node_modules/engine.io-parser/build/esm/contrib) by extension 'ros'
[0.785s] Level 1:colcon.colcon_core.package_identification:_identify(config/node_modules/engine.io-parser/build/esm/contrib) by extensions ['cmake', 'python']
[0.785s] Level 1:colcon.colcon_core.package_identification:_identify(config/node_modules/engine.io-parser/build/esm/contrib) by extension 'cmake'
[0.785s] Level 1:colcon.colcon_core.package_identification:_identify(config/node_modules/engine.io-parser/build/esm/contrib) by extension 'python'
[0.786s] Level 1:colcon.colcon_core.package_identification:_identify(config/node_modules/engine.io-parser/build/esm/contrib) by extensions ['python_setup_py']
[0.786s] Level 1:colcon.colcon_core.package_identification:_identify(config/node_modules/engine.io-parser/build/esm/contrib) by extension 'python_setup_py'
[0.786s] Level 1:colcon.colcon_core.package_identification:_identify(config/node_modules/escape-html) by extensions ['ignore', 'ignore_ament_install']
[0.786s] Level 1:colcon.colcon_core.package_identification:_identify(config/node_modules/escape-html) by extension 'ignore'
[0.786s] Level 1:colcon.colcon_core.package_identification:_identify(config/node_modules/escape-html) by extension 'ignore_ament_install'
[0.786s] Level 1:colcon.colcon_core.package_identification:_identify(config/node_modules/escape-html) by extensions ['colcon_pkg']
[0.786s] Level 1:colcon.colcon_core.package_identification:_identify(config/node_modules/escape-html) by extension 'colcon_pkg'
[0.786s] Level 1:colcon.colcon_core.package_identification:_identify(config/node_modules/escape-html) by extensions ['colcon_meta']
[0.786s] Level 1:colcon.colcon_core.package_identification:_identify(config/node_modules/escape-html) by extension 'colcon_meta'
[0.786s] Level 1:colcon.colcon_core.package_identification:_identify(config/node_modules/escape-html) by extensions ['ros']
[0.786s] Level 1:colcon.colcon_core.package_identification:_identify(config/node_modules/escape-html) by extension 'ros'
[0.786s] Level 1:colcon.colcon_core.package_identification:_identify(config/node_modules/escape-html) by extensions ['cmake', 'python']
[0.786s] Level 1:colcon.colcon_core.package_identification:_identify(config/node_modules/escape-html) by extension 'cmake'
[0.786s] Level 1:colcon.colcon_core.package_identification:_identify(config/node_modules/escape-html) by extension 'python'
[0.786s] Level 1:colcon.colcon_core.package_identification:_identify(config/node_modules/escape-html) by extensions ['python_setup_py']
[0.786s] Level 1:colcon.colcon_core.package_identification:_identify(config/node_modules/escape-html) by extension 'python_setup_py'
[0.786s] Level 1:colcon.colcon_core.package_identification:_identify(config/node_modules/etag) by extensions ['ignore', 'ignore_ament_install']
[0.786s] Level 1:colcon.colcon_core.package_identification:_identify(config/node_modules/etag) by extension 'ignore'
[0.786s] Level 1:colcon.colcon_core.package_identification:_identify(config/node_modules/etag) by extension 'ignore_ament_install'
[0.786s] Level 1:colcon.colcon_core.package_identification:_identify(config/node_modules/etag) by extensions ['colcon_pkg']
[0.786s] Level 1:colcon.colcon_core.package_identification:_identify(config/node_modules/etag) by extension 'colcon_pkg'
[0.786s] Level 1:colcon.colcon_core.package_identification:_identify(config/node_modules/etag) by extensions ['colcon_meta']
[0.786s] Level 1:colcon.colcon_core.package_identification:_identify(config/node_modules/etag) by extension 'colcon_meta'
[0.786s] Level 1:colcon.colcon_core.package_identification:_identify(config/node_modules/etag) by extensions ['ros']
[0.786s] Level 1:colcon.colcon_core.package_identification:_identify(config/node_modules/etag) by extension 'ros'
[0.787s] Level 1:colcon.colcon_core.package_identification:_identify(config/node_modules/etag) by extensions ['cmake', 'python']
[0.787s] Level 1:colcon.colcon_core.package_identification:_identify(config/node_modules/etag) by extension 'cmake'
[0.787s] Level 1:colcon.colcon_core.package_identification:_identify(config/node_modules/etag) by extension 'python'
[0.787s] Level 1:colcon.colcon_core.package_identification:_identify(config/node_modules/etag) by extensions ['python_setup_py']
[0.787s] Level 1:colcon.colcon_core.package_identification:_identify(config/node_modules/etag) by extension 'python_setup_py'
[0.787s] Level 1:colcon.colcon_core.package_identification:_identify(config/node_modules/fresh) by extensions ['ignore', 'ignore_ament_install']
[0.787s] Level 1:colcon.colcon_core.package_identification:_identify(config/node_modules/fresh) by extension 'ignore'
[0.787s] Level 1:colcon.colcon_core.package_identification:_identify(config/node_modules/fresh) by extension 'ignore_ament_install'
[0.787s] Level 1:colcon.colcon_core.package_identification:_identify(config/node_modules/fresh) by extensions ['colcon_pkg']
[0.787s] Level 1:colcon.colcon_core.package_identification:_identify(config/node_modules/fresh) by extension 'colcon_pkg'
[0.787s] Level 1:colcon.colcon_core.package_identification:_identify(config/node_modules/fresh) by extensions ['colcon_meta']
[0.787s] Level 1:colcon.colcon_core.package_identification:_identify(config/node_modules/fresh) by extension 'colcon_meta'
[0.787s] Level 1:colcon.colcon_core.package_identification:_identify(config/node_modules/fresh) by extensions ['ros']
[0.787s] Level 1:colcon.colcon_core.package_identification:_identify(config/node_modules/fresh) by extension 'ros'
[0.787s] Level 1:colcon.colcon_core.package_identification:_identify(config/node_modules/fresh) by extensions ['cmake', 'python']
[0.787s] Level 1:colcon.colcon_core.package_identification:_identify(config/node_modules/fresh) by extension 'cmake'
[0.787s] Level 1:colcon.colcon_core.package_identification:_identify(config/node_modules/fresh) by extension 'python'
[0.787s] Level 1:colcon.colcon_core.package_identification:_identify(config/node_modules/fresh) by extensions ['python_setup_py']
[0.787s] Level 1:colcon.colcon_core.package_identification:_identify(config/node_modules/fresh) by extension 'python_setup_py'
[0.787s] Level 1:colcon.colcon_core.package_identification:_identify(config/node_modules/gridstack) by extensions ['ignore', 'ignore_ament_install']
[0.787s] Level 1:colcon.colcon_core.package_identification:_identify(config/node_modules/gridstack) by extension 'ignore'
[0.787s] Level 1:colcon.colcon_core.package_identification:_identify(config/node_modules/gridstack) by extension 'ignore_ament_install'
[0.788s] Level 1:colcon.colcon_core.package_identification:_identify(config/node_modules/gridstack) by extensions ['colcon_pkg']
[0.788s] Level 1:colcon.colcon_core.package_identification:_identify(config/node_modules/gridstack) by extension 'colcon_pkg'
[0.788s] Level 1:colcon.colcon_core.package_identification:_identify(config/node_modules/gridstack) by extensions ['colcon_meta']
[0.788s] Level 1:colcon.colcon_core.package_identification:_identify(config/node_modules/gridstack) by extension 'colcon_meta'
[0.788s] Level 1:colcon.colcon_core.package_identification:_identify(config/node_modules/gridstack) by extensions ['ros']
[0.788s] Level 1:colcon.colcon_core.package_identification:_identify(config/node_modules/gridstack) by extension 'ros'
[0.788s] Level 1:colcon.colcon_core.package_identification:_identify(config/node_modules/gridstack) by extensions ['cmake', 'python']
[0.788s] Level 1:colcon.colcon_core.package_identification:_identify(config/node_modules/gridstack) by extension 'cmake'
[0.788s] Level 1:colcon.colcon_core.package_identification:_identify(config/node_modules/gridstack) by extension 'python'
[0.788s] Level 1:colcon.colcon_core.package_identification:_identify(config/node_modules/gridstack) by extensions ['python_setup_py']
[0.788s] Level 1:colcon.colcon_core.package_identification:_identify(config/node_modules/gridstack) by extension 'python_setup_py'
[0.788s] Level 1:colcon.colcon_core.package_identification:_identify(config/node_modules/gridstack/dist) by extensions ['ignore', 'ignore_ament_install']
[0.788s] Level 1:colcon.colcon_core.package_identification:_identify(config/node_modules/gridstack/dist) by extension 'ignore'
[0.788s] Level 1:colcon.colcon_core.package_identification:_identify(config/node_modules/gridstack/dist) by extension 'ignore_ament_install'
[0.788s] Level 1:colcon.colcon_core.package_identification:_identify(config/node_modules/gridstack/dist) by extensions ['colcon_pkg']
[0.788s] Level 1:colcon.colcon_core.package_identification:_identify(config/node_modules/gridstack/dist) by extension 'colcon_pkg'
[0.788s] Level 1:colcon.colcon_core.package_identification:_identify(config/node_modules/gridstack/dist) by extensions ['colcon_meta']
[0.788s] Level 1:colcon.colcon_core.package_identification:_identify(config/node_modules/gridstack/dist) by extension 'colcon_meta'
[0.788s] Level 1:colcon.colcon_core.package_identification:_identify(config/node_modules/gridstack/dist) by extensions ['ros']
[0.788s] Level 1:colcon.colcon_core.package_identification:_identify(config/node_modules/gridstack/dist) by extension 'ros'
[0.788s] Level 1:colcon.colcon_core.package_identification:_identify(config/node_modules/gridstack/dist) by extensions ['cmake', 'python']
[0.789s] Level 1:colcon.colcon_core.package_identification:_identify(config/node_modules/gridstack/dist) by extension 'cmake'
[0.789s] Level 1:colcon.colcon_core.package_identification:_identify(config/node_modules/gridstack/dist) by extension 'python'
[0.789s] Level 1:colcon.colcon_core.package_identification:_identify(config/node_modules/gridstack/dist) by extensions ['python_setup_py']
[0.789s] Level 1:colcon.colcon_core.package_identification:_identify(config/node_modules/gridstack/dist) by extension 'python_setup_py'
[0.789s] Level 1:colcon.colcon_core.package_identification:_identify(config/node_modules/gridstack/doc) by extensions ['ignore', 'ignore_ament_install']
[0.789s] Level 1:colcon.colcon_core.package_identification:_identify(config/node_modules/gridstack/doc) by extension 'ignore'
[0.789s] Level 1:colcon.colcon_core.package_identification:_identify(config/node_modules/gridstack/doc) by extension 'ignore_ament_install'
[0.789s] Level 1:colcon.colcon_core.package_identification:_identify(config/node_modules/gridstack/doc) by extensions ['colcon_pkg']
[0.789s] Level 1:colcon.colcon_core.package_identification:_identify(config/node_modules/gridstack/doc) by extension 'colcon_pkg'
[0.789s] Level 1:colcon.colcon_core.package_identification:_identify(config/node_modules/gridstack/doc) by extensions ['colcon_meta']
[0.789s] Level 1:colcon.colcon_core.package_identification:_identify(config/node_modules/gridstack/doc) by extension 'colcon_meta'
[0.789s] Level 1:colcon.colcon_core.package_identification:_identify(config/node_modules/gridstack/doc) by extensions ['ros']
[0.789s] Level 1:colcon.colcon_core.package_identification:_identify(config/node_modules/gridstack/doc) by extension 'ros'
[0.789s] Level 1:colcon.colcon_core.package_identification:_identify(config/node_modules/gridstack/doc) by extensions ['cmake', 'python']
[0.789s] Level 1:colcon.colcon_core.package_identification:_identify(config/node_modules/gridstack/doc) by extension 'cmake'
[0.789s] Level 1:colcon.colcon_core.package_identification:_identify(config/node_modules/gridstack/doc) by extension 'python'
[0.789s] Level 1:colcon.colcon_core.package_identification:_identify(config/node_modules/gridstack/doc) by extensions ['python_setup_py']
[0.789s] Level 1:colcon.colcon_core.package_identification:_identify(config/node_modules/gridstack/doc) by extension 'python_setup_py'
[0.789s] Level 1:colcon.colcon_core.package_identification:_identify(config/node_modules/http-errors) by extensions ['ignore', 'ignore_ament_install']
[0.789s] Level 1:colcon.colcon_core.package_identification:_identify(config/node_modules/http-errors) by extension 'ignore'
[0.789s] Level 1:colcon.colcon_core.package_identification:_identify(config/node_modules/http-errors) by extension 'ignore_ament_install'
[0.789s] Level 1:colcon.colcon_core.package_identification:_identify(config/node_modules/http-errors) by extensions ['colcon_pkg']
[0.789s] Level 1:colcon.colcon_core.package_identification:_identify(config/node_modules/http-errors) by extension 'colcon_pkg'
[0.789s] Level 1:colcon.colcon_core.package_identification:_identify(config/node_modules/http-errors) by extensions ['colcon_meta']
[0.789s] Level 1:colcon.colcon_core.package_identification:_identify(config/node_modules/http-errors) by extension 'colcon_meta'
[0.789s] Level 1:colcon.colcon_core.package_identification:_identify(config/node_modules/http-errors) by extensions ['ros']
[0.790s] Level 1:colcon.colcon_core.package_identification:_identify(config/node_modules/http-errors) by extension 'ros'
[0.790s] Level 1:colcon.colcon_core.package_identification:_identify(config/node_modules/http-errors) by extensions ['cmake', 'python']
[0.790s] Level 1:colcon.colcon_core.package_identification:_identify(config/node_modules/http-errors) by extension 'cmake'
[0.790s] Level 1:colcon.colcon_core.package_identification:_identify(config/node_modules/http-errors) by extension 'python'
[0.790s] Level 1:colcon.colcon_core.package_identification:_identify(config/node_modules/http-errors) by extensions ['python_setup_py']
[0.790s] Level 1:colcon.colcon_core.package_identification:_identify(config/node_modules/http-errors) by extension 'python_setup_py'
[0.790s] Level 1:colcon.colcon_core.package_identification:_identify(config/node_modules/inherits) by extensions ['ignore', 'ignore_ament_install']
[0.790s] Level 1:colcon.colcon_core.package_identification:_identify(config/node_modules/inherits) by extension 'ignore'
[0.790s] Level 1:colcon.colcon_core.package_identification:_identify(config/node_modules/inherits) by extension 'ignore_ament_install'
[0.790s] Level 1:colcon.colcon_core.package_identification:_identify(config/node_modules/inherits) by extensions ['colcon_pkg']
[0.790s] Level 1:colcon.colcon_core.package_identification:_identify(config/node_modules/inherits) by extension 'colcon_pkg'
[0.790s] Level 1:colcon.colcon_core.package_identification:_identify(config/node_modules/inherits) by extensions ['colcon_meta']
[0.790s] Level 1:colcon.colcon_core.package_identification:_identify(config/node_modules/inherits) by extension 'colcon_meta'
[0.790s] Level 1:colcon.colcon_core.package_identification:_identify(config/node_modules/inherits) by extensions ['ros']
[0.790s] Level 1:colcon.colcon_core.package_identification:_identify(config/node_modules/inherits) by extension 'ros'
[0.790s] Level 1:colcon.colcon_core.package_identification:_identify(config/node_modules/inherits) by extensions ['cmake', 'python']
[0.790s] Level 1:colcon.colcon_core.package_identification:_identify(config/node_modules/inherits) by extension 'cmake'
[0.790s] Level 1:colcon.colcon_core.package_identification:_identify(config/node_modules/inherits) by extension 'python'
[0.790s] Level 1:colcon.colcon_core.package_identification:_identify(config/node_modules/inherits) by extensions ['python_setup_py']
[0.790s] Level 1:colcon.colcon_core.package_identification:_identify(config/node_modules/inherits) by extension 'python_setup_py'
[0.790s] Level 1:colcon.colcon_core.package_identification:_identify(config/node_modules/jquery) by extensions ['ignore', 'ignore_ament_install']
[0.790s] Level 1:colcon.colcon_core.package_identification:_identify(config/node_modules/jquery) by extension 'ignore'
[0.791s] Level 1:colcon.colcon_core.package_identification:_identify(config/node_modules/jquery) by extension 'ignore_ament_install'
[0.791s] Level 1:colcon.colcon_core.package_identification:_identify(config/node_modules/jquery) by extensions ['colcon_pkg']
[0.791s] Level 1:colcon.colcon_core.package_identification:_identify(config/node_modules/jquery) by extension 'colcon_pkg'
[0.791s] Level 1:colcon.colcon_core.package_identification:_identify(config/node_modules/jquery) by extensions ['colcon_meta']
[0.791s] Level 1:colcon.colcon_core.package_identification:_identify(config/node_modules/jquery) by extension 'colcon_meta'
[0.791s] Level 1:colcon.colcon_core.package_identification:_identify(config/node_modules/jquery) by extensions ['ros']
[0.791s] Level 1:colcon.colcon_core.package_identification:_identify(config/node_modules/jquery) by extension 'ros'
[0.791s] Level 1:colcon.colcon_core.package_identification:_identify(config/node_modules/jquery) by extensions ['cmake', 'python']
[0.791s] Level 1:colcon.colcon_core.package_identification:_identify(config/node_modules/jquery) by extension 'cmake'
[0.791s] Level 1:colcon.colcon_core.package_identification:_identify(config/node_modules/jquery) by extension 'python'
[0.791s] Level 1:colcon.colcon_core.package_identification:_identify(config/node_modules/jquery) by extensions ['python_setup_py']
[0.791s] Level 1:colcon.colcon_core.package_identification:_identify(config/node_modules/jquery) by extension 'python_setup_py'
[0.791s] Level 1:colcon.colcon_core.package_identification:_identify(config/node_modules/jquery/dist) by extensions ['ignore', 'ignore_ament_install']
[0.791s] Level 1:colcon.colcon_core.package_identification:_identify(config/node_modules/jquery/dist) by extension 'ignore'
[0.791s] Level 1:colcon.colcon_core.package_identification:_identify(config/node_modules/jquery/dist) by extension 'ignore_ament_install'
[0.791s] Level 1:colcon.colcon_core.package_identification:_identify(config/node_modules/jquery/dist) by extensions ['colcon_pkg']
[0.792s] Level 1:colcon.colcon_core.package_identification:_identify(config/node_modules/jquery/dist) by extension 'colcon_pkg'
[0.792s] Level 1:colcon.colcon_core.package_identification:_identify(config/node_modules/jquery/dist) by extensions ['colcon_meta']
[0.792s] Level 1:colcon.colcon_core.package_identification:_identify(config/node_modules/jquery/dist) by extension 'colcon_meta'
[0.792s] Level 1:colcon.colcon_core.package_identification:_identify(config/node_modules/jquery/dist) by extensions ['ros']
[0.792s] Level 1:colcon.colcon_core.package_identification:_identify(config/node_modules/jquery/dist) by extension 'ros'
[0.792s] Level 1:colcon.colcon_core.package_identification:_identify(config/node_modules/jquery/dist) by extensions ['cmake', 'python']
[0.792s] Level 1:colcon.colcon_core.package_identification:_identify(config/node_modules/jquery/dist) by extension 'cmake'
[0.792s] Level 1:colcon.colcon_core.package_identification:_identify(config/node_modules/jquery/dist) by extension 'python'
[0.792s] Level 1:colcon.colcon_core.package_identification:_identify(config/node_modules/jquery/dist) by extensions ['python_setup_py']
[0.792s] Level 1:colcon.colcon_core.package_identification:_identify(config/node_modules/jquery/dist) by extension 'python_setup_py'
[0.792s] Level 1:colcon.colcon_core.package_identification:_identify(config/node_modules/jquery/src) by extensions ['ignore', 'ignore_ament_install']
[0.792s] Level 1:colcon.colcon_core.package_identification:_identify(config/node_modules/jquery/src) by extension 'ignore'
[0.792s] Level 1:colcon.colcon_core.package_identification:_identify(config/node_modules/jquery/src) by extension 'ignore_ament_install'
[0.792s] Level 1:colcon.colcon_core.package_identification:_identify(config/node_modules/jquery/src) by extensions ['colcon_pkg']
[0.792s] Level 1:colcon.colcon_core.package_identification:_identify(config/node_modules/jquery/src) by extension 'colcon_pkg'
[0.792s] Level 1:colcon.colcon_core.package_identification:_identify(config/node_modules/jquery/src) by extensions ['colcon_meta']
[0.792s] Level 1:colcon.colcon_core.package_identification:_identify(config/node_modules/jquery/src) by extension 'colcon_meta'
[0.792s] Level 1:colcon.colcon_core.package_identification:_identify(config/node_modules/jquery/src) by extensions ['ros']
[0.792s] Level 1:colcon.colcon_core.package_identification:_identify(config/node_modules/jquery/src) by extension 'ros'
[0.792s] Level 1:colcon.colcon_core.package_identification:_identify(config/node_modules/jquery/src) by extensions ['cmake', 'python']
[0.793s] Level 1:colcon.colcon_core.package_identification:_identify(config/node_modules/jquery/src) by extension 'cmake'
[0.793s] Level 1:colcon.colcon_core.package_identification:_identify(config/node_modules/jquery/src) by extension 'python'
[0.793s] Level 1:colcon.colcon_core.package_identification:_identify(config/node_modules/jquery/src) by extensions ['python_setup_py']
[0.793s] Level 1:colcon.colcon_core.package_identification:_identify(config/node_modules/jquery/src) by extension 'python_setup_py'
[0.793s] Level 1:colcon.colcon_core.package_identification:_identify(config/node_modules/jquery/src/ajax) by extensions ['ignore', 'ignore_ament_install']
[0.793s] Level 1:colcon.colcon_core.package_identification:_identify(config/node_modules/jquery/src/ajax) by extension 'ignore'
[0.793s] Level 1:colcon.colcon_core.package_identification:_identify(config/node_modules/jquery/src/ajax) by extension 'ignore_ament_install'
[0.793s] Level 1:colcon.colcon_core.package_identification:_identify(config/node_modules/jquery/src/ajax) by extensions ['colcon_pkg']
[0.793s] Level 1:colcon.colcon_core.package_identification:_identify(config/node_modules/jquery/src/ajax) by extension 'colcon_pkg'
[0.793s] Level 1:colcon.colcon_core.package_identification:_identify(config/node_modules/jquery/src/ajax) by extensions ['colcon_meta']
[0.793s] Level 1:colcon.colcon_core.package_identification:_identify(config/node_modules/jquery/src/ajax) by extension 'colcon_meta'
[0.793s] Level 1:colcon.colcon_core.package_identification:_identify(config/node_modules/jquery/src/ajax) by extensions ['ros']
[0.793s] Level 1:colcon.colcon_core.package_identification:_identify(config/node_modules/jquery/src/ajax) by extension 'ros'
[0.793s] Level 1:colcon.colcon_core.package_identification:_identify(config/node_modules/jquery/src/ajax) by extensions ['cmake', 'python']
[0.793s] Level 1:colcon.colcon_core.package_identification:_identify(config/node_modules/jquery/src/ajax) by extension 'cmake'
[0.793s] Level 1:colcon.colcon_core.package_identification:_identify(config/node_modules/jquery/src/ajax) by extension 'python'
[0.793s] Level 1:colcon.colcon_core.package_identification:_identify(config/node_modules/jquery/src/ajax) by extensions ['python_setup_py']
[0.793s] Level 1:colcon.colcon_core.package_identification:_identify(config/node_modules/jquery/src/ajax) by extension 'python_setup_py'
[0.794s] Level 1:colcon.colcon_core.package_identification:_identify(config/node_modules/jquery/src/ajax/var) by extensions ['ignore', 'ignore_ament_install']
[0.794s] Level 1:colcon.colcon_core.package_identification:_identify(config/node_modules/jquery/src/ajax/var) by extension 'ignore'
[0.794s] Level 1:colcon.colcon_core.package_identification:_identify(config/node_modules/jquery/src/ajax/var) by extension 'ignore_ament_install'
[0.794s] Level 1:colcon.colcon_core.package_identification:_identify(config/node_modules/jquery/src/ajax/var) by extensions ['colcon_pkg']
[0.794s] Level 1:colcon.colcon_core.package_identification:_identify(config/node_modules/jquery/src/ajax/var) by extension 'colcon_pkg'
[0.794s] Level 1:colcon.colcon_core.package_identification:_identify(config/node_modules/jquery/src/ajax/var) by extensions ['colcon_meta']
[0.794s] Level 1:colcon.colcon_core.package_identification:_identify(config/node_modules/jquery/src/ajax/var) by extension 'colcon_meta'
[0.794s] Level 1:colcon.colcon_core.package_identification:_identify(config/node_modules/jquery/src/ajax/var) by extensions ['ros']
[0.794s] Level 1:colcon.colcon_core.package_identification:_identify(config/node_modules/jquery/src/ajax/var) by extension 'ros'
[0.794s] Level 1:colcon.colcon_core.package_identification:_identify(config/node_modules/jquery/src/ajax/var) by extensions ['cmake', 'python']
[0.794s] Level 1:colcon.colcon_core.package_identification:_identify(config/node_modules/jquery/src/ajax/var) by extension 'cmake'
[0.794s] Level 1:colcon.colcon_core.package_identification:_identify(config/node_modules/jquery/src/ajax/var) by extension 'python'
[0.794s] Level 1:colcon.colcon_core.package_identification:_identify(config/node_modules/jquery/src/ajax/var) by extensions ['python_setup_py']
[0.794s] Level 1:colcon.colcon_core.package_identification:_identify(config/node_modules/jquery/src/ajax/var) by extension 'python_setup_py'
[0.794s] Level 1:colcon.colcon_core.package_identification:_identify(config/node_modules/jquery/src/attributes) by extensions ['ignore', 'ignore_ament_install']
[0.795s] Level 1:colcon.colcon_core.package_identification:_identify(config/node_modules/jquery/src/attributes) by extension 'ignore'
[0.795s] Level 1:colcon.colcon_core.package_identification:_identify(config/node_modules/jquery/src/attributes) by extension 'ignore_ament_install'
[0.795s] Level 1:colcon.colcon_core.package_identification:_identify(config/node_modules/jquery/src/attributes) by extensions ['colcon_pkg']
[0.795s] Level 1:colcon.colcon_core.package_identification:_identify(config/node_modules/jquery/src/attributes) by extension 'colcon_pkg'
[0.795s] Level 1:colcon.colcon_core.package_identification:_identify(config/node_modules/jquery/src/attributes) by extensions ['colcon_meta']
[0.795s] Level 1:colcon.colcon_core.package_identification:_identify(config/node_modules/jquery/src/attributes) by extension 'colcon_meta'
[0.795s] Level 1:colcon.colcon_core.package_identification:_identify(config/node_modules/jquery/src/attributes) by extensions ['ros']
[0.795s] Level 1:colcon.colcon_core.package_identification:_identify(config/node_modules/jquery/src/attributes) by extension 'ros'
[0.795s] Level 1:colcon.colcon_core.package_identification:_identify(config/node_modules/jquery/src/attributes) by extensions ['cmake', 'python']
[0.795s] Level 1:colcon.colcon_core.package_identification:_identify(config/node_modules/jquery/src/attributes) by extension 'cmake'
[0.795s] Level 1:colcon.colcon_core.package_identification:_identify(config/node_modules/jquery/src/attributes) by extension 'python'
[0.795s] Level 1:colcon.colcon_core.package_identification:_identify(config/node_modules/jquery/src/attributes) by extensions ['python_setup_py']
[0.795s] Level 1:colcon.colcon_core.package_identification:_identify(config/node_modules/jquery/src/attributes) by extension 'python_setup_py'
[0.795s] Level 1:colcon.colcon_core.package_identification:_identify(config/node_modules/jquery/src/core) by extensions ['ignore', 'ignore_ament_install']
[0.796s] Level 1:colcon.colcon_core.package_identification:_identify(config/node_modules/jquery/src/core) by extension 'ignore'
[0.796s] Level 1:colcon.colcon_core.package_identification:_identify(config/node_modules/jquery/src/core) by extension 'ignore_ament_install'
[0.796s] Level 1:colcon.colcon_core.package_identification:_identify(config/node_modules/jquery/src/core) by extensions ['colcon_pkg']
[0.796s] Level 1:colcon.colcon_core.package_identification:_identify(config/node_modules/jquery/src/core) by extension 'colcon_pkg'
[0.796s] Level 1:colcon.colcon_core.package_identification:_identify(config/node_modules/jquery/src/core) by extensions ['colcon_meta']
[0.796s] Level 1:colcon.colcon_core.package_identification:_identify(config/node_modules/jquery/src/core) by extension 'colcon_meta'
[0.796s] Level 1:colcon.colcon_core.package_identification:_identify(config/node_modules/jquery/src/core) by extensions ['ros']
[0.796s] Level 1:colcon.colcon_core.package_identification:_identify(config/node_modules/jquery/src/core) by extension 'ros'
[0.796s] Level 1:colcon.colcon_core.package_identification:_identify(config/node_modules/jquery/src/core) by extensions ['cmake', 'python']
[0.796s] Level 1:colcon.colcon_core.package_identification:_identify(config/node_modules/jquery/src/core) by extension 'cmake'
[0.796s] Level 1:colcon.colcon_core.package_identification:_identify(config/node_modules/jquery/src/core) by extension 'python'
[0.796s] Level 1:colcon.colcon_core.package_identification:_identify(config/node_modules/jquery/src/core) by extensions ['python_setup_py']
[0.796s] Level 1:colcon.colcon_core.package_identification:_identify(config/node_modules/jquery/src/core) by extension 'python_setup_py'
[0.796s] Level 1:colcon.colcon_core.package_identification:_identify(config/node_modules/jquery/src/core/var) by extensions ['ignore', 'ignore_ament_install']
[0.796s] Level 1:colcon.colcon_core.package_identification:_identify(config/node_modules/jquery/src/core/var) by extension 'ignore'
[0.796s] Level 1:colcon.colcon_core.package_identification:_identify(config/node_modules/jquery/src/core/var) by extension 'ignore_ament_install'
[0.796s] Level 1:colcon.colcon_core.package_identification:_identify(config/node_modules/jquery/src/core/var) by extensions ['colcon_pkg']
[0.797s] Level 1:colcon.colcon_core.package_identification:_identify(config/node_modules/jquery/src/core/var) by extension 'colcon_pkg'
[0.797s] Level 1:colcon.colcon_core.package_identification:_identify(config/node_modules/jquery/src/core/var) by extensions ['colcon_meta']
[0.797s] Level 1:colcon.colcon_core.package_identification:_identify(config/node_modules/jquery/src/core/var) by extension 'colcon_meta'
[0.797s] Level 1:colcon.colcon_core.package_identification:_identify(config/node_modules/jquery/src/core/var) by extensions ['ros']
[0.797s] Level 1:colcon.colcon_core.package_identification:_identify(config/node_modules/jquery/src/core/var) by extension 'ros'
[0.797s] Level 1:colcon.colcon_core.package_identification:_identify(config/node_modules/jquery/src/core/var) by extensions ['cmake', 'python']
[0.797s] Level 1:colcon.colcon_core.package_identification:_identify(config/node_modules/jquery/src/core/var) by extension 'cmake'
[0.797s] Level 1:colcon.colcon_core.package_identification:_identify(config/node_modules/jquery/src/core/var) by extension 'python'
[0.797s] Level 1:colcon.colcon_core.package_identification:_identify(config/node_modules/jquery/src/core/var) by extensions ['python_setup_py']
[0.797s] Level 1:colcon.colcon_core.package_identification:_identify(config/node_modules/jquery/src/core/var) by extension 'python_setup_py'
[0.797s] Level 1:colcon.colcon_core.package_identification:_identify(config/node_modules/jquery/src/css) by extensions ['ignore', 'ignore_ament_install']
[0.797s] Level 1:colcon.colcon_core.package_identification:_identify(config/node_modules/jquery/src/css) by extension 'ignore'
[0.797s] Level 1:colcon.colcon_core.package_identification:_identify(config/node_modules/jquery/src/css) by extension 'ignore_ament_install'
[0.797s] Level 1:colcon.colcon_core.package_identification:_identify(config/node_modules/jquery/src/css) by extensions ['colcon_pkg']
[0.797s] Level 1:colcon.colcon_core.package_identification:_identify(config/node_modules/jquery/src/css) by extension 'colcon_pkg'
[0.797s] Level 1:colcon.colcon_core.package_identification:_identify(config/node_modules/jquery/src/css) by extensions ['colcon_meta']
[0.798s] Level 1:colcon.colcon_core.package_identification:_identify(config/node_modules/jquery/src/css) by extension 'colcon_meta'
[0.798s] Level 1:colcon.colcon_core.package_identification:_identify(config/node_modules/jquery/src/css) by extensions ['ros']
[0.798s] Level 1:colcon.colcon_core.package_identification:_identify(config/node_modules/jquery/src/css) by extension 'ros'
[0.798s] Level 1:colcon.colcon_core.package_identification:_identify(config/node_modules/jquery/src/css) by extensions ['cmake', 'python']
[0.798s] Level 1:colcon.colcon_core.package_identification:_identify(config/node_modules/jquery/src/css) by extension 'cmake'
[0.798s] Level 1:colcon.colcon_core.package_identification:_identify(config/node_modules/jquery/src/css) by extension 'python'
[0.798s] Level 1:colcon.colcon_core.package_identification:_identify(config/node_modules/jquery/src/css) by extensions ['python_setup_py']
[0.798s] Level 1:colcon.colcon_core.package_identification:_identify(config/node_modules/jquery/src/css) by extension 'python_setup_py'
[0.799s] Level 1:colcon.colcon_core.package_identification:_identify(config/node_modules/jquery/src/css/var) by extensions ['ignore', 'ignore_ament_install']
[0.799s] Level 1:colcon.colcon_core.package_identification:_identify(config/node_modules/jquery/src/css/var) by extension 'ignore'
[0.799s] Level 1:colcon.colcon_core.package_identification:_identify(config/node_modules/jquery/src/css/var) by extension 'ignore_ament_install'
[0.799s] Level 1:colcon.colcon_core.package_identification:_identify(config/node_modules/jquery/src/css/var) by extensions ['colcon_pkg']
[0.799s] Level 1:colcon.colcon_core.package_identification:_identify(config/node_modules/jquery/src/css/var) by extension 'colcon_pkg'
[0.799s] Level 1:colcon.colcon_core.package_identification:_identify(config/node_modules/jquery/src/css/var) by extensions ['colcon_meta']
[0.799s] Level 1:colcon.colcon_core.package_identification:_identify(config/node_modules/jquery/src/css/var) by extension 'colcon_meta'
[0.799s] Level 1:colcon.colcon_core.package_identification:_identify(config/node_modules/jquery/src/css/var) by extensions ['ros']
[0.799s] Level 1:colcon.colcon_core.package_identification:_identify(config/node_modules/jquery/src/css/var) by extension 'ros'
[0.799s] Level 1:colcon.colcon_core.package_identification:_identify(config/node_modules/jquery/src/css/var) by extensions ['cmake', 'python']
[0.799s] Level 1:colcon.colcon_core.package_identification:_identify(config/node_modules/jquery/src/css/var) by extension 'cmake'
[0.799s] Level 1:colcon.colcon_core.package_identification:_identify(config/node_modules/jquery/src/css/var) by extension 'python'
[0.799s] Level 1:colcon.colcon_core.package_identification:_identify(config/node_modules/jquery/src/css/var) by extensions ['python_setup_py']
[0.800s] Level 1:colcon.colcon_core.package_identification:_identify(config/node_modules/jquery/src/css/var) by extension 'python_setup_py'
[0.800s] Level 1:colcon.colcon_core.package_identification:_identify(config/node_modules/jquery/src/data) by extensions ['ignore', 'ignore_ament_install']
[0.800s] Level 1:colcon.colcon_core.package_identification:_identify(config/node_modules/jquery/src/data) by extension 'ignore'
[0.800s] Level 1:colcon.colcon_core.package_identification:_identify(config/node_modules/jquery/src/data) by extension 'ignore_ament_install'
[0.800s] Level 1:colcon.colcon_core.package_identification:_identify(config/node_modules/jquery/src/data) by extensions ['colcon_pkg']
[0.800s] Level 1:colcon.colcon_core.package_identification:_identify(config/node_modules/jquery/src/data) by extension 'colcon_pkg'
[0.800s] Level 1:colcon.colcon_core.package_identification:_identify(config/node_modules/jquery/src/data) by extensions ['colcon_meta']
[0.800s] Level 1:colcon.colcon_core.package_identification:_identify(config/node_modules/jquery/src/data) by extension 'colcon_meta'
[0.800s] Level 1:colcon.colcon_core.package_identification:_identify(config/node_modules/jquery/src/data) by extensions ['ros']
[0.800s] Level 1:colcon.colcon_core.package_identification:_identify(config/node_modules/jquery/src/data) by extension 'ros'
[0.800s] Level 1:colcon.colcon_core.package_identification:_identify(config/node_modules/jquery/src/data) by extensions ['cmake', 'python']
[0.800s] Level 1:colcon.colcon_core.package_identification:_identify(config/node_modules/jquery/src/data) by extension 'cmake'
[0.800s] Level 1:colcon.colcon_core.package_identification:_identify(config/node_modules/jquery/src/data) by extension 'python'
[0.800s] Level 1:colcon.colcon_core.package_identification:_identify(config/node_modules/jquery/src/data) by extensions ['python_setup_py']
[0.800s] Level 1:colcon.colcon_core.package_identification:_identify(config/node_modules/jquery/src/data) by extension 'python_setup_py'
[0.800s] Level 1:colcon.colcon_core.package_identification:_identify(config/node_modules/jquery/src/data/var) by extensions ['ignore', 'ignore_ament_install']
[0.801s] Level 1:colcon.colcon_core.package_identification:_identify(config/node_modules/jquery/src/data/var) by extension 'ignore'
[0.801s] Level 1:colcon.colcon_core.package_identification:_identify(config/node_modules/jquery/src/data/var) by extension 'ignore_ament_install'
[0.801s] Level 1:colcon.colcon_core.package_identification:_identify(config/node_modules/jquery/src/data/var) by extensions ['colcon_pkg']
[0.801s] Level 1:colcon.colcon_core.package_identification:_identify(config/node_modules/jquery/src/data/var) by extension 'colcon_pkg'
[0.801s] Level 1:colcon.colcon_core.package_identification:_identify(config/node_modules/jquery/src/data/var) by extensions ['colcon_meta']
[0.801s] Level 1:colcon.colcon_core.package_identification:_identify(config/node_modules/jquery/src/data/var) by extension 'colcon_meta'
[0.801s] Level 1:colcon.colcon_core.package_identification:_identify(config/node_modules/jquery/src/data/var) by extensions ['ros']
[0.801s] Level 1:colcon.colcon_core.package_identification:_identify(config/node_modules/jquery/src/data/var) by extension 'ros'
[0.801s] Level 1:colcon.colcon_core.package_identification:_identify(config/node_modules/jquery/src/data/var) by extensions ['cmake', 'python']
[0.801s] Level 1:colcon.colcon_core.package_identification:_identify(config/node_modules/jquery/src/data/var) by extension 'cmake'
[0.801s] Level 1:colcon.colcon_core.package_identification:_identify(config/node_modules/jquery/src/data/var) by extension 'python'
[0.801s] Level 1:colcon.colcon_core.package_identification:_identify(config/node_modules/jquery/src/data/var) by extensions ['python_setup_py']
[0.801s] Level 1:colcon.colcon_core.package_identification:_identify(config/node_modules/jquery/src/data/var) by extension 'python_setup_py'
[0.802s] Level 1:colcon.colcon_core.package_identification:_identify(config/node_modules/jquery/src/deferred) by extensions ['ignore', 'ignore_ament_install']
[0.802s] Level 1:colcon.colcon_core.package_identification:_identify(config/node_modules/jquery/src/deferred) by extension 'ignore'
[0.802s] Level 1:colcon.colcon_core.package_identification:_identify(config/node_modules/jquery/src/deferred) by extension 'ignore_ament_install'
[0.802s] Level 1:colcon.colcon_core.package_identification:_identify(config/node_modules/jquery/src/deferred) by extensions ['colcon_pkg']
[0.802s] Level 1:colcon.colcon_core.package_identification:_identify(config/node_modules/jquery/src/deferred) by extension 'colcon_pkg'
[0.802s] Level 1:colcon.colcon_core.package_identification:_identify(config/node_modules/jquery/src/deferred) by extensions ['colcon_meta']
[0.802s] Level 1:colcon.colcon_core.package_identification:_identify(config/node_modules/jquery/src/deferred) by extension 'colcon_meta'
[0.802s] Level 1:colcon.colcon_core.package_identification:_identify(config/node_modules/jquery/src/deferred) by extensions ['ros']
[0.802s] Level 1:colcon.colcon_core.package_identification:_identify(config/node_modules/jquery/src/deferred) by extension 'ros'
[0.802s] Level 1:colcon.colcon_core.package_identification:_identify(config/node_modules/jquery/src/deferred) by extensions ['cmake', 'python']
[0.802s] Level 1:colcon.colcon_core.package_identification:_identify(config/node_modules/jquery/src/deferred) by extension 'cmake'
[0.802s] Level 1:colcon.colcon_core.package_identification:_identify(config/node_modules/jquery/src/deferred) by extension 'python'
[0.802s] Level 1:colcon.colcon_core.package_identification:_identify(config/node_modules/jquery/src/deferred) by extensions ['python_setup_py']
[0.802s] Level 1:colcon.colcon_core.package_identification:_identify(config/node_modules/jquery/src/deferred) by extension 'python_setup_py'
[0.803s] Level 1:colcon.colcon_core.package_identification:_identify(config/node_modules/jquery/src/deprecated) by extensions ['ignore', 'ignore_ament_install']
[0.803s] Level 1:colcon.colcon_core.package_identification:_identify(config/node_modules/jquery/src/deprecated) by extension 'ignore'
[0.803s] Level 1:colcon.colcon_core.package_identification:_identify(config/node_modules/jquery/src/deprecated) by extension 'ignore_ament_install'
[0.803s] Level 1:colcon.colcon_core.package_identification:_identify(config/node_modules/jquery/src/deprecated) by extensions ['colcon_pkg']
[0.803s] Level 1:colcon.colcon_core.package_identification:_identify(config/node_modules/jquery/src/deprecated) by extension 'colcon_pkg'
[0.803s] Level 1:colcon.colcon_core.package_identification:_identify(config/node_modules/jquery/src/deprecated) by extensions ['colcon_meta']
[0.803s] Level 1:colcon.colcon_core.package_identification:_identify(config/node_modules/jquery/src/deprecated) by extension 'colcon_meta'
[0.803s] Level 1:colcon.colcon_core.package_identification:_identify(config/node_modules/jquery/src/deprecated) by extensions ['ros']
[0.803s] Level 1:colcon.colcon_core.package_identification:_identify(config/node_modules/jquery/src/deprecated) by extension 'ros'
[0.803s] Level 1:colcon.colcon_core.package_identification:_identify(config/node_modules/jquery/src/deprecated) by extensions ['cmake', 'python']
[0.803s] Level 1:colcon.colcon_core.package_identification:_identify(config/node_modules/jquery/src/deprecated) by extension 'cmake'
[0.803s] Level 1:colcon.colcon_core.package_identification:_identify(config/node_modules/jquery/src/deprecated) by extension 'python'
[0.803s] Level 1:colcon.colcon_core.package_identification:_identify(config/node_modules/jquery/src/deprecated) by extensions ['python_setup_py']
[0.803s] Level 1:colcon.colcon_core.package_identification:_identify(config/node_modules/jquery/src/deprecated) by extension 'python_setup_py'
[0.803s] Level 1:colcon.colcon_core.package_identification:_identify(config/node_modules/jquery/src/effects) by extensions ['ignore', 'ignore_ament_install']
[0.804s] Level 1:colcon.colcon_core.package_identification:_identify(config/node_modules/jquery/src/effects) by extension 'ignore'
[0.804s] Level 1:colcon.colcon_core.package_identification:_identify(config/node_modules/jquery/src/effects) by extension 'ignore_ament_install'
[0.804s] Level 1:colcon.colcon_core.package_identification:_identify(config/node_modules/jquery/src/effects) by extensions ['colcon_pkg']
[0.804s] Level 1:colcon.colcon_core.package_identification:_identify(config/node_modules/jquery/src/effects) by extension 'colcon_pkg'
[0.804s] Level 1:colcon.colcon_core.package_identification:_identify(config/node_modules/jquery/src/effects) by extensions ['colcon_meta']
[0.804s] Level 1:colcon.colcon_core.package_identification:_identify(config/node_modules/jquery/src/effects) by extension 'colcon_meta'
[0.804s] Level 1:colcon.colcon_core.package_identification:_identify(config/node_modules/jquery/src/effects) by extensions ['ros']
[0.804s] Level 1:colcon.colcon_core.package_identification:_identify(config/node_modules/jquery/src/effects) by extension 'ros'
[0.804s] Level 1:colcon.colcon_core.package_identification:_identify(config/node_modules/jquery/src/effects) by extensions ['cmake', 'python']
[0.804s] Level 1:colcon.colcon_core.package_identification:_identify(config/node_modules/jquery/src/effects) by extension 'cmake'
[0.804s] Level 1:colcon.colcon_core.package_identification:_identify(config/node_modules/jquery/src/effects) by extension 'python'
[0.804s] Level 1:colcon.colcon_core.package_identification:_identify(config/node_modules/jquery/src/effects) by extensions ['python_setup_py']
[0.804s] Level 1:colcon.colcon_core.package_identification:_identify(config/node_modules/jquery/src/effects) by extension 'python_setup_py'
[0.804s] Level 1:colcon.colcon_core.package_identification:_identify(config/node_modules/jquery/src/event) by extensions ['ignore', 'ignore_ament_install']
[0.805s] Level 1:colcon.colcon_core.package_identification:_identify(config/node_modules/jquery/src/event) by extension 'ignore'
[0.805s] Level 1:colcon.colcon_core.package_identification:_identify(config/node_modules/jquery/src/event) by extension 'ignore_ament_install'
[0.805s] Level 1:colcon.colcon_core.package_identification:_identify(config/node_modules/jquery/src/event) by extensions ['colcon_pkg']
[0.805s] Level 1:colcon.colcon_core.package_identification:_identify(config/node_modules/jquery/src/event) by extension 'colcon_pkg'
[0.805s] Level 1:colcon.colcon_core.package_identification:_identify(config/node_modules/jquery/src/event) by extensions ['colcon_meta']
[0.805s] Level 1:colcon.colcon_core.package_identification:_identify(config/node_modules/jquery/src/event) by extension 'colcon_meta'
[0.805s] Level 1:colcon.colcon_core.package_identification:_identify(config/node_modules/jquery/src/event) by extensions ['ros']
[0.805s] Level 1:colcon.colcon_core.package_identification:_identify(config/node_modules/jquery/src/event) by extension 'ros'
[0.805s] Level 1:colcon.colcon_core.package_identification:_identify(config/node_modules/jquery/src/event) by extensions ['cmake', 'python']
[0.805s] Level 1:colcon.colcon_core.package_identification:_identify(config/node_modules/jquery/src/event) by extension 'cmake'
[0.805s] Level 1:colcon.colcon_core.package_identification:_identify(config/node_modules/jquery/src/event) by extension 'python'
[0.805s] Level 1:colcon.colcon_core.package_identification:_identify(config/node_modules/jquery/src/event) by extensions ['python_setup_py']
[0.805s] Level 1:colcon.colcon_core.package_identification:_identify(config/node_modules/jquery/src/event) by extension 'python_setup_py'
[0.805s] Level 1:colcon.colcon_core.package_identification:_identify(config/node_modules/jquery/src/exports) by extensions ['ignore', 'ignore_ament_install']
[0.805s] Level 1:colcon.colcon_core.package_identification:_identify(config/node_modules/jquery/src/exports) by extension 'ignore'
[0.805s] Level 1:colcon.colcon_core.package_identification:_identify(config/node_modules/jquery/src/exports) by extension 'ignore_ament_install'
[0.806s] Level 1:colcon.colcon_core.package_identification:_identify(config/node_modules/jquery/src/exports) by extensions ['colcon_pkg']
[0.806s] Level 1:colcon.colcon_core.package_identification:_identify(config/node_modules/jquery/src/exports) by extension 'colcon_pkg'
[0.806s] Level 1:colcon.colcon_core.package_identification:_identify(config/node_modules/jquery/src/exports) by extensions ['colcon_meta']
[0.806s] Level 1:colcon.colcon_core.package_identification:_identify(config/node_modules/jquery/src/exports) by extension 'colcon_meta'
[0.806s] Level 1:colcon.colcon_core.package_identification:_identify(config/node_modules/jquery/src/exports) by extensions ['ros']
[0.806s] Level 1:colcon.colcon_core.package_identification:_identify(config/node_modules/jquery/src/exports) by extension 'ros'
[0.806s] Level 1:colcon.colcon_core.package_identification:_identify(config/node_modules/jquery/src/exports) by extensions ['cmake', 'python']
[0.806s] Level 1:colcon.colcon_core.package_identification:_identify(config/node_modules/jquery/src/exports) by extension 'cmake'
[0.806s] Level 1:colcon.colcon_core.package_identification:_identify(config/node_modules/jquery/src/exports) by extension 'python'
[0.806s] Level 1:colcon.colcon_core.package_identification:_identify(config/node_modules/jquery/src/exports) by extensions ['python_setup_py']
[0.806s] Level 1:colcon.colcon_core.package_identification:_identify(config/node_modules/jquery/src/exports) by extension 'python_setup_py'
[0.806s] Level 1:colcon.colcon_core.package_identification:_identify(config/node_modules/jquery/src/manipulation) by extensions ['ignore', 'ignore_ament_install']
[0.806s] Level 1:colcon.colcon_core.package_identification:_identify(config/node_modules/jquery/src/manipulation) by extension 'ignore'
[0.806s] Level 1:colcon.colcon_core.package_identification:_identify(config/node_modules/jquery/src/manipulation) by extension 'ignore_ament_install'
[0.806s] Level 1:colcon.colcon_core.package_identification:_identify(config/node_modules/jquery/src/manipulation) by extensions ['colcon_pkg']
[0.806s] Level 1:colcon.colcon_core.package_identification:_identify(config/node_modules/jquery/src/manipulation) by extension 'colcon_pkg'
[0.806s] Level 1:colcon.colcon_core.package_identification:_identify(config/node_modules/jquery/src/manipulation) by extensions ['colcon_meta']
[0.806s] Level 1:colcon.colcon_core.package_identification:_identify(config/node_modules/jquery/src/manipulation) by extension 'colcon_meta'
[0.807s] Level 1:colcon.colcon_core.package_identification:_identify(config/node_modules/jquery/src/manipulation) by extensions ['ros']
[0.807s] Level 1:colcon.colcon_core.package_identification:_identify(config/node_modules/jquery/src/manipulation) by extension 'ros'
[0.807s] Level 1:colcon.colcon_core.package_identification:_identify(config/node_modules/jquery/src/manipulation) by extensions ['cmake', 'python']
[0.807s] Level 1:colcon.colcon_core.package_identification:_identify(config/node_modules/jquery/src/manipulation) by extension 'cmake'
[0.807s] Level 1:colcon.colcon_core.package_identification:_identify(config/node_modules/jquery/src/manipulation) by extension 'python'
[0.807s] Level 1:colcon.colcon_core.package_identification:_identify(config/node_modules/jquery/src/manipulation) by extensions ['python_setup_py']
[0.807s] Level 1:colcon.colcon_core.package_identification:_identify(config/node_modules/jquery/src/manipulation) by extension 'python_setup_py'
[0.807s] Level 1:colcon.colcon_core.package_identification:_identify(config/node_modules/jquery/src/manipulation/var) by extensions ['ignore', 'ignore_ament_install']
[0.807s] Level 1:colcon.colcon_core.package_identification:_identify(config/node_modules/jquery/src/manipulation/var) by extension 'ignore'
[0.807s] Level 1:colcon.colcon_core.package_identification:_identify(config/node_modules/jquery/src/manipulation/var) by extension 'ignore_ament_install'
[0.807s] Level 1:colcon.colcon_core.package_identification:_identify(config/node_modules/jquery/src/manipulation/var) by extensions ['colcon_pkg']
[0.807s] Level 1:colcon.colcon_core.package_identification:_identify(config/node_modules/jquery/src/manipulation/var) by extension 'colcon_pkg'
[0.807s] Level 1:colcon.colcon_core.package_identification:_identify(config/node_modules/jquery/src/manipulation/var) by extensions ['colcon_meta']
[0.807s] Level 1:colcon.colcon_core.package_identification:_identify(config/node_modules/jquery/src/manipulation/var) by extension 'colcon_meta'
[0.808s] Level 1:colcon.colcon_core.package_identification:_identify(config/node_modules/jquery/src/manipulation/var) by extensions ['ros']
[0.808s] Level 1:colcon.colcon_core.package_identification:_identify(config/node_modules/jquery/src/manipulation/var) by extension 'ros'
[0.808s] Level 1:colcon.colcon_core.package_identification:_identify(config/node_modules/jquery/src/manipulation/var) by extensions ['cmake', 'python']
[0.808s] Level 1:colcon.colcon_core.package_identification:_identify(config/node_modules/jquery/src/manipulation/var) by extension 'cmake'
[0.808s] Level 1:colcon.colcon_core.package_identification:_identify(config/node_modules/jquery/src/manipulation/var) by extension 'python'
[0.808s] Level 1:colcon.colcon_core.package_identification:_identify(config/node_modules/jquery/src/manipulation/var) by extensions ['python_setup_py']
[0.808s] Level 1:colcon.colcon_core.package_identification:_identify(config/node_modules/jquery/src/manipulation/var) by extension 'python_setup_py'
[0.808s] Level 1:colcon.colcon_core.package_identification:_identify(config/node_modules/jquery/src/queue) by extensions ['ignore', 'ignore_ament_install']
[0.808s] Level 1:colcon.colcon_core.package_identification:_identify(config/node_modules/jquery/src/queue) by extension 'ignore'
[0.808s] Level 1:colcon.colcon_core.package_identification:_identify(config/node_modules/jquery/src/queue) by extension 'ignore_ament_install'
[0.808s] Level 1:colcon.colcon_core.package_identification:_identify(config/node_modules/jquery/src/queue) by extensions ['colcon_pkg']
[0.808s] Level 1:colcon.colcon_core.package_identification:_identify(config/node_modules/jquery/src/queue) by extension 'colcon_pkg'
[0.808s] Level 1:colcon.colcon_core.package_identification:_identify(config/node_modules/jquery/src/queue) by extensions ['colcon_meta']
[0.808s] Level 1:colcon.colcon_core.package_identification:_identify(config/node_modules/jquery/src/queue) by extension 'colcon_meta'
[0.809s] Level 1:colcon.colcon_core.package_identification:_identify(config/node_modules/jquery/src/queue) by extensions ['ros']
[0.809s] Level 1:colcon.colcon_core.package_identification:_identify(config/node_modules/jquery/src/queue) by extension 'ros'
[0.809s] Level 1:colcon.colcon_core.package_identification:_identify(config/node_modules/jquery/src/queue) by extensions ['cmake', 'python']
[0.809s] Level 1:colcon.colcon_core.package_identification:_identify(config/node_modules/jquery/src/queue) by extension 'cmake'
[0.809s] Level 1:colcon.colcon_core.package_identification:_identify(config/node_modules/jquery/src/queue) by extension 'python'
[0.809s] Level 1:colcon.colcon_core.package_identification:_identify(config/node_modules/jquery/src/queue) by extensions ['python_setup_py']
[0.809s] Level 1:colcon.colcon_core.package_identification:_identify(config/node_modules/jquery/src/queue) by extension 'python_setup_py'
[0.809s] Level 1:colcon.colcon_core.package_identification:_identify(config/node_modules/jquery/src/selector) by extensions ['ignore', 'ignore_ament_install']
[0.809s] Level 1:colcon.colcon_core.package_identification:_identify(config/node_modules/jquery/src/selector) by extension 'ignore'
[0.809s] Level 1:colcon.colcon_core.package_identification:_identify(config/node_modules/jquery/src/selector) by extension 'ignore_ament_install'
[0.809s] Level 1:colcon.colcon_core.package_identification:_identify(config/node_modules/jquery/src/selector) by extensions ['colcon_pkg']
[0.809s] Level 1:colcon.colcon_core.package_identification:_identify(config/node_modules/jquery/src/selector) by extension 'colcon_pkg'
[0.809s] Level 1:colcon.colcon_core.package_identification:_identify(config/node_modules/jquery/src/selector) by extensions ['colcon_meta']
[0.809s] Level 1:colcon.colcon_core.package_identification:_identify(config/node_modules/jquery/src/selector) by extension 'colcon_meta'
[0.809s] Level 1:colcon.colcon_core.package_identification:_identify(config/node_modules/jquery/src/selector) by extensions ['ros']
[0.809s] Level 1:colcon.colcon_core.package_identification:_identify(config/node_modules/jquery/src/selector) by extension 'ros'
[0.809s] Level 1:colcon.colcon_core.package_identification:_identify(config/node_modules/jquery/src/selector) by extensions ['cmake', 'python']
[0.809s] Level 1:colcon.colcon_core.package_identification:_identify(config/node_modules/jquery/src/selector) by extension 'cmake'
[0.809s] Level 1:colcon.colcon_core.package_identification:_identify(config/node_modules/jquery/src/selector) by extension 'python'
[0.810s] Level 1:colcon.colcon_core.package_identification:_identify(config/node_modules/jquery/src/selector) by extensions ['python_setup_py']
[0.810s] Level 1:colcon.colcon_core.package_identification:_identify(config/node_modules/jquery/src/selector) by extension 'python_setup_py'
[0.810s] Level 1:colcon.colcon_core.package_identification:_identify(config/node_modules/jquery/src/traversing) by extensions ['ignore', 'ignore_ament_install']
[0.810s] Level 1:colcon.colcon_core.package_identification:_identify(config/node_modules/jquery/src/traversing) by extension 'ignore'
[0.810s] Level 1:colcon.colcon_core.package_identification:_identify(config/node_modules/jquery/src/traversing) by extension 'ignore_ament_install'
[0.810s] Level 1:colcon.colcon_core.package_identification:_identify(config/node_modules/jquery/src/traversing) by extensions ['colcon_pkg']
[0.810s] Level 1:colcon.colcon_core.package_identification:_identify(config/node_modules/jquery/src/traversing) by extension 'colcon_pkg'
[0.810s] Level 1:colcon.colcon_core.package_identification:_identify(config/node_modules/jquery/src/traversing) by extensions ['colcon_meta']
[0.810s] Level 1:colcon.colcon_core.package_identification:_identify(config/node_modules/jquery/src/traversing) by extension 'colcon_meta'
[0.810s] Level 1:colcon.colcon_core.package_identification:_identify(config/node_modules/jquery/src/traversing) by extensions ['ros']
[0.810s] Level 1:colcon.colcon_core.package_identification:_identify(config/node_modules/jquery/src/traversing) by extension 'ros'
[0.810s] Level 1:colcon.colcon_core.package_identification:_identify(config/node_modules/jquery/src/traversing) by extensions ['cmake', 'python']
[0.810s] Level 1:colcon.colcon_core.package_identification:_identify(config/node_modules/jquery/src/traversing) by extension 'cmake'
[0.810s] Level 1:colcon.colcon_core.package_identification:_identify(config/node_modules/jquery/src/traversing) by extension 'python'
[0.810s] Level 1:colcon.colcon_core.package_identification:_identify(config/node_modules/jquery/src/traversing) by extensions ['python_setup_py']
[0.811s] Level 1:colcon.colcon_core.package_identification:_identify(config/node_modules/jquery/src/traversing) by extension 'python_setup_py'
[0.811s] Level 1:colcon.colcon_core.package_identification:_identify(config/node_modules/jquery/src/traversing/var) by extensions ['ignore', 'ignore_ament_install']
[0.811s] Level 1:colcon.colcon_core.package_identification:_identify(config/node_modules/jquery/src/traversing/var) by extension 'ignore'
[0.811s] Level 1:colcon.colcon_core.package_identification:_identify(config/node_modules/jquery/src/traversing/var) by extension 'ignore_ament_install'
[0.811s] Level 1:colcon.colcon_core.package_identification:_identify(config/node_modules/jquery/src/traversing/var) by extensions ['colcon_pkg']
[0.811s] Level 1:colcon.colcon_core.package_identification:_identify(config/node_modules/jquery/src/traversing/var) by extension 'colcon_pkg'
[0.811s] Level 1:colcon.colcon_core.package_identification:_identify(config/node_modules/jquery/src/traversing/var) by extensions ['colcon_meta']
[0.811s] Level 1:colcon.colcon_core.package_identification:_identify(config/node_modules/jquery/src/traversing/var) by extension 'colcon_meta'
[0.811s] Level 1:colcon.colcon_core.package_identification:_identify(config/node_modules/jquery/src/traversing/var) by extensions ['ros']
[0.811s] Level 1:colcon.colcon_core.package_identification:_identify(config/node_modules/jquery/src/traversing/var) by extension 'ros'
[0.811s] Level 1:colcon.colcon_core.package_identification:_identify(config/node_modules/jquery/src/traversing/var) by extensions ['cmake', 'python']
[0.811s] Level 1:colcon.colcon_core.package_identification:_identify(config/node_modules/jquery/src/traversing/var) by extension 'cmake'
[0.811s] Level 1:colcon.colcon_core.package_identification:_identify(config/node_modules/jquery/src/traversing/var) by extension 'python'
[0.811s] Level 1:colcon.colcon_core.package_identification:_identify(config/node_modules/jquery/src/traversing/var) by extensions ['python_setup_py']
[0.811s] Level 1:colcon.colcon_core.package_identification:_identify(config/node_modules/jquery/src/traversing/var) by extension 'python_setup_py'
[0.812s] Level 1:colcon.colcon_core.package_identification:_identify(config/node_modules/jquery/src/var) by extensions ['ignore', 'ignore_ament_install']
[0.812s] Level 1:colcon.colcon_core.package_identification:_identify(config/node_modules/jquery/src/var) by extension 'ignore'
[0.812s] Level 1:colcon.colcon_core.package_identification:_identify(config/node_modules/jquery/src/var) by extension 'ignore_ament_install'
[0.812s] Level 1:colcon.colcon_core.package_identification:_identify(config/node_modules/jquery/src/var) by extensions ['colcon_pkg']
[0.812s] Level 1:colcon.colcon_core.package_identification:_identify(config/node_modules/jquery/src/var) by extension 'colcon_pkg'
[0.812s] Level 1:colcon.colcon_core.package_identification:_identify(config/node_modules/jquery/src/var) by extensions ['colcon_meta']
[0.812s] Level 1:colcon.colcon_core.package_identification:_identify(config/node_modules/jquery/src/var) by extension 'colcon_meta'
[0.812s] Level 1:colcon.colcon_core.package_identification:_identify(config/node_modules/jquery/src/var) by extensions ['ros']
[0.812s] Level 1:colcon.colcon_core.package_identification:_identify(config/node_modules/jquery/src/var) by extension 'ros'
[0.812s] Level 1:colcon.colcon_core.package_identification:_identify(config/node_modules/jquery/src/var) by extensions ['cmake', 'python']
[0.812s] Level 1:colcon.colcon_core.package_identification:_identify(config/node_modules/jquery/src/var) by extension 'cmake'
[0.812s] Level 1:colcon.colcon_core.package_identification:_identify(config/node_modules/jquery/src/var) by extension 'python'
[0.812s] Level 1:colcon.colcon_core.package_identification:_identify(config/node_modules/jquery/src/var) by extensions ['python_setup_py']
[0.812s] Level 1:colcon.colcon_core.package_identification:_identify(config/node_modules/jquery/src/var) by extension 'python_setup_py'
[0.813s] Level 1:colcon.colcon_core.package_identification:_identify(config/node_modules/mime) by extensions ['ignore', 'ignore_ament_install']
[0.813s] Level 1:colcon.colcon_core.package_identification:_identify(config/node_modules/mime) by extension 'ignore'
[0.813s] Level 1:colcon.colcon_core.package_identification:_identify(config/node_modules/mime) by extension 'ignore_ament_install'
[0.813s] Level 1:colcon.colcon_core.package_identification:_identify(config/node_modules/mime) by extensions ['colcon_pkg']
[0.813s] Level 1:colcon.colcon_core.package_identification:_identify(config/node_modules/mime) by extension 'colcon_pkg'
[0.813s] Level 1:colcon.colcon_core.package_identification:_identify(config/node_modules/mime) by extensions ['colcon_meta']
[0.814s] Level 1:colcon.colcon_core.package_identification:_identify(config/node_modules/mime) by extension 'colcon_meta'
[0.814s] Level 1:colcon.colcon_core.package_identification:_identify(config/node_modules/mime) by extensions ['ros']
[0.814s] Level 1:colcon.colcon_core.package_identification:_identify(config/node_modules/mime) by extension 'ros'
[0.814s] Level 1:colcon.colcon_core.package_identification:_identify(config/node_modules/mime) by extensions ['cmake', 'python']
[0.814s] Level 1:colcon.colcon_core.package_identification:_identify(config/node_modules/mime) by extension 'cmake'
[0.814s] Level 1:colcon.colcon_core.package_identification:_identify(config/node_modules/mime) by extension 'python'
[0.814s] Level 1:colcon.colcon_core.package_identification:_identify(config/node_modules/mime) by extensions ['python_setup_py']
[0.814s] Level 1:colcon.colcon_core.package_identification:_identify(config/node_modules/mime) by extension 'python_setup_py'
[0.814s] Level 1:colcon.colcon_core.package_identification:_identify(config/node_modules/mime/src) by extensions ['ignore', 'ignore_ament_install']
[0.814s] Level 1:colcon.colcon_core.package_identification:_identify(config/node_modules/mime/src) by extension 'ignore'
[0.814s] Level 1:colcon.colcon_core.package_identification:_identify(config/node_modules/mime/src) by extension 'ignore_ament_install'
[0.814s] Level 1:colcon.colcon_core.package_identification:_identify(config/node_modules/mime/src) by extensions ['colcon_pkg']
[0.814s] Level 1:colcon.colcon_core.package_identification:_identify(config/node_modules/mime/src) by extension 'colcon_pkg'
[0.814s] Level 1:colcon.colcon_core.package_identification:_identify(config/node_modules/mime/src) by extensions ['colcon_meta']
[0.814s] Level 1:colcon.colcon_core.package_identification:_identify(config/node_modules/mime/src) by extension 'colcon_meta'
[0.814s] Level 1:colcon.colcon_core.package_identification:_identify(config/node_modules/mime/src) by extensions ['ros']
[0.814s] Level 1:colcon.colcon_core.package_identification:_identify(config/node_modules/mime/src) by extension 'ros'
[0.814s] Level 1:colcon.colcon_core.package_identification:_identify(config/node_modules/mime/src) by extensions ['cmake', 'python']
[0.814s] Level 1:colcon.colcon_core.package_identification:_identify(config/node_modules/mime/src) by extension 'cmake'
[0.814s] Level 1:colcon.colcon_core.package_identification:_identify(config/node_modules/mime/src) by extension 'python'
[0.814s] Level 1:colcon.colcon_core.package_identification:_identify(config/node_modules/mime/src) by extensions ['python_setup_py']
[0.814s] Level 1:colcon.colcon_core.package_identification:_identify(config/node_modules/mime/src) by extension 'python_setup_py'
[0.814s] Level 1:colcon.colcon_core.package_identification:_identify(config/node_modules/mime-db) by extensions ['ignore', 'ignore_ament_install']
[0.814s] Level 1:colcon.colcon_core.package_identification:_identify(config/node_modules/mime-db) by extension 'ignore'
[0.814s] Level 1:colcon.colcon_core.package_identification:_identify(config/node_modules/mime-db) by extension 'ignore_ament_install'
[0.815s] Level 1:colcon.colcon_core.package_identification:_identify(config/node_modules/mime-db) by extensions ['colcon_pkg']
[0.815s] Level 1:colcon.colcon_core.package_identification:_identify(config/node_modules/mime-db) by extension 'colcon_pkg'
[0.815s] Level 1:colcon.colcon_core.package_identification:_identify(config/node_modules/mime-db) by extensions ['colcon_meta']
[0.815s] Level 1:colcon.colcon_core.package_identification:_identify(config/node_modules/mime-db) by extension 'colcon_meta'
[0.815s] Level 1:colcon.colcon_core.package_identification:_identify(config/node_modules/mime-db) by extensions ['ros']
[0.815s] Level 1:colcon.colcon_core.package_identification:_identify(config/node_modules/mime-db) by extension 'ros'
[0.815s] Level 1:colcon.colcon_core.package_identification:_identify(config/node_modules/mime-db) by extensions ['cmake', 'python']
[0.815s] Level 1:colcon.colcon_core.package_identification:_identify(config/node_modules/mime-db) by extension 'cmake'
[0.815s] Level 1:colcon.colcon_core.package_identification:_identify(config/node_modules/mime-db) by extension 'python'
[0.815s] Level 1:colcon.colcon_core.package_identification:_identify(config/node_modules/mime-db) by extensions ['python_setup_py']
[0.815s] Level 1:colcon.colcon_core.package_identification:_identify(config/node_modules/mime-db) by extension 'python_setup_py'
[0.815s] Level 1:colcon.colcon_core.package_identification:_identify(config/node_modules/mime-types) by extensions ['ignore', 'ignore_ament_install']
[0.815s] Level 1:colcon.colcon_core.package_identification:_identify(config/node_modules/mime-types) by extension 'ignore'
[0.815s] Level 1:colcon.colcon_core.package_identification:_identify(config/node_modules/mime-types) by extension 'ignore_ament_install'
[0.815s] Level 1:colcon.colcon_core.package_identification:_identify(config/node_modules/mime-types) by extensions ['colcon_pkg']
[0.815s] Level 1:colcon.colcon_core.package_identification:_identify(config/node_modules/mime-types) by extension 'colcon_pkg'
[0.815s] Level 1:colcon.colcon_core.package_identification:_identify(config/node_modules/mime-types) by extensions ['colcon_meta']
[0.815s] Level 1:colcon.colcon_core.package_identification:_identify(config/node_modules/mime-types) by extension 'colcon_meta'
[0.815s] Level 1:colcon.colcon_core.package_identification:_identify(config/node_modules/mime-types) by extensions ['ros']
[0.815s] Level 1:colcon.colcon_core.package_identification:_identify(config/node_modules/mime-types) by extension 'ros'
[0.815s] Level 1:colcon.colcon_core.package_identification:_identify(config/node_modules/mime-types) by extensions ['cmake', 'python']
[0.815s] Level 1:colcon.colcon_core.package_identification:_identify(config/node_modules/mime-types) by extension 'cmake'
[0.815s] Level 1:colcon.colcon_core.package_identification:_identify(config/node_modules/mime-types) by extension 'python'
[0.815s] Level 1:colcon.colcon_core.package_identification:_identify(config/node_modules/mime-types) by extensions ['python_setup_py']
[0.815s] Level 1:colcon.colcon_core.package_identification:_identify(config/node_modules/mime-types) by extension 'python_setup_py'
[0.816s] Level 1:colcon.colcon_core.package_identification:_identify(config/node_modules/mime-types/node_modules) by extensions ['ignore', 'ignore_ament_install']
[0.816s] Level 1:colcon.colcon_core.package_identification:_identify(config/node_modules/mime-types/node_modules) by extension 'ignore'
[0.816s] Level 1:colcon.colcon_core.package_identification:_identify(config/node_modules/mime-types/node_modules) by extension 'ignore_ament_install'
[0.816s] Level 1:colcon.colcon_core.package_identification:_identify(config/node_modules/mime-types/node_modules) by extensions ['colcon_pkg']
[0.816s] Level 1:colcon.colcon_core.package_identification:_identify(config/node_modules/mime-types/node_modules) by extension 'colcon_pkg'
[0.816s] Level 1:colcon.colcon_core.package_identification:_identify(config/node_modules/mime-types/node_modules) by extensions ['colcon_meta']
[0.816s] Level 1:colcon.colcon_core.package_identification:_identify(config/node_modules/mime-types/node_modules) by extension 'colcon_meta'
[0.816s] Level 1:colcon.colcon_core.package_identification:_identify(config/node_modules/mime-types/node_modules) by extensions ['ros']
[0.816s] Level 1:colcon.colcon_core.package_identification:_identify(config/node_modules/mime-types/node_modules) by extension 'ros'
[0.816s] Level 1:colcon.colcon_core.package_identification:_identify(config/node_modules/mime-types/node_modules) by extensions ['cmake', 'python']
[0.816s] Level 1:colcon.colcon_core.package_identification:_identify(config/node_modules/mime-types/node_modules) by extension 'cmake'
[0.816s] Level 1:colcon.colcon_core.package_identification:_identify(config/node_modules/mime-types/node_modules) by extension 'python'
[0.816s] Level 1:colcon.colcon_core.package_identification:_identify(config/node_modules/mime-types/node_modules) by extensions ['python_setup_py']
[0.816s] Level 1:colcon.colcon_core.package_identification:_identify(config/node_modules/mime-types/node_modules) by extension 'python_setup_py'
[0.816s] Level 1:colcon.colcon_core.package_identification:_identify(config/node_modules/mime-types/node_modules/mime-db) by extensions ['ignore', 'ignore_ament_install']
[0.816s] Level 1:colcon.colcon_core.package_identification:_identify(config/node_modules/mime-types/node_modules/mime-db) by extension 'ignore'
[0.816s] Level 1:colcon.colcon_core.package_identification:_identify(config/node_modules/mime-types/node_modules/mime-db) by extension 'ignore_ament_install'
[0.816s] Level 1:colcon.colcon_core.package_identification:_identify(config/node_modules/mime-types/node_modules/mime-db) by extensions ['colcon_pkg']
[0.816s] Level 1:colcon.colcon_core.package_identification:_identify(config/node_modules/mime-types/node_modules/mime-db) by extension 'colcon_pkg'
[0.816s] Level 1:colcon.colcon_core.package_identification:_identify(config/node_modules/mime-types/node_modules/mime-db) by extensions ['colcon_meta']
[0.816s] Level 1:colcon.colcon_core.package_identification:_identify(config/node_modules/mime-types/node_modules/mime-db) by extension 'colcon_meta'
[0.816s] Level 1:colcon.colcon_core.package_identification:_identify(config/node_modules/mime-types/node_modules/mime-db) by extensions ['ros']
[0.816s] Level 1:colcon.colcon_core.package_identification:_identify(config/node_modules/mime-types/node_modules/mime-db) by extension 'ros'
[0.816s] Level 1:colcon.colcon_core.package_identification:_identify(config/node_modules/mime-types/node_modules/mime-db) by extensions ['cmake', 'python']
[0.816s] Level 1:colcon.colcon_core.package_identification:_identify(config/node_modules/mime-types/node_modules/mime-db) by extension 'cmake'
[0.816s] Level 1:colcon.colcon_core.package_identification:_identify(config/node_modules/mime-types/node_modules/mime-db) by extension 'python'
[0.816s] Level 1:colcon.colcon_core.package_identification:_identify(config/node_modules/mime-types/node_modules/mime-db) by extensions ['python_setup_py']
[0.816s] Level 1:colcon.colcon_core.package_identification:_identify(config/node_modules/mime-types/node_modules/mime-db) by extension 'python_setup_py'
[0.817s] Level 1:colcon.colcon_core.package_identification:_identify(config/node_modules/ms) by extensions ['ignore', 'ignore_ament_install']
[0.817s] Level 1:colcon.colcon_core.package_identification:_identify(config/node_modules/ms) by extension 'ignore'
[0.817s] Level 1:colcon.colcon_core.package_identification:_identify(config/node_modules/ms) by extension 'ignore_ament_install'
[0.817s] Level 1:colcon.colcon_core.package_identification:_identify(config/node_modules/ms) by extensions ['colcon_pkg']
[0.817s] Level 1:colcon.colcon_core.package_identification:_identify(config/node_modules/ms) by extension 'colcon_pkg'
[0.817s] Level 1:colcon.colcon_core.package_identification:_identify(config/node_modules/ms) by extensions ['colcon_meta']
[0.817s] Level 1:colcon.colcon_core.package_identification:_identify(config/node_modules/ms) by extension 'colcon_meta'
[0.817s] Level 1:colcon.colcon_core.package_identification:_identify(config/node_modules/ms) by extensions ['ros']
[0.817s] Level 1:colcon.colcon_core.package_identification:_identify(config/node_modules/ms) by extension 'ros'
[0.817s] Level 1:colcon.colcon_core.package_identification:_identify(config/node_modules/ms) by extensions ['cmake', 'python']
[0.817s] Level 1:colcon.colcon_core.package_identification:_identify(config/node_modules/ms) by extension 'cmake'
[0.817s] Level 1:colcon.colcon_core.package_identification:_identify(config/node_modules/ms) by extension 'python'
[0.817s] Level 1:colcon.colcon_core.package_identification:_identify(config/node_modules/ms) by extensions ['python_setup_py']
[0.817s] Level 1:colcon.colcon_core.package_identification:_identify(config/node_modules/ms) by extension 'python_setup_py'
[0.817s] Level 1:colcon.colcon_core.package_identification:_identify(config/node_modules/negotiator) by extensions ['ignore', 'ignore_ament_install']
[0.817s] Level 1:colcon.colcon_core.package_identification:_identify(config/node_modules/negotiator) by extension 'ignore'
[0.817s] Level 1:colcon.colcon_core.package_identification:_identify(config/node_modules/negotiator) by extension 'ignore_ament_install'
[0.817s] Level 1:colcon.colcon_core.package_identification:_identify(config/node_modules/negotiator) by extensions ['colcon_pkg']
[0.817s] Level 1:colcon.colcon_core.package_identification:_identify(config/node_modules/negotiator) by extension 'colcon_pkg'
[0.817s] Level 1:colcon.colcon_core.package_identification:_identify(config/node_modules/negotiator) by extensions ['colcon_meta']
[0.817s] Level 1:colcon.colcon_core.package_identification:_identify(config/node_modules/negotiator) by extension 'colcon_meta'
[0.817s] Level 1:colcon.colcon_core.package_identification:_identify(config/node_modules/negotiator) by extensions ['ros']
[0.817s] Level 1:colcon.colcon_core.package_identification:_identify(config/node_modules/negotiator) by extension 'ros'
[0.817s] Level 1:colcon.colcon_core.package_identification:_identify(config/node_modules/negotiator) by extensions ['cmake', 'python']
[0.817s] Level 1:colcon.colcon_core.package_identification:_identify(config/node_modules/negotiator) by extension 'cmake'
[0.817s] Level 1:colcon.colcon_core.package_identification:_identify(config/node_modules/negotiator) by extension 'python'
[0.818s] Level 1:colcon.colcon_core.package_identification:_identify(config/node_modules/negotiator) by extensions ['python_setup_py']
[0.818s] Level 1:colcon.colcon_core.package_identification:_identify(config/node_modules/negotiator) by extension 'python_setup_py'
[0.818s] Level 1:colcon.colcon_core.package_identification:_identify(config/node_modules/negotiator/lib) by extensions ['ignore', 'ignore_ament_install']
[0.818s] Level 1:colcon.colcon_core.package_identification:_identify(config/node_modules/negotiator/lib) by extension 'ignore'
[0.818s] Level 1:colcon.colcon_core.package_identification:_identify(config/node_modules/negotiator/lib) by extension 'ignore_ament_install'
[0.818s] Level 1:colcon.colcon_core.package_identification:_identify(config/node_modules/negotiator/lib) by extensions ['colcon_pkg']
[0.818s] Level 1:colcon.colcon_core.package_identification:_identify(config/node_modules/negotiator/lib) by extension 'colcon_pkg'
[0.818s] Level 1:colcon.colcon_core.package_identification:_identify(config/node_modules/negotiator/lib) by extensions ['colcon_meta']
[0.818s] Level 1:colcon.colcon_core.package_identification:_identify(config/node_modules/negotiator/lib) by extension 'colcon_meta'
[0.818s] Level 1:colcon.colcon_core.package_identification:_identify(config/node_modules/negotiator/lib) by extensions ['ros']
[0.818s] Level 1:colcon.colcon_core.package_identification:_identify(config/node_modules/negotiator/lib) by extension 'ros'
[0.818s] Level 1:colcon.colcon_core.package_identification:_identify(config/node_modules/negotiator/lib) by extensions ['cmake', 'python']
[0.818s] Level 1:colcon.colcon_core.package_identification:_identify(config/node_modules/negotiator/lib) by extension 'cmake'
[0.818s] Level 1:colcon.colcon_core.package_identification:_identify(config/node_modules/negotiator/lib) by extension 'python'
[0.818s] Level 1:colcon.colcon_core.package_identification:_identify(config/node_modules/negotiator/lib) by extensions ['python_setup_py']
[0.818s] Level 1:colcon.colcon_core.package_identification:_identify(config/node_modules/negotiator/lib) by extension 'python_setup_py'
[0.819s] Level 1:colcon.colcon_core.package_identification:_identify(config/node_modules/node-red-dashboard) by extensions ['ignore', 'ignore_ament_install']
[0.819s] Level 1:colcon.colcon_core.package_identification:_identify(config/node_modules/node-red-dashboard) by extension 'ignore'
[0.819s] Level 1:colcon.colcon_core.package_identification:_identify(config/node_modules/node-red-dashboard) by extension 'ignore_ament_install'
[0.819s] Level 1:colcon.colcon_core.package_identification:_identify(config/node_modules/node-red-dashboard) by extensions ['colcon_pkg']
[0.819s] Level 1:colcon.colcon_core.package_identification:_identify(config/node_modules/node-red-dashboard) by extension 'colcon_pkg'
[0.819s] Level 1:colcon.colcon_core.package_identification:_identify(config/node_modules/node-red-dashboard) by extensions ['colcon_meta']
[0.819s] Level 1:colcon.colcon_core.package_identification:_identify(config/node_modules/node-red-dashboard) by extension 'colcon_meta'
[0.819s] Level 1:colcon.colcon_core.package_identification:_identify(config/node_modules/node-red-dashboard) by extensions ['ros']
[0.819s] Level 1:colcon.colcon_core.package_identification:_identify(config/node_modules/node-red-dashboard) by extension 'ros'
[0.819s] Level 1:colcon.colcon_core.package_identification:_identify(config/node_modules/node-red-dashboard) by extensions ['cmake', 'python']
[0.819s] Level 1:colcon.colcon_core.package_identification:_identify(config/node_modules/node-red-dashboard) by extension 'cmake'
[0.819s] Level 1:colcon.colcon_core.package_identification:_identify(config/node_modules/node-red-dashboard) by extension 'python'
[0.819s] Level 1:colcon.colcon_core.package_identification:_identify(config/node_modules/node-red-dashboard) by extensions ['python_setup_py']
[0.819s] Level 1:colcon.colcon_core.package_identification:_identify(config/node_modules/node-red-dashboard) by extension 'python_setup_py'
[0.820s] Level 1:colcon.colcon_core.package_identification:_identify(config/node_modules/node-red-dashboard/dist) by extensions ['ignore', 'ignore_ament_install']
[0.820s] Level 1:colcon.colcon_core.package_identification:_identify(config/node_modules/node-red-dashboard/dist) by extension 'ignore'
[0.820s] Level 1:colcon.colcon_core.package_identification:_identify(config/node_modules/node-red-dashboard/dist) by extension 'ignore_ament_install'
[0.820s] Level 1:colcon.colcon_core.package_identification:_identify(config/node_modules/node-red-dashboard/dist) by extensions ['colcon_pkg']
[0.820s] Level 1:colcon.colcon_core.package_identification:_identify(config/node_modules/node-red-dashboard/dist) by extension 'colcon_pkg'
[0.820s] Level 1:colcon.colcon_core.package_identification:_identify(config/node_modules/node-red-dashboard/dist) by extensions ['colcon_meta']
[0.820s] Level 1:colcon.colcon_core.package_identification:_identify(config/node_modules/node-red-dashboard/dist) by extension 'colcon_meta'
[0.820s] Level 1:colcon.colcon_core.package_identification:_identify(config/node_modules/node-red-dashboard/dist) by extensions ['ros']
[0.820s] Level 1:colcon.colcon_core.package_identification:_identify(config/node_modules/node-red-dashboard/dist) by extension 'ros'
[0.820s] Level 1:colcon.colcon_core.package_identification:_identify(config/node_modules/node-red-dashboard/dist) by extensions ['cmake', 'python']
[0.820s] Level 1:colcon.colcon_core.package_identification:_identify(config/node_modules/node-red-dashboard/dist) by extension 'cmake'
[0.820s] Level 1:colcon.colcon_core.package_identification:_identify(config/node_modules/node-red-dashboard/dist) by extension 'python'
[0.820s] Level 1:colcon.colcon_core.package_identification:_identify(config/node_modules/node-red-dashboard/dist) by extensions ['python_setup_py']
[0.820s] Level 1:colcon.colcon_core.package_identification:_identify(config/node_modules/node-red-dashboard/dist) by extension 'python_setup_py'
[0.820s] Level 1:colcon.colcon_core.package_identification:_identify(config/node_modules/node-red-dashboard/dist/css) by extensions ['ignore', 'ignore_ament_install']
[0.820s] Level 1:colcon.colcon_core.package_identification:_identify(config/node_modules/node-red-dashboard/dist/css) by extension 'ignore'
[0.820s] Level 1:colcon.colcon_core.package_identification:_identify(config/node_modules/node-red-dashboard/dist/css) by extension 'ignore_ament_install'
[0.820s] Level 1:colcon.colcon_core.package_identification:_identify(config/node_modules/node-red-dashboard/dist/css) by extensions ['colcon_pkg']
[0.820s] Level 1:colcon.colcon_core.package_identification:_identify(config/node_modules/node-red-dashboard/dist/css) by extension 'colcon_pkg'
[0.820s] Level 1:colcon.colcon_core.package_identification:_identify(config/node_modules/node-red-dashboard/dist/css) by extensions ['colcon_meta']
[0.820s] Level 1:colcon.colcon_core.package_identification:_identify(config/node_modules/node-red-dashboard/dist/css) by extension 'colcon_meta'
[0.821s] Level 1:colcon.colcon_core.package_identification:_identify(config/node_modules/node-red-dashboard/dist/css) by extensions ['ros']
[0.821s] Level 1:colcon.colcon_core.package_identification:_identify(config/node_modules/node-red-dashboard/dist/css) by extension 'ros'
[0.821s] Level 1:colcon.colcon_core.package_identification:_identify(config/node_modules/node-red-dashboard/dist/css) by extensions ['cmake', 'python']
[0.821s] Level 1:colcon.colcon_core.package_identification:_identify(config/node_modules/node-red-dashboard/dist/css) by extension 'cmake'
[0.821s] Level 1:colcon.colcon_core.package_identification:_identify(config/node_modules/node-red-dashboard/dist/css) by extension 'python'
[0.821s] Level 1:colcon.colcon_core.package_identification:_identify(config/node_modules/node-red-dashboard/dist/css) by extensions ['python_setup_py']
[0.821s] Level 1:colcon.colcon_core.package_identification:_identify(config/node_modules/node-red-dashboard/dist/css) by extension 'python_setup_py'
[0.821s] Level 1:colcon.colcon_core.package_identification:_identify(config/node_modules/node-red-dashboard/dist/fonts) by extensions ['ignore', 'ignore_ament_install']
[0.821s] Level 1:colcon.colcon_core.package_identification:_identify(config/node_modules/node-red-dashboard/dist/fonts) by extension 'ignore'
[0.821s] Level 1:colcon.colcon_core.package_identification:_identify(config/node_modules/node-red-dashboard/dist/fonts) by extension 'ignore_ament_install'
[0.821s] Level 1:colcon.colcon_core.package_identification:_identify(config/node_modules/node-red-dashboard/dist/fonts) by extensions ['colcon_pkg']
[0.821s] Level 1:colcon.colcon_core.package_identification:_identify(config/node_modules/node-red-dashboard/dist/fonts) by extension 'colcon_pkg'
[0.821s] Level 1:colcon.colcon_core.package_identification:_identify(config/node_modules/node-red-dashboard/dist/fonts) by extensions ['colcon_meta']
[0.821s] Level 1:colcon.colcon_core.package_identification:_identify(config/node_modules/node-red-dashboard/dist/fonts) by extension 'colcon_meta'
[0.821s] Level 1:colcon.colcon_core.package_identification:_identify(config/node_modules/node-red-dashboard/dist/fonts) by extensions ['ros']
[0.821s] Level 1:colcon.colcon_core.package_identification:_identify(config/node_modules/node-red-dashboard/dist/fonts) by extension 'ros'
[0.822s] Level 1:colcon.colcon_core.package_identification:_identify(config/node_modules/node-red-dashboard/dist/fonts) by extensions ['cmake', 'python']
[0.822s] Level 1:colcon.colcon_core.package_identification:_identify(config/node_modules/node-red-dashboard/dist/fonts) by extension 'cmake'
[0.822s] Level 1:colcon.colcon_core.package_identification:_identify(config/node_modules/node-red-dashboard/dist/fonts) by extension 'python'
[0.822s] Level 1:colcon.colcon_core.package_identification:_identify(config/node_modules/node-red-dashboard/dist/fonts) by extensions ['python_setup_py']
[0.822s] Level 1:colcon.colcon_core.package_identification:_identify(config/node_modules/node-red-dashboard/dist/fonts) by extension 'python_setup_py'
[0.822s] Level 1:colcon.colcon_core.package_identification:_identify(config/node_modules/node-red-dashboard/dist/js) by extensions ['ignore', 'ignore_ament_install']
[0.822s] Level 1:colcon.colcon_core.package_identification:_identify(config/node_modules/node-red-dashboard/dist/js) by extension 'ignore'
[0.822s] Level 1:colcon.colcon_core.package_identification:_identify(config/node_modules/node-red-dashboard/dist/js) by extension 'ignore_ament_install'
[0.822s] Level 1:colcon.colcon_core.package_identification:_identify(config/node_modules/node-red-dashboard/dist/js) by extensions ['colcon_pkg']
[0.822s] Level 1:colcon.colcon_core.package_identification:_identify(config/node_modules/node-red-dashboard/dist/js) by extension 'colcon_pkg'
[0.822s] Level 1:colcon.colcon_core.package_identification:_identify(config/node_modules/node-red-dashboard/dist/js) by extensions ['colcon_meta']
[0.822s] Level 1:colcon.colcon_core.package_identification:_identify(config/node_modules/node-red-dashboard/dist/js) by extension 'colcon_meta'
[0.823s] Level 1:colcon.colcon_core.package_identification:_identify(config/node_modules/node-red-dashboard/dist/js) by extensions ['ros']
[0.823s] Level 1:colcon.colcon_core.package_identification:_identify(config/node_modules/node-red-dashboard/dist/js) by extension 'ros'
[0.823s] Level 1:colcon.colcon_core.package_identification:_identify(config/node_modules/node-red-dashboard/dist/js) by extensions ['cmake', 'python']
[0.823s] Level 1:colcon.colcon_core.package_identification:_identify(config/node_modules/node-red-dashboard/dist/js) by extension 'cmake'
[0.823s] Level 1:colcon.colcon_core.package_identification:_identify(config/node_modules/node-red-dashboard/dist/js) by extension 'python'
[0.823s] Level 1:colcon.colcon_core.package_identification:_identify(config/node_modules/node-red-dashboard/dist/js) by extensions ['python_setup_py']
[0.823s] Level 1:colcon.colcon_core.package_identification:_identify(config/node_modules/node-red-dashboard/dist/js) by extension 'python_setup_py'
[0.823s] Level 1:colcon.colcon_core.package_identification:_identify(config/node_modules/node-red-dashboard/nodes) by extensions ['ignore', 'ignore_ament_install']
[0.823s] Level 1:colcon.colcon_core.package_identification:_identify(config/node_modules/node-red-dashboard/nodes) by extension 'ignore'
[0.823s] Level 1:colcon.colcon_core.package_identification:_identify(config/node_modules/node-red-dashboard/nodes) by extension 'ignore_ament_install'
[0.823s] Level 1:colcon.colcon_core.package_identification:_identify(config/node_modules/node-red-dashboard/nodes) by extensions ['colcon_pkg']
[0.823s] Level 1:colcon.colcon_core.package_identification:_identify(config/node_modules/node-red-dashboard/nodes) by extension 'colcon_pkg'
[0.823s] Level 1:colcon.colcon_core.package_identification:_identify(config/node_modules/node-red-dashboard/nodes) by extensions ['colcon_meta']
[0.823s] Level 1:colcon.colcon_core.package_identification:_identify(config/node_modules/node-red-dashboard/nodes) by extension 'colcon_meta'
[0.823s] Level 1:colcon.colcon_core.package_identification:_identify(config/node_modules/node-red-dashboard/nodes) by extensions ['ros']
[0.824s] Level 1:colcon.colcon_core.package_identification:_identify(config/node_modules/node-red-dashboard/nodes) by extension 'ros'
[0.824s] Level 1:colcon.colcon_core.package_identification:_identify(config/node_modules/node-red-dashboard/nodes) by extensions ['cmake', 'python']
[0.824s] Level 1:colcon.colcon_core.package_identification:_identify(config/node_modules/node-red-dashboard/nodes) by extension 'cmake'
[0.824s] Level 1:colcon.colcon_core.package_identification:_identify(config/node_modules/node-red-dashboard/nodes) by extension 'python'
[0.824s] Level 1:colcon.colcon_core.package_identification:_identify(config/node_modules/node-red-dashboard/nodes) by extensions ['python_setup_py']
[0.824s] Level 1:colcon.colcon_core.package_identification:_identify(config/node_modules/node-red-dashboard/nodes) by extension 'python_setup_py'
[0.824s] Level 1:colcon.colcon_core.package_identification:_identify(config/node_modules/node-red-dashboard/nodes/icons) by extensions ['ignore', 'ignore_ament_install']
[0.824s] Level 1:colcon.colcon_core.package_identification:_identify(config/node_modules/node-red-dashboard/nodes/icons) by extension 'ignore'
[0.824s] Level 1:colcon.colcon_core.package_identification:_identify(config/node_modules/node-red-dashboard/nodes/icons) by extension 'ignore_ament_install'
[0.824s] Level 1:colcon.colcon_core.package_identification:_identify(config/node_modules/node-red-dashboard/nodes/icons) by extensions ['colcon_pkg']
[0.824s] Level 1:colcon.colcon_core.package_identification:_identify(config/node_modules/node-red-dashboard/nodes/icons) by extension 'colcon_pkg'
[0.824s] Level 1:colcon.colcon_core.package_identification:_identify(config/node_modules/node-red-dashboard/nodes/icons) by extensions ['colcon_meta']
[0.824s] Level 1:colcon.colcon_core.package_identification:_identify(config/node_modules/node-red-dashboard/nodes/icons) by extension 'colcon_meta'
[0.824s] Level 1:colcon.colcon_core.package_identification:_identify(config/node_modules/node-red-dashboard/nodes/icons) by extensions ['ros']
[0.824s] Level 1:colcon.colcon_core.package_identification:_identify(config/node_modules/node-red-dashboard/nodes/icons) by extension 'ros'
[0.825s] Level 1:colcon.colcon_core.package_identification:_identify(config/node_modules/node-red-dashboard/nodes/icons) by extensions ['cmake', 'python']
[0.825s] Level 1:colcon.colcon_core.package_identification:_identify(config/node_modules/node-red-dashboard/nodes/icons) by extension 'cmake'
[0.825s] Level 1:colcon.colcon_core.package_identification:_identify(config/node_modules/node-red-dashboard/nodes/icons) by extension 'python'
[0.825s] Level 1:colcon.colcon_core.package_identification:_identify(config/node_modules/node-red-dashboard/nodes/icons) by extensions ['python_setup_py']
[0.825s] Level 1:colcon.colcon_core.package_identification:_identify(config/node_modules/node-red-dashboard/nodes/icons) by extension 'python_setup_py'
[0.825s] Level 1:colcon.colcon_core.package_identification:_identify(config/node_modules/node-red-dashboard/nodes/locales) by extensions ['ignore', 'ignore_ament_install']
[0.825s] Level 1:colcon.colcon_core.package_identification:_identify(config/node_modules/node-red-dashboard/nodes/locales) by extension 'ignore'
[0.825s] Level 1:colcon.colcon_core.package_identification:_identify(config/node_modules/node-red-dashboard/nodes/locales) by extension 'ignore_ament_install'
[0.825s] Level 1:colcon.colcon_core.package_identification:_identify(config/node_modules/node-red-dashboard/nodes/locales) by extensions ['colcon_pkg']
[0.825s] Level 1:colcon.colcon_core.package_identification:_identify(config/node_modules/node-red-dashboard/nodes/locales) by extension 'colcon_pkg'
[0.825s] Level 1:colcon.colcon_core.package_identification:_identify(config/node_modules/node-red-dashboard/nodes/locales) by extensions ['colcon_meta']
[0.825s] Level 1:colcon.colcon_core.package_identification:_identify(config/node_modules/node-red-dashboard/nodes/locales) by extension 'colcon_meta'
[0.825s] Level 1:colcon.colcon_core.package_identification:_identify(config/node_modules/node-red-dashboard/nodes/locales) by extensions ['ros']
[0.825s] Level 1:colcon.colcon_core.package_identification:_identify(config/node_modules/node-red-dashboard/nodes/locales) by extension 'ros'
[0.825s] Level 1:colcon.colcon_core.package_identification:_identify(config/node_modules/node-red-dashboard/nodes/locales) by extensions ['cmake', 'python']
[0.825s] Level 1:colcon.colcon_core.package_identification:_identify(config/node_modules/node-red-dashboard/nodes/locales) by extension 'cmake'
[0.825s] Level 1:colcon.colcon_core.package_identification:_identify(config/node_modules/node-red-dashboard/nodes/locales) by extension 'python'
[0.825s] Level 1:colcon.colcon_core.package_identification:_identify(config/node_modules/node-red-dashboard/nodes/locales) by extensions ['python_setup_py']
[0.826s] Level 1:colcon.colcon_core.package_identification:_identify(config/node_modules/node-red-dashboard/nodes/locales) by extension 'python_setup_py'
[0.826s] Level 1:colcon.colcon_core.package_identification:_identify(config/node_modules/node-red-dashboard/nodes/locales/de) by extensions ['ignore', 'ignore_ament_install']
[0.826s] Level 1:colcon.colcon_core.package_identification:_identify(config/node_modules/node-red-dashboard/nodes/locales/de) by extension 'ignore'
[0.826s] Level 1:colcon.colcon_core.package_identification:_identify(config/node_modules/node-red-dashboard/nodes/locales/de) by extension 'ignore_ament_install'
[0.826s] Level 1:colcon.colcon_core.package_identification:_identify(config/node_modules/node-red-dashboard/nodes/locales/de) by extensions ['colcon_pkg']
[0.826s] Level 1:colcon.colcon_core.package_identification:_identify(config/node_modules/node-red-dashboard/nodes/locales/de) by extension 'colcon_pkg'
[0.826s] Level 1:colcon.colcon_core.package_identification:_identify(config/node_modules/node-red-dashboard/nodes/locales/de) by extensions ['colcon_meta']
[0.826s] Level 1:colcon.colcon_core.package_identification:_identify(config/node_modules/node-red-dashboard/nodes/locales/de) by extension 'colcon_meta'
[0.826s] Level 1:colcon.colcon_core.package_identification:_identify(config/node_modules/node-red-dashboard/nodes/locales/de) by extensions ['ros']
[0.826s] Level 1:colcon.colcon_core.package_identification:_identify(config/node_modules/node-red-dashboard/nodes/locales/de) by extension 'ros'
[0.826s] Level 1:colcon.colcon_core.package_identification:_identify(config/node_modules/node-red-dashboard/nodes/locales/de) by extensions ['cmake', 'python']
[0.826s] Level 1:colcon.colcon_core.package_identification:_identify(config/node_modules/node-red-dashboard/nodes/locales/de) by extension 'cmake'
[0.826s] Level 1:colcon.colcon_core.package_identification:_identify(config/node_modules/node-red-dashboard/nodes/locales/de) by extension 'python'
[0.826s] Level 1:colcon.colcon_core.package_identification:_identify(config/node_modules/node-red-dashboard/nodes/locales/de) by extensions ['python_setup_py']
[0.826s] Level 1:colcon.colcon_core.package_identification:_identify(config/node_modules/node-red-dashboard/nodes/locales/de) by extension 'python_setup_py'
[0.826s] Level 1:colcon.colcon_core.package_identification:_identify(config/node_modules/node-red-dashboard/nodes/locales/en-US) by extensions ['ignore', 'ignore_ament_install']
[0.826s] Level 1:colcon.colcon_core.package_identification:_identify(config/node_modules/node-red-dashboard/nodes/locales/en-US) by extension 'ignore'
[0.827s] Level 1:colcon.colcon_core.package_identification:_identify(config/node_modules/node-red-dashboard/nodes/locales/en-US) by extension 'ignore_ament_install'
[0.827s] Level 1:colcon.colcon_core.package_identification:_identify(config/node_modules/node-red-dashboard/nodes/locales/en-US) by extensions ['colcon_pkg']
[0.827s] Level 1:colcon.colcon_core.package_identification:_identify(config/node_modules/node-red-dashboard/nodes/locales/en-US) by extension 'colcon_pkg'
[0.827s] Level 1:colcon.colcon_core.package_identification:_identify(config/node_modules/node-red-dashboard/nodes/locales/en-US) by extensions ['colcon_meta']
[0.827s] Level 1:colcon.colcon_core.package_identification:_identify(config/node_modules/node-red-dashboard/nodes/locales/en-US) by extension 'colcon_meta'
[0.827s] Level 1:colcon.colcon_core.package_identification:_identify(config/node_modules/node-red-dashboard/nodes/locales/en-US) by extensions ['ros']
[0.827s] Level 1:colcon.colcon_core.package_identification:_identify(config/node_modules/node-red-dashboard/nodes/locales/en-US) by extension 'ros'
[0.827s] Level 1:colcon.colcon_core.package_identification:_identify(config/node_modules/node-red-dashboard/nodes/locales/en-US) by extensions ['cmake', 'python']
[0.827s] Level 1:colcon.colcon_core.package_identification:_identify(config/node_modules/node-red-dashboard/nodes/locales/en-US) by extension 'cmake'
[0.827s] Level 1:colcon.colcon_core.package_identification:_identify(config/node_modules/node-red-dashboard/nodes/locales/en-US) by extension 'python'
[0.827s] Level 1:colcon.colcon_core.package_identification:_identify(config/node_modules/node-red-dashboard/nodes/locales/en-US) by extensions ['python_setup_py']
[0.827s] Level 1:colcon.colcon_core.package_identification:_identify(config/node_modules/node-red-dashboard/nodes/locales/en-US) by extension 'python_setup_py'
[0.827s] Level 1:colcon.colcon_core.package_identification:_identify(config/node_modules/node-red-dashboard/nodes/locales/ja) by extensions ['ignore', 'ignore_ament_install']
[0.827s] Level 1:colcon.colcon_core.package_identification:_identify(config/node_modules/node-red-dashboard/nodes/locales/ja) by extension 'ignore'
[0.827s] Level 1:colcon.colcon_core.package_identification:_identify(config/node_modules/node-red-dashboard/nodes/locales/ja) by extension 'ignore_ament_install'
[0.828s] Level 1:colcon.colcon_core.package_identification:_identify(config/node_modules/node-red-dashboard/nodes/locales/ja) by extensions ['colcon_pkg']
[0.828s] Level 1:colcon.colcon_core.package_identification:_identify(config/node_modules/node-red-dashboard/nodes/locales/ja) by extension 'colcon_pkg'
[0.828s] Level 1:colcon.colcon_core.package_identification:_identify(config/node_modules/node-red-dashboard/nodes/locales/ja) by extensions ['colcon_meta']
[0.828s] Level 1:colcon.colcon_core.package_identification:_identify(config/node_modules/node-red-dashboard/nodes/locales/ja) by extension 'colcon_meta'
[0.828s] Level 1:colcon.colcon_core.package_identification:_identify(config/node_modules/node-red-dashboard/nodes/locales/ja) by extensions ['ros']
[0.828s] Level 1:colcon.colcon_core.package_identification:_identify(config/node_modules/node-red-dashboard/nodes/locales/ja) by extension 'ros'
[0.828s] Level 1:colcon.colcon_core.package_identification:_identify(config/node_modules/node-red-dashboard/nodes/locales/ja) by extensions ['cmake', 'python']
[0.828s] Level 1:colcon.colcon_core.package_identification:_identify(config/node_modules/node-red-dashboard/nodes/locales/ja) by extension 'cmake'
[0.828s] Level 1:colcon.colcon_core.package_identification:_identify(config/node_modules/node-red-dashboard/nodes/locales/ja) by extension 'python'
[0.828s] Level 1:colcon.colcon_core.package_identification:_identify(config/node_modules/node-red-dashboard/nodes/locales/ja) by extensions ['python_setup_py']
[0.828s] Level 1:colcon.colcon_core.package_identification:_identify(config/node_modules/node-red-dashboard/nodes/locales/ja) by extension 'python_setup_py'
[0.828s] Level 1:colcon.colcon_core.package_identification:_identify(config/node_modules/object-assign) by extensions ['ignore', 'ignore_ament_install']
[0.828s] Level 1:colcon.colcon_core.package_identification:_identify(config/node_modules/object-assign) by extension 'ignore'
[0.828s] Level 1:colcon.colcon_core.package_identification:_identify(config/node_modules/object-assign) by extension 'ignore_ament_install'
[0.828s] Level 1:colcon.colcon_core.package_identification:_identify(config/node_modules/object-assign) by extensions ['colcon_pkg']
[0.828s] Level 1:colcon.colcon_core.package_identification:_identify(config/node_modules/object-assign) by extension 'colcon_pkg'
[0.828s] Level 1:colcon.colcon_core.package_identification:_identify(config/node_modules/object-assign) by extensions ['colcon_meta']
[0.828s] Level 1:colcon.colcon_core.package_identification:_identify(config/node_modules/object-assign) by extension 'colcon_meta'
[0.828s] Level 1:colcon.colcon_core.package_identification:_identify(config/node_modules/object-assign) by extensions ['ros']
[0.828s] Level 1:colcon.colcon_core.package_identification:_identify(config/node_modules/object-assign) by extension 'ros'
[0.829s] Level 1:colcon.colcon_core.package_identification:_identify(config/node_modules/object-assign) by extensions ['cmake', 'python']
[0.829s] Level 1:colcon.colcon_core.package_identification:_identify(config/node_modules/object-assign) by extension 'cmake'
[0.829s] Level 1:colcon.colcon_core.package_identification:_identify(config/node_modules/object-assign) by extension 'python'
[0.829s] Level 1:colcon.colcon_core.package_identification:_identify(config/node_modules/object-assign) by extensions ['python_setup_py']
[0.829s] Level 1:colcon.colcon_core.package_identification:_identify(config/node_modules/object-assign) by extension 'python_setup_py'
[0.829s] Level 1:colcon.colcon_core.package_identification:_identify(config/node_modules/on-finished) by extensions ['ignore', 'ignore_ament_install']
[0.829s] Level 1:colcon.colcon_core.package_identification:_identify(config/node_modules/on-finished) by extension 'ignore'
[0.829s] Level 1:colcon.colcon_core.package_identification:_identify(config/node_modules/on-finished) by extension 'ignore_ament_install'
[0.829s] Level 1:colcon.colcon_core.package_identification:_identify(config/node_modules/on-finished) by extensions ['colcon_pkg']
[0.829s] Level 1:colcon.colcon_core.package_identification:_identify(config/node_modules/on-finished) by extension 'colcon_pkg'
[0.829s] Level 1:colcon.colcon_core.package_identification:_identify(config/node_modules/on-finished) by extensions ['colcon_meta']
[0.829s] Level 1:colcon.colcon_core.package_identification:_identify(config/node_modules/on-finished) by extension 'colcon_meta'
[0.829s] Level 1:colcon.colcon_core.package_identification:_identify(config/node_modules/on-finished) by extensions ['ros']
[0.829s] Level 1:colcon.colcon_core.package_identification:_identify(config/node_modules/on-finished) by extension 'ros'
[0.829s] Level 1:colcon.colcon_core.package_identification:_identify(config/node_modules/on-finished) by extensions ['cmake', 'python']
[0.829s] Level 1:colcon.colcon_core.package_identification:_identify(config/node_modules/on-finished) by extension 'cmake'
[0.829s] Level 1:colcon.colcon_core.package_identification:_identify(config/node_modules/on-finished) by extension 'python'
[0.830s] Level 1:colcon.colcon_core.package_identification:_identify(config/node_modules/on-finished) by extensions ['python_setup_py']
[0.830s] Level 1:colcon.colcon_core.package_identification:_identify(config/node_modules/on-finished) by extension 'python_setup_py'
[0.830s] Level 1:colcon.colcon_core.package_identification:_identify(config/node_modules/on-headers) by extensions ['ignore', 'ignore_ament_install']
[0.830s] Level 1:colcon.colcon_core.package_identification:_identify(config/node_modules/on-headers) by extension 'ignore'
[0.830s] Level 1:colcon.colcon_core.package_identification:_identify(config/node_modules/on-headers) by extension 'ignore_ament_install'
[0.830s] Level 1:colcon.colcon_core.package_identification:_identify(config/node_modules/on-headers) by extensions ['colcon_pkg']
[0.830s] Level 1:colcon.colcon_core.package_identification:_identify(config/node_modules/on-headers) by extension 'colcon_pkg'
[0.830s] Level 1:colcon.colcon_core.package_identification:_identify(config/node_modules/on-headers) by extensions ['colcon_meta']
[0.830s] Level 1:colcon.colcon_core.package_identification:_identify(config/node_modules/on-headers) by extension 'colcon_meta'
[0.830s] Level 1:colcon.colcon_core.package_identification:_identify(config/node_modules/on-headers) by extensions ['ros']
[0.830s] Level 1:colcon.colcon_core.package_identification:_identify(config/node_modules/on-headers) by extension 'ros'
[0.830s] Level 1:colcon.colcon_core.package_identification:_identify(config/node_modules/on-headers) by extensions ['cmake', 'python']
[0.830s] Level 1:colcon.colcon_core.package_identification:_identify(config/node_modules/on-headers) by extension 'cmake'
[0.830s] Level 1:colcon.colcon_core.package_identification:_identify(config/node_modules/on-headers) by extension 'python'
[0.830s] Level 1:colcon.colcon_core.package_identification:_identify(config/node_modules/on-headers) by extensions ['python_setup_py']
[0.830s] Level 1:colcon.colcon_core.package_identification:_identify(config/node_modules/on-headers) by extension 'python_setup_py'
[0.830s] Level 1:colcon.colcon_core.package_identification:_identify(config/node_modules/parseurl) by extensions ['ignore', 'ignore_ament_install']
[0.831s] Level 1:colcon.colcon_core.package_identification:_identify(config/node_modules/parseurl) by extension 'ignore'
[0.831s] Level 1:colcon.colcon_core.package_identification:_identify(config/node_modules/parseurl) by extension 'ignore_ament_install'
[0.831s] Level 1:colcon.colcon_core.package_identification:_identify(config/node_modules/parseurl) by extensions ['colcon_pkg']
[0.831s] Level 1:colcon.colcon_core.package_identification:_identify(config/node_modules/parseurl) by extension 'colcon_pkg'
[0.831s] Level 1:colcon.colcon_core.package_identification:_identify(config/node_modules/parseurl) by extensions ['colcon_meta']
[0.831s] Level 1:colcon.colcon_core.package_identification:_identify(config/node_modules/parseurl) by extension 'colcon_meta'
[0.831s] Level 1:colcon.colcon_core.package_identification:_identify(config/node_modules/parseurl) by extensions ['ros']
[0.831s] Level 1:colcon.colcon_core.package_identification:_identify(config/node_modules/parseurl) by extension 'ros'
[0.831s] Level 1:colcon.colcon_core.package_identification:_identify(config/node_modules/parseurl) by extensions ['cmake', 'python']
[0.831s] Level 1:colcon.colcon_core.package_identification:_identify(config/node_modules/parseurl) by extension 'cmake'
[0.831s] Level 1:colcon.colcon_core.package_identification:_identify(config/node_modules/parseurl) by extension 'python'
[0.831s] Level 1:colcon.colcon_core.package_identification:_identify(config/node_modules/parseurl) by extensions ['python_setup_py']
[0.831s] Level 1:colcon.colcon_core.package_identification:_identify(config/node_modules/parseurl) by extension 'python_setup_py'
[0.831s] Level 1:colcon.colcon_core.package_identification:_identify(config/node_modules/range-parser) by extensions ['ignore', 'ignore_ament_install']
[0.831s] Level 1:colcon.colcon_core.package_identification:_identify(config/node_modules/range-parser) by extension 'ignore'
[0.831s] Level 1:colcon.colcon_core.package_identification:_identify(config/node_modules/range-parser) by extension 'ignore_ament_install'
[0.831s] Level 1:colcon.colcon_core.package_identification:_identify(config/node_modules/range-parser) by extensions ['colcon_pkg']
[0.831s] Level 1:colcon.colcon_core.package_identification:_identify(config/node_modules/range-parser) by extension 'colcon_pkg'
[0.831s] Level 1:colcon.colcon_core.package_identification:_identify(config/node_modules/range-parser) by extensions ['colcon_meta']
[0.832s] Level 1:colcon.colcon_core.package_identification:_identify(config/node_modules/range-parser) by extension 'colcon_meta'
[0.832s] Level 1:colcon.colcon_core.package_identification:_identify(config/node_modules/range-parser) by extensions ['ros']
[0.832s] Level 1:colcon.colcon_core.package_identification:_identify(config/node_modules/range-parser) by extension 'ros'
[0.832s] Level 1:colcon.colcon_core.package_identification:_identify(config/node_modules/range-parser) by extensions ['cmake', 'python']
[0.832s] Level 1:colcon.colcon_core.package_identification:_identify(config/node_modules/range-parser) by extension 'cmake'
[0.832s] Level 1:colcon.colcon_core.package_identification:_identify(config/node_modules/range-parser) by extension 'python'
[0.832s] Level 1:colcon.colcon_core.package_identification:_identify(config/node_modules/range-parser) by extensions ['python_setup_py']
[0.832s] Level 1:colcon.colcon_core.package_identification:_identify(config/node_modules/range-parser) by extension 'python_setup_py'
[0.832s] Level 1:colcon.colcon_core.package_identification:_identify(config/node_modules/safe-buffer) by extensions ['ignore', 'ignore_ament_install']
[0.832s] Level 1:colcon.colcon_core.package_identification:_identify(config/node_modules/safe-buffer) by extension 'ignore'
[0.832s] Level 1:colcon.colcon_core.package_identification:_identify(config/node_modules/safe-buffer) by extension 'ignore_ament_install'
[0.832s] Level 1:colcon.colcon_core.package_identification:_identify(config/node_modules/safe-buffer) by extensions ['colcon_pkg']
[0.832s] Level 1:colcon.colcon_core.package_identification:_identify(config/node_modules/safe-buffer) by extension 'colcon_pkg'
[0.832s] Level 1:colcon.colcon_core.package_identification:_identify(config/node_modules/safe-buffer) by extensions ['colcon_meta']
[0.832s] Level 1:colcon.colcon_core.package_identification:_identify(config/node_modules/safe-buffer) by extension 'colcon_meta'
[0.832s] Level 1:colcon.colcon_core.package_identification:_identify(config/node_modules/safe-buffer) by extensions ['ros']
[0.832s] Level 1:colcon.colcon_core.package_identification:_identify(config/node_modules/safe-buffer) by extension 'ros'
[0.832s] Level 1:colcon.colcon_core.package_identification:_identify(config/node_modules/safe-buffer) by extensions ['cmake', 'python']
[0.832s] Level 1:colcon.colcon_core.package_identification:_identify(config/node_modules/safe-buffer) by extension 'cmake'
[0.832s] Level 1:colcon.colcon_core.package_identification:_identify(config/node_modules/safe-buffer) by extension 'python'
[0.833s] Level 1:colcon.colcon_core.package_identification:_identify(config/node_modules/safe-buffer) by extensions ['python_setup_py']
[0.833s] Level 1:colcon.colcon_core.package_identification:_identify(config/node_modules/safe-buffer) by extension 'python_setup_py'
[0.833s] Level 1:colcon.colcon_core.package_identification:_identify(config/node_modules/send) by extensions ['ignore', 'ignore_ament_install']
[0.833s] Level 1:colcon.colcon_core.package_identification:_identify(config/node_modules/send) by extension 'ignore'
[0.833s] Level 1:colcon.colcon_core.package_identification:_identify(config/node_modules/send) by extension 'ignore_ament_install'
[0.833s] Level 1:colcon.colcon_core.package_identification:_identify(config/node_modules/send) by extensions ['colcon_pkg']
[0.833s] Level 1:colcon.colcon_core.package_identification:_identify(config/node_modules/send) by extension 'colcon_pkg'
[0.833s] Level 1:colcon.colcon_core.package_identification:_identify(config/node_modules/send) by extensions ['colcon_meta']
[0.833s] Level 1:colcon.colcon_core.package_identification:_identify(config/node_modules/send) by extension 'colcon_meta'
[0.833s] Level 1:colcon.colcon_core.package_identification:_identify(config/node_modules/send) by extensions ['ros']
[0.833s] Level 1:colcon.colcon_core.package_identification:_identify(config/node_modules/send) by extension 'ros'
[0.833s] Level 1:colcon.colcon_core.package_identification:_identify(config/node_modules/send) by extensions ['cmake', 'python']
[0.833s] Level 1:colcon.colcon_core.package_identification:_identify(config/node_modules/send) by extension 'cmake'
[0.833s] Level 1:colcon.colcon_core.package_identification:_identify(config/node_modules/send) by extension 'python'
[0.833s] Level 1:colcon.colcon_core.package_identification:_identify(config/node_modules/send) by extensions ['python_setup_py']
[0.833s] Level 1:colcon.colcon_core.package_identification:_identify(config/node_modules/send) by extension 'python_setup_py'
[0.833s] Level 1:colcon.colcon_core.package_identification:_identify(config/node_modules/send/node_modules) by extensions ['ignore', 'ignore_ament_install']
[0.834s] Level 1:colcon.colcon_core.package_identification:_identify(config/node_modules/send/node_modules) by extension 'ignore'
[0.834s] Level 1:colcon.colcon_core.package_identification:_identify(config/node_modules/send/node_modules) by extension 'ignore_ament_install'
[0.834s] Level 1:colcon.colcon_core.package_identification:_identify(config/node_modules/send/node_modules) by extensions ['colcon_pkg']
[0.834s] Level 1:colcon.colcon_core.package_identification:_identify(config/node_modules/send/node_modules) by extension 'colcon_pkg'
[0.834s] Level 1:colcon.colcon_core.package_identification:_identify(config/node_modules/send/node_modules) by extensions ['colcon_meta']
[0.834s] Level 1:colcon.colcon_core.package_identification:_identify(config/node_modules/send/node_modules) by extension 'colcon_meta'
[0.834s] Level 1:colcon.colcon_core.package_identification:_identify(config/node_modules/send/node_modules) by extensions ['ros']
[0.834s] Level 1:colcon.colcon_core.package_identification:_identify(config/node_modules/send/node_modules) by extension 'ros'
[0.834s] Level 1:colcon.colcon_core.package_identification:_identify(config/node_modules/send/node_modules) by extensions ['cmake', 'python']
[0.834s] Level 1:colcon.colcon_core.package_identification:_identify(config/node_modules/send/node_modules) by extension 'cmake'
[0.834s] Level 1:colcon.colcon_core.package_identification:_identify(config/node_modules/send/node_modules) by extension 'python'
[0.834s] Level 1:colcon.colcon_core.package_identification:_identify(config/node_modules/send/node_modules) by extensions ['python_setup_py']
[0.834s] Level 1:colcon.colcon_core.package_identification:_identify(config/node_modules/send/node_modules) by extension 'python_setup_py'
[0.834s] Level 1:colcon.colcon_core.package_identification:_identify(config/node_modules/send/node_modules/ms) by extensions ['ignore', 'ignore_ament_install']
[0.834s] Level 1:colcon.colcon_core.package_identification:_identify(config/node_modules/send/node_modules/ms) by extension 'ignore'
[0.834s] Level 1:colcon.colcon_core.package_identification:_identify(config/node_modules/send/node_modules/ms) by extension 'ignore_ament_install'
[0.834s] Level 1:colcon.colcon_core.package_identification:_identify(config/node_modules/send/node_modules/ms) by extensions ['colcon_pkg']
[0.834s] Level 1:colcon.colcon_core.package_identification:_identify(config/node_modules/send/node_modules/ms) by extension 'colcon_pkg'
[0.834s] Level 1:colcon.colcon_core.package_identification:_identify(config/node_modules/send/node_modules/ms) by extensions ['colcon_meta']
[0.834s] Level 1:colcon.colcon_core.package_identification:_identify(config/node_modules/send/node_modules/ms) by extension 'colcon_meta'
[0.835s] Level 1:colcon.colcon_core.package_identification:_identify(config/node_modules/send/node_modules/ms) by extensions ['ros']
[0.835s] Level 1:colcon.colcon_core.package_identification:_identify(config/node_modules/send/node_modules/ms) by extension 'ros'
[0.835s] Level 1:colcon.colcon_core.package_identification:_identify(config/node_modules/send/node_modules/ms) by extensions ['cmake', 'python']
[0.835s] Level 1:colcon.colcon_core.package_identification:_identify(config/node_modules/send/node_modules/ms) by extension 'cmake'
[0.835s] Level 1:colcon.colcon_core.package_identification:_identify(config/node_modules/send/node_modules/ms) by extension 'python'
[0.835s] Level 1:colcon.colcon_core.package_identification:_identify(config/node_modules/send/node_modules/ms) by extensions ['python_setup_py']
[0.835s] Level 1:colcon.colcon_core.package_identification:_identify(config/node_modules/send/node_modules/ms) by extension 'python_setup_py'
[0.835s] Level 1:colcon.colcon_core.package_identification:_identify(config/node_modules/serve-static) by extensions ['ignore', 'ignore_ament_install']
[0.835s] Level 1:colcon.colcon_core.package_identification:_identify(config/node_modules/serve-static) by extension 'ignore'
[0.835s] Level 1:colcon.colcon_core.package_identification:_identify(config/node_modules/serve-static) by extension 'ignore_ament_install'
[0.835s] Level 1:colcon.colcon_core.package_identification:_identify(config/node_modules/serve-static) by extensions ['colcon_pkg']
[0.835s] Level 1:colcon.colcon_core.package_identification:_identify(config/node_modules/serve-static) by extension 'colcon_pkg'
[0.835s] Level 1:colcon.colcon_core.package_identification:_identify(config/node_modules/serve-static) by extensions ['colcon_meta']
[0.835s] Level 1:colcon.colcon_core.package_identification:_identify(config/node_modules/serve-static) by extension 'colcon_meta'
[0.835s] Level 1:colcon.colcon_core.package_identification:_identify(config/node_modules/serve-static) by extensions ['ros']
[0.835s] Level 1:colcon.colcon_core.package_identification:_identify(config/node_modules/serve-static) by extension 'ros'
[0.835s] Level 1:colcon.colcon_core.package_identification:_identify(config/node_modules/serve-static) by extensions ['cmake', 'python']
[0.835s] Level 1:colcon.colcon_core.package_identification:_identify(config/node_modules/serve-static) by extension 'cmake'
[0.836s] Level 1:colcon.colcon_core.package_identification:_identify(config/node_modules/serve-static) by extension 'python'
[0.836s] Level 1:colcon.colcon_core.package_identification:_identify(config/node_modules/serve-static) by extensions ['python_setup_py']
[0.836s] Level 1:colcon.colcon_core.package_identification:_identify(config/node_modules/serve-static) by extension 'python_setup_py'
[0.836s] Level 1:colcon.colcon_core.package_identification:_identify(config/node_modules/setprototypeof) by extensions ['ignore', 'ignore_ament_install']
[0.836s] Level 1:colcon.colcon_core.package_identification:_identify(config/node_modules/setprototypeof) by extension 'ignore'
[0.836s] Level 1:colcon.colcon_core.package_identification:_identify(config/node_modules/setprototypeof) by extension 'ignore_ament_install'
[0.836s] Level 1:colcon.colcon_core.package_identification:_identify(config/node_modules/setprototypeof) by extensions ['colcon_pkg']
[0.836s] Level 1:colcon.colcon_core.package_identification:_identify(config/node_modules/setprototypeof) by extension 'colcon_pkg'
[0.836s] Level 1:colcon.colcon_core.package_identification:_identify(config/node_modules/setprototypeof) by extensions ['colcon_meta']
[0.836s] Level 1:colcon.colcon_core.package_identification:_identify(config/node_modules/setprototypeof) by extension 'colcon_meta'
[0.836s] Level 1:colcon.colcon_core.package_identification:_identify(config/node_modules/setprototypeof) by extensions ['ros']
[0.836s] Level 1:colcon.colcon_core.package_identification:_identify(config/node_modules/setprototypeof) by extension 'ros'
[0.836s] Level 1:colcon.colcon_core.package_identification:_identify(config/node_modules/setprototypeof) by extensions ['cmake', 'python']
[0.836s] Level 1:colcon.colcon_core.package_identification:_identify(config/node_modules/setprototypeof) by extension 'cmake'
[0.836s] Level 1:colcon.colcon_core.package_identification:_identify(config/node_modules/setprototypeof) by extension 'python'
[0.836s] Level 1:colcon.colcon_core.package_identification:_identify(config/node_modules/setprototypeof) by extensions ['python_setup_py']
[0.837s] Level 1:colcon.colcon_core.package_identification:_identify(config/node_modules/setprototypeof) by extension 'python_setup_py'
[0.837s] Level 1:colcon.colcon_core.package_identification:_identify(config/node_modules/setprototypeof/test) by extensions ['ignore', 'ignore_ament_install']
[0.837s] Level 1:colcon.colcon_core.package_identification:_identify(config/node_modules/setprototypeof/test) by extension 'ignore'
[0.837s] Level 1:colcon.colcon_core.package_identification:_identify(config/node_modules/setprototypeof/test) by extension 'ignore_ament_install'
[0.837s] Level 1:colcon.colcon_core.package_identification:_identify(config/node_modules/setprototypeof/test) by extensions ['colcon_pkg']
[0.837s] Level 1:colcon.colcon_core.package_identification:_identify(config/node_modules/setprototypeof/test) by extension 'colcon_pkg'
[0.837s] Level 1:colcon.colcon_core.package_identification:_identify(config/node_modules/setprototypeof/test) by extensions ['colcon_meta']
[0.837s] Level 1:colcon.colcon_core.package_identification:_identify(config/node_modules/setprototypeof/test) by extension 'colcon_meta'
[0.837s] Level 1:colcon.colcon_core.package_identification:_identify(config/node_modules/setprototypeof/test) by extensions ['ros']
[0.837s] Level 1:colcon.colcon_core.package_identification:_identify(config/node_modules/setprototypeof/test) by extension 'ros'
[0.837s] Level 1:colcon.colcon_core.package_identification:_identify(config/node_modules/setprototypeof/test) by extensions ['cmake', 'python']
[0.837s] Level 1:colcon.colcon_core.package_identification:_identify(config/node_modules/setprototypeof/test) by extension 'cmake'
[0.838s] Level 1:colcon.colcon_core.package_identification:_identify(config/node_modules/setprototypeof/test) by extension 'python'
[0.838s] Level 1:colcon.colcon_core.package_identification:_identify(config/node_modules/setprototypeof/test) by extensions ['python_setup_py']
[0.838s] Level 1:colcon.colcon_core.package_identification:_identify(config/node_modules/setprototypeof/test) by extension 'python_setup_py'
[0.838s] Level 1:colcon.colcon_core.package_identification:_identify(config/node_modules/socket.io) by extensions ['ignore', 'ignore_ament_install']
[0.838s] Level 1:colcon.colcon_core.package_identification:_identify(config/node_modules/socket.io) by extension 'ignore'
[0.838s] Level 1:colcon.colcon_core.package_identification:_identify(config/node_modules/socket.io) by extension 'ignore_ament_install'
[0.838s] Level 1:colcon.colcon_core.package_identification:_identify(config/node_modules/socket.io) by extensions ['colcon_pkg']
[0.838s] Level 1:colcon.colcon_core.package_identification:_identify(config/node_modules/socket.io) by extension 'colcon_pkg'
[0.838s] Level 1:colcon.colcon_core.package_identification:_identify(config/node_modules/socket.io) by extensions ['colcon_meta']
[0.838s] Level 1:colcon.colcon_core.package_identification:_identify(config/node_modules/socket.io) by extension 'colcon_meta'
[0.838s] Level 1:colcon.colcon_core.package_identification:_identify(config/node_modules/socket.io) by extensions ['ros']
[0.838s] Level 1:colcon.colcon_core.package_identification:_identify(config/node_modules/socket.io) by extension 'ros'
[0.838s] Level 1:colcon.colcon_core.package_identification:_identify(config/node_modules/socket.io) by extensions ['cmake', 'python']
[0.838s] Level 1:colcon.colcon_core.package_identification:_identify(config/node_modules/socket.io) by extension 'cmake'
[0.838s] Level 1:colcon.colcon_core.package_identification:_identify(config/node_modules/socket.io) by extension 'python'
[0.838s] Level 1:colcon.colcon_core.package_identification:_identify(config/node_modules/socket.io) by extensions ['python_setup_py']
[0.838s] Level 1:colcon.colcon_core.package_identification:_identify(config/node_modules/socket.io) by extension 'python_setup_py'
[0.838s] Level 1:colcon.colcon_core.package_identification:_identify(config/node_modules/socket.io/client-dist) by extensions ['ignore', 'ignore_ament_install']
[0.839s] Level 1:colcon.colcon_core.package_identification:_identify(config/node_modules/socket.io/client-dist) by extension 'ignore'
[0.839s] Level 1:colcon.colcon_core.package_identification:_identify(config/node_modules/socket.io/client-dist) by extension 'ignore_ament_install'
[0.839s] Level 1:colcon.colcon_core.package_identification:_identify(config/node_modules/socket.io/client-dist) by extensions ['colcon_pkg']
[0.839s] Level 1:colcon.colcon_core.package_identification:_identify(config/node_modules/socket.io/client-dist) by extension 'colcon_pkg'
[0.839s] Level 1:colcon.colcon_core.package_identification:_identify(config/node_modules/socket.io/client-dist) by extensions ['colcon_meta']
[0.839s] Level 1:colcon.colcon_core.package_identification:_identify(config/node_modules/socket.io/client-dist) by extension 'colcon_meta'
[0.839s] Level 1:colcon.colcon_core.package_identification:_identify(config/node_modules/socket.io/client-dist) by extensions ['ros']
[0.839s] Level 1:colcon.colcon_core.package_identification:_identify(config/node_modules/socket.io/client-dist) by extension 'ros'
[0.839s] Level 1:colcon.colcon_core.package_identification:_identify(config/node_modules/socket.io/client-dist) by extensions ['cmake', 'python']
[0.839s] Level 1:colcon.colcon_core.package_identification:_identify(config/node_modules/socket.io/client-dist) by extension 'cmake'
[0.839s] Level 1:colcon.colcon_core.package_identification:_identify(config/node_modules/socket.io/client-dist) by extension 'python'
[0.839s] Level 1:colcon.colcon_core.package_identification:_identify(config/node_modules/socket.io/client-dist) by extensions ['python_setup_py']
[0.839s] Level 1:colcon.colcon_core.package_identification:_identify(config/node_modules/socket.io/client-dist) by extension 'python_setup_py'
[0.839s] Level 1:colcon.colcon_core.package_identification:_identify(config/node_modules/socket.io/dist) by extensions ['ignore', 'ignore_ament_install']
[0.839s] Level 1:colcon.colcon_core.package_identification:_identify(config/node_modules/socket.io/dist) by extension 'ignore'
[0.839s] Level 1:colcon.colcon_core.package_identification:_identify(config/node_modules/socket.io/dist) by extension 'ignore_ament_install'
[0.839s] Level 1:colcon.colcon_core.package_identification:_identify(config/node_modules/socket.io/dist) by extensions ['colcon_pkg']
[0.839s] Level 1:colcon.colcon_core.package_identification:_identify(config/node_modules/socket.io/dist) by extension 'colcon_pkg'
[0.839s] Level 1:colcon.colcon_core.package_identification:_identify(config/node_modules/socket.io/dist) by extensions ['colcon_meta']
[0.839s] Level 1:colcon.colcon_core.package_identification:_identify(config/node_modules/socket.io/dist) by extension 'colcon_meta'
[0.839s] Level 1:colcon.colcon_core.package_identification:_identify(config/node_modules/socket.io/dist) by extensions ['ros']
[0.839s] Level 1:colcon.colcon_core.package_identification:_identify(config/node_modules/socket.io/dist) by extension 'ros'
[0.839s] Level 1:colcon.colcon_core.package_identification:_identify(config/node_modules/socket.io/dist) by extensions ['cmake', 'python']
[0.839s] Level 1:colcon.colcon_core.package_identification:_identify(config/node_modules/socket.io/dist) by extension 'cmake'
[0.839s] Level 1:colcon.colcon_core.package_identification:_identify(config/node_modules/socket.io/dist) by extension 'python'
[0.839s] Level 1:colcon.colcon_core.package_identification:_identify(config/node_modules/socket.io/dist) by extensions ['python_setup_py']
[0.840s] Level 1:colcon.colcon_core.package_identification:_identify(config/node_modules/socket.io/dist) by extension 'python_setup_py'
[0.840s] Level 1:colcon.colcon_core.package_identification:_identify(config/node_modules/socket.io/node_modules) by extensions ['ignore', 'ignore_ament_install']
[0.840s] Level 1:colcon.colcon_core.package_identification:_identify(config/node_modules/socket.io/node_modules) by extension 'ignore'
[0.840s] Level 1:colcon.colcon_core.package_identification:_identify(config/node_modules/socket.io/node_modules) by extension 'ignore_ament_install'
[0.840s] Level 1:colcon.colcon_core.package_identification:_identify(config/node_modules/socket.io/node_modules) by extensions ['colcon_pkg']
[0.840s] Level 1:colcon.colcon_core.package_identification:_identify(config/node_modules/socket.io/node_modules) by extension 'colcon_pkg'
[0.840s] Level 1:colcon.colcon_core.package_identification:_identify(config/node_modules/socket.io/node_modules) by extensions ['colcon_meta']
[0.840s] Level 1:colcon.colcon_core.package_identification:_identify(config/node_modules/socket.io/node_modules) by extension 'colcon_meta'
[0.840s] Level 1:colcon.colcon_core.package_identification:_identify(config/node_modules/socket.io/node_modules) by extensions ['ros']
[0.840s] Level 1:colcon.colcon_core.package_identification:_identify(config/node_modules/socket.io/node_modules) by extension 'ros'
[0.840s] Level 1:colcon.colcon_core.package_identification:_identify(config/node_modules/socket.io/node_modules) by extensions ['cmake', 'python']
[0.840s] Level 1:colcon.colcon_core.package_identification:_identify(config/node_modules/socket.io/node_modules) by extension 'cmake'
[0.840s] Level 1:colcon.colcon_core.package_identification:_identify(config/node_modules/socket.io/node_modules) by extension 'python'
[0.840s] Level 1:colcon.colcon_core.package_identification:_identify(config/node_modules/socket.io/node_modules) by extensions ['python_setup_py']
[0.840s] Level 1:colcon.colcon_core.package_identification:_identify(config/node_modules/socket.io/node_modules) by extension 'python_setup_py'
[0.840s] Level 1:colcon.colcon_core.package_identification:_identify(config/node_modules/socket.io/node_modules/debug) by extensions ['ignore', 'ignore_ament_install']
[0.840s] Level 1:colcon.colcon_core.package_identification:_identify(config/node_modules/socket.io/node_modules/debug) by extension 'ignore'
[0.840s] Level 1:colcon.colcon_core.package_identification:_identify(config/node_modules/socket.io/node_modules/debug) by extension 'ignore_ament_install'
[0.840s] Level 1:colcon.colcon_core.package_identification:_identify(config/node_modules/socket.io/node_modules/debug) by extensions ['colcon_pkg']
[0.840s] Level 1:colcon.colcon_core.package_identification:_identify(config/node_modules/socket.io/node_modules/debug) by extension 'colcon_pkg'
[0.840s] Level 1:colcon.colcon_core.package_identification:_identify(config/node_modules/socket.io/node_modules/debug) by extensions ['colcon_meta']
[0.840s] Level 1:colcon.colcon_core.package_identification:_identify(config/node_modules/socket.io/node_modules/debug) by extension 'colcon_meta'
[0.840s] Level 1:colcon.colcon_core.package_identification:_identify(config/node_modules/socket.io/node_modules/debug) by extensions ['ros']
[0.840s] Level 1:colcon.colcon_core.package_identification:_identify(config/node_modules/socket.io/node_modules/debug) by extension 'ros'
[0.840s] Level 1:colcon.colcon_core.package_identification:_identify(config/node_modules/socket.io/node_modules/debug) by extensions ['cmake', 'python']
[0.840s] Level 1:colcon.colcon_core.package_identification:_identify(config/node_modules/socket.io/node_modules/debug) by extension 'cmake'
[0.840s] Level 1:colcon.colcon_core.package_identification:_identify(config/node_modules/socket.io/node_modules/debug) by extension 'python'
[0.840s] Level 1:colcon.colcon_core.package_identification:_identify(config/node_modules/socket.io/node_modules/debug) by extensions ['python_setup_py']
[0.841s] Level 1:colcon.colcon_core.package_identification:_identify(config/node_modules/socket.io/node_modules/debug) by extension 'python_setup_py'
[0.841s] Level 1:colcon.colcon_core.package_identification:_identify(config/node_modules/socket.io/node_modules/debug/src) by extensions ['ignore', 'ignore_ament_install']
[0.841s] Level 1:colcon.colcon_core.package_identification:_identify(config/node_modules/socket.io/node_modules/debug/src) by extension 'ignore'
[0.841s] Level 1:colcon.colcon_core.package_identification:_identify(config/node_modules/socket.io/node_modules/debug/src) by extension 'ignore_ament_install'
[0.841s] Level 1:colcon.colcon_core.package_identification:_identify(config/node_modules/socket.io/node_modules/debug/src) by extensions ['colcon_pkg']
[0.841s] Level 1:colcon.colcon_core.package_identification:_identify(config/node_modules/socket.io/node_modules/debug/src) by extension 'colcon_pkg'
[0.841s] Level 1:colcon.colcon_core.package_identification:_identify(config/node_modules/socket.io/node_modules/debug/src) by extensions ['colcon_meta']
[0.841s] Level 1:colcon.colcon_core.package_identification:_identify(config/node_modules/socket.io/node_modules/debug/src) by extension 'colcon_meta'
[0.841s] Level 1:colcon.colcon_core.package_identification:_identify(config/node_modules/socket.io/node_modules/debug/src) by extensions ['ros']
[0.841s] Level 1:colcon.colcon_core.package_identification:_identify(config/node_modules/socket.io/node_modules/debug/src) by extension 'ros'
[0.841s] Level 1:colcon.colcon_core.package_identification:_identify(config/node_modules/socket.io/node_modules/debug/src) by extensions ['cmake', 'python']
[0.841s] Level 1:colcon.colcon_core.package_identification:_identify(config/node_modules/socket.io/node_modules/debug/src) by extension 'cmake'
[0.841s] Level 1:colcon.colcon_core.package_identification:_identify(config/node_modules/socket.io/node_modules/debug/src) by extension 'python'
[0.841s] Level 1:colcon.colcon_core.package_identification:_identify(config/node_modules/socket.io/node_modules/debug/src) by extensions ['python_setup_py']
[0.841s] Level 1:colcon.colcon_core.package_identification:_identify(config/node_modules/socket.io/node_modules/debug/src) by extension 'python_setup_py'
[0.841s] Level 1:colcon.colcon_core.package_identification:_identify(config/node_modules/socket.io/node_modules/ms) by extensions ['ignore', 'ignore_ament_install']
[0.842s] Level 1:colcon.colcon_core.package_identification:_identify(config/node_modules/socket.io/node_modules/ms) by extension 'ignore'
[0.842s] Level 1:colcon.colcon_core.package_identification:_identify(config/node_modules/socket.io/node_modules/ms) by extension 'ignore_ament_install'
[0.842s] Level 1:colcon.colcon_core.package_identification:_identify(config/node_modules/socket.io/node_modules/ms) by extensions ['colcon_pkg']
[0.842s] Level 1:colcon.colcon_core.package_identification:_identify(config/node_modules/socket.io/node_modules/ms) by extension 'colcon_pkg'
[0.842s] Level 1:colcon.colcon_core.package_identification:_identify(config/node_modules/socket.io/node_modules/ms) by extensions ['colcon_meta']
[0.842s] Level 1:colcon.colcon_core.package_identification:_identify(config/node_modules/socket.io/node_modules/ms) by extension 'colcon_meta'
[0.842s] Level 1:colcon.colcon_core.package_identification:_identify(config/node_modules/socket.io/node_modules/ms) by extensions ['ros']
[0.842s] Level 1:colcon.colcon_core.package_identification:_identify(config/node_modules/socket.io/node_modules/ms) by extension 'ros'
[0.842s] Level 1:colcon.colcon_core.package_identification:_identify(config/node_modules/socket.io/node_modules/ms) by extensions ['cmake', 'python']
[0.842s] Level 1:colcon.colcon_core.package_identification:_identify(config/node_modules/socket.io/node_modules/ms) by extension 'cmake'
[0.842s] Level 1:colcon.colcon_core.package_identification:_identify(config/node_modules/socket.io/node_modules/ms) by extension 'python'
[0.842s] Level 1:colcon.colcon_core.package_identification:_identify(config/node_modules/socket.io/node_modules/ms) by extensions ['python_setup_py']
[0.842s] Level 1:colcon.colcon_core.package_identification:_identify(config/node_modules/socket.io/node_modules/ms) by extension 'python_setup_py'
[0.843s] Level 1:colcon.colcon_core.package_identification:_identify(config/node_modules/socket.io-adapter) by extensions ['ignore', 'ignore_ament_install']
[0.843s] Level 1:colcon.colcon_core.package_identification:_identify(config/node_modules/socket.io-adapter) by extension 'ignore'
[0.843s] Level 1:colcon.colcon_core.package_identification:_identify(config/node_modules/socket.io-adapter) by extension 'ignore_ament_install'
[0.843s] Level 1:colcon.colcon_core.package_identification:_identify(config/node_modules/socket.io-adapter) by extensions ['colcon_pkg']
[0.843s] Level 1:colcon.colcon_core.package_identification:_identify(config/node_modules/socket.io-adapter) by extension 'colcon_pkg'
[0.843s] Level 1:colcon.colcon_core.package_identification:_identify(config/node_modules/socket.io-adapter) by extensions ['colcon_meta']
[0.843s] Level 1:colcon.colcon_core.package_identification:_identify(config/node_modules/socket.io-adapter) by extension 'colcon_meta'
[0.843s] Level 1:colcon.colcon_core.package_identification:_identify(config/node_modules/socket.io-adapter) by extensions ['ros']
[0.843s] Level 1:colcon.colcon_core.package_identification:_identify(config/node_modules/socket.io-adapter) by extension 'ros'
[0.843s] Level 1:colcon.colcon_core.package_identification:_identify(config/node_modules/socket.io-adapter) by extensions ['cmake', 'python']
[0.843s] Level 1:colcon.colcon_core.package_identification:_identify(config/node_modules/socket.io-adapter) by extension 'cmake'
[0.843s] Level 1:colcon.colcon_core.package_identification:_identify(config/node_modules/socket.io-adapter) by extension 'python'
[0.843s] Level 1:colcon.colcon_core.package_identification:_identify(config/node_modules/socket.io-adapter) by extensions ['python_setup_py']
[0.843s] Level 1:colcon.colcon_core.package_identification:_identify(config/node_modules/socket.io-adapter) by extension 'python_setup_py'
[0.843s] Level 1:colcon.colcon_core.package_identification:_identify(config/node_modules/socket.io-adapter/dist) by extensions ['ignore', 'ignore_ament_install']
[0.844s] Level 1:colcon.colcon_core.package_identification:_identify(config/node_modules/socket.io-adapter/dist) by extension 'ignore'
[0.844s] Level 1:colcon.colcon_core.package_identification:_identify(config/node_modules/socket.io-adapter/dist) by extension 'ignore_ament_install'
[0.844s] Level 1:colcon.colcon_core.package_identification:_identify(config/node_modules/socket.io-adapter/dist) by extensions ['colcon_pkg']
[0.844s] Level 1:colcon.colcon_core.package_identification:_identify(config/node_modules/socket.io-adapter/dist) by extension 'colcon_pkg'
[0.844s] Level 1:colcon.colcon_core.package_identification:_identify(config/node_modules/socket.io-adapter/dist) by extensions ['colcon_meta']
[0.844s] Level 1:colcon.colcon_core.package_identification:_identify(config/node_modules/socket.io-adapter/dist) by extension 'colcon_meta'
[0.844s] Level 1:colcon.colcon_core.package_identification:_identify(config/node_modules/socket.io-adapter/dist) by extensions ['ros']
[0.844s] Level 1:colcon.colcon_core.package_identification:_identify(config/node_modules/socket.io-adapter/dist) by extension 'ros'
[0.844s] Level 1:colcon.colcon_core.package_identification:_identify(config/node_modules/socket.io-adapter/dist) by extensions ['cmake', 'python']
[0.844s] Level 1:colcon.colcon_core.package_identification:_identify(config/node_modules/socket.io-adapter/dist) by extension 'cmake'
[0.844s] Level 1:colcon.colcon_core.package_identification:_identify(config/node_modules/socket.io-adapter/dist) by extension 'python'
[0.844s] Level 1:colcon.colcon_core.package_identification:_identify(config/node_modules/socket.io-adapter/dist) by extensions ['python_setup_py']
[0.844s] Level 1:colcon.colcon_core.package_identification:_identify(config/node_modules/socket.io-adapter/dist) by extension 'python_setup_py'
[0.844s] Level 1:colcon.colcon_core.package_identification:_identify(config/node_modules/socket.io-adapter/dist/contrib) by extensions ['ignore', 'ignore_ament_install']
[0.845s] Level 1:colcon.colcon_core.package_identification:_identify(config/node_modules/socket.io-adapter/dist/contrib) by extension 'ignore'
[0.845s] Level 1:colcon.colcon_core.package_identification:_identify(config/node_modules/socket.io-adapter/dist/contrib) by extension 'ignore_ament_install'
[0.845s] Level 1:colcon.colcon_core.package_identification:_identify(config/node_modules/socket.io-adapter/dist/contrib) by extensions ['colcon_pkg']
[0.845s] Level 1:colcon.colcon_core.package_identification:_identify(config/node_modules/socket.io-adapter/dist/contrib) by extension 'colcon_pkg'
[0.845s] Level 1:colcon.colcon_core.package_identification:_identify(config/node_modules/socket.io-adapter/dist/contrib) by extensions ['colcon_meta']
[0.845s] Level 1:colcon.colcon_core.package_identification:_identify(config/node_modules/socket.io-adapter/dist/contrib) by extension 'colcon_meta'
[0.845s] Level 1:colcon.colcon_core.package_identification:_identify(config/node_modules/socket.io-adapter/dist/contrib) by extensions ['ros']
[0.845s] Level 1:colcon.colcon_core.package_identification:_identify(config/node_modules/socket.io-adapter/dist/contrib) by extension 'ros'
[0.845s] Level 1:colcon.colcon_core.package_identification:_identify(config/node_modules/socket.io-adapter/dist/contrib) by extensions ['cmake', 'python']
[0.845s] Level 1:colcon.colcon_core.package_identification:_identify(config/node_modules/socket.io-adapter/dist/contrib) by extension 'cmake'
[0.845s] Level 1:colcon.colcon_core.package_identification:_identify(config/node_modules/socket.io-adapter/dist/contrib) by extension 'python'
[0.846s] Level 1:colcon.colcon_core.package_identification:_identify(config/node_modules/socket.io-adapter/dist/contrib) by extensions ['python_setup_py']
[0.846s] Level 1:colcon.colcon_core.package_identification:_identify(config/node_modules/socket.io-adapter/dist/contrib) by extension 'python_setup_py'
[0.846s] Level 1:colcon.colcon_core.package_identification:_identify(config/node_modules/socket.io-adapter/node_modules) by extensions ['ignore', 'ignore_ament_install']
[0.846s] Level 1:colcon.colcon_core.package_identification:_identify(config/node_modules/socket.io-adapter/node_modules) by extension 'ignore'
[0.846s] Level 1:colcon.colcon_core.package_identification:_identify(config/node_modules/socket.io-adapter/node_modules) by extension 'ignore_ament_install'
[0.846s] Level 1:colcon.colcon_core.package_identification:_identify(config/node_modules/socket.io-adapter/node_modules) by extensions ['colcon_pkg']
[0.846s] Level 1:colcon.colcon_core.package_identification:_identify(config/node_modules/socket.io-adapter/node_modules) by extension 'colcon_pkg'
[0.846s] Level 1:colcon.colcon_core.package_identification:_identify(config/node_modules/socket.io-adapter/node_modules) by extensions ['colcon_meta']
[0.846s] Level 1:colcon.colcon_core.package_identification:_identify(config/node_modules/socket.io-adapter/node_modules) by extension 'colcon_meta'
[0.846s] Level 1:colcon.colcon_core.package_identification:_identify(config/node_modules/socket.io-adapter/node_modules) by extensions ['ros']
[0.846s] Level 1:colcon.colcon_core.package_identification:_identify(config/node_modules/socket.io-adapter/node_modules) by extension 'ros'
[0.846s] Level 1:colcon.colcon_core.package_identification:_identify(config/node_modules/socket.io-adapter/node_modules) by extensions ['cmake', 'python']
[0.846s] Level 1:colcon.colcon_core.package_identification:_identify(config/node_modules/socket.io-adapter/node_modules) by extension 'cmake'
[0.846s] Level 1:colcon.colcon_core.package_identification:_identify(config/node_modules/socket.io-adapter/node_modules) by extension 'python'
[0.846s] Level 1:colcon.colcon_core.package_identification:_identify(config/node_modules/socket.io-adapter/node_modules) by extensions ['python_setup_py']
[0.847s] Level 1:colcon.colcon_core.package_identification:_identify(config/node_modules/socket.io-adapter/node_modules) by extension 'python_setup_py'
[0.847s] Level 1:colcon.colcon_core.package_identification:_identify(config/node_modules/socket.io-adapter/node_modules/debug) by extensions ['ignore', 'ignore_ament_install']
[0.847s] Level 1:colcon.colcon_core.package_identification:_identify(config/node_modules/socket.io-adapter/node_modules/debug) by extension 'ignore'
[0.847s] Level 1:colcon.colcon_core.package_identification:_identify(config/node_modules/socket.io-adapter/node_modules/debug) by extension 'ignore_ament_install'
[0.847s] Level 1:colcon.colcon_core.package_identification:_identify(config/node_modules/socket.io-adapter/node_modules/debug) by extensions ['colcon_pkg']
[0.847s] Level 1:colcon.colcon_core.package_identification:_identify(config/node_modules/socket.io-adapter/node_modules/debug) by extension 'colcon_pkg'
[0.847s] Level 1:colcon.colcon_core.package_identification:_identify(config/node_modules/socket.io-adapter/node_modules/debug) by extensions ['colcon_meta']
[0.847s] Level 1:colcon.colcon_core.package_identification:_identify(config/node_modules/socket.io-adapter/node_modules/debug) by extension 'colcon_meta'
[0.847s] Level 1:colcon.colcon_core.package_identification:_identify(config/node_modules/socket.io-adapter/node_modules/debug) by extensions ['ros']
[0.847s] Level 1:colcon.colcon_core.package_identification:_identify(config/node_modules/socket.io-adapter/node_modules/debug) by extension 'ros'
[0.847s] Level 1:colcon.colcon_core.package_identification:_identify(config/node_modules/socket.io-adapter/node_modules/debug) by extensions ['cmake', 'python']
[0.847s] Level 1:colcon.colcon_core.package_identification:_identify(config/node_modules/socket.io-adapter/node_modules/debug) by extension 'cmake'
[0.847s] Level 1:colcon.colcon_core.package_identification:_identify(config/node_modules/socket.io-adapter/node_modules/debug) by extension 'python'
[0.848s] Level 1:colcon.colcon_core.package_identification:_identify(config/node_modules/socket.io-adapter/node_modules/debug) by extensions ['python_setup_py']
[0.848s] Level 1:colcon.colcon_core.package_identification:_identify(config/node_modules/socket.io-adapter/node_modules/debug) by extension 'python_setup_py'
[0.848s] Level 1:colcon.colcon_core.package_identification:_identify(config/node_modules/socket.io-adapter/node_modules/debug/src) by extensions ['ignore', 'ignore_ament_install']
[0.848s] Level 1:colcon.colcon_core.package_identification:_identify(config/node_modules/socket.io-adapter/node_modules/debug/src) by extension 'ignore'
[0.848s] Level 1:colcon.colcon_core.package_identification:_identify(config/node_modules/socket.io-adapter/node_modules/debug/src) by extension 'ignore_ament_install'
[0.848s] Level 1:colcon.colcon_core.package_identification:_identify(config/node_modules/socket.io-adapter/node_modules/debug/src) by extensions ['colcon_pkg']
[0.848s] Level 1:colcon.colcon_core.package_identification:_identify(config/node_modules/socket.io-adapter/node_modules/debug/src) by extension 'colcon_pkg'
[0.848s] Level 1:colcon.colcon_core.package_identification:_identify(config/node_modules/socket.io-adapter/node_modules/debug/src) by extensions ['colcon_meta']
[0.848s] Level 1:colcon.colcon_core.package_identification:_identify(config/node_modules/socket.io-adapter/node_modules/debug/src) by extension 'colcon_meta'
[0.848s] Level 1:colcon.colcon_core.package_identification:_identify(config/node_modules/socket.io-adapter/node_modules/debug/src) by extensions ['ros']
[0.848s] Level 1:colcon.colcon_core.package_identification:_identify(config/node_modules/socket.io-adapter/node_modules/debug/src) by extension 'ros'
[0.848s] Level 1:colcon.colcon_core.package_identification:_identify(config/node_modules/socket.io-adapter/node_modules/debug/src) by extensions ['cmake', 'python']
[0.848s] Level 1:colcon.colcon_core.package_identification:_identify(config/node_modules/socket.io-adapter/node_modules/debug/src) by extension 'cmake'
[0.849s] Level 1:colcon.colcon_core.package_identification:_identify(config/node_modules/socket.io-adapter/node_modules/debug/src) by extension 'python'
[0.849s] Level 1:colcon.colcon_core.package_identification:_identify(config/node_modules/socket.io-adapter/node_modules/debug/src) by extensions ['python_setup_py']
[0.849s] Level 1:colcon.colcon_core.package_identification:_identify(config/node_modules/socket.io-adapter/node_modules/debug/src) by extension 'python_setup_py'
[0.849s] Level 1:colcon.colcon_core.package_identification:_identify(config/node_modules/socket.io-adapter/node_modules/ms) by extensions ['ignore', 'ignore_ament_install']
[0.849s] Level 1:colcon.colcon_core.package_identification:_identify(config/node_modules/socket.io-adapter/node_modules/ms) by extension 'ignore'
[0.849s] Level 1:colcon.colcon_core.package_identification:_identify(config/node_modules/socket.io-adapter/node_modules/ms) by extension 'ignore_ament_install'
[0.849s] Level 1:colcon.colcon_core.package_identification:_identify(config/node_modules/socket.io-adapter/node_modules/ms) by extensions ['colcon_pkg']
[0.849s] Level 1:colcon.colcon_core.package_identification:_identify(config/node_modules/socket.io-adapter/node_modules/ms) by extension 'colcon_pkg'
[0.849s] Level 1:colcon.colcon_core.package_identification:_identify(config/node_modules/socket.io-adapter/node_modules/ms) by extensions ['colcon_meta']
[0.849s] Level 1:colcon.colcon_core.package_identification:_identify(config/node_modules/socket.io-adapter/node_modules/ms) by extension 'colcon_meta'
[0.849s] Level 1:colcon.colcon_core.package_identification:_identify(config/node_modules/socket.io-adapter/node_modules/ms) by extensions ['ros']
[0.849s] Level 1:colcon.colcon_core.package_identification:_identify(config/node_modules/socket.io-adapter/node_modules/ms) by extension 'ros'
[0.849s] Level 1:colcon.colcon_core.package_identification:_identify(config/node_modules/socket.io-adapter/node_modules/ms) by extensions ['cmake', 'python']
[0.849s] Level 1:colcon.colcon_core.package_identification:_identify(config/node_modules/socket.io-adapter/node_modules/ms) by extension 'cmake'
[0.849s] Level 1:colcon.colcon_core.package_identification:_identify(config/node_modules/socket.io-adapter/node_modules/ms) by extension 'python'
[0.849s] Level 1:colcon.colcon_core.package_identification:_identify(config/node_modules/socket.io-adapter/node_modules/ms) by extensions ['python_setup_py']
[0.849s] Level 1:colcon.colcon_core.package_identification:_identify(config/node_modules/socket.io-adapter/node_modules/ms) by extension 'python_setup_py'
[0.850s] Level 1:colcon.colcon_core.package_identification:_identify(config/node_modules/socket.io-parser) by extensions ['ignore', 'ignore_ament_install']
[0.850s] Level 1:colcon.colcon_core.package_identification:_identify(config/node_modules/socket.io-parser) by extension 'ignore'
[0.850s] Level 1:colcon.colcon_core.package_identification:_identify(config/node_modules/socket.io-parser) by extension 'ignore_ament_install'
[0.850s] Level 1:colcon.colcon_core.package_identification:_identify(config/node_modules/socket.io-parser) by extensions ['colcon_pkg']
[0.850s] Level 1:colcon.colcon_core.package_identification:_identify(config/node_modules/socket.io-parser) by extension 'colcon_pkg'
[0.850s] Level 1:colcon.colcon_core.package_identification:_identify(config/node_modules/socket.io-parser) by extensions ['colcon_meta']
[0.850s] Level 1:colcon.colcon_core.package_identification:_identify(config/node_modules/socket.io-parser) by extension 'colcon_meta'
[0.850s] Level 1:colcon.colcon_core.package_identification:_identify(config/node_modules/socket.io-parser) by extensions ['ros']
[0.850s] Level 1:colcon.colcon_core.package_identification:_identify(config/node_modules/socket.io-parser) by extension 'ros'
[0.850s] Level 1:colcon.colcon_core.package_identification:_identify(config/node_modules/socket.io-parser) by extensions ['cmake', 'python']
[0.850s] Level 1:colcon.colcon_core.package_identification:_identify(config/node_modules/socket.io-parser) by extension 'cmake'
[0.850s] Level 1:colcon.colcon_core.package_identification:_identify(config/node_modules/socket.io-parser) by extension 'python'
[0.850s] Level 1:colcon.colcon_core.package_identification:_identify(config/node_modules/socket.io-parser) by extensions ['python_setup_py']
[0.850s] Level 1:colcon.colcon_core.package_identification:_identify(config/node_modules/socket.io-parser) by extension 'python_setup_py'
[0.850s] Level 1:colcon.colcon_core.package_identification:_identify(config/node_modules/socket.io-parser/build) by extensions ['ignore', 'ignore_ament_install']
[0.850s] Level 1:colcon.colcon_core.package_identification:_identify(config/node_modules/socket.io-parser/build) by extension 'ignore'
[0.851s] Level 1:colcon.colcon_core.package_identification:_identify(config/node_modules/socket.io-parser/build) by extension 'ignore_ament_install'
[0.851s] Level 1:colcon.colcon_core.package_identification:_identify(config/node_modules/socket.io-parser/build) by extensions ['colcon_pkg']
[0.851s] Level 1:colcon.colcon_core.package_identification:_identify(config/node_modules/socket.io-parser/build) by extension 'colcon_pkg'
[0.851s] Level 1:colcon.colcon_core.package_identification:_identify(config/node_modules/socket.io-parser/build) by extensions ['colcon_meta']
[0.851s] Level 1:colcon.colcon_core.package_identification:_identify(config/node_modules/socket.io-parser/build) by extension 'colcon_meta'
[0.851s] Level 1:colcon.colcon_core.package_identification:_identify(config/node_modules/socket.io-parser/build) by extensions ['ros']
[0.851s] Level 1:colcon.colcon_core.package_identification:_identify(config/node_modules/socket.io-parser/build) by extension 'ros'
[0.851s] Level 1:colcon.colcon_core.package_identification:_identify(config/node_modules/socket.io-parser/build) by extensions ['cmake', 'python']
[0.851s] Level 1:colcon.colcon_core.package_identification:_identify(config/node_modules/socket.io-parser/build) by extension 'cmake'
[0.851s] Level 1:colcon.colcon_core.package_identification:_identify(config/node_modules/socket.io-parser/build) by extension 'python'
[0.851s] Level 1:colcon.colcon_core.package_identification:_identify(config/node_modules/socket.io-parser/build) by extensions ['python_setup_py']
[0.851s] Level 1:colcon.colcon_core.package_identification:_identify(config/node_modules/socket.io-parser/build) by extension 'python_setup_py'
[0.851s] Level 1:colcon.colcon_core.package_identification:_identify(config/node_modules/socket.io-parser/build/cjs) by extensions ['ignore', 'ignore_ament_install']
[0.851s] Level 1:colcon.colcon_core.package_identification:_identify(config/node_modules/socket.io-parser/build/cjs) by extension 'ignore'
[0.851s] Level 1:colcon.colcon_core.package_identification:_identify(config/node_modules/socket.io-parser/build/cjs) by extension 'ignore_ament_install'
[0.852s] Level 1:colcon.colcon_core.package_identification:_identify(config/node_modules/socket.io-parser/build/cjs) by extensions ['colcon_pkg']
[0.852s] Level 1:colcon.colcon_core.package_identification:_identify(config/node_modules/socket.io-parser/build/cjs) by extension 'colcon_pkg'
[0.852s] Level 1:colcon.colcon_core.package_identification:_identify(config/node_modules/socket.io-parser/build/cjs) by extensions ['colcon_meta']
[0.852s] Level 1:colcon.colcon_core.package_identification:_identify(config/node_modules/socket.io-parser/build/cjs) by extension 'colcon_meta'
[0.852s] Level 1:colcon.colcon_core.package_identification:_identify(config/node_modules/socket.io-parser/build/cjs) by extensions ['ros']
[0.852s] Level 1:colcon.colcon_core.package_identification:_identify(config/node_modules/socket.io-parser/build/cjs) by extension 'ros'
[0.852s] Level 1:colcon.colcon_core.package_identification:_identify(config/node_modules/socket.io-parser/build/cjs) by extensions ['cmake', 'python']
[0.852s] Level 1:colcon.colcon_core.package_identification:_identify(config/node_modules/socket.io-parser/build/cjs) by extension 'cmake'
[0.852s] Level 1:colcon.colcon_core.package_identification:_identify(config/node_modules/socket.io-parser/build/cjs) by extension 'python'
[0.852s] Level 1:colcon.colcon_core.package_identification:_identify(config/node_modules/socket.io-parser/build/cjs) by extensions ['python_setup_py']
[0.852s] Level 1:colcon.colcon_core.package_identification:_identify(config/node_modules/socket.io-parser/build/cjs) by extension 'python_setup_py'
[0.852s] Level 1:colcon.colcon_core.package_identification:_identify(config/node_modules/socket.io-parser/build/esm) by extensions ['ignore', 'ignore_ament_install']
[0.852s] Level 1:colcon.colcon_core.package_identification:_identify(config/node_modules/socket.io-parser/build/esm) by extension 'ignore'
[0.852s] Level 1:colcon.colcon_core.package_identification:_identify(config/node_modules/socket.io-parser/build/esm) by extension 'ignore_ament_install'
[0.852s] Level 1:colcon.colcon_core.package_identification:_identify(config/node_modules/socket.io-parser/build/esm) by extensions ['colcon_pkg']
[0.852s] Level 1:colcon.colcon_core.package_identification:_identify(config/node_modules/socket.io-parser/build/esm) by extension 'colcon_pkg'
[0.852s] Level 1:colcon.colcon_core.package_identification:_identify(config/node_modules/socket.io-parser/build/esm) by extensions ['colcon_meta']
[0.852s] Level 1:colcon.colcon_core.package_identification:_identify(config/node_modules/socket.io-parser/build/esm) by extension 'colcon_meta'
[0.852s] Level 1:colcon.colcon_core.package_identification:_identify(config/node_modules/socket.io-parser/build/esm) by extensions ['ros']
[0.852s] Level 1:colcon.colcon_core.package_identification:_identify(config/node_modules/socket.io-parser/build/esm) by extension 'ros'
[0.852s] Level 1:colcon.colcon_core.package_identification:_identify(config/node_modules/socket.io-parser/build/esm) by extensions ['cmake', 'python']
[0.852s] Level 1:colcon.colcon_core.package_identification:_identify(config/node_modules/socket.io-parser/build/esm) by extension 'cmake'
[0.852s] Level 1:colcon.colcon_core.package_identification:_identify(config/node_modules/socket.io-parser/build/esm) by extension 'python'
[0.853s] Level 1:colcon.colcon_core.package_identification:_identify(config/node_modules/socket.io-parser/build/esm) by extensions ['python_setup_py']
[0.853s] Level 1:colcon.colcon_core.package_identification:_identify(config/node_modules/socket.io-parser/build/esm) by extension 'python_setup_py'
[0.853s] Level 1:colcon.colcon_core.package_identification:_identify(config/node_modules/socket.io-parser/build/esm-debug) by extensions ['ignore', 'ignore_ament_install']
[0.853s] Level 1:colcon.colcon_core.package_identification:_identify(config/node_modules/socket.io-parser/build/esm-debug) by extension 'ignore'
[0.853s] Level 1:colcon.colcon_core.package_identification:_identify(config/node_modules/socket.io-parser/build/esm-debug) by extension 'ignore_ament_install'
[0.853s] Level 1:colcon.colcon_core.package_identification:_identify(config/node_modules/socket.io-parser/build/esm-debug) by extensions ['colcon_pkg']
[0.853s] Level 1:colcon.colcon_core.package_identification:_identify(config/node_modules/socket.io-parser/build/esm-debug) by extension 'colcon_pkg'
[0.853s] Level 1:colcon.colcon_core.package_identification:_identify(config/node_modules/socket.io-parser/build/esm-debug) by extensions ['colcon_meta']
[0.853s] Level 1:colcon.colcon_core.package_identification:_identify(config/node_modules/socket.io-parser/build/esm-debug) by extension 'colcon_meta'
[0.853s] Level 1:colcon.colcon_core.package_identification:_identify(config/node_modules/socket.io-parser/build/esm-debug) by extensions ['ros']
[0.853s] Level 1:colcon.colcon_core.package_identification:_identify(config/node_modules/socket.io-parser/build/esm-debug) by extension 'ros'
[0.853s] Level 1:colcon.colcon_core.package_identification:_identify(config/node_modules/socket.io-parser/build/esm-debug) by extensions ['cmake', 'python']
[0.853s] Level 1:colcon.colcon_core.package_identification:_identify(config/node_modules/socket.io-parser/build/esm-debug) by extension 'cmake'
[0.853s] Level 1:colcon.colcon_core.package_identification:_identify(config/node_modules/socket.io-parser/build/esm-debug) by extension 'python'
[0.853s] Level 1:colcon.colcon_core.package_identification:_identify(config/node_modules/socket.io-parser/build/esm-debug) by extensions ['python_setup_py']
[0.853s] Level 1:colcon.colcon_core.package_identification:_identify(config/node_modules/socket.io-parser/build/esm-debug) by extension 'python_setup_py'
[0.853s] Level 1:colcon.colcon_core.package_identification:_identify(config/node_modules/socket.io-parser/node_modules) by extensions ['ignore', 'ignore_ament_install']
[0.854s] Level 1:colcon.colcon_core.package_identification:_identify(config/node_modules/socket.io-parser/node_modules) by extension 'ignore'
[0.854s] Level 1:colcon.colcon_core.package_identification:_identify(config/node_modules/socket.io-parser/node_modules) by extension 'ignore_ament_install'
[0.854s] Level 1:colcon.colcon_core.package_identification:_identify(config/node_modules/socket.io-parser/node_modules) by extensions ['colcon_pkg']
[0.854s] Level 1:colcon.colcon_core.package_identification:_identify(config/node_modules/socket.io-parser/node_modules) by extension 'colcon_pkg'
[0.854s] Level 1:colcon.colcon_core.package_identification:_identify(config/node_modules/socket.io-parser/node_modules) by extensions ['colcon_meta']
[0.854s] Level 1:colcon.colcon_core.package_identification:_identify(config/node_modules/socket.io-parser/node_modules) by extension 'colcon_meta'
[0.854s] Level 1:colcon.colcon_core.package_identification:_identify(config/node_modules/socket.io-parser/node_modules) by extensions ['ros']
[0.854s] Level 1:colcon.colcon_core.package_identification:_identify(config/node_modules/socket.io-parser/node_modules) by extension 'ros'
[0.854s] Level 1:colcon.colcon_core.package_identification:_identify(config/node_modules/socket.io-parser/node_modules) by extensions ['cmake', 'python']
[0.854s] Level 1:colcon.colcon_core.package_identification:_identify(config/node_modules/socket.io-parser/node_modules) by extension 'cmake'
[0.854s] Level 1:colcon.colcon_core.package_identification:_identify(config/node_modules/socket.io-parser/node_modules) by extension 'python'
[0.854s] Level 1:colcon.colcon_core.package_identification:_identify(config/node_modules/socket.io-parser/node_modules) by extensions ['python_setup_py']
[0.854s] Level 1:colcon.colcon_core.package_identification:_identify(config/node_modules/socket.io-parser/node_modules) by extension 'python_setup_py'
[0.854s] Level 1:colcon.colcon_core.package_identification:_identify(config/node_modules/socket.io-parser/node_modules/debug) by extensions ['ignore', 'ignore_ament_install']
[0.855s] Level 1:colcon.colcon_core.package_identification:_identify(config/node_modules/socket.io-parser/node_modules/debug) by extension 'ignore'
[0.855s] Level 1:colcon.colcon_core.package_identification:_identify(config/node_modules/socket.io-parser/node_modules/debug) by extension 'ignore_ament_install'
[0.855s] Level 1:colcon.colcon_core.package_identification:_identify(config/node_modules/socket.io-parser/node_modules/debug) by extensions ['colcon_pkg']
[0.855s] Level 1:colcon.colcon_core.package_identification:_identify(config/node_modules/socket.io-parser/node_modules/debug) by extension 'colcon_pkg'
[0.855s] Level 1:colcon.colcon_core.package_identification:_identify(config/node_modules/socket.io-parser/node_modules/debug) by extensions ['colcon_meta']
[0.855s] Level 1:colcon.colcon_core.package_identification:_identify(config/node_modules/socket.io-parser/node_modules/debug) by extension 'colcon_meta'
[0.855s] Level 1:colcon.colcon_core.package_identification:_identify(config/node_modules/socket.io-parser/node_modules/debug) by extensions ['ros']
[0.855s] Level 1:colcon.colcon_core.package_identification:_identify(config/node_modules/socket.io-parser/node_modules/debug) by extension 'ros'
[0.855s] Level 1:colcon.colcon_core.package_identification:_identify(config/node_modules/socket.io-parser/node_modules/debug) by extensions ['cmake', 'python']
[0.855s] Level 1:colcon.colcon_core.package_identification:_identify(config/node_modules/socket.io-parser/node_modules/debug) by extension 'cmake'
[0.855s] Level 1:colcon.colcon_core.package_identification:_identify(config/node_modules/socket.io-parser/node_modules/debug) by extension 'python'
[0.856s] Level 1:colcon.colcon_core.package_identification:_identify(config/node_modules/socket.io-parser/node_modules/debug) by extensions ['python_setup_py']
[0.856s] Level 1:colcon.colcon_core.package_identification:_identify(config/node_modules/socket.io-parser/node_modules/debug) by extension 'python_setup_py'
[0.856s] Level 1:colcon.colcon_core.package_identification:_identify(config/node_modules/socket.io-parser/node_modules/debug/src) by extensions ['ignore', 'ignore_ament_install']
[0.856s] Level 1:colcon.colcon_core.package_identification:_identify(config/node_modules/socket.io-parser/node_modules/debug/src) by extension 'ignore'
[0.856s] Level 1:colcon.colcon_core.package_identification:_identify(config/node_modules/socket.io-parser/node_modules/debug/src) by extension 'ignore_ament_install'
[0.856s] Level 1:colcon.colcon_core.package_identification:_identify(config/node_modules/socket.io-parser/node_modules/debug/src) by extensions ['colcon_pkg']
[0.856s] Level 1:colcon.colcon_core.package_identification:_identify(config/node_modules/socket.io-parser/node_modules/debug/src) by extension 'colcon_pkg'
[0.856s] Level 1:colcon.colcon_core.package_identification:_identify(config/node_modules/socket.io-parser/node_modules/debug/src) by extensions ['colcon_meta']
[0.856s] Level 1:colcon.colcon_core.package_identification:_identify(config/node_modules/socket.io-parser/node_modules/debug/src) by extension 'colcon_meta'
[0.856s] Level 1:colcon.colcon_core.package_identification:_identify(config/node_modules/socket.io-parser/node_modules/debug/src) by extensions ['ros']
[0.856s] Level 1:colcon.colcon_core.package_identification:_identify(config/node_modules/socket.io-parser/node_modules/debug/src) by extension 'ros'
[0.856s] Level 1:colcon.colcon_core.package_identification:_identify(config/node_modules/socket.io-parser/node_modules/debug/src) by extensions ['cmake', 'python']
[0.856s] Level 1:colcon.colcon_core.package_identification:_identify(config/node_modules/socket.io-parser/node_modules/debug/src) by extension 'cmake'
[0.856s] Level 1:colcon.colcon_core.package_identification:_identify(config/node_modules/socket.io-parser/node_modules/debug/src) by extension 'python'
[0.857s] Level 1:colcon.colcon_core.package_identification:_identify(config/node_modules/socket.io-parser/node_modules/debug/src) by extensions ['python_setup_py']
[0.857s] Level 1:colcon.colcon_core.package_identification:_identify(config/node_modules/socket.io-parser/node_modules/debug/src) by extension 'python_setup_py'
[0.857s] Level 1:colcon.colcon_core.package_identification:_identify(config/node_modules/socket.io-parser/node_modules/ms) by extensions ['ignore', 'ignore_ament_install']
[0.857s] Level 1:colcon.colcon_core.package_identification:_identify(config/node_modules/socket.io-parser/node_modules/ms) by extension 'ignore'
[0.857s] Level 1:colcon.colcon_core.package_identification:_identify(config/node_modules/socket.io-parser/node_modules/ms) by extension 'ignore_ament_install'
[0.857s] Level 1:colcon.colcon_core.package_identification:_identify(config/node_modules/socket.io-parser/node_modules/ms) by extensions ['colcon_pkg']
[0.857s] Level 1:colcon.colcon_core.package_identification:_identify(config/node_modules/socket.io-parser/node_modules/ms) by extension 'colcon_pkg'
[0.857s] Level 1:colcon.colcon_core.package_identification:_identify(config/node_modules/socket.io-parser/node_modules/ms) by extensions ['colcon_meta']
[0.857s] Level 1:colcon.colcon_core.package_identification:_identify(config/node_modules/socket.io-parser/node_modules/ms) by extension 'colcon_meta'
[0.857s] Level 1:colcon.colcon_core.package_identification:_identify(config/node_modules/socket.io-parser/node_modules/ms) by extensions ['ros']
[0.857s] Level 1:colcon.colcon_core.package_identification:_identify(config/node_modules/socket.io-parser/node_modules/ms) by extension 'ros'
[0.857s] Level 1:colcon.colcon_core.package_identification:_identify(config/node_modules/socket.io-parser/node_modules/ms) by extensions ['cmake', 'python']
[0.857s] Level 1:colcon.colcon_core.package_identification:_identify(config/node_modules/socket.io-parser/node_modules/ms) by extension 'cmake'
[0.857s] Level 1:colcon.colcon_core.package_identification:_identify(config/node_modules/socket.io-parser/node_modules/ms) by extension 'python'
[0.857s] Level 1:colcon.colcon_core.package_identification:_identify(config/node_modules/socket.io-parser/node_modules/ms) by extensions ['python_setup_py']
[0.857s] Level 1:colcon.colcon_core.package_identification:_identify(config/node_modules/socket.io-parser/node_modules/ms) by extension 'python_setup_py'
[0.858s] Level 1:colcon.colcon_core.package_identification:_identify(config/node_modules/statuses) by extensions ['ignore', 'ignore_ament_install']
[0.858s] Level 1:colcon.colcon_core.package_identification:_identify(config/node_modules/statuses) by extension 'ignore'
[0.858s] Level 1:colcon.colcon_core.package_identification:_identify(config/node_modules/statuses) by extension 'ignore_ament_install'
[0.858s] Level 1:colcon.colcon_core.package_identification:_identify(config/node_modules/statuses) by extensions ['colcon_pkg']
[0.858s] Level 1:colcon.colcon_core.package_identification:_identify(config/node_modules/statuses) by extension 'colcon_pkg'
[0.858s] Level 1:colcon.colcon_core.package_identification:_identify(config/node_modules/statuses) by extensions ['colcon_meta']
[0.858s] Level 1:colcon.colcon_core.package_identification:_identify(config/node_modules/statuses) by extension 'colcon_meta'
[0.858s] Level 1:colcon.colcon_core.package_identification:_identify(config/node_modules/statuses) by extensions ['ros']
[0.858s] Level 1:colcon.colcon_core.package_identification:_identify(config/node_modules/statuses) by extension 'ros'
[0.858s] Level 1:colcon.colcon_core.package_identification:_identify(config/node_modules/statuses) by extensions ['cmake', 'python']
[0.858s] Level 1:colcon.colcon_core.package_identification:_identify(config/node_modules/statuses) by extension 'cmake'
[0.858s] Level 1:colcon.colcon_core.package_identification:_identify(config/node_modules/statuses) by extension 'python'
[0.858s] Level 1:colcon.colcon_core.package_identification:_identify(config/node_modules/statuses) by extensions ['python_setup_py']
[0.858s] Level 1:colcon.colcon_core.package_identification:_identify(config/node_modules/statuses) by extension 'python_setup_py'
[0.859s] Level 1:colcon.colcon_core.package_identification:_identify(config/node_modules/toidentifier) by extensions ['ignore', 'ignore_ament_install']
[0.859s] Level 1:colcon.colcon_core.package_identification:_identify(config/node_modules/toidentifier) by extension 'ignore'
[0.859s] Level 1:colcon.colcon_core.package_identification:_identify(config/node_modules/toidentifier) by extension 'ignore_ament_install'
[0.859s] Level 1:colcon.colcon_core.package_identification:_identify(config/node_modules/toidentifier) by extensions ['colcon_pkg']
[0.859s] Level 1:colcon.colcon_core.package_identification:_identify(config/node_modules/toidentifier) by extension 'colcon_pkg'
[0.859s] Level 1:colcon.colcon_core.package_identification:_identify(config/node_modules/toidentifier) by extensions ['colcon_meta']
[0.859s] Level 1:colcon.colcon_core.package_identification:_identify(config/node_modules/toidentifier) by extension 'colcon_meta'
[0.859s] Level 1:colcon.colcon_core.package_identification:_identify(config/node_modules/toidentifier) by extensions ['ros']
[0.859s] Level 1:colcon.colcon_core.package_identification:_identify(config/node_modules/toidentifier) by extension 'ros'
[0.859s] Level 1:colcon.colcon_core.package_identification:_identify(config/node_modules/toidentifier) by extensions ['cmake', 'python']
[0.859s] Level 1:colcon.colcon_core.package_identification:_identify(config/node_modules/toidentifier) by extension 'cmake'
[0.859s] Level 1:colcon.colcon_core.package_identification:_identify(config/node_modules/toidentifier) by extension 'python'
[0.859s] Level 1:colcon.colcon_core.package_identification:_identify(config/node_modules/toidentifier) by extensions ['python_setup_py']
[0.859s] Level 1:colcon.colcon_core.package_identification:_identify(config/node_modules/toidentifier) by extension 'python_setup_py'
[0.859s] Level 1:colcon.colcon_core.package_identification:_identify(config/node_modules/undici-types) by extensions ['ignore', 'ignore_ament_install']
[0.860s] Level 1:colcon.colcon_core.package_identification:_identify(config/node_modules/undici-types) by extension 'ignore'
[0.860s] Level 1:colcon.colcon_core.package_identification:_identify(config/node_modules/undici-types) by extension 'ignore_ament_install'
[0.860s] Level 1:colcon.colcon_core.package_identification:_identify(config/node_modules/undici-types) by extensions ['colcon_pkg']
[0.860s] Level 1:colcon.colcon_core.package_identification:_identify(config/node_modules/undici-types) by extension 'colcon_pkg'
[0.860s] Level 1:colcon.colcon_core.package_identification:_identify(config/node_modules/undici-types) by extensions ['colcon_meta']
[0.860s] Level 1:colcon.colcon_core.package_identification:_identify(config/node_modules/undici-types) by extension 'colcon_meta'
[0.860s] Level 1:colcon.colcon_core.package_identification:_identify(config/node_modules/undici-types) by extensions ['ros']
[0.860s] Level 1:colcon.colcon_core.package_identification:_identify(config/node_modules/undici-types) by extension 'ros'
[0.860s] Level 1:colcon.colcon_core.package_identification:_identify(config/node_modules/undici-types) by extensions ['cmake', 'python']
[0.860s] Level 1:colcon.colcon_core.package_identification:_identify(config/node_modules/undici-types) by extension 'cmake'
[0.860s] Level 1:colcon.colcon_core.package_identification:_identify(config/node_modules/undici-types) by extension 'python'
[0.860s] Level 1:colcon.colcon_core.package_identification:_identify(config/node_modules/undici-types) by extensions ['python_setup_py']
[0.860s] Level 1:colcon.colcon_core.package_identification:_identify(config/node_modules/undici-types) by extension 'python_setup_py'
[0.860s] Level 1:colcon.colcon_core.package_identification:_identify(config/node_modules/vary) by extensions ['ignore', 'ignore_ament_install']
[0.860s] Level 1:colcon.colcon_core.package_identification:_identify(config/node_modules/vary) by extension 'ignore'
[0.861s] Level 1:colcon.colcon_core.package_identification:_identify(config/node_modules/vary) by extension 'ignore_ament_install'
[0.861s] Level 1:colcon.colcon_core.package_identification:_identify(config/node_modules/vary) by extensions ['colcon_pkg']
[0.861s] Level 1:colcon.colcon_core.package_identification:_identify(config/node_modules/vary) by extension 'colcon_pkg'
[0.861s] Level 1:colcon.colcon_core.package_identification:_identify(config/node_modules/vary) by extensions ['colcon_meta']
[0.861s] Level 1:colcon.colcon_core.package_identification:_identify(config/node_modules/vary) by extension 'colcon_meta'
[0.861s] Level 1:colcon.colcon_core.package_identification:_identify(config/node_modules/vary) by extensions ['ros']
[0.861s] Level 1:colcon.colcon_core.package_identification:_identify(config/node_modules/vary) by extension 'ros'
[0.861s] Level 1:colcon.colcon_core.package_identification:_identify(config/node_modules/vary) by extensions ['cmake', 'python']
[0.861s] Level 1:colcon.colcon_core.package_identification:_identify(config/node_modules/vary) by extension 'cmake'
[0.861s] Level 1:colcon.colcon_core.package_identification:_identify(config/node_modules/vary) by extension 'python'
[0.861s] Level 1:colcon.colcon_core.package_identification:_identify(config/node_modules/vary) by extensions ['python_setup_py']
[0.861s] Level 1:colcon.colcon_core.package_identification:_identify(config/node_modules/vary) by extension 'python_setup_py'
[0.861s] Level 1:colcon.colcon_core.package_identification:_identify(config/node_modules/ws) by extensions ['ignore', 'ignore_ament_install']
[0.861s] Level 1:colcon.colcon_core.package_identification:_identify(config/node_modules/ws) by extension 'ignore'
[0.861s] Level 1:colcon.colcon_core.package_identification:_identify(config/node_modules/ws) by extension 'ignore_ament_install'
[0.861s] Level 1:colcon.colcon_core.package_identification:_identify(config/node_modules/ws) by extensions ['colcon_pkg']
[0.861s] Level 1:colcon.colcon_core.package_identification:_identify(config/node_modules/ws) by extension 'colcon_pkg'
[0.862s] Level 1:colcon.colcon_core.package_identification:_identify(config/node_modules/ws) by extensions ['colcon_meta']
[0.862s] Level 1:colcon.colcon_core.package_identification:_identify(config/node_modules/ws) by extension 'colcon_meta'
[0.862s] Level 1:colcon.colcon_core.package_identification:_identify(config/node_modules/ws) by extensions ['ros']
[0.862s] Level 1:colcon.colcon_core.package_identification:_identify(config/node_modules/ws) by extension 'ros'
[0.862s] Level 1:colcon.colcon_core.package_identification:_identify(config/node_modules/ws) by extensions ['cmake', 'python']
[0.862s] Level 1:colcon.colcon_core.package_identification:_identify(config/node_modules/ws) by extension 'cmake'
[0.862s] Level 1:colcon.colcon_core.package_identification:_identify(config/node_modules/ws) by extension 'python'
[0.862s] Level 1:colcon.colcon_core.package_identification:_identify(config/node_modules/ws) by extensions ['python_setup_py']
[0.862s] Level 1:colcon.colcon_core.package_identification:_identify(config/node_modules/ws) by extension 'python_setup_py'
[0.862s] Level 1:colcon.colcon_core.package_identification:_identify(config/node_modules/ws/lib) by extensions ['ignore', 'ignore_ament_install']
[0.862s] Level 1:colcon.colcon_core.package_identification:_identify(config/node_modules/ws/lib) by extension 'ignore'
[0.862s] Level 1:colcon.colcon_core.package_identification:_identify(config/node_modules/ws/lib) by extension 'ignore_ament_install'
[0.862s] Level 1:colcon.colcon_core.package_identification:_identify(config/node_modules/ws/lib) by extensions ['colcon_pkg']
[0.862s] Level 1:colcon.colcon_core.package_identification:_identify(config/node_modules/ws/lib) by extension 'colcon_pkg'
[0.862s] Level 1:colcon.colcon_core.package_identification:_identify(config/node_modules/ws/lib) by extensions ['colcon_meta']
[0.862s] Level 1:colcon.colcon_core.package_identification:_identify(config/node_modules/ws/lib) by extension 'colcon_meta'
[0.862s] Level 1:colcon.colcon_core.package_identification:_identify(config/node_modules/ws/lib) by extensions ['ros']
[0.863s] Level 1:colcon.colcon_core.package_identification:_identify(config/node_modules/ws/lib) by extension 'ros'
[0.863s] Level 1:colcon.colcon_core.package_identification:_identify(config/node_modules/ws/lib) by extensions ['cmake', 'python']
[0.863s] Level 1:colcon.colcon_core.package_identification:_identify(config/node_modules/ws/lib) by extension 'cmake'
[0.863s] Level 1:colcon.colcon_core.package_identification:_identify(config/node_modules/ws/lib) by extension 'python'
[0.863s] Level 1:colcon.colcon_core.package_identification:_identify(config/node_modules/ws/lib) by extensions ['python_setup_py']
[0.863s] Level 1:colcon.colcon_core.package_identification:_identify(config/node_modules/ws/lib) by extension 'python_setup_py'
[0.863s] Level 1:colcon.colcon_core.package_identification:_identify(install) by extensions ['ignore', 'ignore_ament_install']
[0.863s] Level 1:colcon.colcon_core.package_identification:_identify(install) by extension 'ignore'
[0.863s] Level 1:colcon.colcon_core.package_identification:_identify(install) ignored
[0.863s] Level 1:colcon.colcon_core.package_identification:_identify(log) by extensions ['ignore', 'ignore_ament_install']
[0.863s] Level 1:colcon.colcon_core.package_identification:_identify(log) by extension 'ignore'
[0.863s] Level 1:colcon.colcon_core.package_identification:_identify(log) ignored
[0.863s] Level 1:colcon.colcon_core.package_identification:_identify(src) by extensions ['ignore', 'ignore_ament_install']
[0.864s] Level 1:colcon.colcon_core.package_identification:_identify(src) by extension 'ignore'
[0.864s] Level 1:colcon.colcon_core.package_identification:_identify(src) by extension 'ignore_ament_install'
[0.864s] Level 1:colcon.colcon_core.package_identification:_identify(src) by extensions ['colcon_pkg']
[0.864s] Level 1:colcon.colcon_core.package_identification:_identify(src) by extension 'colcon_pkg'
[0.864s] Level 1:colcon.colcon_core.package_identification:_identify(src) by extensions ['colcon_meta']
[0.864s] Level 1:colcon.colcon_core.package_identification:_identify(src) by extension 'colcon_meta'
[0.864s] Level 1:colcon.colcon_core.package_identification:_identify(src) by extensions ['ros']
[0.864s] Level 1:colcon.colcon_core.package_identification:_identify(src) by extension 'ros'
[0.864s] Level 1:colcon.colcon_core.package_identification:_identify(src) by extensions ['cmake', 'python']
[0.864s] Level 1:colcon.colcon_core.package_identification:_identify(src) by extension 'cmake'
[0.864s] Level 1:colcon.colcon_core.package_identification:_identify(src) by extension 'python'
[0.864s] Level 1:colcon.colcon_core.package_identification:_identify(src) by extensions ['python_setup_py']
[0.864s] Level 1:colcon.colcon_core.package_identification:_identify(src) by extension 'python_setup_py'
[0.864s] Level 1:colcon.colcon_core.package_identification:_identify(src/bridge_manette) by extensions ['ignore', 'ignore_ament_install']
[0.864s] Level 1:colcon.colcon_core.package_identification:_identify(src/bridge_manette) by extension 'ignore'
[0.864s] Level 1:colcon.colcon_core.package_identification:_identify(src/bridge_manette) by extension 'ignore_ament_install'
[0.864s] Level 1:colcon.colcon_core.package_identification:_identify(src/bridge_manette) by extensions ['colcon_pkg']
[0.864s] Level 1:colcon.colcon_core.package_identification:_identify(src/bridge_manette) by extension 'colcon_pkg'
[0.864s] Level 1:colcon.colcon_core.package_identification:_identify(src/bridge_manette) by extensions ['colcon_meta']
[0.864s] Level 1:colcon.colcon_core.package_identification:_identify(src/bridge_manette) by extension 'colcon_meta'
[0.865s] Level 1:colcon.colcon_core.package_identification:_identify(src/bridge_manette) by extensions ['ros']
[0.865s] Level 1:colcon.colcon_core.package_identification:_identify(src/bridge_manette) by extension 'ros'
[0.870s] DEBUG:colcon.colcon_core.package_identification:Package 'src/bridge_manette' with type 'ros.ament_python' and name 'bridge_manette'
[0.870s] Level 1:colcon.colcon_core.package_discovery:discover_packages(recursive) using defaults
[0.870s] Level 1:colcon.colcon_core.package_discovery:discover_packages(ignore) discover
[0.870s] Level 1:colcon.colcon_core.package_discovery:discover_packages(ignore) using defaults
[0.870s] Level 1:colcon.colcon_core.package_discovery:discover_packages(path) discover
[0.870s] Level 1:colcon.colcon_core.package_discovery:discover_packages(path) using defaults
[0.910s] Level 1:colcon.colcon_core.package_discovery:discover_packages(prefix_path) check parameters
[0.911s] Level 1:colcon.colcon_core.package_discovery:discover_packages(prefix_path) discover
[0.916s] DEBUG:colcon.colcon_installed_package_information.package_discovery:Found 286 installed packages in /opt/ros/humble
[0.917s] Level 1:colcon.colcon_core.package_discovery:discover_packages(prefix_path) using defaults
[0.942s] Level 5:colcon.colcon_core.verb:set package 'bridge_manette' build argument 'cmake_args' from command line to 'None'
[0.942s] Level 5:colcon.colcon_core.verb:set package 'bridge_manette' build argument 'cmake_target' from command line to 'None'
[0.942s] Level 5:colcon.colcon_core.verb:set package 'bridge_manette' build argument 'cmake_target_skip_unavailable' from command line to 'False'
[0.942s] Level 5:colcon.colcon_core.verb:set package 'bridge_manette' build argument 'cmake_clean_cache' from command line to 'False'
[0.942s] Level 5:colcon.colcon_core.verb:set package 'bridge_manette' build argument 'cmake_clean_first' from command line to 'False'
[0.942s] Level 5:colcon.colcon_core.verb:set package 'bridge_manette' build argument 'cmake_force_configure' from command line to 'False'
[0.942s] Level 5:colcon.colcon_core.verb:set package 'bridge_manette' build argument 'ament_cmake_args' from command line to 'None'
[0.942s] Level 5:colcon.colcon_core.verb:set package 'bridge_manette' build argument 'catkin_cmake_args' from command line to 'None'
[0.943s] Level 5:colcon.colcon_core.verb:set package 'bridge_manette' build argument 'catkin_skip_building_tests' from command line to 'False'
[0.943s] DEBUG:colcon.colcon_core.verb:Building package 'bridge_manette' with the following arguments: {'ament_cmake_args': None, 'build_base': '/home/util/Documents/Projet/ros2_remote/ros_ws/build/bridge_manette', 'catkin_cmake_args': None, 'catkin_skip_building_tests': False, 'cmake_args': None, 'cmake_clean_cache': False, 'cmake_clean_first': False, 'cmake_force_configure': False, 'cmake_target': None, 'cmake_target_skip_unavailable': False, 'install_base': '/home/util/Documents/Projet/ros2_remote/ros_ws/install/bridge_manette', 'merge_install': False, 'path': '/home/util/Documents/Projet/ros2_remote/ros_ws/src/bridge_manette', 'symlink_install': False, 'test_result_base': None}
[0.943s] INFO:colcon.colcon_core.executor:Executing jobs using 'parallel' executor
[0.944s] DEBUG:colcon.colcon_parallel_executor.executor.parallel:run_until_complete
[0.944s] INFO:colcon.colcon_ros.task.ament_python.build:Building ROS package in '/home/util/Documents/Projet/ros2_remote/ros_ws/src/bridge_manette' with build type 'ament_python'
[0.945s] Level 1:colcon.colcon_core.shell:create_environment_hook('bridge_manette', 'ament_prefix_path')
[0.955s] INFO:colcon.colcon_core.plugin_system:Skipping extension 'colcon_core.shell.bat': Not used on non-Windows systems
[0.955s] INFO:colcon.colcon_core.shell:Creating environment hook '/home/util/Documents/Projet/ros2_remote/ros_ws/install/bridge_manette/share/bridge_manette/hook/ament_prefix_path.ps1'
[0.956s] INFO:colcon.colcon_core.shell:Creating environment descriptor '/home/util/Documents/Projet/ros2_remote/ros_ws/install/bridge_manette/share/bridge_manette/hook/ament_prefix_path.dsv'
[0.957s] INFO:colcon.colcon_core.shell:Creating environment hook '/home/util/Documents/Projet/ros2_remote/ros_ws/install/bridge_manette/share/bridge_manette/hook/ament_prefix_path.sh'
[0.959s] INFO:colcon.colcon_core.shell:Skip shell extension 'powershell' for command environment: Not usable outside of PowerShell
[0.959s] DEBUG:colcon.colcon_core.shell:Skip shell extension 'dsv' for command environment
[1.152s] INFO:colcon.colcon_core.task.python.build:Building Python package in '/home/util/Documents/Projet/ros2_remote/ros_ws/src/bridge_manette'
[1.153s] INFO:colcon.colcon_core.shell:Skip shell extension 'powershell' for command environment: Not usable outside of PowerShell
[1.153s] DEBUG:colcon.colcon_core.shell:Skip shell extension 'dsv' for command environment
[1.521s] DEBUG:colcon.colcon_core.event_handler.log_command:Invoking command in '/home/util/Documents/Projet/ros2_remote/ros_ws/src/bridge_manette': PYTHONPATH=/home/util/Documents/Projet/ros2_remote/ros_ws/build/bridge_manette/prefix_override:/usr/lib/python3/dist-packages/colcon_core/task/python/colcon_distutils_commands:/home/util/Documents/Projet/ros2_remote/ros_ws/install/bridge_manette/lib/python3.10/site-packages:${PYTHONPATH} /usr/bin/python3 -W ignore:setup.py install is deprecated -W ignore:easy_install command is deprecated setup.py egg_info --egg-base ../../build/bridge_manette build --build-base /home/util/Documents/Projet/ros2_remote/ros_ws/build/bridge_manette/build install --record /home/util/Documents/Projet/ros2_remote/ros_ws/build/bridge_manette/install.log --single-version-externally-managed install_data
[1.772s] DEBUG:colcon.colcon_core.event_handler.log_command:Invoked command in '/home/util/Documents/Projet/ros2_remote/ros_ws/src/bridge_manette' returned '0': PYTHONPATH=/home/util/Documents/Projet/ros2_remote/ros_ws/build/bridge_manette/prefix_override:/usr/lib/python3/dist-packages/colcon_core/task/python/colcon_distutils_commands:/home/util/Documents/Projet/ros2_remote/ros_ws/install/bridge_manette/lib/python3.10/site-packages:${PYTHONPATH} /usr/bin/python3 -W ignore:setup.py install is deprecated -W ignore:easy_install command is deprecated setup.py egg_info --egg-base ../../build/bridge_manette build --build-base /home/util/Documents/Projet/ros2_remote/ros_ws/build/bridge_manette/build install --record /home/util/Documents/Projet/ros2_remote/ros_ws/build/bridge_manette/install.log --single-version-externally-managed install_data
[1.785s] Level 1:colcon.colcon_core.environment:checking '/home/util/Documents/Projet/ros2_remote/ros_ws/install/bridge_manette' for CMake module files
[1.786s] Level 1:colcon.colcon_core.environment:checking '/home/util/Documents/Projet/ros2_remote/ros_ws/install/bridge_manette' for CMake config files
[1.787s] Level 1:colcon.colcon_core.environment:checking '/home/util/Documents/Projet/ros2_remote/ros_ws/install/bridge_manette/lib'
[1.788s] Level 1:colcon.colcon_core.environment:checking '/home/util/Documents/Projet/ros2_remote/ros_ws/install/bridge_manette/bin'
[1.789s] Level 1:colcon.colcon_core.environment:checking '/home/util/Documents/Projet/ros2_remote/ros_ws/install/bridge_manette/lib/pkgconfig/bridge_manette.pc'
[1.789s] Level 1:colcon.colcon_core.environment:checking '/home/util/Documents/Projet/ros2_remote/ros_ws/install/bridge_manette/lib/python3.10/site-packages'
[1.790s] Level 1:colcon.colcon_core.shell:create_environment_hook('bridge_manette', 'pythonpath')
[1.790s] INFO:colcon.colcon_core.shell:Creating environment hook '/home/util/Documents/Projet/ros2_remote/ros_ws/install/bridge_manette/share/bridge_manette/hook/pythonpath.ps1'
[1.791s] INFO:colcon.colcon_core.shell:Creating environment descriptor '/home/util/Documents/Projet/ros2_remote/ros_ws/install/bridge_manette/share/bridge_manette/hook/pythonpath.dsv'
[1.792s] INFO:colcon.colcon_core.shell:Creating environment hook '/home/util/Documents/Projet/ros2_remote/ros_ws/install/bridge_manette/share/bridge_manette/hook/pythonpath.sh'
[1.792s] Level 1:colcon.colcon_core.environment:checking '/home/util/Documents/Projet/ros2_remote/ros_ws/install/bridge_manette/bin'
[1.792s] Level 1:colcon.colcon_core.environment:create_environment_scripts_only(bridge_manette)
[1.793s] INFO:colcon.colcon_core.shell:Creating package script '/home/util/Documents/Projet/ros2_remote/ros_ws/install/bridge_manette/share/bridge_manette/package.ps1'
[1.795s] INFO:colcon.colcon_core.shell:Creating package descriptor '/home/util/Documents/Projet/ros2_remote/ros_ws/install/bridge_manette/share/bridge_manette/package.dsv'
[1.798s] INFO:colcon.colcon_core.shell:Creating package script '/home/util/Documents/Projet/ros2_remote/ros_ws/install/bridge_manette/share/bridge_manette/package.sh'
[1.800s] INFO:colcon.colcon_core.shell:Creating package script '/home/util/Documents/Projet/ros2_remote/ros_ws/install/bridge_manette/share/bridge_manette/package.bash'
[1.805s] INFO:colcon.colcon_core.shell:Creating package script '/home/util/Documents/Projet/ros2_remote/ros_ws/install/bridge_manette/share/bridge_manette/package.zsh'
[1.808s] Level 1:colcon.colcon_core.environment:create_file_with_runtime_dependencies(/home/util/Documents/Projet/ros2_remote/ros_ws/install/bridge_manette/share/colcon-core/packages/bridge_manette)
[1.808s] DEBUG:colcon.colcon_parallel_executor.executor.parallel:closing loop
[1.809s] DEBUG:colcon.colcon_parallel_executor.executor.parallel:loop closed
[1.809s] DEBUG:colcon.colcon_parallel_executor.executor.parallel:run_until_complete finished with '0'
[1.809s] DEBUG:colcon.colcon_core.event_reactor:joining thread
[1.828s] INFO:colcon.colcon_core.plugin_system:Skipping extension 'colcon_notification.desktop_notification.terminal_notifier': Not used on non-Darwin systems
[1.828s] INFO:colcon.colcon_core.plugin_system:Skipping extension 'colcon_notification.desktop_notification.win32': Not used on non-Windows systems
[1.828s] INFO:colcon.colcon_notification.desktop_notification:Sending desktop notification using 'notify2'
[1.875s] DEBUG:colcon.colcon_core.event_reactor:joined thread
[1.875s] INFO:colcon.colcon_core.shell:Creating prefix script '/home/util/Documents/Projet/ros2_remote/ros_ws/install/local_setup.ps1'
[1.884s] INFO:colcon.colcon_core.shell:Creating prefix util module '/home/util/Documents/Projet/ros2_remote/ros_ws/install/_local_setup_util_ps1.py'
[1.887s] INFO:colcon.colcon_core.shell:Creating prefix chain script '/home/util/Documents/Projet/ros2_remote/ros_ws/install/setup.ps1'
[1.890s] INFO:colcon.colcon_core.shell:Creating prefix script '/home/util/Documents/Projet/ros2_remote/ros_ws/install/local_setup.sh'
[1.892s] INFO:colcon.colcon_core.shell:Creating prefix util module '/home/util/Documents/Projet/ros2_remote/ros_ws/install/_local_setup_util_sh.py'
[1.894s] INFO:colcon.colcon_core.shell:Creating prefix chain script '/home/util/Documents/Projet/ros2_remote/ros_ws/install/setup.sh'
[1.896s] INFO:colcon.colcon_core.shell:Creating prefix script '/home/util/Documents/Projet/ros2_remote/ros_ws/install/local_setup.bash'
[1.898s] INFO:colcon.colcon_core.shell:Creating prefix chain script '/home/util/Documents/Projet/ros2_remote/ros_ws/install/setup.bash'
[1.901s] INFO:colcon.colcon_core.shell:Creating prefix script '/home/util/Documents/Projet/ros2_remote/ros_ws/install/local_setup.zsh'
[1.903s] INFO:colcon.colcon_core.shell:Creating prefix chain script '/home/util/Documents/Projet/ros2_remote/ros_ws/install/setup.zsh'
