[0.598s] DEBUG:colcon:Command line arguments: ['/usr/bin/colcon', 'build']
[0.599s] DEBUG:colcon:Parsed command line arguments: Namespace(log_base=None, log_level=None, verb_name='build', build_base='build', install_base='install', merge_install=False, symlink_install=False, test_result_base=None, continue_on_error=False, executor='parallel', parallel_workers=4, event_handlers=None, ignore_user_meta=False, metas=['./colcon.meta'], base_paths=['.'], packages_ignore=None, packages_ignore_regex=None, paths=None, packages_up_to=None, packages_up_to_regex=None, packages_above=None, packages_above_and_dependencies=None, packages_above_depth=None, packages_select_by_dep=None, packages_skip_by_dep=None, packages_skip_up_to=None, packages_select_build_failed=False, packages_skip_build_finished=False, packages_select_test_failures=False, packages_skip_test_passed=False, packages_select=None, packages_skip=None, packages_select_regex=None, packages_skip_regex=None, packages_start=None, packages_end=None, allow_overriding=[], cmake_args=None, cmake_target=None, cmake_target_skip_unavailable=False, cmake_clean_cache=False, cmake_clean_first=False, cmake_force_configure=False, ament_cmake_args=None, catkin_cmake_args=None, catkin_skip_building_tests=False, mixin_files=None, mixin=None, verb_parser=<colcon_mixin.mixin.mixin_argument.MixinArgumentDecorator object at 0x7c9a2b765540>, verb_extension=<colcon_core.verb.build.BuildVerb object at 0x7c9a2b765030>, main=<bound method BuildVerb.main of <colcon_core.verb.build.BuildVerb object at 0x7c9a2b765030>>, mixin_verb=('build',))
[1.025s] Level 1:colcon.colcon_core.package_discovery:discover_packages(colcon_meta) check parameters
[1.025s] Level 1:colcon.colcon_core.package_discovery:discover_packages(recursive) check parameters
[1.026s] Level 1:colcon.colcon_core.package_discovery:discover_packages(ignore) check parameters
[1.026s] Level 1:colcon.colcon_core.package_discovery:discover_packages(path) check parameters
[1.026s] Level 1:colcon.colcon_core.package_discovery:discover_packages(colcon_meta) discover
[1.026s] Level 1:colcon.colcon_core.package_discovery:discover_packages(recursive) discover
[1.026s] INFO:colcon.colcon_core.package_discovery:Crawling recursively for packages in '/home/util/Documents/Projet/ros2_remote/ros_ws'
[1.026s] Level 1:colcon.colcon_core.package_identification:_identify(.) by extensions ['ignore', 'ignore_ament_install']
[1.026s] Level 1:colcon.colcon_core.package_identification:_identify(.) by extension 'ignore'
[1.026s] Level 1:colcon.colcon_core.package_identification:_identify(.) by extension 'ignore_ament_install'
[1.026s] Level 1:colcon.colcon_core.package_identification:_identify(.) by extensions ['colcon_pkg']
[1.026s] Level 1:colcon.colcon_core.package_identification:_identify(.) by extension 'colcon_pkg'
[1.026s] Level 1:colcon.colcon_core.package_identification:_identify(.) by extensions ['colcon_meta']
[1.026s] Level 1:colcon.colcon_core.package_identification:_identify(.) by extension 'colcon_meta'
[1.026s] Level 1:colcon.colcon_core.package_identification:_identify(.) by extensions ['ros']
[1.027s] Level 1:colcon.colcon_core.package_identification:_identify(.) by extension 'ros'
[1.046s] Level 1:colcon.colcon_core.package_identification:_identify(.) by extensions ['cmake', 'python']
[1.046s] Level 1:colcon.colcon_core.package_identification:_identify(.) by extension 'cmake'
[1.047s] Level 1:colcon.colcon_core.package_identification:_identify(.) by extension 'python'
[1.047s] Level 1:colcon.colcon_core.package_identification:_identify(.) by extensions ['python_setup_py']
[1.047s] Level 1:colcon.colcon_core.package_identification:_identify(.) by extension 'python_setup_py'
[1.047s] Level 1:colcon.colcon_core.package_identification:_identify(build) by extensions ['ignore', 'ignore_ament_install']
[1.047s] Level 1:colcon.colcon_core.package_identification:_identify(build) by extension 'ignore'
[1.047s] Level 1:colcon.colcon_core.package_identification:_identify(build) ignored
[1.047s] Level 1:colcon.colcon_core.package_identification:_identify(config) by extensions ['ignore', 'ignore_ament_install']
[1.047s] Level 1:colcon.colcon_core.package_identification:_identify(config) by extension 'ignore'
[1.047s] Level 1:colcon.colcon_core.package_identification:_identify(config) by extension 'ignore_ament_install'
[1.048s] Level 1:colcon.colcon_core.package_identification:_identify(config) by extensions ['colcon_pkg']
[1.048s] Level 1:colcon.colcon_core.package_identification:_identify(config) by extension 'colcon_pkg'
[1.048s] Level 1:colcon.colcon_core.package_identification:_identify(config) by extensions ['colcon_meta']
[1.048s] Level 1:colcon.colcon_core.package_identification:_identify(config) by extension 'colcon_meta'
[1.048s] Level 1:colcon.colcon_core.package_identification:_identify(config) by extensions ['ros']
[1.048s] Level 1:colcon.colcon_core.package_identification:_identify(config) by extension 'ros'
[1.048s] Level 1:colcon.colcon_core.package_identification:_identify(config) by extensions ['cmake', 'python']
[1.048s] Level 1:colcon.colcon_core.package_identification:_identify(config) by extension 'cmake'
[1.048s] Level 1:colcon.colcon_core.package_identification:_identify(config) by extension 'python'
[1.048s] Level 1:colcon.colcon_core.package_identification:_identify(config) by extensions ['python_setup_py']
[1.048s] Level 1:colcon.colcon_core.package_identification:_identify(config) by extension 'python_setup_py'
[1.048s] Level 1:colcon.colcon_core.package_identification:_identify(config/node_modules) by extensions ['ignore', 'ignore_ament_install']
[1.048s] Level 1:colcon.colcon_core.package_identification:_identify(config/node_modules) by extension 'ignore'
[1.048s] Level 1:colcon.colcon_core.package_identification:_identify(config/node_modules) by extension 'ignore_ament_install'
[1.048s] Level 1:colcon.colcon_core.package_identification:_identify(config/node_modules) by extensions ['colcon_pkg']
[1.049s] Level 1:colcon.colcon_core.package_identification:_identify(config/node_modules) by extension 'colcon_pkg'
[1.049s] Level 1:colcon.colcon_core.package_identification:_identify(config/node_modules) by extensions ['colcon_meta']
[1.049s] Level 1:colcon.colcon_core.package_identification:_identify(config/node_modules) by extension 'colcon_meta'
[1.049s] Level 1:colcon.colcon_core.package_identification:_identify(config/node_modules) by extensions ['ros']
[1.049s] Level 1:colcon.colcon_core.package_identification:_identify(config/node_modules) by extension 'ros'
[1.049s] Level 1:colcon.colcon_core.package_identification:_identify(config/node_modules) by extensions ['cmake', 'python']
[1.049s] Level 1:colcon.colcon_core.package_identification:_identify(config/node_modules) by extension 'cmake'
[1.049s] Level 1:colcon.colcon_core.package_identification:_identify(config/node_modules) by extension 'python'
[1.049s] Level 1:colcon.colcon_core.package_identification:_identify(config/node_modules) by extensions ['python_setup_py']
[1.049s] Level 1:colcon.colcon_core.package_identification:_identify(config/node_modules) by extension 'python_setup_py'
[1.049s] Level 1:colcon.colcon_core.package_identification:_identify(config/node_modules/@socket.io) by extensions ['ignore', 'ignore_ament_install']
[1.050s] Level 1:colcon.colcon_core.package_identification:_identify(config/node_modules/@socket.io) by extension 'ignore'
[1.050s] Level 1:colcon.colcon_core.package_identification:_identify(config/node_modules/@socket.io) by extension 'ignore_ament_install'
[1.050s] Level 1:colcon.colcon_core.package_identification:_identify(config/node_modules/@socket.io) by extensions ['colcon_pkg']
[1.050s] Level 1:colcon.colcon_core.package_identification:_identify(config/node_modules/@socket.io) by extension 'colcon_pkg'
[1.050s] Level 1:colcon.colcon_core.package_identification:_identify(config/node_modules/@socket.io) by extensions ['colcon_meta']
[1.050s] Level 1:colcon.colcon_core.package_identification:_identify(config/node_modules/@socket.io) by extension 'colcon_meta'
[1.050s] Level 1:colcon.colcon_core.package_identification:_identify(config/node_modules/@socket.io) by extensions ['ros']
[1.050s] Level 1:colcon.colcon_core.package_identification:_identify(config/node_modules/@socket.io) by extension 'ros'
[1.050s] Level 1:colcon.colcon_core.package_identification:_identify(config/node_modules/@socket.io) by extensions ['cmake', 'python']
[1.050s] Level 1:colcon.colcon_core.package_identification:_identify(config/node_modules/@socket.io) by extension 'cmake'
[1.050s] Level 1:colcon.colcon_core.package_identification:_identify(config/node_modules/@socket.io) by extension 'python'
[1.050s] Level 1:colcon.colcon_core.package_identification:_identify(config/node_modules/@socket.io) by extensions ['python_setup_py']
[1.050s] Level 1:colcon.colcon_core.package_identification:_identify(config/node_modules/@socket.io) by extension 'python_setup_py'
[1.051s] Level 1:colcon.colcon_core.package_identification:_identify(config/node_modules/@socket.io/component-emitter) by extensions ['ignore', 'ignore_ament_install']
[1.051s] Level 1:colcon.colcon_core.package_identification:_identify(config/node_modules/@socket.io/component-emitter) by extension 'ignore'
[1.051s] Level 1:colcon.colcon_core.package_identification:_identify(config/node_modules/@socket.io/component-emitter) by extension 'ignore_ament_install'
[1.051s] Level 1:colcon.colcon_core.package_identification:_identify(config/node_modules/@socket.io/component-emitter) by extensions ['colcon_pkg']
[1.051s] Level 1:colcon.colcon_core.package_identification:_identify(config/node_modules/@socket.io/component-emitter) by extension 'colcon_pkg'
[1.051s] Level 1:colcon.colcon_core.package_identification:_identify(config/node_modules/@socket.io/component-emitter) by extensions ['colcon_meta']
[1.051s] Level 1:colcon.colcon_core.package_identification:_identify(config/node_modules/@socket.io/component-emitter) by extension 'colcon_meta'
[1.051s] Level 1:colcon.colcon_core.package_identification:_identify(config/node_modules/@socket.io/component-emitter) by extensions ['ros']
[1.051s] Level 1:colcon.colcon_core.package_identification:_identify(config/node_modules/@socket.io/component-emitter) by extension 'ros'
[1.051s] Level 1:colcon.colcon_core.package_identification:_identify(config/node_modules/@socket.io/component-emitter) by extensions ['cmake', 'python']
[1.051s] Level 1:colcon.colcon_core.package_identification:_identify(config/node_modules/@socket.io/component-emitter) by extension 'cmake'
[1.051s] Level 1:colcon.colcon_core.package_identification:_identify(config/node_modules/@socket.io/component-emitter) by extension 'python'
[1.052s] Level 1:colcon.colcon_core.package_identification:_identify(config/node_modules/@socket.io/component-emitter) by extensions ['python_setup_py']
[1.052s] Level 1:colcon.colcon_core.package_identification:_identify(config/node_modules/@socket.io/component-emitter) by extension 'python_setup_py'
[1.052s] Level 1:colcon.colcon_core.package_identification:_identify(config/node_modules/@socket.io/component-emitter/lib) by extensions ['ignore', 'ignore_ament_install']
[1.052s] Level 1:colcon.colcon_core.package_identification:_identify(config/node_modules/@socket.io/component-emitter/lib) by extension 'ignore'
[1.052s] Level 1:colcon.colcon_core.package_identification:_identify(config/node_modules/@socket.io/component-emitter/lib) by extension 'ignore_ament_install'
[1.052s] Level 1:colcon.colcon_core.package_identification:_identify(config/node_modules/@socket.io/component-emitter/lib) by extensions ['colcon_pkg']
[1.052s] Level 1:colcon.colcon_core.package_identification:_identify(config/node_modules/@socket.io/component-emitter/lib) by extension 'colcon_pkg'
[1.052s] Level 1:colcon.colcon_core.package_identification:_identify(config/node_modules/@socket.io/component-emitter/lib) by extensions ['colcon_meta']
[1.052s] Level 1:colcon.colcon_core.package_identification:_identify(config/node_modules/@socket.io/component-emitter/lib) by extension 'colcon_meta'
[1.052s] Level 1:colcon.colcon_core.package_identification:_identify(config/node_modules/@socket.io/component-emitter/lib) by extensions ['ros']
[1.052s] Level 1:colcon.colcon_core.package_identification:_identify(config/node_modules/@socket.io/component-emitter/lib) by extension 'ros'
[1.053s] Level 1:colcon.colcon_core.package_identification:_identify(config/node_modules/@socket.io/component-emitter/lib) by extensions ['cmake', 'python']
[1.053s] Level 1:colcon.colcon_core.package_identification:_identify(config/node_modules/@socket.io/component-emitter/lib) by extension 'cmake'
[1.053s] Level 1:colcon.colcon_core.package_identification:_identify(config/node_modules/@socket.io/component-emitter/lib) by extension 'python'
[1.053s] Level 1:colcon.colcon_core.package_identification:_identify(config/node_modules/@socket.io/component-emitter/lib) by extensions ['python_setup_py']
[1.053s] Level 1:colcon.colcon_core.package_identification:_identify(config/node_modules/@socket.io/component-emitter/lib) by extension 'python_setup_py'
[1.053s] Level 1:colcon.colcon_core.package_identification:_identify(config/node_modules/@socket.io/component-emitter/lib/cjs) by extensions ['ignore', 'ignore_ament_install']
[1.053s] Level 1:colcon.colcon_core.package_identification:_identify(config/node_modules/@socket.io/component-emitter/lib/cjs) by extension 'ignore'
[1.053s] Level 1:colcon.colcon_core.package_identification:_identify(config/node_modules/@socket.io/component-emitter/lib/cjs) by extension 'ignore_ament_install'
[1.053s] Level 1:colcon.colcon_core.package_identification:_identify(config/node_modules/@socket.io/component-emitter/lib/cjs) by extensions ['colcon_pkg']
[1.053s] Level 1:colcon.colcon_core.package_identification:_identify(config/node_modules/@socket.io/component-emitter/lib/cjs) by extension 'colcon_pkg'
[1.053s] Level 1:colcon.colcon_core.package_identification:_identify(config/node_modules/@socket.io/component-emitter/lib/cjs) by extensions ['colcon_meta']
[1.054s] Level 1:colcon.colcon_core.package_identification:_identify(config/node_modules/@socket.io/component-emitter/lib/cjs) by extension 'colcon_meta'
[1.054s] Level 1:colcon.colcon_core.package_identification:_identify(config/node_modules/@socket.io/component-emitter/lib/cjs) by extensions ['ros']
[1.054s] Level 1:colcon.colcon_core.package_identification:_identify(config/node_modules/@socket.io/component-emitter/lib/cjs) by extension 'ros'
[1.054s] Level 1:colcon.colcon_core.package_identification:_identify(config/node_modules/@socket.io/component-emitter/lib/cjs) by extensions ['cmake', 'python']
[1.054s] Level 1:colcon.colcon_core.package_identification:_identify(config/node_modules/@socket.io/component-emitter/lib/cjs) by extension 'cmake'
[1.054s] Level 1:colcon.colcon_core.package_identification:_identify(config/node_modules/@socket.io/component-emitter/lib/cjs) by extension 'python'
[1.054s] Level 1:colcon.colcon_core.package_identification:_identify(config/node_modules/@socket.io/component-emitter/lib/cjs) by extensions ['python_setup_py']
[1.054s] Level 1:colcon.colcon_core.package_identification:_identify(config/node_modules/@socket.io/component-emitter/lib/cjs) by extension 'python_setup_py'
[1.054s] Level 1:colcon.colcon_core.package_identification:_identify(config/node_modules/@socket.io/component-emitter/lib/esm) by extensions ['ignore', 'ignore_ament_install']
[1.055s] Level 1:colcon.colcon_core.package_identification:_identify(config/node_modules/@socket.io/component-emitter/lib/esm) by extension 'ignore'
[1.055s] Level 1:colcon.colcon_core.package_identification:_identify(config/node_modules/@socket.io/component-emitter/lib/esm) by extension 'ignore_ament_install'
[1.055s] Level 1:colcon.colcon_core.package_identification:_identify(config/node_modules/@socket.io/component-emitter/lib/esm) by extensions ['colcon_pkg']
[1.055s] Level 1:colcon.colcon_core.package_identification:_identify(config/node_modules/@socket.io/component-emitter/lib/esm) by extension 'colcon_pkg'
[1.055s] Level 1:colcon.colcon_core.package_identification:_identify(config/node_modules/@socket.io/component-emitter/lib/esm) by extensions ['colcon_meta']
[1.055s] Level 1:colcon.colcon_core.package_identification:_identify(config/node_modules/@socket.io/component-emitter/lib/esm) by extension 'colcon_meta'
[1.055s] Level 1:colcon.colcon_core.package_identification:_identify(config/node_modules/@socket.io/component-emitter/lib/esm) by extensions ['ros']
[1.055s] Level 1:colcon.colcon_core.package_identification:_identify(config/node_modules/@socket.io/component-emitter/lib/esm) by extension 'ros'
[1.055s] Level 1:colcon.colcon_core.package_identification:_identify(config/node_modules/@socket.io/component-emitter/lib/esm) by extensions ['cmake', 'python']
[1.055s] Level 1:colcon.colcon_core.package_identification:_identify(config/node_modules/@socket.io/component-emitter/lib/esm) by extension 'cmake'
[1.056s] Level 1:colcon.colcon_core.package_identification:_identify(config/node_modules/@socket.io/component-emitter/lib/esm) by extension 'python'
[1.056s] Level 1:colcon.colcon_core.package_identification:_identify(config/node_modules/@socket.io/component-emitter/lib/esm) by extensions ['python_setup_py']
[1.056s] Level 1:colcon.colcon_core.package_identification:_identify(config/node_modules/@socket.io/component-emitter/lib/esm) by extension 'python_setup_py'
[1.056s] Level 1:colcon.colcon_core.package_identification:_identify(config/node_modules/@types) by extensions ['ignore', 'ignore_ament_install']
[1.056s] Level 1:colcon.colcon_core.package_identification:_identify(config/node_modules/@types) by extension 'ignore'
[1.056s] Level 1:colcon.colcon_core.package_identification:_identify(config/node_modules/@types) by extension 'ignore_ament_install'
[1.056s] Level 1:colcon.colcon_core.package_identification:_identify(config/node_modules/@types) by extensions ['colcon_pkg']
[1.056s] Level 1:colcon.colcon_core.package_identification:_identify(config/node_modules/@types) by extension 'colcon_pkg'
[1.056s] Level 1:colcon.colcon_core.package_identification:_identify(config/node_modules/@types) by extensions ['colcon_meta']
[1.057s] Level 1:colcon.colcon_core.package_identification:_identify(config/node_modules/@types) by extension 'colcon_meta'
[1.057s] Level 1:colcon.colcon_core.package_identification:_identify(config/node_modules/@types) by extensions ['ros']
[1.057s] Level 1:colcon.colcon_core.package_identification:_identify(config/node_modules/@types) by extension 'ros'
[1.057s] Level 1:colcon.colcon_core.package_identification:_identify(config/node_modules/@types) by extensions ['cmake', 'python']
[1.057s] Level 1:colcon.colcon_core.package_identification:_identify(config/node_modules/@types) by extension 'cmake'
[1.057s] Level 1:colcon.colcon_core.package_identification:_identify(config/node_modules/@types) by extension 'python'
[1.057s] Level 1:colcon.colcon_core.package_identification:_identify(config/node_modules/@types) by extensions ['python_setup_py']
[1.057s] Level 1:colcon.colcon_core.package_identification:_identify(config/node_modules/@types) by extension 'python_setup_py'
[1.057s] Level 1:colcon.colcon_core.package_identification:_identify(config/node_modules/@types/cors) by extensions ['ignore', 'ignore_ament_install']
[1.058s] Level 1:colcon.colcon_core.package_identification:_identify(config/node_modules/@types/cors) by extension 'ignore'
[1.058s] Level 1:colcon.colcon_core.package_identification:_identify(config/node_modules/@types/cors) by extension 'ignore_ament_install'
[1.058s] Level 1:colcon.colcon_core.package_identification:_identify(config/node_modules/@types/cors) by extensions ['colcon_pkg']
[1.058s] Level 1:colcon.colcon_core.package_identification:_identify(config/node_modules/@types/cors) by extension 'colcon_pkg'
[1.058s] Level 1:colcon.colcon_core.package_identification:_identify(config/node_modules/@types/cors) by extensions ['colcon_meta']
[1.058s] Level 1:colcon.colcon_core.package_identification:_identify(config/node_modules/@types/cors) by extension 'colcon_meta'
[1.058s] Level 1:colcon.colcon_core.package_identification:_identify(config/node_modules/@types/cors) by extensions ['ros']
[1.058s] Level 1:colcon.colcon_core.package_identification:_identify(config/node_modules/@types/cors) by extension 'ros'
[1.058s] Level 1:colcon.colcon_core.package_identification:_identify(config/node_modules/@types/cors) by extensions ['cmake', 'python']
[1.058s] Level 1:colcon.colcon_core.package_identification:_identify(config/node_modules/@types/cors) by extension 'cmake'
[1.058s] Level 1:colcon.colcon_core.package_identification:_identify(config/node_modules/@types/cors) by extension 'python'
[1.058s] Level 1:colcon.colcon_core.package_identification:_identify(config/node_modules/@types/cors) by extensions ['python_setup_py']
[1.058s] Level 1:colcon.colcon_core.package_identification:_identify(config/node_modules/@types/cors) by extension 'python_setup_py'
[1.058s] Level 1:colcon.colcon_core.package_identification:_identify(config/node_modules/@types/node) by extensions ['ignore', 'ignore_ament_install']
[1.059s] Level 1:colcon.colcon_core.package_identification:_identify(config/node_modules/@types/node) by extension 'ignore'
[1.059s] Level 1:colcon.colcon_core.package_identification:_identify(config/node_modules/@types/node) by extension 'ignore_ament_install'
[1.059s] Level 1:colcon.colcon_core.package_identification:_identify(config/node_modules/@types/node) by extensions ['colcon_pkg']
[1.059s] Level 1:colcon.colcon_core.package_identification:_identify(config/node_modules/@types/node) by extension 'colcon_pkg'
[1.059s] Level 1:colcon.colcon_core.package_identification:_identify(config/node_modules/@types/node) by extensions ['colcon_meta']
[1.059s] Level 1:colcon.colcon_core.package_identification:_identify(config/node_modules/@types/node) by extension 'colcon_meta'
[1.059s] Level 1:colcon.colcon_core.package_identification:_identify(config/node_modules/@types/node) by extensions ['ros']
[1.059s] Level 1:colcon.colcon_core.package_identification:_identify(config/node_modules/@types/node) by extension 'ros'
[1.059s] Level 1:colcon.colcon_core.package_identification:_identify(config/node_modules/@types/node) by extensions ['cmake', 'python']
[1.060s] Level 1:colcon.colcon_core.package_identification:_identify(config/node_modules/@types/node) by extension 'cmake'
[1.060s] Level 1:colcon.colcon_core.package_identification:_identify(config/node_modules/@types/node) by extension 'python'
[1.060s] Level 1:colcon.colcon_core.package_identification:_identify(config/node_modules/@types/node) by extensions ['python_setup_py']
[1.060s] Level 1:colcon.colcon_core.package_identification:_identify(config/node_modules/@types/node) by extension 'python_setup_py'
[1.060s] Level 1:colcon.colcon_core.package_identification:_identify(config/node_modules/@types/node/assert) by extensions ['ignore', 'ignore_ament_install']
[1.060s] Level 1:colcon.colcon_core.package_identification:_identify(config/node_modules/@types/node/assert) by extension 'ignore'
[1.060s] Level 1:colcon.colcon_core.package_identification:_identify(config/node_modules/@types/node/assert) by extension 'ignore_ament_install'
[1.060s] Level 1:colcon.colcon_core.package_identification:_identify(config/node_modules/@types/node/assert) by extensions ['colcon_pkg']
[1.060s] Level 1:colcon.colcon_core.package_identification:_identify(config/node_modules/@types/node/assert) by extension 'colcon_pkg'
[1.060s] Level 1:colcon.colcon_core.package_identification:_identify(config/node_modules/@types/node/assert) by extensions ['colcon_meta']
[1.060s] Level 1:colcon.colcon_core.package_identification:_identify(config/node_modules/@types/node/assert) by extension 'colcon_meta'
[1.060s] Level 1:colcon.colcon_core.package_identification:_identify(config/node_modules/@types/node/assert) by extensions ['ros']
[1.060s] Level 1:colcon.colcon_core.package_identification:_identify(config/node_modules/@types/node/assert) by extension 'ros'
[1.061s] Level 1:colcon.colcon_core.package_identification:_identify(config/node_modules/@types/node/assert) by extensions ['cmake', 'python']
[1.061s] Level 1:colcon.colcon_core.package_identification:_identify(config/node_modules/@types/node/assert) by extension 'cmake'
[1.061s] Level 1:colcon.colcon_core.package_identification:_identify(config/node_modules/@types/node/assert) by extension 'python'
[1.061s] Level 1:colcon.colcon_core.package_identification:_identify(config/node_modules/@types/node/assert) by extensions ['python_setup_py']
[1.061s] Level 1:colcon.colcon_core.package_identification:_identify(config/node_modules/@types/node/assert) by extension 'python_setup_py'
[1.061s] Level 1:colcon.colcon_core.package_identification:_identify(config/node_modules/@types/node/compatibility) by extensions ['ignore', 'ignore_ament_install']
[1.061s] Level 1:colcon.colcon_core.package_identification:_identify(config/node_modules/@types/node/compatibility) by extension 'ignore'
[1.061s] Level 1:colcon.colcon_core.package_identification:_identify(config/node_modules/@types/node/compatibility) by extension 'ignore_ament_install'
[1.061s] Level 1:colcon.colcon_core.package_identification:_identify(config/node_modules/@types/node/compatibility) by extensions ['colcon_pkg']
[1.061s] Level 1:colcon.colcon_core.package_identification:_identify(config/node_modules/@types/node/compatibility) by extension 'colcon_pkg'
[1.061s] Level 1:colcon.colcon_core.package_identification:_identify(config/node_modules/@types/node/compatibility) by extensions ['colcon_meta']
[1.061s] Level 1:colcon.colcon_core.package_identification:_identify(config/node_modules/@types/node/compatibility) by extension 'colcon_meta'
[1.061s] Level 1:colcon.colcon_core.package_identification:_identify(config/node_modules/@types/node/compatibility) by extensions ['ros']
[1.061s] Level 1:colcon.colcon_core.package_identification:_identify(config/node_modules/@types/node/compatibility) by extension 'ros'
[1.062s] Level 1:colcon.colcon_core.package_identification:_identify(config/node_modules/@types/node/compatibility) by extensions ['cmake', 'python']
[1.062s] Level 1:colcon.colcon_core.package_identification:_identify(config/node_modules/@types/node/compatibility) by extension 'cmake'
[1.062s] Level 1:colcon.colcon_core.package_identification:_identify(config/node_modules/@types/node/compatibility) by extension 'python'
[1.062s] Level 1:colcon.colcon_core.package_identification:_identify(config/node_modules/@types/node/compatibility) by extensions ['python_setup_py']
[1.062s] Level 1:colcon.colcon_core.package_identification:_identify(config/node_modules/@types/node/compatibility) by extension 'python_setup_py'
[1.062s] Level 1:colcon.colcon_core.package_identification:_identify(config/node_modules/@types/node/dns) by extensions ['ignore', 'ignore_ament_install']
[1.062s] Level 1:colcon.colcon_core.package_identification:_identify(config/node_modules/@types/node/dns) by extension 'ignore'
[1.062s] Level 1:colcon.colcon_core.package_identification:_identify(config/node_modules/@types/node/dns) by extension 'ignore_ament_install'
[1.063s] Level 1:colcon.colcon_core.package_identification:_identify(config/node_modules/@types/node/dns) by extensions ['colcon_pkg']
[1.063s] Level 1:colcon.colcon_core.package_identification:_identify(config/node_modules/@types/node/dns) by extension 'colcon_pkg'
[1.063s] Level 1:colcon.colcon_core.package_identification:_identify(config/node_modules/@types/node/dns) by extensions ['colcon_meta']
[1.063s] Level 1:colcon.colcon_core.package_identification:_identify(config/node_modules/@types/node/dns) by extension 'colcon_meta'
[1.063s] Level 1:colcon.colcon_core.package_identification:_identify(config/node_modules/@types/node/dns) by extensions ['ros']
[1.063s] Level 1:colcon.colcon_core.package_identification:_identify(config/node_modules/@types/node/dns) by extension 'ros'
[1.063s] Level 1:colcon.colcon_core.package_identification:_identify(config/node_modules/@types/node/dns) by extensions ['cmake', 'python']
[1.063s] Level 1:colcon.colcon_core.package_identification:_identify(config/node_modules/@types/node/dns) by extension 'cmake'
[1.063s] Level 1:colcon.colcon_core.package_identification:_identify(config/node_modules/@types/node/dns) by extension 'python'
[1.063s] Level 1:colcon.colcon_core.package_identification:_identify(config/node_modules/@types/node/dns) by extensions ['python_setup_py']
[1.063s] Level 1:colcon.colcon_core.package_identification:_identify(config/node_modules/@types/node/dns) by extension 'python_setup_py'
[1.063s] Level 1:colcon.colcon_core.package_identification:_identify(config/node_modules/@types/node/fs) by extensions ['ignore', 'ignore_ament_install']
[1.063s] Level 1:colcon.colcon_core.package_identification:_identify(config/node_modules/@types/node/fs) by extension 'ignore'
[1.064s] Level 1:colcon.colcon_core.package_identification:_identify(config/node_modules/@types/node/fs) by extension 'ignore_ament_install'
[1.064s] Level 1:colcon.colcon_core.package_identification:_identify(config/node_modules/@types/node/fs) by extensions ['colcon_pkg']
[1.064s] Level 1:colcon.colcon_core.package_identification:_identify(config/node_modules/@types/node/fs) by extension 'colcon_pkg'
[1.064s] Level 1:colcon.colcon_core.package_identification:_identify(config/node_modules/@types/node/fs) by extensions ['colcon_meta']
[1.064s] Level 1:colcon.colcon_core.package_identification:_identify(config/node_modules/@types/node/fs) by extension 'colcon_meta'
[1.064s] Level 1:colcon.colcon_core.package_identification:_identify(config/node_modules/@types/node/fs) by extensions ['ros']
[1.064s] Level 1:colcon.colcon_core.package_identification:_identify(config/node_modules/@types/node/fs) by extension 'ros'
[1.064s] Level 1:colcon.colcon_core.package_identification:_identify(config/node_modules/@types/node/fs) by extensions ['cmake', 'python']
[1.064s] Level 1:colcon.colcon_core.package_identification:_identify(config/node_modules/@types/node/fs) by extension 'cmake'
[1.064s] Level 1:colcon.colcon_core.package_identification:_identify(config/node_modules/@types/node/fs) by extension 'python'
[1.064s] Level 1:colcon.colcon_core.package_identification:_identify(config/node_modules/@types/node/fs) by extensions ['python_setup_py']
[1.065s] Level 1:colcon.colcon_core.package_identification:_identify(config/node_modules/@types/node/fs) by extension 'python_setup_py'
[1.065s] Level 1:colcon.colcon_core.package_identification:_identify(config/node_modules/@types/node/inspector) by extensions ['ignore', 'ignore_ament_install']
[1.065s] Level 1:colcon.colcon_core.package_identification:_identify(config/node_modules/@types/node/inspector) by extension 'ignore'
[1.065s] Level 1:colcon.colcon_core.package_identification:_identify(config/node_modules/@types/node/inspector) by extension 'ignore_ament_install'
[1.065s] Level 1:colcon.colcon_core.package_identification:_identify(config/node_modules/@types/node/inspector) by extensions ['colcon_pkg']
[1.065s] Level 1:colcon.colcon_core.package_identification:_identify(config/node_modules/@types/node/inspector) by extension 'colcon_pkg'
[1.065s] Level 1:colcon.colcon_core.package_identification:_identify(config/node_modules/@types/node/inspector) by extensions ['colcon_meta']
[1.065s] Level 1:colcon.colcon_core.package_identification:_identify(config/node_modules/@types/node/inspector) by extension 'colcon_meta'
[1.065s] Level 1:colcon.colcon_core.package_identification:_identify(config/node_modules/@types/node/inspector) by extensions ['ros']
[1.065s] Level 1:colcon.colcon_core.package_identification:_identify(config/node_modules/@types/node/inspector) by extension 'ros'
[1.065s] Level 1:colcon.colcon_core.package_identification:_identify(config/node_modules/@types/node/inspector) by extensions ['cmake', 'python']
[1.065s] Level 1:colcon.colcon_core.package_identification:_identify(config/node_modules/@types/node/inspector) by extension 'cmake'
[1.065s] Level 1:colcon.colcon_core.package_identification:_identify(config/node_modules/@types/node/inspector) by extension 'python'
[1.065s] Level 1:colcon.colcon_core.package_identification:_identify(config/node_modules/@types/node/inspector) by extensions ['python_setup_py']
[1.066s] Level 1:colcon.colcon_core.package_identification:_identify(config/node_modules/@types/node/inspector) by extension 'python_setup_py'
[1.066s] Level 1:colcon.colcon_core.package_identification:_identify(config/node_modules/@types/node/path) by extensions ['ignore', 'ignore_ament_install']
[1.066s] Level 1:colcon.colcon_core.package_identification:_identify(config/node_modules/@types/node/path) by extension 'ignore'
[1.066s] Level 1:colcon.colcon_core.package_identification:_identify(config/node_modules/@types/node/path) by extension 'ignore_ament_install'
[1.066s] Level 1:colcon.colcon_core.package_identification:_identify(config/node_modules/@types/node/path) by extensions ['colcon_pkg']
[1.066s] Level 1:colcon.colcon_core.package_identification:_identify(config/node_modules/@types/node/path) by extension 'colcon_pkg'
[1.066s] Level 1:colcon.colcon_core.package_identification:_identify(config/node_modules/@types/node/path) by extensions ['colcon_meta']
[1.066s] Level 1:colcon.colcon_core.package_identification:_identify(config/node_modules/@types/node/path) by extension 'colcon_meta'
[1.066s] Level 1:colcon.colcon_core.package_identification:_identify(config/node_modules/@types/node/path) by extensions ['ros']
[1.066s] Level 1:colcon.colcon_core.package_identification:_identify(config/node_modules/@types/node/path) by extension 'ros'
[1.066s] Level 1:colcon.colcon_core.package_identification:_identify(config/node_modules/@types/node/path) by extensions ['cmake', 'python']
[1.066s] Level 1:colcon.colcon_core.package_identification:_identify(config/node_modules/@types/node/path) by extension 'cmake'
[1.067s] Level 1:colcon.colcon_core.package_identification:_identify(config/node_modules/@types/node/path) by extension 'python'
[1.067s] Level 1:colcon.colcon_core.package_identification:_identify(config/node_modules/@types/node/path) by extensions ['python_setup_py']
[1.067s] Level 1:colcon.colcon_core.package_identification:_identify(config/node_modules/@types/node/path) by extension 'python_setup_py'
[1.067s] Level 1:colcon.colcon_core.package_identification:_identify(config/node_modules/@types/node/readline) by extensions ['ignore', 'ignore_ament_install']
[1.067s] Level 1:colcon.colcon_core.package_identification:_identify(config/node_modules/@types/node/readline) by extension 'ignore'
[1.067s] Level 1:colcon.colcon_core.package_identification:_identify(config/node_modules/@types/node/readline) by extension 'ignore_ament_install'
[1.067s] Level 1:colcon.colcon_core.package_identification:_identify(config/node_modules/@types/node/readline) by extensions ['colcon_pkg']
[1.067s] Level 1:colcon.colcon_core.package_identification:_identify(config/node_modules/@types/node/readline) by extension 'colcon_pkg'
[1.067s] Level 1:colcon.colcon_core.package_identification:_identify(config/node_modules/@types/node/readline) by extensions ['colcon_meta']
[1.067s] Level 1:colcon.colcon_core.package_identification:_identify(config/node_modules/@types/node/readline) by extension 'colcon_meta'
[1.067s] Level 1:colcon.colcon_core.package_identification:_identify(config/node_modules/@types/node/readline) by extensions ['ros']
[1.067s] Level 1:colcon.colcon_core.package_identification:_identify(config/node_modules/@types/node/readline) by extension 'ros'
[1.068s] Level 1:colcon.colcon_core.package_identification:_identify(config/node_modules/@types/node/readline) by extensions ['cmake', 'python']
[1.068s] Level 1:colcon.colcon_core.package_identification:_identify(config/node_modules/@types/node/readline) by extension 'cmake'
[1.068s] Level 1:colcon.colcon_core.package_identification:_identify(config/node_modules/@types/node/readline) by extension 'python'
[1.068s] Level 1:colcon.colcon_core.package_identification:_identify(config/node_modules/@types/node/readline) by extensions ['python_setup_py']
[1.068s] Level 1:colcon.colcon_core.package_identification:_identify(config/node_modules/@types/node/readline) by extension 'python_setup_py'
[1.068s] Level 1:colcon.colcon_core.package_identification:_identify(config/node_modules/@types/node/stream) by extensions ['ignore', 'ignore_ament_install']
[1.068s] Level 1:colcon.colcon_core.package_identification:_identify(config/node_modules/@types/node/stream) by extension 'ignore'
[1.068s] Level 1:colcon.colcon_core.package_identification:_identify(config/node_modules/@types/node/stream) by extension 'ignore_ament_install'
[1.068s] Level 1:colcon.colcon_core.package_identification:_identify(config/node_modules/@types/node/stream) by extensions ['colcon_pkg']
[1.068s] Level 1:colcon.colcon_core.package_identification:_identify(config/node_modules/@types/node/stream) by extension 'colcon_pkg'
[1.068s] Level 1:colcon.colcon_core.package_identification:_identify(config/node_modules/@types/node/stream) by extensions ['colcon_meta']
[1.068s] Level 1:colcon.colcon_core.package_identification:_identify(config/node_modules/@types/node/stream) by extension 'colcon_meta'
[1.068s] Level 1:colcon.colcon_core.package_identification:_identify(config/node_modules/@types/node/stream) by extensions ['ros']
[1.068s] Level 1:colcon.colcon_core.package_identification:_identify(config/node_modules/@types/node/stream) by extension 'ros'
[1.068s] Level 1:colcon.colcon_core.package_identification:_identify(config/node_modules/@types/node/stream) by extensions ['cmake', 'python']
[1.068s] Level 1:colcon.colcon_core.package_identification:_identify(config/node_modules/@types/node/stream) by extension 'cmake'
[1.069s] Level 1:colcon.colcon_core.package_identification:_identify(config/node_modules/@types/node/stream) by extension 'python'
[1.069s] Level 1:colcon.colcon_core.package_identification:_identify(config/node_modules/@types/node/stream) by extensions ['python_setup_py']
[1.069s] Level 1:colcon.colcon_core.package_identification:_identify(config/node_modules/@types/node/stream) by extension 'python_setup_py'
[1.069s] Level 1:colcon.colcon_core.package_identification:_identify(config/node_modules/@types/node/test) by extensions ['ignore', 'ignore_ament_install']
[1.069s] Level 1:colcon.colcon_core.package_identification:_identify(config/node_modules/@types/node/test) by extension 'ignore'
[1.069s] Level 1:colcon.colcon_core.package_identification:_identify(config/node_modules/@types/node/test) by extension 'ignore_ament_install'
[1.069s] Level 1:colcon.colcon_core.package_identification:_identify(config/node_modules/@types/node/test) by extensions ['colcon_pkg']
[1.069s] Level 1:colcon.colcon_core.package_identification:_identify(config/node_modules/@types/node/test) by extension 'colcon_pkg'
[1.069s] Level 1:colcon.colcon_core.package_identification:_identify(config/node_modules/@types/node/test) by extensions ['colcon_meta']
[1.069s] Level 1:colcon.colcon_core.package_identification:_identify(config/node_modules/@types/node/test) by extension 'colcon_meta'
[1.069s] Level 1:colcon.colcon_core.package_identification:_identify(config/node_modules/@types/node/test) by extensions ['ros']
[1.069s] Level 1:colcon.colcon_core.package_identification:_identify(config/node_modules/@types/node/test) by extension 'ros'
[1.069s] Level 1:colcon.colcon_core.package_identification:_identify(config/node_modules/@types/node/test) by extensions ['cmake', 'python']
[1.069s] Level 1:colcon.colcon_core.package_identification:_identify(config/node_modules/@types/node/test) by extension 'cmake'
[1.069s] Level 1:colcon.colcon_core.package_identification:_identify(config/node_modules/@types/node/test) by extension 'python'
[1.069s] Level 1:colcon.colcon_core.package_identification:_identify(config/node_modules/@types/node/test) by extensions ['python_setup_py']
[1.069s] Level 1:colcon.colcon_core.package_identification:_identify(config/node_modules/@types/node/test) by extension 'python_setup_py'
[1.069s] Level 1:colcon.colcon_core.package_identification:_identify(config/node_modules/@types/node/timers) by extensions ['ignore', 'ignore_ament_install']
[1.069s] Level 1:colcon.colcon_core.package_identification:_identify(config/node_modules/@types/node/timers) by extension 'ignore'
[1.069s] Level 1:colcon.colcon_core.package_identification:_identify(config/node_modules/@types/node/timers) by extension 'ignore_ament_install'
[1.069s] Level 1:colcon.colcon_core.package_identification:_identify(config/node_modules/@types/node/timers) by extensions ['colcon_pkg']
[1.069s] Level 1:colcon.colcon_core.package_identification:_identify(config/node_modules/@types/node/timers) by extension 'colcon_pkg'
[1.069s] Level 1:colcon.colcon_core.package_identification:_identify(config/node_modules/@types/node/timers) by extensions ['colcon_meta']
[1.069s] Level 1:colcon.colcon_core.package_identification:_identify(config/node_modules/@types/node/timers) by extension 'colcon_meta'
[1.070s] Level 1:colcon.colcon_core.package_identification:_identify(config/node_modules/@types/node/timers) by extensions ['ros']
[1.070s] Level 1:colcon.colcon_core.package_identification:_identify(config/node_modules/@types/node/timers) by extension 'ros'
[1.070s] Level 1:colcon.colcon_core.package_identification:_identify(config/node_modules/@types/node/timers) by extensions ['cmake', 'python']
[1.070s] Level 1:colcon.colcon_core.package_identification:_identify(config/node_modules/@types/node/timers) by extension 'cmake'
[1.070s] Level 1:colcon.colcon_core.package_identification:_identify(config/node_modules/@types/node/timers) by extension 'python'
[1.070s] Level 1:colcon.colcon_core.package_identification:_identify(config/node_modules/@types/node/timers) by extensions ['python_setup_py']
[1.070s] Level 1:colcon.colcon_core.package_identification:_identify(config/node_modules/@types/node/timers) by extension 'python_setup_py'
[1.070s] Level 1:colcon.colcon_core.package_identification:_identify(config/node_modules/@types/node/ts5.6) by extensions ['ignore', 'ignore_ament_install']
[1.070s] Level 1:colcon.colcon_core.package_identification:_identify(config/node_modules/@types/node/ts5.6) by extension 'ignore'
[1.070s] Level 1:colcon.colcon_core.package_identification:_identify(config/node_modules/@types/node/ts5.6) by extension 'ignore_ament_install'
[1.070s] Level 1:colcon.colcon_core.package_identification:_identify(config/node_modules/@types/node/ts5.6) by extensions ['colcon_pkg']
[1.070s] Level 1:colcon.colcon_core.package_identification:_identify(config/node_modules/@types/node/ts5.6) by extension 'colcon_pkg'
[1.070s] Level 1:colcon.colcon_core.package_identification:_identify(config/node_modules/@types/node/ts5.6) by extensions ['colcon_meta']
[1.070s] Level 1:colcon.colcon_core.package_identification:_identify(config/node_modules/@types/node/ts5.6) by extension 'colcon_meta'
[1.070s] Level 1:colcon.colcon_core.package_identification:_identify(config/node_modules/@types/node/ts5.6) by extensions ['ros']
[1.070s] Level 1:colcon.colcon_core.package_identification:_identify(config/node_modules/@types/node/ts5.6) by extension 'ros'
[1.070s] Level 1:colcon.colcon_core.package_identification:_identify(config/node_modules/@types/node/ts5.6) by extensions ['cmake', 'python']
[1.070s] Level 1:colcon.colcon_core.package_identification:_identify(config/node_modules/@types/node/ts5.6) by extension 'cmake'
[1.070s] Level 1:colcon.colcon_core.package_identification:_identify(config/node_modules/@types/node/ts5.6) by extension 'python'
[1.070s] Level 1:colcon.colcon_core.package_identification:_identify(config/node_modules/@types/node/ts5.6) by extensions ['python_setup_py']
[1.070s] Level 1:colcon.colcon_core.package_identification:_identify(config/node_modules/@types/node/ts5.6) by extension 'python_setup_py'
[1.070s] Level 1:colcon.colcon_core.package_identification:_identify(config/node_modules/@types/node/ts5.6/compatibility) by extensions ['ignore', 'ignore_ament_install']
[1.071s] Level 1:colcon.colcon_core.package_identification:_identify(config/node_modules/@types/node/ts5.6/compatibility) by extension 'ignore'
[1.071s] Level 1:colcon.colcon_core.package_identification:_identify(config/node_modules/@types/node/ts5.6/compatibility) by extension 'ignore_ament_install'
[1.071s] Level 1:colcon.colcon_core.package_identification:_identify(config/node_modules/@types/node/ts5.6/compatibility) by extensions ['colcon_pkg']
[1.071s] Level 1:colcon.colcon_core.package_identification:_identify(config/node_modules/@types/node/ts5.6/compatibility) by extension 'colcon_pkg'
[1.071s] Level 1:colcon.colcon_core.package_identification:_identify(config/node_modules/@types/node/ts5.6/compatibility) by extensions ['colcon_meta']
[1.071s] Level 1:colcon.colcon_core.package_identification:_identify(config/node_modules/@types/node/ts5.6/compatibility) by extension 'colcon_meta'
[1.071s] Level 1:colcon.colcon_core.package_identification:_identify(config/node_modules/@types/node/ts5.6/compatibility) by extensions ['ros']
[1.071s] Level 1:colcon.colcon_core.package_identification:_identify(config/node_modules/@types/node/ts5.6/compatibility) by extension 'ros'
[1.071s] Level 1:colcon.colcon_core.package_identification:_identify(config/node_modules/@types/node/ts5.6/compatibility) by extensions ['cmake', 'python']
[1.071s] Level 1:colcon.colcon_core.package_identification:_identify(config/node_modules/@types/node/ts5.6/compatibility) by extension 'cmake'
[1.071s] Level 1:colcon.colcon_core.package_identification:_identify(config/node_modules/@types/node/ts5.6/compatibility) by extension 'python'
[1.071s] Level 1:colcon.colcon_core.package_identification:_identify(config/node_modules/@types/node/ts5.6/compatibility) by extensions ['python_setup_py']
[1.071s] Level 1:colcon.colcon_core.package_identification:_identify(config/node_modules/@types/node/ts5.6/compatibility) by extension 'python_setup_py'
[1.071s] Level 1:colcon.colcon_core.package_identification:_identify(config/node_modules/@types/node/ts5.7) by extensions ['ignore', 'ignore_ament_install']
[1.071s] Level 1:colcon.colcon_core.package_identification:_identify(config/node_modules/@types/node/ts5.7) by extension 'ignore'
[1.071s] Level 1:colcon.colcon_core.package_identification:_identify(config/node_modules/@types/node/ts5.7) by extension 'ignore_ament_install'
[1.071s] Level 1:colcon.colcon_core.package_identification:_identify(config/node_modules/@types/node/ts5.7) by extensions ['colcon_pkg']
[1.071s] Level 1:colcon.colcon_core.package_identification:_identify(config/node_modules/@types/node/ts5.7) by extension 'colcon_pkg'
[1.071s] Level 1:colcon.colcon_core.package_identification:_identify(config/node_modules/@types/node/ts5.7) by extensions ['colcon_meta']
[1.071s] Level 1:colcon.colcon_core.package_identification:_identify(config/node_modules/@types/node/ts5.7) by extension 'colcon_meta'
[1.072s] Level 1:colcon.colcon_core.package_identification:_identify(config/node_modules/@types/node/ts5.7) by extensions ['ros']
[1.072s] Level 1:colcon.colcon_core.package_identification:_identify(config/node_modules/@types/node/ts5.7) by extension 'ros'
[1.072s] Level 1:colcon.colcon_core.package_identification:_identify(config/node_modules/@types/node/ts5.7) by extensions ['cmake', 'python']
[1.072s] Level 1:colcon.colcon_core.package_identification:_identify(config/node_modules/@types/node/ts5.7) by extension 'cmake'
[1.072s] Level 1:colcon.colcon_core.package_identification:_identify(config/node_modules/@types/node/ts5.7) by extension 'python'
[1.072s] Level 1:colcon.colcon_core.package_identification:_identify(config/node_modules/@types/node/ts5.7) by extensions ['python_setup_py']
[1.072s] Level 1:colcon.colcon_core.package_identification:_identify(config/node_modules/@types/node/ts5.7) by extension 'python_setup_py'
[1.072s] Level 1:colcon.colcon_core.package_identification:_identify(config/node_modules/@types/node/ts5.7/compatibility) by extensions ['ignore', 'ignore_ament_install']
[1.072s] Level 1:colcon.colcon_core.package_identification:_identify(config/node_modules/@types/node/ts5.7/compatibility) by extension 'ignore'
[1.072s] Level 1:colcon.colcon_core.package_identification:_identify(config/node_modules/@types/node/ts5.7/compatibility) by extension 'ignore_ament_install'
[1.072s] Level 1:colcon.colcon_core.package_identification:_identify(config/node_modules/@types/node/ts5.7/compatibility) by extensions ['colcon_pkg']
[1.072s] Level 1:colcon.colcon_core.package_identification:_identify(config/node_modules/@types/node/ts5.7/compatibility) by extension 'colcon_pkg'
[1.072s] Level 1:colcon.colcon_core.package_identification:_identify(config/node_modules/@types/node/ts5.7/compatibility) by extensions ['colcon_meta']
[1.072s] Level 1:colcon.colcon_core.package_identification:_identify(config/node_modules/@types/node/ts5.7/compatibility) by extension 'colcon_meta'
[1.073s] Level 1:colcon.colcon_core.package_identification:_identify(config/node_modules/@types/node/ts5.7/compatibility) by extensions ['ros']
[1.073s] Level 1:colcon.colcon_core.package_identification:_identify(config/node_modules/@types/node/ts5.7/compatibility) by extension 'ros'
[1.073s] Level 1:colcon.colcon_core.package_identification:_identify(config/node_modules/@types/node/ts5.7/compatibility) by extensions ['cmake', 'python']
[1.073s] Level 1:colcon.colcon_core.package_identification:_identify(config/node_modules/@types/node/ts5.7/compatibility) by extension 'cmake'
[1.073s] Level 1:colcon.colcon_core.package_identification:_identify(config/node_modules/@types/node/ts5.7/compatibility) by extension 'python'
[1.073s] Level 1:colcon.colcon_core.package_identification:_identify(config/node_modules/@types/node/ts5.7/compatibility) by extensions ['python_setup_py']
[1.073s] Level 1:colcon.colcon_core.package_identification:_identify(config/node_modules/@types/node/ts5.7/compatibility) by extension 'python_setup_py'
[1.073s] Level 1:colcon.colcon_core.package_identification:_identify(config/node_modules/@types/node/util) by extensions ['ignore', 'ignore_ament_install']
[1.073s] Level 1:colcon.colcon_core.package_identification:_identify(config/node_modules/@types/node/util) by extension 'ignore'
[1.073s] Level 1:colcon.colcon_core.package_identification:_identify(config/node_modules/@types/node/util) by extension 'ignore_ament_install'
[1.073s] Level 1:colcon.colcon_core.package_identification:_identify(config/node_modules/@types/node/util) by extensions ['colcon_pkg']
[1.073s] Level 1:colcon.colcon_core.package_identification:_identify(config/node_modules/@types/node/util) by extension 'colcon_pkg'
[1.073s] Level 1:colcon.colcon_core.package_identification:_identify(config/node_modules/@types/node/util) by extensions ['colcon_meta']
[1.073s] Level 1:colcon.colcon_core.package_identification:_identify(config/node_modules/@types/node/util) by extension 'colcon_meta'
[1.073s] Level 1:colcon.colcon_core.package_identification:_identify(config/node_modules/@types/node/util) by extensions ['ros']
[1.073s] Level 1:colcon.colcon_core.package_identification:_identify(config/node_modules/@types/node/util) by extension 'ros'
[1.074s] Level 1:colcon.colcon_core.package_identification:_identify(config/node_modules/@types/node/util) by extensions ['cmake', 'python']
[1.074s] Level 1:colcon.colcon_core.package_identification:_identify(config/node_modules/@types/node/util) by extension 'cmake'
[1.074s] Level 1:colcon.colcon_core.package_identification:_identify(config/node_modules/@types/node/util) by extension 'python'
[1.074s] Level 1:colcon.colcon_core.package_identification:_identify(config/node_modules/@types/node/util) by extensions ['python_setup_py']
[1.074s] Level 1:colcon.colcon_core.package_identification:_identify(config/node_modules/@types/node/util) by extension 'python_setup_py'
[1.074s] Level 1:colcon.colcon_core.package_identification:_identify(config/node_modules/@types/node/web-globals) by extensions ['ignore', 'ignore_ament_install']
[1.074s] Level 1:colcon.colcon_core.package_identification:_identify(config/node_modules/@types/node/web-globals) by extension 'ignore'
[1.074s] Level 1:colcon.colcon_core.package_identification:_identify(config/node_modules/@types/node/web-globals) by extension 'ignore_ament_install'
[1.074s] Level 1:colcon.colcon_core.package_identification:_identify(config/node_modules/@types/node/web-globals) by extensions ['colcon_pkg']
[1.074s] Level 1:colcon.colcon_core.package_identification:_identify(config/node_modules/@types/node/web-globals) by extension 'colcon_pkg'
[1.074s] Level 1:colcon.colcon_core.package_identification:_identify(config/node_modules/@types/node/web-globals) by extensions ['colcon_meta']
[1.074s] Level 1:colcon.colcon_core.package_identification:_identify(config/node_modules/@types/node/web-globals) by extension 'colcon_meta'
[1.074s] Level 1:colcon.colcon_core.package_identification:_identify(config/node_modules/@types/node/web-globals) by extensions ['ros']
[1.074s] Level 1:colcon.colcon_core.package_identification:_identify(config/node_modules/@types/node/web-globals) by extension 'ros'
[1.075s] Level 1:colcon.colcon_core.package_identification:_identify(config/node_modules/@types/node/web-globals) by extensions ['cmake', 'python']
[1.075s] Level 1:colcon.colcon_core.package_identification:_identify(config/node_modules/@types/node/web-globals) by extension 'cmake'
[1.075s] Level 1:colcon.colcon_core.package_identification:_identify(config/node_modules/@types/node/web-globals) by extension 'python'
[1.075s] Level 1:colcon.colcon_core.package_identification:_identify(config/node_modules/@types/node/web-globals) by extensions ['python_setup_py']
[1.075s] Level 1:colcon.colcon_core.package_identification:_identify(config/node_modules/@types/node/web-globals) by extension 'python_setup_py'
[1.075s] Level 1:colcon.colcon_core.package_identification:_identify(config/node_modules/accepts) by extensions ['ignore', 'ignore_ament_install']
[1.075s] Level 1:colcon.colcon_core.package_identification:_identify(config/node_modules/accepts) by extension 'ignore'
[1.075s] Level 1:colcon.colcon_core.package_identification:_identify(config/node_modules/accepts) by extension 'ignore_ament_install'
[1.075s] Level 1:colcon.colcon_core.package_identification:_identify(config/node_modules/accepts) by extensions ['colcon_pkg']
[1.075s] Level 1:colcon.colcon_core.package_identification:_identify(config/node_modules/accepts) by extension 'colcon_pkg'
[1.075s] Level 1:colcon.colcon_core.package_identification:_identify(config/node_modules/accepts) by extensions ['colcon_meta']
[1.075s] Level 1:colcon.colcon_core.package_identification:_identify(config/node_modules/accepts) by extension 'colcon_meta'
[1.075s] Level 1:colcon.colcon_core.package_identification:_identify(config/node_modules/accepts) by extensions ['ros']
[1.075s] Level 1:colcon.colcon_core.package_identification:_identify(config/node_modules/accepts) by extension 'ros'
[1.075s] Level 1:colcon.colcon_core.package_identification:_identify(config/node_modules/accepts) by extensions ['cmake', 'python']
[1.075s] Level 1:colcon.colcon_core.package_identification:_identify(config/node_modules/accepts) by extension 'cmake'
[1.075s] Level 1:colcon.colcon_core.package_identification:_identify(config/node_modules/accepts) by extension 'python'
[1.075s] Level 1:colcon.colcon_core.package_identification:_identify(config/node_modules/accepts) by extensions ['python_setup_py']
[1.075s] Level 1:colcon.colcon_core.package_identification:_identify(config/node_modules/accepts) by extension 'python_setup_py'
[1.076s] Level 1:colcon.colcon_core.package_identification:_identify(config/node_modules/accepts/node_modules) by extensions ['ignore', 'ignore_ament_install']
[1.076s] Level 1:colcon.colcon_core.package_identification:_identify(config/node_modules/accepts/node_modules) by extension 'ignore'
[1.076s] Level 1:colcon.colcon_core.package_identification:_identify(config/node_modules/accepts/node_modules) by extension 'ignore_ament_install'
[1.076s] Level 1:colcon.colcon_core.package_identification:_identify(config/node_modules/accepts/node_modules) by extensions ['colcon_pkg']
[1.076s] Level 1:colcon.colcon_core.package_identification:_identify(config/node_modules/accepts/node_modules) by extension 'colcon_pkg'
[1.076s] Level 1:colcon.colcon_core.package_identification:_identify(config/node_modules/accepts/node_modules) by extensions ['colcon_meta']
[1.076s] Level 1:colcon.colcon_core.package_identification:_identify(config/node_modules/accepts/node_modules) by extension 'colcon_meta'
[1.076s] Level 1:colcon.colcon_core.package_identification:_identify(config/node_modules/accepts/node_modules) by extensions ['ros']
[1.076s] Level 1:colcon.colcon_core.package_identification:_identify(config/node_modules/accepts/node_modules) by extension 'ros'
[1.076s] Level 1:colcon.colcon_core.package_identification:_identify(config/node_modules/accepts/node_modules) by extensions ['cmake', 'python']
[1.076s] Level 1:colcon.colcon_core.package_identification:_identify(config/node_modules/accepts/node_modules) by extension 'cmake'
[1.076s] Level 1:colcon.colcon_core.package_identification:_identify(config/node_modules/accepts/node_modules) by extension 'python'
[1.076s] Level 1:colcon.colcon_core.package_identification:_identify(config/node_modules/accepts/node_modules) by extensions ['python_setup_py']
[1.076s] Level 1:colcon.colcon_core.package_identification:_identify(config/node_modules/accepts/node_modules) by extension 'python_setup_py'
[1.076s] Level 1:colcon.colcon_core.package_identification:_identify(config/node_modules/accepts/node_modules/negotiator) by extensions ['ignore', 'ignore_ament_install']
[1.076s] Level 1:colcon.colcon_core.package_identification:_identify(config/node_modules/accepts/node_modules/negotiator) by extension 'ignore'
[1.076s] Level 1:colcon.colcon_core.package_identification:_identify(config/node_modules/accepts/node_modules/negotiator) by extension 'ignore_ament_install'
[1.077s] Level 1:colcon.colcon_core.package_identification:_identify(config/node_modules/accepts/node_modules/negotiator) by extensions ['colcon_pkg']
[1.077s] Level 1:colcon.colcon_core.package_identification:_identify(config/node_modules/accepts/node_modules/negotiator) by extension 'colcon_pkg'
[1.077s] Level 1:colcon.colcon_core.package_identification:_identify(config/node_modules/accepts/node_modules/negotiator) by extensions ['colcon_meta']
[1.077s] Level 1:colcon.colcon_core.package_identification:_identify(config/node_modules/accepts/node_modules/negotiator) by extension 'colcon_meta'
[1.077s] Level 1:colcon.colcon_core.package_identification:_identify(config/node_modules/accepts/node_modules/negotiator) by extensions ['ros']
[1.077s] Level 1:colcon.colcon_core.package_identification:_identify(config/node_modules/accepts/node_modules/negotiator) by extension 'ros'
[1.077s] Level 1:colcon.colcon_core.package_identification:_identify(config/node_modules/accepts/node_modules/negotiator) by extensions ['cmake', 'python']
[1.077s] Level 1:colcon.colcon_core.package_identification:_identify(config/node_modules/accepts/node_modules/negotiator) by extension 'cmake'
[1.077s] Level 1:colcon.colcon_core.package_identification:_identify(config/node_modules/accepts/node_modules/negotiator) by extension 'python'
[1.077s] Level 1:colcon.colcon_core.package_identification:_identify(config/node_modules/accepts/node_modules/negotiator) by extensions ['python_setup_py']
[1.077s] Level 1:colcon.colcon_core.package_identification:_identify(config/node_modules/accepts/node_modules/negotiator) by extension 'python_setup_py'
[1.077s] Level 1:colcon.colcon_core.package_identification:_identify(config/node_modules/accepts/node_modules/negotiator/lib) by extensions ['ignore', 'ignore_ament_install']
[1.077s] Level 1:colcon.colcon_core.package_identification:_identify(config/node_modules/accepts/node_modules/negotiator/lib) by extension 'ignore'
[1.077s] Level 1:colcon.colcon_core.package_identification:_identify(config/node_modules/accepts/node_modules/negotiator/lib) by extension 'ignore_ament_install'
[1.077s] Level 1:colcon.colcon_core.package_identification:_identify(config/node_modules/accepts/node_modules/negotiator/lib) by extensions ['colcon_pkg']
[1.077s] Level 1:colcon.colcon_core.package_identification:_identify(config/node_modules/accepts/node_modules/negotiator/lib) by extension 'colcon_pkg'
[1.077s] Level 1:colcon.colcon_core.package_identification:_identify(config/node_modules/accepts/node_modules/negotiator/lib) by extensions ['colcon_meta']
[1.077s] Level 1:colcon.colcon_core.package_identification:_identify(config/node_modules/accepts/node_modules/negotiator/lib) by extension 'colcon_meta'
[1.078s] Level 1:colcon.colcon_core.package_identification:_identify(config/node_modules/accepts/node_modules/negotiator/lib) by extensions ['ros']
[1.078s] Level 1:colcon.colcon_core.package_identification:_identify(config/node_modules/accepts/node_modules/negotiator/lib) by extension 'ros'
[1.078s] Level 1:colcon.colcon_core.package_identification:_identify(config/node_modules/accepts/node_modules/negotiator/lib) by extensions ['cmake', 'python']
[1.078s] Level 1:colcon.colcon_core.package_identification:_identify(config/node_modules/accepts/node_modules/negotiator/lib) by extension 'cmake'
[1.078s] Level 1:colcon.colcon_core.package_identification:_identify(config/node_modules/accepts/node_modules/negotiator/lib) by extension 'python'
[1.078s] Level 1:colcon.colcon_core.package_identification:_identify(config/node_modules/accepts/node_modules/negotiator/lib) by extensions ['python_setup_py']
[1.078s] Level 1:colcon.colcon_core.package_identification:_identify(config/node_modules/accepts/node_modules/negotiator/lib) by extension 'python_setup_py'
[1.078s] Level 1:colcon.colcon_core.package_identification:_identify(config/node_modules/base64id) by extensions ['ignore', 'ignore_ament_install']
[1.078s] Level 1:colcon.colcon_core.package_identification:_identify(config/node_modules/base64id) by extension 'ignore'
[1.078s] Level 1:colcon.colcon_core.package_identification:_identify(config/node_modules/base64id) by extension 'ignore_ament_install'
[1.078s] Level 1:colcon.colcon_core.package_identification:_identify(config/node_modules/base64id) by extensions ['colcon_pkg']
[1.078s] Level 1:colcon.colcon_core.package_identification:_identify(config/node_modules/base64id) by extension 'colcon_pkg'
[1.078s] Level 1:colcon.colcon_core.package_identification:_identify(config/node_modules/base64id) by extensions ['colcon_meta']
[1.078s] Level 1:colcon.colcon_core.package_identification:_identify(config/node_modules/base64id) by extension 'colcon_meta'
[1.078s] Level 1:colcon.colcon_core.package_identification:_identify(config/node_modules/base64id) by extensions ['ros']
[1.078s] Level 1:colcon.colcon_core.package_identification:_identify(config/node_modules/base64id) by extension 'ros'
[1.078s] Level 1:colcon.colcon_core.package_identification:_identify(config/node_modules/base64id) by extensions ['cmake', 'python']
[1.079s] Level 1:colcon.colcon_core.package_identification:_identify(config/node_modules/base64id) by extension 'cmake'
[1.079s] Level 1:colcon.colcon_core.package_identification:_identify(config/node_modules/base64id) by extension 'python'
[1.079s] Level 1:colcon.colcon_core.package_identification:_identify(config/node_modules/base64id) by extensions ['python_setup_py']
[1.079s] Level 1:colcon.colcon_core.package_identification:_identify(config/node_modules/base64id) by extension 'python_setup_py'
[1.079s] Level 1:colcon.colcon_core.package_identification:_identify(config/node_modules/base64id/lib) by extensions ['ignore', 'ignore_ament_install']
[1.079s] Level 1:colcon.colcon_core.package_identification:_identify(config/node_modules/base64id/lib) by extension 'ignore'
[1.079s] Level 1:colcon.colcon_core.package_identification:_identify(config/node_modules/base64id/lib) by extension 'ignore_ament_install'
[1.079s] Level 1:colcon.colcon_core.package_identification:_identify(config/node_modules/base64id/lib) by extensions ['colcon_pkg']
[1.079s] Level 1:colcon.colcon_core.package_identification:_identify(config/node_modules/base64id/lib) by extension 'colcon_pkg'
[1.079s] Level 1:colcon.colcon_core.package_identification:_identify(config/node_modules/base64id/lib) by extensions ['colcon_meta']
[1.079s] Level 1:colcon.colcon_core.package_identification:_identify(config/node_modules/base64id/lib) by extension 'colcon_meta'
[1.079s] Level 1:colcon.colcon_core.package_identification:_identify(config/node_modules/base64id/lib) by extensions ['ros']
[1.079s] Level 1:colcon.colcon_core.package_identification:_identify(config/node_modules/base64id/lib) by extension 'ros'
[1.079s] Level 1:colcon.colcon_core.package_identification:_identify(config/node_modules/base64id/lib) by extensions ['cmake', 'python']
[1.079s] Level 1:colcon.colcon_core.package_identification:_identify(config/node_modules/base64id/lib) by extension 'cmake'
[1.079s] Level 1:colcon.colcon_core.package_identification:_identify(config/node_modules/base64id/lib) by extension 'python'
[1.079s] Level 1:colcon.colcon_core.package_identification:_identify(config/node_modules/base64id/lib) by extensions ['python_setup_py']
[1.079s] Level 1:colcon.colcon_core.package_identification:_identify(config/node_modules/base64id/lib) by extension 'python_setup_py'
[1.080s] Level 1:colcon.colcon_core.package_identification:_identify(config/node_modules/bytes) by extensions ['ignore', 'ignore_ament_install']
[1.080s] Level 1:colcon.colcon_core.package_identification:_identify(config/node_modules/bytes) by extension 'ignore'
[1.080s] Level 1:colcon.colcon_core.package_identification:_identify(config/node_modules/bytes) by extension 'ignore_ament_install'
[1.080s] Level 1:colcon.colcon_core.package_identification:_identify(config/node_modules/bytes) by extensions ['colcon_pkg']
[1.080s] Level 1:colcon.colcon_core.package_identification:_identify(config/node_modules/bytes) by extension 'colcon_pkg'
[1.080s] Level 1:colcon.colcon_core.package_identification:_identify(config/node_modules/bytes) by extensions ['colcon_meta']
[1.080s] Level 1:colcon.colcon_core.package_identification:_identify(config/node_modules/bytes) by extension 'colcon_meta'
[1.080s] Level 1:colcon.colcon_core.package_identification:_identify(config/node_modules/bytes) by extensions ['ros']
[1.080s] Level 1:colcon.colcon_core.package_identification:_identify(config/node_modules/bytes) by extension 'ros'
[1.080s] Level 1:colcon.colcon_core.package_identification:_identify(config/node_modules/bytes) by extensions ['cmake', 'python']
[1.080s] Level 1:colcon.colcon_core.package_identification:_identify(config/node_modules/bytes) by extension 'cmake'
[1.080s] Level 1:colcon.colcon_core.package_identification:_identify(config/node_modules/bytes) by extension 'python'
[1.080s] Level 1:colcon.colcon_core.package_identification:_identify(config/node_modules/bytes) by extensions ['python_setup_py']
[1.080s] Level 1:colcon.colcon_core.package_identification:_identify(config/node_modules/bytes) by extension 'python_setup_py'
[1.080s] Level 1:colcon.colcon_core.package_identification:_identify(config/node_modules/compressible) by extensions ['ignore', 'ignore_ament_install']
[1.081s] Level 1:colcon.colcon_core.package_identification:_identify(config/node_modules/compressible) by extension 'ignore'
[1.081s] Level 1:colcon.colcon_core.package_identification:_identify(config/node_modules/compressible) by extension 'ignore_ament_install'
[1.081s] Level 1:colcon.colcon_core.package_identification:_identify(config/node_modules/compressible) by extensions ['colcon_pkg']
[1.081s] Level 1:colcon.colcon_core.package_identification:_identify(config/node_modules/compressible) by extension 'colcon_pkg'
[1.081s] Level 1:colcon.colcon_core.package_identification:_identify(config/node_modules/compressible) by extensions ['colcon_meta']
[1.081s] Level 1:colcon.colcon_core.package_identification:_identify(config/node_modules/compressible) by extension 'colcon_meta'
[1.081s] Level 1:colcon.colcon_core.package_identification:_identify(config/node_modules/compressible) by extensions ['ros']
[1.081s] Level 1:colcon.colcon_core.package_identification:_identify(config/node_modules/compressible) by extension 'ros'
[1.081s] Level 1:colcon.colcon_core.package_identification:_identify(config/node_modules/compressible) by extensions ['cmake', 'python']
[1.081s] Level 1:colcon.colcon_core.package_identification:_identify(config/node_modules/compressible) by extension 'cmake'
[1.081s] Level 1:colcon.colcon_core.package_identification:_identify(config/node_modules/compressible) by extension 'python'
[1.081s] Level 1:colcon.colcon_core.package_identification:_identify(config/node_modules/compressible) by extensions ['python_setup_py']
[1.081s] Level 1:colcon.colcon_core.package_identification:_identify(config/node_modules/compressible) by extension 'python_setup_py'
[1.081s] Level 1:colcon.colcon_core.package_identification:_identify(config/node_modules/compression) by extensions ['ignore', 'ignore_ament_install']
[1.081s] Level 1:colcon.colcon_core.package_identification:_identify(config/node_modules/compression) by extension 'ignore'
[1.081s] Level 1:colcon.colcon_core.package_identification:_identify(config/node_modules/compression) by extension 'ignore_ament_install'
[1.081s] Level 1:colcon.colcon_core.package_identification:_identify(config/node_modules/compression) by extensions ['colcon_pkg']
[1.082s] Level 1:colcon.colcon_core.package_identification:_identify(config/node_modules/compression) by extension 'colcon_pkg'
[1.082s] Level 1:colcon.colcon_core.package_identification:_identify(config/node_modules/compression) by extensions ['colcon_meta']
[1.082s] Level 1:colcon.colcon_core.package_identification:_identify(config/node_modules/compression) by extension 'colcon_meta'
[1.082s] Level 1:colcon.colcon_core.package_identification:_identify(config/node_modules/compression) by extensions ['ros']
[1.082s] Level 1:colcon.colcon_core.package_identification:_identify(config/node_modules/compression) by extension 'ros'
[1.082s] Level 1:colcon.colcon_core.package_identification:_identify(config/node_modules/compression) by extensions ['cmake', 'python']
[1.083s] Level 1:colcon.colcon_core.package_identification:_identify(config/node_modules/compression) by extension 'cmake'
[1.083s] Level 1:colcon.colcon_core.package_identification:_identify(config/node_modules/compression) by extension 'python'
[1.083s] Level 1:colcon.colcon_core.package_identification:_identify(config/node_modules/compression) by extensions ['python_setup_py']
[1.083s] Level 1:colcon.colcon_core.package_identification:_identify(config/node_modules/compression) by extension 'python_setup_py'
[1.083s] Level 1:colcon.colcon_core.package_identification:_identify(config/node_modules/cookie) by extensions ['ignore', 'ignore_ament_install']
[1.083s] Level 1:colcon.colcon_core.package_identification:_identify(config/node_modules/cookie) by extension 'ignore'
[1.083s] Level 1:colcon.colcon_core.package_identification:_identify(config/node_modules/cookie) by extension 'ignore_ament_install'
[1.084s] Level 1:colcon.colcon_core.package_identification:_identify(config/node_modules/cookie) by extensions ['colcon_pkg']
[1.084s] Level 1:colcon.colcon_core.package_identification:_identify(config/node_modules/cookie) by extension 'colcon_pkg'
[1.084s] Level 1:colcon.colcon_core.package_identification:_identify(config/node_modules/cookie) by extensions ['colcon_meta']
[1.084s] Level 1:colcon.colcon_core.package_identification:_identify(config/node_modules/cookie) by extension 'colcon_meta'
[1.084s] Level 1:colcon.colcon_core.package_identification:_identify(config/node_modules/cookie) by extensions ['ros']
[1.084s] Level 1:colcon.colcon_core.package_identification:_identify(config/node_modules/cookie) by extension 'ros'
[1.084s] Level 1:colcon.colcon_core.package_identification:_identify(config/node_modules/cookie) by extensions ['cmake', 'python']
[1.084s] Level 1:colcon.colcon_core.package_identification:_identify(config/node_modules/cookie) by extension 'cmake'
[1.084s] Level 1:colcon.colcon_core.package_identification:_identify(config/node_modules/cookie) by extension 'python'
[1.084s] Level 1:colcon.colcon_core.package_identification:_identify(config/node_modules/cookie) by extensions ['python_setup_py']
[1.084s] Level 1:colcon.colcon_core.package_identification:_identify(config/node_modules/cookie) by extension 'python_setup_py'
[1.084s] Level 1:colcon.colcon_core.package_identification:_identify(config/node_modules/cors) by extensions ['ignore', 'ignore_ament_install']
[1.084s] Level 1:colcon.colcon_core.package_identification:_identify(config/node_modules/cors) by extension 'ignore'
[1.085s] Level 1:colcon.colcon_core.package_identification:_identify(config/node_modules/cors) by extension 'ignore_ament_install'
[1.085s] Level 1:colcon.colcon_core.package_identification:_identify(config/node_modules/cors) by extensions ['colcon_pkg']
[1.085s] Level 1:colcon.colcon_core.package_identification:_identify(config/node_modules/cors) by extension 'colcon_pkg'
[1.085s] Level 1:colcon.colcon_core.package_identification:_identify(config/node_modules/cors) by extensions ['colcon_meta']
[1.085s] Level 1:colcon.colcon_core.package_identification:_identify(config/node_modules/cors) by extension 'colcon_meta'
[1.085s] Level 1:colcon.colcon_core.package_identification:_identify(config/node_modules/cors) by extensions ['ros']
[1.085s] Level 1:colcon.colcon_core.package_identification:_identify(config/node_modules/cors) by extension 'ros'
[1.085s] Level 1:colcon.colcon_core.package_identification:_identify(config/node_modules/cors) by extensions ['cmake', 'python']
[1.085s] Level 1:colcon.colcon_core.package_identification:_identify(config/node_modules/cors) by extension 'cmake'
[1.085s] Level 1:colcon.colcon_core.package_identification:_identify(config/node_modules/cors) by extension 'python'
[1.085s] Level 1:colcon.colcon_core.package_identification:_identify(config/node_modules/cors) by extensions ['python_setup_py']
[1.085s] Level 1:colcon.colcon_core.package_identification:_identify(config/node_modules/cors) by extension 'python_setup_py'
[1.085s] Level 1:colcon.colcon_core.package_identification:_identify(config/node_modules/cors/lib) by extensions ['ignore', 'ignore_ament_install']
[1.086s] Level 1:colcon.colcon_core.package_identification:_identify(config/node_modules/cors/lib) by extension 'ignore'
[1.086s] Level 1:colcon.colcon_core.package_identification:_identify(config/node_modules/cors/lib) by extension 'ignore_ament_install'
[1.086s] Level 1:colcon.colcon_core.package_identification:_identify(config/node_modules/cors/lib) by extensions ['colcon_pkg']
[1.086s] Level 1:colcon.colcon_core.package_identification:_identify(config/node_modules/cors/lib) by extension 'colcon_pkg'
[1.086s] Level 1:colcon.colcon_core.package_identification:_identify(config/node_modules/cors/lib) by extensions ['colcon_meta']
[1.086s] Level 1:colcon.colcon_core.package_identification:_identify(config/node_modules/cors/lib) by extension 'colcon_meta'
[1.086s] Level 1:colcon.colcon_core.package_identification:_identify(config/node_modules/cors/lib) by extensions ['ros']
[1.086s] Level 1:colcon.colcon_core.package_identification:_identify(config/node_modules/cors/lib) by extension 'ros'
[1.086s] Level 1:colcon.colcon_core.package_identification:_identify(config/node_modules/cors/lib) by extensions ['cmake', 'python']
[1.086s] Level 1:colcon.colcon_core.package_identification:_identify(config/node_modules/cors/lib) by extension 'cmake'
[1.086s] Level 1:colcon.colcon_core.package_identification:_identify(config/node_modules/cors/lib) by extension 'python'
[1.086s] Level 1:colcon.colcon_core.package_identification:_identify(config/node_modules/cors/lib) by extensions ['python_setup_py']
[1.086s] Level 1:colcon.colcon_core.package_identification:_identify(config/node_modules/cors/lib) by extension 'python_setup_py'
[1.087s] Level 1:colcon.colcon_core.package_identification:_identify(config/node_modules/debug) by extensions ['ignore', 'ignore_ament_install']
[1.087s] Level 1:colcon.colcon_core.package_identification:_identify(config/node_modules/debug) by extension 'ignore'
[1.087s] Level 1:colcon.colcon_core.package_identification:_identify(config/node_modules/debug) by extension 'ignore_ament_install'
[1.087s] Level 1:colcon.colcon_core.package_identification:_identify(config/node_modules/debug) by extensions ['colcon_pkg']
[1.087s] Level 1:colcon.colcon_core.package_identification:_identify(config/node_modules/debug) by extension 'colcon_pkg'
[1.087s] Level 1:colcon.colcon_core.package_identification:_identify(config/node_modules/debug) by extensions ['colcon_meta']
[1.087s] Level 1:colcon.colcon_core.package_identification:_identify(config/node_modules/debug) by extension 'colcon_meta'
[1.087s] Level 1:colcon.colcon_core.package_identification:_identify(config/node_modules/debug) by extensions ['ros']
[1.087s] Level 1:colcon.colcon_core.package_identification:_identify(config/node_modules/debug) by extension 'ros'
[1.087s] Level 1:colcon.colcon_core.package_identification:_identify(config/node_modules/debug) by extensions ['cmake', 'python']
[1.087s] Level 1:colcon.colcon_core.package_identification:_identify(config/node_modules/debug) by extension 'cmake'
[1.087s] Level 1:colcon.colcon_core.package_identification:_identify(config/node_modules/debug) by extension 'python'
[1.088s] Level 1:colcon.colcon_core.package_identification:_identify(config/node_modules/debug) by extensions ['python_setup_py']
[1.088s] Level 1:colcon.colcon_core.package_identification:_identify(config/node_modules/debug) by extension 'python_setup_py'
[1.088s] Level 1:colcon.colcon_core.package_identification:_identify(config/node_modules/debug/src) by extensions ['ignore', 'ignore_ament_install']
[1.088s] Level 1:colcon.colcon_core.package_identification:_identify(config/node_modules/debug/src) by extension 'ignore'
[1.088s] Level 1:colcon.colcon_core.package_identification:_identify(config/node_modules/debug/src) by extension 'ignore_ament_install'
[1.088s] Level 1:colcon.colcon_core.package_identification:_identify(config/node_modules/debug/src) by extensions ['colcon_pkg']
[1.088s] Level 1:colcon.colcon_core.package_identification:_identify(config/node_modules/debug/src) by extension 'colcon_pkg'
[1.088s] Level 1:colcon.colcon_core.package_identification:_identify(config/node_modules/debug/src) by extensions ['colcon_meta']
[1.088s] Level 1:colcon.colcon_core.package_identification:_identify(config/node_modules/debug/src) by extension 'colcon_meta'
[1.088s] Level 1:colcon.colcon_core.package_identification:_identify(config/node_modules/debug/src) by extensions ['ros']
[1.088s] Level 1:colcon.colcon_core.package_identification:_identify(config/node_modules/debug/src) by extension 'ros'
[1.088s] Level 1:colcon.colcon_core.package_identification:_identify(config/node_modules/debug/src) by extensions ['cmake', 'python']
[1.088s] Level 1:colcon.colcon_core.package_identification:_identify(config/node_modules/debug/src) by extension 'cmake'
[1.088s] Level 1:colcon.colcon_core.package_identification:_identify(config/node_modules/debug/src) by extension 'python'
[1.088s] Level 1:colcon.colcon_core.package_identification:_identify(config/node_modules/debug/src) by extensions ['python_setup_py']
[1.088s] Level 1:colcon.colcon_core.package_identification:_identify(config/node_modules/debug/src) by extension 'python_setup_py'
[1.088s] Level 1:colcon.colcon_core.package_identification:_identify(config/node_modules/depd) by extensions ['ignore', 'ignore_ament_install']
[1.088s] Level 1:colcon.colcon_core.package_identification:_identify(config/node_modules/depd) by extension 'ignore'
[1.088s] Level 1:colcon.colcon_core.package_identification:_identify(config/node_modules/depd) by extension 'ignore_ament_install'
[1.088s] Level 1:colcon.colcon_core.package_identification:_identify(config/node_modules/depd) by extensions ['colcon_pkg']
[1.088s] Level 1:colcon.colcon_core.package_identification:_identify(config/node_modules/depd) by extension 'colcon_pkg'
[1.088s] Level 1:colcon.colcon_core.package_identification:_identify(config/node_modules/depd) by extensions ['colcon_meta']
[1.089s] Level 1:colcon.colcon_core.package_identification:_identify(config/node_modules/depd) by extension 'colcon_meta'
[1.089s] Level 1:colcon.colcon_core.package_identification:_identify(config/node_modules/depd) by extensions ['ros']
[1.089s] Level 1:colcon.colcon_core.package_identification:_identify(config/node_modules/depd) by extension 'ros'
[1.089s] Level 1:colcon.colcon_core.package_identification:_identify(config/node_modules/depd) by extensions ['cmake', 'python']
[1.089s] Level 1:colcon.colcon_core.package_identification:_identify(config/node_modules/depd) by extension 'cmake'
[1.089s] Level 1:colcon.colcon_core.package_identification:_identify(config/node_modules/depd) by extension 'python'
[1.089s] Level 1:colcon.colcon_core.package_identification:_identify(config/node_modules/depd) by extensions ['python_setup_py']
[1.089s] Level 1:colcon.colcon_core.package_identification:_identify(config/node_modules/depd) by extension 'python_setup_py'
[1.089s] Level 1:colcon.colcon_core.package_identification:_identify(config/node_modules/depd/lib) by extensions ['ignore', 'ignore_ament_install']
[1.089s] Level 1:colcon.colcon_core.package_identification:_identify(config/node_modules/depd/lib) by extension 'ignore'
[1.089s] Level 1:colcon.colcon_core.package_identification:_identify(config/node_modules/depd/lib) by extension 'ignore_ament_install'
[1.089s] Level 1:colcon.colcon_core.package_identification:_identify(config/node_modules/depd/lib) by extensions ['colcon_pkg']
[1.089s] Level 1:colcon.colcon_core.package_identification:_identify(config/node_modules/depd/lib) by extension 'colcon_pkg'
[1.089s] Level 1:colcon.colcon_core.package_identification:_identify(config/node_modules/depd/lib) by extensions ['colcon_meta']
[1.089s] Level 1:colcon.colcon_core.package_identification:_identify(config/node_modules/depd/lib) by extension 'colcon_meta'
[1.089s] Level 1:colcon.colcon_core.package_identification:_identify(config/node_modules/depd/lib) by extensions ['ros']
[1.089s] Level 1:colcon.colcon_core.package_identification:_identify(config/node_modules/depd/lib) by extension 'ros'
[1.089s] Level 1:colcon.colcon_core.package_identification:_identify(config/node_modules/depd/lib) by extensions ['cmake', 'python']
[1.090s] Level 1:colcon.colcon_core.package_identification:_identify(config/node_modules/depd/lib) by extension 'cmake'
[1.090s] Level 1:colcon.colcon_core.package_identification:_identify(config/node_modules/depd/lib) by extension 'python'
[1.090s] Level 1:colcon.colcon_core.package_identification:_identify(config/node_modules/depd/lib) by extensions ['python_setup_py']
[1.090s] Level 1:colcon.colcon_core.package_identification:_identify(config/node_modules/depd/lib) by extension 'python_setup_py'
[1.090s] Level 1:colcon.colcon_core.package_identification:_identify(config/node_modules/depd/lib/browser) by extensions ['ignore', 'ignore_ament_install']
[1.090s] Level 1:colcon.colcon_core.package_identification:_identify(config/node_modules/depd/lib/browser) by extension 'ignore'
[1.090s] Level 1:colcon.colcon_core.package_identification:_identify(config/node_modules/depd/lib/browser) by extension 'ignore_ament_install'
[1.090s] Level 1:colcon.colcon_core.package_identification:_identify(config/node_modules/depd/lib/browser) by extensions ['colcon_pkg']
[1.090s] Level 1:colcon.colcon_core.package_identification:_identify(config/node_modules/depd/lib/browser) by extension 'colcon_pkg'
[1.090s] Level 1:colcon.colcon_core.package_identification:_identify(config/node_modules/depd/lib/browser) by extensions ['colcon_meta']
[1.090s] Level 1:colcon.colcon_core.package_identification:_identify(config/node_modules/depd/lib/browser) by extension 'colcon_meta'
[1.090s] Level 1:colcon.colcon_core.package_identification:_identify(config/node_modules/depd/lib/browser) by extensions ['ros']
[1.090s] Level 1:colcon.colcon_core.package_identification:_identify(config/node_modules/depd/lib/browser) by extension 'ros'
[1.090s] Level 1:colcon.colcon_core.package_identification:_identify(config/node_modules/depd/lib/browser) by extensions ['cmake', 'python']
[1.090s] Level 1:colcon.colcon_core.package_identification:_identify(config/node_modules/depd/lib/browser) by extension 'cmake'
[1.090s] Level 1:colcon.colcon_core.package_identification:_identify(config/node_modules/depd/lib/browser) by extension 'python'
[1.090s] Level 1:colcon.colcon_core.package_identification:_identify(config/node_modules/depd/lib/browser) by extensions ['python_setup_py']
[1.090s] Level 1:colcon.colcon_core.package_identification:_identify(config/node_modules/depd/lib/browser) by extension 'python_setup_py'
[1.091s] Level 1:colcon.colcon_core.package_identification:_identify(config/node_modules/destroy) by extensions ['ignore', 'ignore_ament_install']
[1.091s] Level 1:colcon.colcon_core.package_identification:_identify(config/node_modules/destroy) by extension 'ignore'
[1.091s] Level 1:colcon.colcon_core.package_identification:_identify(config/node_modules/destroy) by extension 'ignore_ament_install'
[1.091s] Level 1:colcon.colcon_core.package_identification:_identify(config/node_modules/destroy) by extensions ['colcon_pkg']
[1.091s] Level 1:colcon.colcon_core.package_identification:_identify(config/node_modules/destroy) by extension 'colcon_pkg'
[1.091s] Level 1:colcon.colcon_core.package_identification:_identify(config/node_modules/destroy) by extensions ['colcon_meta']
[1.091s] Level 1:colcon.colcon_core.package_identification:_identify(config/node_modules/destroy) by extension 'colcon_meta'
[1.091s] Level 1:colcon.colcon_core.package_identification:_identify(config/node_modules/destroy) by extensions ['ros']
[1.091s] Level 1:colcon.colcon_core.package_identification:_identify(config/node_modules/destroy) by extension 'ros'
[1.091s] Level 1:colcon.colcon_core.package_identification:_identify(config/node_modules/destroy) by extensions ['cmake', 'python']
[1.091s] Level 1:colcon.colcon_core.package_identification:_identify(config/node_modules/destroy) by extension 'cmake'
[1.091s] Level 1:colcon.colcon_core.package_identification:_identify(config/node_modules/destroy) by extension 'python'
[1.091s] Level 1:colcon.colcon_core.package_identification:_identify(config/node_modules/destroy) by extensions ['python_setup_py']
[1.091s] Level 1:colcon.colcon_core.package_identification:_identify(config/node_modules/destroy) by extension 'python_setup_py'
[1.092s] Level 1:colcon.colcon_core.package_identification:_identify(config/node_modules/ee-first) by extensions ['ignore', 'ignore_ament_install']
[1.092s] Level 1:colcon.colcon_core.package_identification:_identify(config/node_modules/ee-first) by extension 'ignore'
[1.092s] Level 1:colcon.colcon_core.package_identification:_identify(config/node_modules/ee-first) by extension 'ignore_ament_install'
[1.092s] Level 1:colcon.colcon_core.package_identification:_identify(config/node_modules/ee-first) by extensions ['colcon_pkg']
[1.092s] Level 1:colcon.colcon_core.package_identification:_identify(config/node_modules/ee-first) by extension 'colcon_pkg'
[1.092s] Level 1:colcon.colcon_core.package_identification:_identify(config/node_modules/ee-first) by extensions ['colcon_meta']
[1.092s] Level 1:colcon.colcon_core.package_identification:_identify(config/node_modules/ee-first) by extension 'colcon_meta'
[1.092s] Level 1:colcon.colcon_core.package_identification:_identify(config/node_modules/ee-first) by extensions ['ros']
[1.092s] Level 1:colcon.colcon_core.package_identification:_identify(config/node_modules/ee-first) by extension 'ros'
[1.092s] Level 1:colcon.colcon_core.package_identification:_identify(config/node_modules/ee-first) by extensions ['cmake', 'python']
[1.092s] Level 1:colcon.colcon_core.package_identification:_identify(config/node_modules/ee-first) by extension 'cmake'
[1.092s] Level 1:colcon.colcon_core.package_identification:_identify(config/node_modules/ee-first) by extension 'python'
[1.092s] Level 1:colcon.colcon_core.package_identification:_identify(config/node_modules/ee-first) by extensions ['python_setup_py']
[1.092s] Level 1:colcon.colcon_core.package_identification:_identify(config/node_modules/ee-first) by extension 'python_setup_py'
[1.093s] Level 1:colcon.colcon_core.package_identification:_identify(config/node_modules/encodeurl) by extensions ['ignore', 'ignore_ament_install']
[1.093s] Level 1:colcon.colcon_core.package_identification:_identify(config/node_modules/encodeurl) by extension 'ignore'
[1.093s] Level 1:colcon.colcon_core.package_identification:_identify(config/node_modules/encodeurl) by extension 'ignore_ament_install'
[1.093s] Level 1:colcon.colcon_core.package_identification:_identify(config/node_modules/encodeurl) by extensions ['colcon_pkg']
[1.093s] Level 1:colcon.colcon_core.package_identification:_identify(config/node_modules/encodeurl) by extension 'colcon_pkg'
[1.093s] Level 1:colcon.colcon_core.package_identification:_identify(config/node_modules/encodeurl) by extensions ['colcon_meta']
[1.093s] Level 1:colcon.colcon_core.package_identification:_identify(config/node_modules/encodeurl) by extension 'colcon_meta'
[1.093s] Level 1:colcon.colcon_core.package_identification:_identify(config/node_modules/encodeurl) by extensions ['ros']
[1.093s] Level 1:colcon.colcon_core.package_identification:_identify(config/node_modules/encodeurl) by extension 'ros'
[1.093s] Level 1:colcon.colcon_core.package_identification:_identify(config/node_modules/encodeurl) by extensions ['cmake', 'python']
[1.093s] Level 1:colcon.colcon_core.package_identification:_identify(config/node_modules/encodeurl) by extension 'cmake'
[1.093s] Level 1:colcon.colcon_core.package_identification:_identify(config/node_modules/encodeurl) by extension 'python'
[1.093s] Level 1:colcon.colcon_core.package_identification:_identify(config/node_modules/encodeurl) by extensions ['python_setup_py']
[1.093s] Level 1:colcon.colcon_core.package_identification:_identify(config/node_modules/encodeurl) by extension 'python_setup_py'
[1.093s] Level 1:colcon.colcon_core.package_identification:_identify(config/node_modules/engine.io) by extensions ['ignore', 'ignore_ament_install']
[1.093s] Level 1:colcon.colcon_core.package_identification:_identify(config/node_modules/engine.io) by extension 'ignore'
[1.093s] Level 1:colcon.colcon_core.package_identification:_identify(config/node_modules/engine.io) by extension 'ignore_ament_install'
[1.093s] Level 1:colcon.colcon_core.package_identification:_identify(config/node_modules/engine.io) by extensions ['colcon_pkg']
[1.093s] Level 1:colcon.colcon_core.package_identification:_identify(config/node_modules/engine.io) by extension 'colcon_pkg'
[1.093s] Level 1:colcon.colcon_core.package_identification:_identify(config/node_modules/engine.io) by extensions ['colcon_meta']
[1.093s] Level 1:colcon.colcon_core.package_identification:_identify(config/node_modules/engine.io) by extension 'colcon_meta'
[1.093s] Level 1:colcon.colcon_core.package_identification:_identify(config/node_modules/engine.io) by extensions ['ros']
[1.093s] Level 1:colcon.colcon_core.package_identification:_identify(config/node_modules/engine.io) by extension 'ros'
[1.094s] Level 1:colcon.colcon_core.package_identification:_identify(config/node_modules/engine.io) by extensions ['cmake', 'python']
[1.094s] Level 1:colcon.colcon_core.package_identification:_identify(config/node_modules/engine.io) by extension 'cmake'
[1.094s] Level 1:colcon.colcon_core.package_identification:_identify(config/node_modules/engine.io) by extension 'python'
[1.094s] Level 1:colcon.colcon_core.package_identification:_identify(config/node_modules/engine.io) by extensions ['python_setup_py']
[1.094s] Level 1:colcon.colcon_core.package_identification:_identify(config/node_modules/engine.io) by extension 'python_setup_py'
[1.094s] Level 1:colcon.colcon_core.package_identification:_identify(config/node_modules/engine.io/build) by extensions ['ignore', 'ignore_ament_install']
[1.094s] Level 1:colcon.colcon_core.package_identification:_identify(config/node_modules/engine.io/build) by extension 'ignore'
[1.094s] Level 1:colcon.colcon_core.package_identification:_identify(config/node_modules/engine.io/build) by extension 'ignore_ament_install'
[1.094s] Level 1:colcon.colcon_core.package_identification:_identify(config/node_modules/engine.io/build) by extensions ['colcon_pkg']
[1.094s] Level 1:colcon.colcon_core.package_identification:_identify(config/node_modules/engine.io/build) by extension 'colcon_pkg'
[1.094s] Level 1:colcon.colcon_core.package_identification:_identify(config/node_modules/engine.io/build) by extensions ['colcon_meta']
[1.094s] Level 1:colcon.colcon_core.package_identification:_identify(config/node_modules/engine.io/build) by extension 'colcon_meta'
[1.094s] Level 1:colcon.colcon_core.package_identification:_identify(config/node_modules/engine.io/build) by extensions ['ros']
[1.094s] Level 1:colcon.colcon_core.package_identification:_identify(config/node_modules/engine.io/build) by extension 'ros'
[1.094s] Level 1:colcon.colcon_core.package_identification:_identify(config/node_modules/engine.io/build) by extensions ['cmake', 'python']
[1.094s] Level 1:colcon.colcon_core.package_identification:_identify(config/node_modules/engine.io/build) by extension 'cmake'
[1.094s] Level 1:colcon.colcon_core.package_identification:_identify(config/node_modules/engine.io/build) by extension 'python'
[1.094s] Level 1:colcon.colcon_core.package_identification:_identify(config/node_modules/engine.io/build) by extensions ['python_setup_py']
[1.095s] Level 1:colcon.colcon_core.package_identification:_identify(config/node_modules/engine.io/build) by extension 'python_setup_py'
[1.095s] Level 1:colcon.colcon_core.package_identification:_identify(config/node_modules/engine.io/build/contrib) by extensions ['ignore', 'ignore_ament_install']
[1.095s] Level 1:colcon.colcon_core.package_identification:_identify(config/node_modules/engine.io/build/contrib) by extension 'ignore'
[1.095s] Level 1:colcon.colcon_core.package_identification:_identify(config/node_modules/engine.io/build/contrib) by extension 'ignore_ament_install'
[1.095s] Level 1:colcon.colcon_core.package_identification:_identify(config/node_modules/engine.io/build/contrib) by extensions ['colcon_pkg']
[1.095s] Level 1:colcon.colcon_core.package_identification:_identify(config/node_modules/engine.io/build/contrib) by extension 'colcon_pkg'
[1.095s] Level 1:colcon.colcon_core.package_identification:_identify(config/node_modules/engine.io/build/contrib) by extensions ['colcon_meta']
[1.095s] Level 1:colcon.colcon_core.package_identification:_identify(config/node_modules/engine.io/build/contrib) by extension 'colcon_meta'
[1.095s] Level 1:colcon.colcon_core.package_identification:_identify(config/node_modules/engine.io/build/contrib) by extensions ['ros']
[1.095s] Level 1:colcon.colcon_core.package_identification:_identify(config/node_modules/engine.io/build/contrib) by extension 'ros'
[1.095s] Level 1:colcon.colcon_core.package_identification:_identify(config/node_modules/engine.io/build/contrib) by extensions ['cmake', 'python']
[1.095s] Level 1:colcon.colcon_core.package_identification:_identify(config/node_modules/engine.io/build/contrib) by extension 'cmake'
[1.095s] Level 1:colcon.colcon_core.package_identification:_identify(config/node_modules/engine.io/build/contrib) by extension 'python'
[1.096s] Level 1:colcon.colcon_core.package_identification:_identify(config/node_modules/engine.io/build/contrib) by extensions ['python_setup_py']
[1.096s] Level 1:colcon.colcon_core.package_identification:_identify(config/node_modules/engine.io/build/contrib) by extension 'python_setup_py'
[1.096s] Level 1:colcon.colcon_core.package_identification:_identify(config/node_modules/engine.io/build/parser-v3) by extensions ['ignore', 'ignore_ament_install']
[1.096s] Level 1:colcon.colcon_core.package_identification:_identify(config/node_modules/engine.io/build/parser-v3) by extension 'ignore'
[1.096s] Level 1:colcon.colcon_core.package_identification:_identify(config/node_modules/engine.io/build/parser-v3) by extension 'ignore_ament_install'
[1.096s] Level 1:colcon.colcon_core.package_identification:_identify(config/node_modules/engine.io/build/parser-v3) by extensions ['colcon_pkg']
[1.096s] Level 1:colcon.colcon_core.package_identification:_identify(config/node_modules/engine.io/build/parser-v3) by extension 'colcon_pkg'
[1.096s] Level 1:colcon.colcon_core.package_identification:_identify(config/node_modules/engine.io/build/parser-v3) by extensions ['colcon_meta']
[1.096s] Level 1:colcon.colcon_core.package_identification:_identify(config/node_modules/engine.io/build/parser-v3) by extension 'colcon_meta'
[1.096s] Level 1:colcon.colcon_core.package_identification:_identify(config/node_modules/engine.io/build/parser-v3) by extensions ['ros']
[1.096s] Level 1:colcon.colcon_core.package_identification:_identify(config/node_modules/engine.io/build/parser-v3) by extension 'ros'
[1.096s] Level 1:colcon.colcon_core.package_identification:_identify(config/node_modules/engine.io/build/parser-v3) by extensions ['cmake', 'python']
[1.096s] Level 1:colcon.colcon_core.package_identification:_identify(config/node_modules/engine.io/build/parser-v3) by extension 'cmake'
[1.096s] Level 1:colcon.colcon_core.package_identification:_identify(config/node_modules/engine.io/build/parser-v3) by extension 'python'
[1.096s] Level 1:colcon.colcon_core.package_identification:_identify(config/node_modules/engine.io/build/parser-v3) by extensions ['python_setup_py']
[1.096s] Level 1:colcon.colcon_core.package_identification:_identify(config/node_modules/engine.io/build/parser-v3) by extension 'python_setup_py'
[1.097s] Level 1:colcon.colcon_core.package_identification:_identify(config/node_modules/engine.io/build/transports) by extensions ['ignore', 'ignore_ament_install']
[1.097s] Level 1:colcon.colcon_core.package_identification:_identify(config/node_modules/engine.io/build/transports) by extension 'ignore'
[1.097s] Level 1:colcon.colcon_core.package_identification:_identify(config/node_modules/engine.io/build/transports) by extension 'ignore_ament_install'
[1.097s] Level 1:colcon.colcon_core.package_identification:_identify(config/node_modules/engine.io/build/transports) by extensions ['colcon_pkg']
[1.097s] Level 1:colcon.colcon_core.package_identification:_identify(config/node_modules/engine.io/build/transports) by extension 'colcon_pkg'
[1.097s] Level 1:colcon.colcon_core.package_identification:_identify(config/node_modules/engine.io/build/transports) by extensions ['colcon_meta']
[1.097s] Level 1:colcon.colcon_core.package_identification:_identify(config/node_modules/engine.io/build/transports) by extension 'colcon_meta'
[1.097s] Level 1:colcon.colcon_core.package_identification:_identify(config/node_modules/engine.io/build/transports) by extensions ['ros']
[1.097s] Level 1:colcon.colcon_core.package_identification:_identify(config/node_modules/engine.io/build/transports) by extension 'ros'
[1.097s] Level 1:colcon.colcon_core.package_identification:_identify(config/node_modules/engine.io/build/transports) by extensions ['cmake', 'python']
[1.097s] Level 1:colcon.colcon_core.package_identification:_identify(config/node_modules/engine.io/build/transports) by extension 'cmake'
[1.098s] Level 1:colcon.colcon_core.package_identification:_identify(config/node_modules/engine.io/build/transports) by extension 'python'
[1.098s] Level 1:colcon.colcon_core.package_identification:_identify(config/node_modules/engine.io/build/transports) by extensions ['python_setup_py']
[1.098s] Level 1:colcon.colcon_core.package_identification:_identify(config/node_modules/engine.io/build/transports) by extension 'python_setup_py'
[1.098s] Level 1:colcon.colcon_core.package_identification:_identify(config/node_modules/engine.io/build/transports-uws) by extensions ['ignore', 'ignore_ament_install']
[1.098s] Level 1:colcon.colcon_core.package_identification:_identify(config/node_modules/engine.io/build/transports-uws) by extension 'ignore'
[1.098s] Level 1:colcon.colcon_core.package_identification:_identify(config/node_modules/engine.io/build/transports-uws) by extension 'ignore_ament_install'
[1.098s] Level 1:colcon.colcon_core.package_identification:_identify(config/node_modules/engine.io/build/transports-uws) by extensions ['colcon_pkg']
[1.098s] Level 1:colcon.colcon_core.package_identification:_identify(config/node_modules/engine.io/build/transports-uws) by extension 'colcon_pkg'
[1.098s] Level 1:colcon.colcon_core.package_identification:_identify(config/node_modules/engine.io/build/transports-uws) by extensions ['colcon_meta']
[1.098s] Level 1:colcon.colcon_core.package_identification:_identify(config/node_modules/engine.io/build/transports-uws) by extension 'colcon_meta'
[1.098s] Level 1:colcon.colcon_core.package_identification:_identify(config/node_modules/engine.io/build/transports-uws) by extensions ['ros']
[1.099s] Level 1:colcon.colcon_core.package_identification:_identify(config/node_modules/engine.io/build/transports-uws) by extension 'ros'
[1.099s] Level 1:colcon.colcon_core.package_identification:_identify(config/node_modules/engine.io/build/transports-uws) by extensions ['cmake', 'python']
[1.099s] Level 1:colcon.colcon_core.package_identification:_identify(config/node_modules/engine.io/build/transports-uws) by extension 'cmake'
[1.099s] Level 1:colcon.colcon_core.package_identification:_identify(config/node_modules/engine.io/build/transports-uws) by extension 'python'
[1.099s] Level 1:colcon.colcon_core.package_identification:_identify(config/node_modules/engine.io/build/transports-uws) by extensions ['python_setup_py']
[1.099s] Level 1:colcon.colcon_core.package_identification:_identify(config/node_modules/engine.io/build/transports-uws) by extension 'python_setup_py'
[1.099s] Level 1:colcon.colcon_core.package_identification:_identify(config/node_modules/engine.io/node_modules) by extensions ['ignore', 'ignore_ament_install']
[1.099s] Level 1:colcon.colcon_core.package_identification:_identify(config/node_modules/engine.io/node_modules) by extension 'ignore'
[1.099s] Level 1:colcon.colcon_core.package_identification:_identify(config/node_modules/engine.io/node_modules) by extension 'ignore_ament_install'
[1.099s] Level 1:colcon.colcon_core.package_identification:_identify(config/node_modules/engine.io/node_modules) by extensions ['colcon_pkg']
[1.099s] Level 1:colcon.colcon_core.package_identification:_identify(config/node_modules/engine.io/node_modules) by extension 'colcon_pkg'
[1.099s] Level 1:colcon.colcon_core.package_identification:_identify(config/node_modules/engine.io/node_modules) by extensions ['colcon_meta']
[1.099s] Level 1:colcon.colcon_core.package_identification:_identify(config/node_modules/engine.io/node_modules) by extension 'colcon_meta'
[1.100s] Level 1:colcon.colcon_core.package_identification:_identify(config/node_modules/engine.io/node_modules) by extensions ['ros']
[1.100s] Level 1:colcon.colcon_core.package_identification:_identify(config/node_modules/engine.io/node_modules) by extension 'ros'
[1.100s] Level 1:colcon.colcon_core.package_identification:_identify(config/node_modules/engine.io/node_modules) by extensions ['cmake', 'python']
[1.100s] Level 1:colcon.colcon_core.package_identification:_identify(config/node_modules/engine.io/node_modules) by extension 'cmake'
[1.100s] Level 1:colcon.colcon_core.package_identification:_identify(config/node_modules/engine.io/node_modules) by extension 'python'
[1.100s] Level 1:colcon.colcon_core.package_identification:_identify(config/node_modules/engine.io/node_modules) by extensions ['python_setup_py']
[1.100s] Level 1:colcon.colcon_core.package_identification:_identify(config/node_modules/engine.io/node_modules) by extension 'python_setup_py'
[1.100s] Level 1:colcon.colcon_core.package_identification:_identify(config/node_modules/engine.io/node_modules/debug) by extensions ['ignore', 'ignore_ament_install']
[1.100s] Level 1:colcon.colcon_core.package_identification:_identify(config/node_modules/engine.io/node_modules/debug) by extension 'ignore'
[1.100s] Level 1:colcon.colcon_core.package_identification:_identify(config/node_modules/engine.io/node_modules/debug) by extension 'ignore_ament_install'
[1.100s] Level 1:colcon.colcon_core.package_identification:_identify(config/node_modules/engine.io/node_modules/debug) by extensions ['colcon_pkg']
[1.101s] Level 1:colcon.colcon_core.package_identification:_identify(config/node_modules/engine.io/node_modules/debug) by extension 'colcon_pkg'
[1.101s] Level 1:colcon.colcon_core.package_identification:_identify(config/node_modules/engine.io/node_modules/debug) by extensions ['colcon_meta']
[1.101s] Level 1:colcon.colcon_core.package_identification:_identify(config/node_modules/engine.io/node_modules/debug) by extension 'colcon_meta'
[1.101s] Level 1:colcon.colcon_core.package_identification:_identify(config/node_modules/engine.io/node_modules/debug) by extensions ['ros']
[1.101s] Level 1:colcon.colcon_core.package_identification:_identify(config/node_modules/engine.io/node_modules/debug) by extension 'ros'
[1.101s] Level 1:colcon.colcon_core.package_identification:_identify(config/node_modules/engine.io/node_modules/debug) by extensions ['cmake', 'python']
[1.101s] Level 1:colcon.colcon_core.package_identification:_identify(config/node_modules/engine.io/node_modules/debug) by extension 'cmake'
[1.101s] Level 1:colcon.colcon_core.package_identification:_identify(config/node_modules/engine.io/node_modules/debug) by extension 'python'
[1.101s] Level 1:colcon.colcon_core.package_identification:_identify(config/node_modules/engine.io/node_modules/debug) by extensions ['python_setup_py']
[1.101s] Level 1:colcon.colcon_core.package_identification:_identify(config/node_modules/engine.io/node_modules/debug) by extension 'python_setup_py'
[1.102s] Level 1:colcon.colcon_core.package_identification:_identify(config/node_modules/engine.io/node_modules/debug/src) by extensions ['ignore', 'ignore_ament_install']
[1.102s] Level 1:colcon.colcon_core.package_identification:_identify(config/node_modules/engine.io/node_modules/debug/src) by extension 'ignore'
[1.102s] Level 1:colcon.colcon_core.package_identification:_identify(config/node_modules/engine.io/node_modules/debug/src) by extension 'ignore_ament_install'
[1.102s] Level 1:colcon.colcon_core.package_identification:_identify(config/node_modules/engine.io/node_modules/debug/src) by extensions ['colcon_pkg']
[1.102s] Level 1:colcon.colcon_core.package_identification:_identify(config/node_modules/engine.io/node_modules/debug/src) by extension 'colcon_pkg'
[1.102s] Level 1:colcon.colcon_core.package_identification:_identify(config/node_modules/engine.io/node_modules/debug/src) by extensions ['colcon_meta']
[1.102s] Level 1:colcon.colcon_core.package_identification:_identify(config/node_modules/engine.io/node_modules/debug/src) by extension 'colcon_meta'
[1.103s] Level 1:colcon.colcon_core.package_identification:_identify(config/node_modules/engine.io/node_modules/debug/src) by extensions ['ros']
[1.103s] Level 1:colcon.colcon_core.package_identification:_identify(config/node_modules/engine.io/node_modules/debug/src) by extension 'ros'
[1.103s] Level 1:colcon.colcon_core.package_identification:_identify(config/node_modules/engine.io/node_modules/debug/src) by extensions ['cmake', 'python']
[1.103s] Level 1:colcon.colcon_core.package_identification:_identify(config/node_modules/engine.io/node_modules/debug/src) by extension 'cmake'
[1.103s] Level 1:colcon.colcon_core.package_identification:_identify(config/node_modules/engine.io/node_modules/debug/src) by extension 'python'
[1.103s] Level 1:colcon.colcon_core.package_identification:_identify(config/node_modules/engine.io/node_modules/debug/src) by extensions ['python_setup_py']
[1.103s] Level 1:colcon.colcon_core.package_identification:_identify(config/node_modules/engine.io/node_modules/debug/src) by extension 'python_setup_py'
[1.103s] Level 1:colcon.colcon_core.package_identification:_identify(config/node_modules/engine.io/node_modules/ms) by extensions ['ignore', 'ignore_ament_install']
[1.104s] Level 1:colcon.colcon_core.package_identification:_identify(config/node_modules/engine.io/node_modules/ms) by extension 'ignore'
[1.104s] Level 1:colcon.colcon_core.package_identification:_identify(config/node_modules/engine.io/node_modules/ms) by extension 'ignore_ament_install'
[1.104s] Level 1:colcon.colcon_core.package_identification:_identify(config/node_modules/engine.io/node_modules/ms) by extensions ['colcon_pkg']
[1.104s] Level 1:colcon.colcon_core.package_identification:_identify(config/node_modules/engine.io/node_modules/ms) by extension 'colcon_pkg'
[1.104s] Level 1:colcon.colcon_core.package_identification:_identify(config/node_modules/engine.io/node_modules/ms) by extensions ['colcon_meta']
[1.104s] Level 1:colcon.colcon_core.package_identification:_identify(config/node_modules/engine.io/node_modules/ms) by extension 'colcon_meta'
[1.104s] Level 1:colcon.colcon_core.package_identification:_identify(config/node_modules/engine.io/node_modules/ms) by extensions ['ros']
[1.104s] Level 1:colcon.colcon_core.package_identification:_identify(config/node_modules/engine.io/node_modules/ms) by extension 'ros'
[1.105s] Level 1:colcon.colcon_core.package_identification:_identify(config/node_modules/engine.io/node_modules/ms) by extensions ['cmake', 'python']
[1.105s] Level 1:colcon.colcon_core.package_identification:_identify(config/node_modules/engine.io/node_modules/ms) by extension 'cmake'
[1.105s] Level 1:colcon.colcon_core.package_identification:_identify(config/node_modules/engine.io/node_modules/ms) by extension 'python'
[1.105s] Level 1:colcon.colcon_core.package_identification:_identify(config/node_modules/engine.io/node_modules/ms) by extensions ['python_setup_py']
[1.105s] Level 1:colcon.colcon_core.package_identification:_identify(config/node_modules/engine.io/node_modules/ms) by extension 'python_setup_py'
[1.105s] Level 1:colcon.colcon_core.package_identification:_identify(config/node_modules/engine.io-parser) by extensions ['ignore', 'ignore_ament_install']
[1.105s] Level 1:colcon.colcon_core.package_identification:_identify(config/node_modules/engine.io-parser) by extension 'ignore'
[1.105s] Level 1:colcon.colcon_core.package_identification:_identify(config/node_modules/engine.io-parser) by extension 'ignore_ament_install'
[1.106s] Level 1:colcon.colcon_core.package_identification:_identify(config/node_modules/engine.io-parser) by extensions ['colcon_pkg']
[1.106s] Level 1:colcon.colcon_core.package_identification:_identify(config/node_modules/engine.io-parser) by extension 'colcon_pkg'
[1.106s] Level 1:colcon.colcon_core.package_identification:_identify(config/node_modules/engine.io-parser) by extensions ['colcon_meta']
[1.106s] Level 1:colcon.colcon_core.package_identification:_identify(config/node_modules/engine.io-parser) by extension 'colcon_meta'
[1.106s] Level 1:colcon.colcon_core.package_identification:_identify(config/node_modules/engine.io-parser) by extensions ['ros']
[1.106s] Level 1:colcon.colcon_core.package_identification:_identify(config/node_modules/engine.io-parser) by extension 'ros'
[1.106s] Level 1:colcon.colcon_core.package_identification:_identify(config/node_modules/engine.io-parser) by extensions ['cmake', 'python']
[1.106s] Level 1:colcon.colcon_core.package_identification:_identify(config/node_modules/engine.io-parser) by extension 'cmake'
[1.106s] Level 1:colcon.colcon_core.package_identification:_identify(config/node_modules/engine.io-parser) by extension 'python'
[1.106s] Level 1:colcon.colcon_core.package_identification:_identify(config/node_modules/engine.io-parser) by extensions ['python_setup_py']
[1.106s] Level 1:colcon.colcon_core.package_identification:_identify(config/node_modules/engine.io-parser) by extension 'python_setup_py'
[1.107s] Level 1:colcon.colcon_core.package_identification:_identify(config/node_modules/engine.io-parser/build) by extensions ['ignore', 'ignore_ament_install']
[1.107s] Level 1:colcon.colcon_core.package_identification:_identify(config/node_modules/engine.io-parser/build) by extension 'ignore'
[1.107s] Level 1:colcon.colcon_core.package_identification:_identify(config/node_modules/engine.io-parser/build) by extension 'ignore_ament_install'
[1.107s] Level 1:colcon.colcon_core.package_identification:_identify(config/node_modules/engine.io-parser/build) by extensions ['colcon_pkg']
[1.107s] Level 1:colcon.colcon_core.package_identification:_identify(config/node_modules/engine.io-parser/build) by extension 'colcon_pkg'
[1.107s] Level 1:colcon.colcon_core.package_identification:_identify(config/node_modules/engine.io-parser/build) by extensions ['colcon_meta']
[1.107s] Level 1:colcon.colcon_core.package_identification:_identify(config/node_modules/engine.io-parser/build) by extension 'colcon_meta'
[1.107s] Level 1:colcon.colcon_core.package_identification:_identify(config/node_modules/engine.io-parser/build) by extensions ['ros']
[1.107s] Level 1:colcon.colcon_core.package_identification:_identify(config/node_modules/engine.io-parser/build) by extension 'ros'
[1.107s] Level 1:colcon.colcon_core.package_identification:_identify(config/node_modules/engine.io-parser/build) by extensions ['cmake', 'python']
[1.107s] Level 1:colcon.colcon_core.package_identification:_identify(config/node_modules/engine.io-parser/build) by extension 'cmake'
[1.107s] Level 1:colcon.colcon_core.package_identification:_identify(config/node_modules/engine.io-parser/build) by extension 'python'
[1.107s] Level 1:colcon.colcon_core.package_identification:_identify(config/node_modules/engine.io-parser/build) by extensions ['python_setup_py']
[1.107s] Level 1:colcon.colcon_core.package_identification:_identify(config/node_modules/engine.io-parser/build) by extension 'python_setup_py'
[1.107s] Level 1:colcon.colcon_core.package_identification:_identify(config/node_modules/engine.io-parser/build/cjs) by extensions ['ignore', 'ignore_ament_install']
[1.108s] Level 1:colcon.colcon_core.package_identification:_identify(config/node_modules/engine.io-parser/build/cjs) by extension 'ignore'
[1.108s] Level 1:colcon.colcon_core.package_identification:_identify(config/node_modules/engine.io-parser/build/cjs) by extension 'ignore_ament_install'
[1.108s] Level 1:colcon.colcon_core.package_identification:_identify(config/node_modules/engine.io-parser/build/cjs) by extensions ['colcon_pkg']
[1.108s] Level 1:colcon.colcon_core.package_identification:_identify(config/node_modules/engine.io-parser/build/cjs) by extension 'colcon_pkg'
[1.108s] Level 1:colcon.colcon_core.package_identification:_identify(config/node_modules/engine.io-parser/build/cjs) by extensions ['colcon_meta']
[1.108s] Level 1:colcon.colcon_core.package_identification:_identify(config/node_modules/engine.io-parser/build/cjs) by extension 'colcon_meta'
[1.108s] Level 1:colcon.colcon_core.package_identification:_identify(config/node_modules/engine.io-parser/build/cjs) by extensions ['ros']
[1.108s] Level 1:colcon.colcon_core.package_identification:_identify(config/node_modules/engine.io-parser/build/cjs) by extension 'ros'
[1.108s] Level 1:colcon.colcon_core.package_identification:_identify(config/node_modules/engine.io-parser/build/cjs) by extensions ['cmake', 'python']
[1.108s] Level 1:colcon.colcon_core.package_identification:_identify(config/node_modules/engine.io-parser/build/cjs) by extension 'cmake'
[1.109s] Level 1:colcon.colcon_core.package_identification:_identify(config/node_modules/engine.io-parser/build/cjs) by extension 'python'
[1.109s] Level 1:colcon.colcon_core.package_identification:_identify(config/node_modules/engine.io-parser/build/cjs) by extensions ['python_setup_py']
[1.109s] Level 1:colcon.colcon_core.package_identification:_identify(config/node_modules/engine.io-parser/build/cjs) by extension 'python_setup_py'
[1.109s] Level 1:colcon.colcon_core.package_identification:_identify(config/node_modules/engine.io-parser/build/cjs/contrib) by extensions ['ignore', 'ignore_ament_install']
[1.109s] Level 1:colcon.colcon_core.package_identification:_identify(config/node_modules/engine.io-parser/build/cjs/contrib) by extension 'ignore'
[1.109s] Level 1:colcon.colcon_core.package_identification:_identify(config/node_modules/engine.io-parser/build/cjs/contrib) by extension 'ignore_ament_install'
[1.109s] Level 1:colcon.colcon_core.package_identification:_identify(config/node_modules/engine.io-parser/build/cjs/contrib) by extensions ['colcon_pkg']
[1.109s] Level 1:colcon.colcon_core.package_identification:_identify(config/node_modules/engine.io-parser/build/cjs/contrib) by extension 'colcon_pkg'
[1.110s] Level 1:colcon.colcon_core.package_identification:_identify(config/node_modules/engine.io-parser/build/cjs/contrib) by extensions ['colcon_meta']
[1.110s] Level 1:colcon.colcon_core.package_identification:_identify(config/node_modules/engine.io-parser/build/cjs/contrib) by extension 'colcon_meta'
[1.110s] Level 1:colcon.colcon_core.package_identification:_identify(config/node_modules/engine.io-parser/build/cjs/contrib) by extensions ['ros']
[1.110s] Level 1:colcon.colcon_core.package_identification:_identify(config/node_modules/engine.io-parser/build/cjs/contrib) by extension 'ros'
[1.110s] Level 1:colcon.colcon_core.package_identification:_identify(config/node_modules/engine.io-parser/build/cjs/contrib) by extensions ['cmake', 'python']
[1.110s] Level 1:colcon.colcon_core.package_identification:_identify(config/node_modules/engine.io-parser/build/cjs/contrib) by extension 'cmake'
[1.110s] Level 1:colcon.colcon_core.package_identification:_identify(config/node_modules/engine.io-parser/build/cjs/contrib) by extension 'python'
[1.110s] Level 1:colcon.colcon_core.package_identification:_identify(config/node_modules/engine.io-parser/build/cjs/contrib) by extensions ['python_setup_py']
[1.110s] Level 1:colcon.colcon_core.package_identification:_identify(config/node_modules/engine.io-parser/build/cjs/contrib) by extension 'python_setup_py'
[1.111s] Level 1:colcon.colcon_core.package_identification:_identify(config/node_modules/engine.io-parser/build/esm) by extensions ['ignore', 'ignore_ament_install']
[1.111s] Level 1:colcon.colcon_core.package_identification:_identify(config/node_modules/engine.io-parser/build/esm) by extension 'ignore'
[1.111s] Level 1:colcon.colcon_core.package_identification:_identify(config/node_modules/engine.io-parser/build/esm) by extension 'ignore_ament_install'
[1.111s] Level 1:colcon.colcon_core.package_identification:_identify(config/node_modules/engine.io-parser/build/esm) by extensions ['colcon_pkg']
[1.111s] Level 1:colcon.colcon_core.package_identification:_identify(config/node_modules/engine.io-parser/build/esm) by extension 'colcon_pkg'
[1.111s] Level 1:colcon.colcon_core.package_identification:_identify(config/node_modules/engine.io-parser/build/esm) by extensions ['colcon_meta']
[1.111s] Level 1:colcon.colcon_core.package_identification:_identify(config/node_modules/engine.io-parser/build/esm) by extension 'colcon_meta'
[1.111s] Level 1:colcon.colcon_core.package_identification:_identify(config/node_modules/engine.io-parser/build/esm) by extensions ['ros']
[1.111s] Level 1:colcon.colcon_core.package_identification:_identify(config/node_modules/engine.io-parser/build/esm) by extension 'ros'
[1.112s] Level 1:colcon.colcon_core.package_identification:_identify(config/node_modules/engine.io-parser/build/esm) by extensions ['cmake', 'python']
[1.112s] Level 1:colcon.colcon_core.package_identification:_identify(config/node_modules/engine.io-parser/build/esm) by extension 'cmake'
[1.112s] Level 1:colcon.colcon_core.package_identification:_identify(config/node_modules/engine.io-parser/build/esm) by extension 'python'
[1.112s] Level 1:colcon.colcon_core.package_identification:_identify(config/node_modules/engine.io-parser/build/esm) by extensions ['python_setup_py']
[1.112s] Level 1:colcon.colcon_core.package_identification:_identify(config/node_modules/engine.io-parser/build/esm) by extension 'python_setup_py'
[1.112s] Level 1:colcon.colcon_core.package_identification:_identify(config/node_modules/engine.io-parser/build/esm/contrib) by extensions ['ignore', 'ignore_ament_install']
[1.112s] Level 1:colcon.colcon_core.package_identification:_identify(config/node_modules/engine.io-parser/build/esm/contrib) by extension 'ignore'
[1.112s] Level 1:colcon.colcon_core.package_identification:_identify(config/node_modules/engine.io-parser/build/esm/contrib) by extension 'ignore_ament_install'
[1.113s] Level 1:colcon.colcon_core.package_identification:_identify(config/node_modules/engine.io-parser/build/esm/contrib) by extensions ['colcon_pkg']
[1.113s] Level 1:colcon.colcon_core.package_identification:_identify(config/node_modules/engine.io-parser/build/esm/contrib) by extension 'colcon_pkg'
[1.113s] Level 1:colcon.colcon_core.package_identification:_identify(config/node_modules/engine.io-parser/build/esm/contrib) by extensions ['colcon_meta']
[1.113s] Level 1:colcon.colcon_core.package_identification:_identify(config/node_modules/engine.io-parser/build/esm/contrib) by extension 'colcon_meta'
[1.113s] Level 1:colcon.colcon_core.package_identification:_identify(config/node_modules/engine.io-parser/build/esm/contrib) by extensions ['ros']
[1.113s] Level 1:colcon.colcon_core.package_identification:_identify(config/node_modules/engine.io-parser/build/esm/contrib) by extension 'ros'
[1.113s] Level 1:colcon.colcon_core.package_identification:_identify(config/node_modules/engine.io-parser/build/esm/contrib) by extensions ['cmake', 'python']
[1.113s] Level 1:colcon.colcon_core.package_identification:_identify(config/node_modules/engine.io-parser/build/esm/contrib) by extension 'cmake'
[1.113s] Level 1:colcon.colcon_core.package_identification:_identify(config/node_modules/engine.io-parser/build/esm/contrib) by extension 'python'
[1.114s] Level 1:colcon.colcon_core.package_identification:_identify(config/node_modules/engine.io-parser/build/esm/contrib) by extensions ['python_setup_py']
[1.114s] Level 1:colcon.colcon_core.package_identification:_identify(config/node_modules/engine.io-parser/build/esm/contrib) by extension 'python_setup_py'
[1.114s] Level 1:colcon.colcon_core.package_identification:_identify(config/node_modules/escape-html) by extensions ['ignore', 'ignore_ament_install']
[1.114s] Level 1:colcon.colcon_core.package_identification:_identify(config/node_modules/escape-html) by extension 'ignore'
[1.114s] Level 1:colcon.colcon_core.package_identification:_identify(config/node_modules/escape-html) by extension 'ignore_ament_install'
[1.114s] Level 1:colcon.colcon_core.package_identification:_identify(config/node_modules/escape-html) by extensions ['colcon_pkg']
[1.114s] Level 1:colcon.colcon_core.package_identification:_identify(config/node_modules/escape-html) by extension 'colcon_pkg'
[1.114s] Level 1:colcon.colcon_core.package_identification:_identify(config/node_modules/escape-html) by extensions ['colcon_meta']
[1.115s] Level 1:colcon.colcon_core.package_identification:_identify(config/node_modules/escape-html) by extension 'colcon_meta'
[1.115s] Level 1:colcon.colcon_core.package_identification:_identify(config/node_modules/escape-html) by extensions ['ros']
[1.115s] Level 1:colcon.colcon_core.package_identification:_identify(config/node_modules/escape-html) by extension 'ros'
[1.115s] Level 1:colcon.colcon_core.package_identification:_identify(config/node_modules/escape-html) by extensions ['cmake', 'python']
[1.115s] Level 1:colcon.colcon_core.package_identification:_identify(config/node_modules/escape-html) by extension 'cmake'
[1.115s] Level 1:colcon.colcon_core.package_identification:_identify(config/node_modules/escape-html) by extension 'python'
[1.115s] Level 1:colcon.colcon_core.package_identification:_identify(config/node_modules/escape-html) by extensions ['python_setup_py']
[1.115s] Level 1:colcon.colcon_core.package_identification:_identify(config/node_modules/escape-html) by extension 'python_setup_py'
[1.115s] Level 1:colcon.colcon_core.package_identification:_identify(config/node_modules/etag) by extensions ['ignore', 'ignore_ament_install']
[1.115s] Level 1:colcon.colcon_core.package_identification:_identify(config/node_modules/etag) by extension 'ignore'
[1.116s] Level 1:colcon.colcon_core.package_identification:_identify(config/node_modules/etag) by extension 'ignore_ament_install'
[1.116s] Level 1:colcon.colcon_core.package_identification:_identify(config/node_modules/etag) by extensions ['colcon_pkg']
[1.116s] Level 1:colcon.colcon_core.package_identification:_identify(config/node_modules/etag) by extension 'colcon_pkg'
[1.116s] Level 1:colcon.colcon_core.package_identification:_identify(config/node_modules/etag) by extensions ['colcon_meta']
[1.116s] Level 1:colcon.colcon_core.package_identification:_identify(config/node_modules/etag) by extension 'colcon_meta'
[1.116s] Level 1:colcon.colcon_core.package_identification:_identify(config/node_modules/etag) by extensions ['ros']
[1.116s] Level 1:colcon.colcon_core.package_identification:_identify(config/node_modules/etag) by extension 'ros'
[1.116s] Level 1:colcon.colcon_core.package_identification:_identify(config/node_modules/etag) by extensions ['cmake', 'python']
[1.116s] Level 1:colcon.colcon_core.package_identification:_identify(config/node_modules/etag) by extension 'cmake'
[1.116s] Level 1:colcon.colcon_core.package_identification:_identify(config/node_modules/etag) by extension 'python'
[1.116s] Level 1:colcon.colcon_core.package_identification:_identify(config/node_modules/etag) by extensions ['python_setup_py']
[1.116s] Level 1:colcon.colcon_core.package_identification:_identify(config/node_modules/etag) by extension 'python_setup_py'
[1.116s] Level 1:colcon.colcon_core.package_identification:_identify(config/node_modules/fresh) by extensions ['ignore', 'ignore_ament_install']
[1.117s] Level 1:colcon.colcon_core.package_identification:_identify(config/node_modules/fresh) by extension 'ignore'
[1.117s] Level 1:colcon.colcon_core.package_identification:_identify(config/node_modules/fresh) by extension 'ignore_ament_install'
[1.117s] Level 1:colcon.colcon_core.package_identification:_identify(config/node_modules/fresh) by extensions ['colcon_pkg']
[1.117s] Level 1:colcon.colcon_core.package_identification:_identify(config/node_modules/fresh) by extension 'colcon_pkg'
[1.117s] Level 1:colcon.colcon_core.package_identification:_identify(config/node_modules/fresh) by extensions ['colcon_meta']
[1.117s] Level 1:colcon.colcon_core.package_identification:_identify(config/node_modules/fresh) by extension 'colcon_meta'
[1.117s] Level 1:colcon.colcon_core.package_identification:_identify(config/node_modules/fresh) by extensions ['ros']
[1.117s] Level 1:colcon.colcon_core.package_identification:_identify(config/node_modules/fresh) by extension 'ros'
[1.117s] Level 1:colcon.colcon_core.package_identification:_identify(config/node_modules/fresh) by extensions ['cmake', 'python']
[1.117s] Level 1:colcon.colcon_core.package_identification:_identify(config/node_modules/fresh) by extension 'cmake'
[1.117s] Level 1:colcon.colcon_core.package_identification:_identify(config/node_modules/fresh) by extension 'python'
[1.117s] Level 1:colcon.colcon_core.package_identification:_identify(config/node_modules/fresh) by extensions ['python_setup_py']
[1.117s] Level 1:colcon.colcon_core.package_identification:_identify(config/node_modules/fresh) by extension 'python_setup_py'
[1.118s] Level 1:colcon.colcon_core.package_identification:_identify(config/node_modules/gridstack) by extensions ['ignore', 'ignore_ament_install']
[1.118s] Level 1:colcon.colcon_core.package_identification:_identify(config/node_modules/gridstack) by extension 'ignore'
[1.118s] Level 1:colcon.colcon_core.package_identification:_identify(config/node_modules/gridstack) by extension 'ignore_ament_install'
[1.118s] Level 1:colcon.colcon_core.package_identification:_identify(config/node_modules/gridstack) by extensions ['colcon_pkg']
[1.118s] Level 1:colcon.colcon_core.package_identification:_identify(config/node_modules/gridstack) by extension 'colcon_pkg'
[1.118s] Level 1:colcon.colcon_core.package_identification:_identify(config/node_modules/gridstack) by extensions ['colcon_meta']
[1.118s] Level 1:colcon.colcon_core.package_identification:_identify(config/node_modules/gridstack) by extension 'colcon_meta'
[1.118s] Level 1:colcon.colcon_core.package_identification:_identify(config/node_modules/gridstack) by extensions ['ros']
[1.118s] Level 1:colcon.colcon_core.package_identification:_identify(config/node_modules/gridstack) by extension 'ros'
[1.118s] Level 1:colcon.colcon_core.package_identification:_identify(config/node_modules/gridstack) by extensions ['cmake', 'python']
[1.118s] Level 1:colcon.colcon_core.package_identification:_identify(config/node_modules/gridstack) by extension 'cmake'
[1.118s] Level 1:colcon.colcon_core.package_identification:_identify(config/node_modules/gridstack) by extension 'python'
[1.118s] Level 1:colcon.colcon_core.package_identification:_identify(config/node_modules/gridstack) by extensions ['python_setup_py']
[1.118s] Level 1:colcon.colcon_core.package_identification:_identify(config/node_modules/gridstack) by extension 'python_setup_py'
[1.119s] Level 1:colcon.colcon_core.package_identification:_identify(config/node_modules/gridstack/dist) by extensions ['ignore', 'ignore_ament_install']
[1.119s] Level 1:colcon.colcon_core.package_identification:_identify(config/node_modules/gridstack/dist) by extension 'ignore'
[1.119s] Level 1:colcon.colcon_core.package_identification:_identify(config/node_modules/gridstack/dist) by extension 'ignore_ament_install'
[1.119s] Level 1:colcon.colcon_core.package_identification:_identify(config/node_modules/gridstack/dist) by extensions ['colcon_pkg']
[1.119s] Level 1:colcon.colcon_core.package_identification:_identify(config/node_modules/gridstack/dist) by extension 'colcon_pkg'
[1.119s] Level 1:colcon.colcon_core.package_identification:_identify(config/node_modules/gridstack/dist) by extensions ['colcon_meta']
[1.119s] Level 1:colcon.colcon_core.package_identification:_identify(config/node_modules/gridstack/dist) by extension 'colcon_meta'
[1.119s] Level 1:colcon.colcon_core.package_identification:_identify(config/node_modules/gridstack/dist) by extensions ['ros']
[1.119s] Level 1:colcon.colcon_core.package_identification:_identify(config/node_modules/gridstack/dist) by extension 'ros'
[1.119s] Level 1:colcon.colcon_core.package_identification:_identify(config/node_modules/gridstack/dist) by extensions ['cmake', 'python']
[1.119s] Level 1:colcon.colcon_core.package_identification:_identify(config/node_modules/gridstack/dist) by extension 'cmake'
[1.119s] Level 1:colcon.colcon_core.package_identification:_identify(config/node_modules/gridstack/dist) by extension 'python'
[1.120s] Level 1:colcon.colcon_core.package_identification:_identify(config/node_modules/gridstack/dist) by extensions ['python_setup_py']
[1.120s] Level 1:colcon.colcon_core.package_identification:_identify(config/node_modules/gridstack/dist) by extension 'python_setup_py'
[1.120s] Level 1:colcon.colcon_core.package_identification:_identify(config/node_modules/gridstack/doc) by extensions ['ignore', 'ignore_ament_install']
[1.120s] Level 1:colcon.colcon_core.package_identification:_identify(config/node_modules/gridstack/doc) by extension 'ignore'
[1.120s] Level 1:colcon.colcon_core.package_identification:_identify(config/node_modules/gridstack/doc) by extension 'ignore_ament_install'
[1.120s] Level 1:colcon.colcon_core.package_identification:_identify(config/node_modules/gridstack/doc) by extensions ['colcon_pkg']
[1.120s] Level 1:colcon.colcon_core.package_identification:_identify(config/node_modules/gridstack/doc) by extension 'colcon_pkg'
[1.120s] Level 1:colcon.colcon_core.package_identification:_identify(config/node_modules/gridstack/doc) by extensions ['colcon_meta']
[1.120s] Level 1:colcon.colcon_core.package_identification:_identify(config/node_modules/gridstack/doc) by extension 'colcon_meta'
[1.120s] Level 1:colcon.colcon_core.package_identification:_identify(config/node_modules/gridstack/doc) by extensions ['ros']
[1.120s] Level 1:colcon.colcon_core.package_identification:_identify(config/node_modules/gridstack/doc) by extension 'ros'
[1.120s] Level 1:colcon.colcon_core.package_identification:_identify(config/node_modules/gridstack/doc) by extensions ['cmake', 'python']
[1.120s] Level 1:colcon.colcon_core.package_identification:_identify(config/node_modules/gridstack/doc) by extension 'cmake'
[1.120s] Level 1:colcon.colcon_core.package_identification:_identify(config/node_modules/gridstack/doc) by extension 'python'
[1.120s] Level 1:colcon.colcon_core.package_identification:_identify(config/node_modules/gridstack/doc) by extensions ['python_setup_py']
[1.120s] Level 1:colcon.colcon_core.package_identification:_identify(config/node_modules/gridstack/doc) by extension 'python_setup_py'
[1.120s] Level 1:colcon.colcon_core.package_identification:_identify(config/node_modules/http-errors) by extensions ['ignore', 'ignore_ament_install']
[1.121s] Level 1:colcon.colcon_core.package_identification:_identify(config/node_modules/http-errors) by extension 'ignore'
[1.121s] Level 1:colcon.colcon_core.package_identification:_identify(config/node_modules/http-errors) by extension 'ignore_ament_install'
[1.121s] Level 1:colcon.colcon_core.package_identification:_identify(config/node_modules/http-errors) by extensions ['colcon_pkg']
[1.121s] Level 1:colcon.colcon_core.package_identification:_identify(config/node_modules/http-errors) by extension 'colcon_pkg'
[1.121s] Level 1:colcon.colcon_core.package_identification:_identify(config/node_modules/http-errors) by extensions ['colcon_meta']
[1.121s] Level 1:colcon.colcon_core.package_identification:_identify(config/node_modules/http-errors) by extension 'colcon_meta'
[1.121s] Level 1:colcon.colcon_core.package_identification:_identify(config/node_modules/http-errors) by extensions ['ros']
[1.121s] Level 1:colcon.colcon_core.package_identification:_identify(config/node_modules/http-errors) by extension 'ros'
[1.121s] Level 1:colcon.colcon_core.package_identification:_identify(config/node_modules/http-errors) by extensions ['cmake', 'python']
[1.121s] Level 1:colcon.colcon_core.package_identification:_identify(config/node_modules/http-errors) by extension 'cmake'
[1.121s] Level 1:colcon.colcon_core.package_identification:_identify(config/node_modules/http-errors) by extension 'python'
[1.121s] Level 1:colcon.colcon_core.package_identification:_identify(config/node_modules/http-errors) by extensions ['python_setup_py']
[1.121s] Level 1:colcon.colcon_core.package_identification:_identify(config/node_modules/http-errors) by extension 'python_setup_py'
[1.121s] Level 1:colcon.colcon_core.package_identification:_identify(config/node_modules/inherits) by extensions ['ignore', 'ignore_ament_install']
[1.121s] Level 1:colcon.colcon_core.package_identification:_identify(config/node_modules/inherits) by extension 'ignore'
[1.121s] Level 1:colcon.colcon_core.package_identification:_identify(config/node_modules/inherits) by extension 'ignore_ament_install'
[1.121s] Level 1:colcon.colcon_core.package_identification:_identify(config/node_modules/inherits) by extensions ['colcon_pkg']
[1.121s] Level 1:colcon.colcon_core.package_identification:_identify(config/node_modules/inherits) by extension 'colcon_pkg'
[1.121s] Level 1:colcon.colcon_core.package_identification:_identify(config/node_modules/inherits) by extensions ['colcon_meta']
[1.121s] Level 1:colcon.colcon_core.package_identification:_identify(config/node_modules/inherits) by extension 'colcon_meta'
[1.121s] Level 1:colcon.colcon_core.package_identification:_identify(config/node_modules/inherits) by extensions ['ros']
[1.121s] Level 1:colcon.colcon_core.package_identification:_identify(config/node_modules/inherits) by extension 'ros'
[1.121s] Level 1:colcon.colcon_core.package_identification:_identify(config/node_modules/inherits) by extensions ['cmake', 'python']
[1.121s] Level 1:colcon.colcon_core.package_identification:_identify(config/node_modules/inherits) by extension 'cmake'
[1.121s] Level 1:colcon.colcon_core.package_identification:_identify(config/node_modules/inherits) by extension 'python'
[1.121s] Level 1:colcon.colcon_core.package_identification:_identify(config/node_modules/inherits) by extensions ['python_setup_py']
[1.121s] Level 1:colcon.colcon_core.package_identification:_identify(config/node_modules/inherits) by extension 'python_setup_py'
[1.121s] Level 1:colcon.colcon_core.package_identification:_identify(config/node_modules/jquery) by extensions ['ignore', 'ignore_ament_install']
[1.121s] Level 1:colcon.colcon_core.package_identification:_identify(config/node_modules/jquery) by extension 'ignore'
[1.121s] Level 1:colcon.colcon_core.package_identification:_identify(config/node_modules/jquery) by extension 'ignore_ament_install'
[1.122s] Level 1:colcon.colcon_core.package_identification:_identify(config/node_modules/jquery) by extensions ['colcon_pkg']
[1.122s] Level 1:colcon.colcon_core.package_identification:_identify(config/node_modules/jquery) by extension 'colcon_pkg'
[1.122s] Level 1:colcon.colcon_core.package_identification:_identify(config/node_modules/jquery) by extensions ['colcon_meta']
[1.122s] Level 1:colcon.colcon_core.package_identification:_identify(config/node_modules/jquery) by extension 'colcon_meta'
[1.122s] Level 1:colcon.colcon_core.package_identification:_identify(config/node_modules/jquery) by extensions ['ros']
[1.122s] Level 1:colcon.colcon_core.package_identification:_identify(config/node_modules/jquery) by extension 'ros'
[1.122s] Level 1:colcon.colcon_core.package_identification:_identify(config/node_modules/jquery) by extensions ['cmake', 'python']
[1.122s] Level 1:colcon.colcon_core.package_identification:_identify(config/node_modules/jquery) by extension 'cmake'
[1.122s] Level 1:colcon.colcon_core.package_identification:_identify(config/node_modules/jquery) by extension 'python'
[1.122s] Level 1:colcon.colcon_core.package_identification:_identify(config/node_modules/jquery) by extensions ['python_setup_py']
[1.122s] Level 1:colcon.colcon_core.package_identification:_identify(config/node_modules/jquery) by extension 'python_setup_py'
[1.122s] Level 1:colcon.colcon_core.package_identification:_identify(config/node_modules/jquery/dist) by extensions ['ignore', 'ignore_ament_install']
[1.122s] Level 1:colcon.colcon_core.package_identification:_identify(config/node_modules/jquery/dist) by extension 'ignore'
[1.122s] Level 1:colcon.colcon_core.package_identification:_identify(config/node_modules/jquery/dist) by extension 'ignore_ament_install'
[1.122s] Level 1:colcon.colcon_core.package_identification:_identify(config/node_modules/jquery/dist) by extensions ['colcon_pkg']
[1.122s] Level 1:colcon.colcon_core.package_identification:_identify(config/node_modules/jquery/dist) by extension 'colcon_pkg'
[1.122s] Level 1:colcon.colcon_core.package_identification:_identify(config/node_modules/jquery/dist) by extensions ['colcon_meta']
[1.122s] Level 1:colcon.colcon_core.package_identification:_identify(config/node_modules/jquery/dist) by extension 'colcon_meta'
[1.122s] Level 1:colcon.colcon_core.package_identification:_identify(config/node_modules/jquery/dist) by extensions ['ros']
[1.122s] Level 1:colcon.colcon_core.package_identification:_identify(config/node_modules/jquery/dist) by extension 'ros'
[1.122s] Level 1:colcon.colcon_core.package_identification:_identify(config/node_modules/jquery/dist) by extensions ['cmake', 'python']
[1.122s] Level 1:colcon.colcon_core.package_identification:_identify(config/node_modules/jquery/dist) by extension 'cmake'
[1.122s] Level 1:colcon.colcon_core.package_identification:_identify(config/node_modules/jquery/dist) by extension 'python'
[1.122s] Level 1:colcon.colcon_core.package_identification:_identify(config/node_modules/jquery/dist) by extensions ['python_setup_py']
[1.122s] Level 1:colcon.colcon_core.package_identification:_identify(config/node_modules/jquery/dist) by extension 'python_setup_py'
[1.122s] Level 1:colcon.colcon_core.package_identification:_identify(config/node_modules/jquery/src) by extensions ['ignore', 'ignore_ament_install']
[1.122s] Level 1:colcon.colcon_core.package_identification:_identify(config/node_modules/jquery/src) by extension 'ignore'
[1.122s] Level 1:colcon.colcon_core.package_identification:_identify(config/node_modules/jquery/src) by extension 'ignore_ament_install'
[1.122s] Level 1:colcon.colcon_core.package_identification:_identify(config/node_modules/jquery/src) by extensions ['colcon_pkg']
[1.122s] Level 1:colcon.colcon_core.package_identification:_identify(config/node_modules/jquery/src) by extension 'colcon_pkg'
[1.122s] Level 1:colcon.colcon_core.package_identification:_identify(config/node_modules/jquery/src) by extensions ['colcon_meta']
[1.122s] Level 1:colcon.colcon_core.package_identification:_identify(config/node_modules/jquery/src) by extension 'colcon_meta'
[1.123s] Level 1:colcon.colcon_core.package_identification:_identify(config/node_modules/jquery/src) by extensions ['ros']
[1.123s] Level 1:colcon.colcon_core.package_identification:_identify(config/node_modules/jquery/src) by extension 'ros'
[1.123s] Level 1:colcon.colcon_core.package_identification:_identify(config/node_modules/jquery/src) by extensions ['cmake', 'python']
[1.123s] Level 1:colcon.colcon_core.package_identification:_identify(config/node_modules/jquery/src) by extension 'cmake'
[1.123s] Level 1:colcon.colcon_core.package_identification:_identify(config/node_modules/jquery/src) by extension 'python'
[1.123s] Level 1:colcon.colcon_core.package_identification:_identify(config/node_modules/jquery/src) by extensions ['python_setup_py']
[1.123s] Level 1:colcon.colcon_core.package_identification:_identify(config/node_modules/jquery/src) by extension 'python_setup_py'
[1.123s] Level 1:colcon.colcon_core.package_identification:_identify(config/node_modules/jquery/src/ajax) by extensions ['ignore', 'ignore_ament_install']
[1.123s] Level 1:colcon.colcon_core.package_identification:_identify(config/node_modules/jquery/src/ajax) by extension 'ignore'
[1.123s] Level 1:colcon.colcon_core.package_identification:_identify(config/node_modules/jquery/src/ajax) by extension 'ignore_ament_install'
[1.123s] Level 1:colcon.colcon_core.package_identification:_identify(config/node_modules/jquery/src/ajax) by extensions ['colcon_pkg']
[1.123s] Level 1:colcon.colcon_core.package_identification:_identify(config/node_modules/jquery/src/ajax) by extension 'colcon_pkg'
[1.123s] Level 1:colcon.colcon_core.package_identification:_identify(config/node_modules/jquery/src/ajax) by extensions ['colcon_meta']
[1.123s] Level 1:colcon.colcon_core.package_identification:_identify(config/node_modules/jquery/src/ajax) by extension 'colcon_meta'
[1.123s] Level 1:colcon.colcon_core.package_identification:_identify(config/node_modules/jquery/src/ajax) by extensions ['ros']
[1.123s] Level 1:colcon.colcon_core.package_identification:_identify(config/node_modules/jquery/src/ajax) by extension 'ros'
[1.123s] Level 1:colcon.colcon_core.package_identification:_identify(config/node_modules/jquery/src/ajax) by extensions ['cmake', 'python']
[1.123s] Level 1:colcon.colcon_core.package_identification:_identify(config/node_modules/jquery/src/ajax) by extension 'cmake'
[1.123s] Level 1:colcon.colcon_core.package_identification:_identify(config/node_modules/jquery/src/ajax) by extension 'python'
[1.123s] Level 1:colcon.colcon_core.package_identification:_identify(config/node_modules/jquery/src/ajax) by extensions ['python_setup_py']
[1.123s] Level 1:colcon.colcon_core.package_identification:_identify(config/node_modules/jquery/src/ajax) by extension 'python_setup_py'
[1.123s] Level 1:colcon.colcon_core.package_identification:_identify(config/node_modules/jquery/src/ajax/var) by extensions ['ignore', 'ignore_ament_install']
[1.123s] Level 1:colcon.colcon_core.package_identification:_identify(config/node_modules/jquery/src/ajax/var) by extension 'ignore'
[1.123s] Level 1:colcon.colcon_core.package_identification:_identify(config/node_modules/jquery/src/ajax/var) by extension 'ignore_ament_install'
[1.123s] Level 1:colcon.colcon_core.package_identification:_identify(config/node_modules/jquery/src/ajax/var) by extensions ['colcon_pkg']
[1.123s] Level 1:colcon.colcon_core.package_identification:_identify(config/node_modules/jquery/src/ajax/var) by extension 'colcon_pkg'
[1.123s] Level 1:colcon.colcon_core.package_identification:_identify(config/node_modules/jquery/src/ajax/var) by extensions ['colcon_meta']
[1.123s] Level 1:colcon.colcon_core.package_identification:_identify(config/node_modules/jquery/src/ajax/var) by extension 'colcon_meta'
[1.123s] Level 1:colcon.colcon_core.package_identification:_identify(config/node_modules/jquery/src/ajax/var) by extensions ['ros']
[1.123s] Level 1:colcon.colcon_core.package_identification:_identify(config/node_modules/jquery/src/ajax/var) by extension 'ros'
[1.123s] Level 1:colcon.colcon_core.package_identification:_identify(config/node_modules/jquery/src/ajax/var) by extensions ['cmake', 'python']
[1.123s] Level 1:colcon.colcon_core.package_identification:_identify(config/node_modules/jquery/src/ajax/var) by extension 'cmake'
[1.123s] Level 1:colcon.colcon_core.package_identification:_identify(config/node_modules/jquery/src/ajax/var) by extension 'python'
[1.123s] Level 1:colcon.colcon_core.package_identification:_identify(config/node_modules/jquery/src/ajax/var) by extensions ['python_setup_py']
[1.123s] Level 1:colcon.colcon_core.package_identification:_identify(config/node_modules/jquery/src/ajax/var) by extension 'python_setup_py'
[1.124s] Level 1:colcon.colcon_core.package_identification:_identify(config/node_modules/jquery/src/attributes) by extensions ['ignore', 'ignore_ament_install']
[1.124s] Level 1:colcon.colcon_core.package_identification:_identify(config/node_modules/jquery/src/attributes) by extension 'ignore'
[1.124s] Level 1:colcon.colcon_core.package_identification:_identify(config/node_modules/jquery/src/attributes) by extension 'ignore_ament_install'
[1.124s] Level 1:colcon.colcon_core.package_identification:_identify(config/node_modules/jquery/src/attributes) by extensions ['colcon_pkg']
[1.124s] Level 1:colcon.colcon_core.package_identification:_identify(config/node_modules/jquery/src/attributes) by extension 'colcon_pkg'
[1.124s] Level 1:colcon.colcon_core.package_identification:_identify(config/node_modules/jquery/src/attributes) by extensions ['colcon_meta']
[1.124s] Level 1:colcon.colcon_core.package_identification:_identify(config/node_modules/jquery/src/attributes) by extension 'colcon_meta'
[1.124s] Level 1:colcon.colcon_core.package_identification:_identify(config/node_modules/jquery/src/attributes) by extensions ['ros']
[1.124s] Level 1:colcon.colcon_core.package_identification:_identify(config/node_modules/jquery/src/attributes) by extension 'ros'
[1.124s] Level 1:colcon.colcon_core.package_identification:_identify(config/node_modules/jquery/src/attributes) by extensions ['cmake', 'python']
[1.124s] Level 1:colcon.colcon_core.package_identification:_identify(config/node_modules/jquery/src/attributes) by extension 'cmake'
[1.124s] Level 1:colcon.colcon_core.package_identification:_identify(config/node_modules/jquery/src/attributes) by extension 'python'
[1.124s] Level 1:colcon.colcon_core.package_identification:_identify(config/node_modules/jquery/src/attributes) by extensions ['python_setup_py']
[1.124s] Level 1:colcon.colcon_core.package_identification:_identify(config/node_modules/jquery/src/attributes) by extension 'python_setup_py'
[1.125s] Level 1:colcon.colcon_core.package_identification:_identify(config/node_modules/jquery/src/core) by extensions ['ignore', 'ignore_ament_install']
[1.125s] Level 1:colcon.colcon_core.package_identification:_identify(config/node_modules/jquery/src/core) by extension 'ignore'
[1.125s] Level 1:colcon.colcon_core.package_identification:_identify(config/node_modules/jquery/src/core) by extension 'ignore_ament_install'
[1.125s] Level 1:colcon.colcon_core.package_identification:_identify(config/node_modules/jquery/src/core) by extensions ['colcon_pkg']
[1.125s] Level 1:colcon.colcon_core.package_identification:_identify(config/node_modules/jquery/src/core) by extension 'colcon_pkg'
[1.125s] Level 1:colcon.colcon_core.package_identification:_identify(config/node_modules/jquery/src/core) by extensions ['colcon_meta']
[1.125s] Level 1:colcon.colcon_core.package_identification:_identify(config/node_modules/jquery/src/core) by extension 'colcon_meta'
[1.125s] Level 1:colcon.colcon_core.package_identification:_identify(config/node_modules/jquery/src/core) by extensions ['ros']
[1.125s] Level 1:colcon.colcon_core.package_identification:_identify(config/node_modules/jquery/src/core) by extension 'ros'
[1.126s] Level 1:colcon.colcon_core.package_identification:_identify(config/node_modules/jquery/src/core) by extensions ['cmake', 'python']
[1.126s] Level 1:colcon.colcon_core.package_identification:_identify(config/node_modules/jquery/src/core) by extension 'cmake'
[1.126s] Level 1:colcon.colcon_core.package_identification:_identify(config/node_modules/jquery/src/core) by extension 'python'
[1.126s] Level 1:colcon.colcon_core.package_identification:_identify(config/node_modules/jquery/src/core) by extensions ['python_setup_py']
[1.126s] Level 1:colcon.colcon_core.package_identification:_identify(config/node_modules/jquery/src/core) by extension 'python_setup_py'
[1.126s] Level 1:colcon.colcon_core.package_identification:_identify(config/node_modules/jquery/src/core/var) by extensions ['ignore', 'ignore_ament_install']
[1.126s] Level 1:colcon.colcon_core.package_identification:_identify(config/node_modules/jquery/src/core/var) by extension 'ignore'
[1.126s] Level 1:colcon.colcon_core.package_identification:_identify(config/node_modules/jquery/src/core/var) by extension 'ignore_ament_install'
[1.126s] Level 1:colcon.colcon_core.package_identification:_identify(config/node_modules/jquery/src/core/var) by extensions ['colcon_pkg']
[1.126s] Level 1:colcon.colcon_core.package_identification:_identify(config/node_modules/jquery/src/core/var) by extension 'colcon_pkg'
[1.126s] Level 1:colcon.colcon_core.package_identification:_identify(config/node_modules/jquery/src/core/var) by extensions ['colcon_meta']
[1.126s] Level 1:colcon.colcon_core.package_identification:_identify(config/node_modules/jquery/src/core/var) by extension 'colcon_meta'
[1.126s] Level 1:colcon.colcon_core.package_identification:_identify(config/node_modules/jquery/src/core/var) by extensions ['ros']
[1.126s] Level 1:colcon.colcon_core.package_identification:_identify(config/node_modules/jquery/src/core/var) by extension 'ros'
[1.126s] Level 1:colcon.colcon_core.package_identification:_identify(config/node_modules/jquery/src/core/var) by extensions ['cmake', 'python']
[1.126s] Level 1:colcon.colcon_core.package_identification:_identify(config/node_modules/jquery/src/core/var) by extension 'cmake'
[1.127s] Level 1:colcon.colcon_core.package_identification:_identify(config/node_modules/jquery/src/core/var) by extension 'python'
[1.127s] Level 1:colcon.colcon_core.package_identification:_identify(config/node_modules/jquery/src/core/var) by extensions ['python_setup_py']
[1.127s] Level 1:colcon.colcon_core.package_identification:_identify(config/node_modules/jquery/src/core/var) by extension 'python_setup_py'
[1.127s] Level 1:colcon.colcon_core.package_identification:_identify(config/node_modules/jquery/src/css) by extensions ['ignore', 'ignore_ament_install']
[1.127s] Level 1:colcon.colcon_core.package_identification:_identify(config/node_modules/jquery/src/css) by extension 'ignore'
[1.127s] Level 1:colcon.colcon_core.package_identification:_identify(config/node_modules/jquery/src/css) by extension 'ignore_ament_install'
[1.127s] Level 1:colcon.colcon_core.package_identification:_identify(config/node_modules/jquery/src/css) by extensions ['colcon_pkg']
[1.127s] Level 1:colcon.colcon_core.package_identification:_identify(config/node_modules/jquery/src/css) by extension 'colcon_pkg'
[1.127s] Level 1:colcon.colcon_core.package_identification:_identify(config/node_modules/jquery/src/css) by extensions ['colcon_meta']
[1.127s] Level 1:colcon.colcon_core.package_identification:_identify(config/node_modules/jquery/src/css) by extension 'colcon_meta'
[1.127s] Level 1:colcon.colcon_core.package_identification:_identify(config/node_modules/jquery/src/css) by extensions ['ros']
[1.127s] Level 1:colcon.colcon_core.package_identification:_identify(config/node_modules/jquery/src/css) by extension 'ros'
[1.127s] Level 1:colcon.colcon_core.package_identification:_identify(config/node_modules/jquery/src/css) by extensions ['cmake', 'python']
[1.127s] Level 1:colcon.colcon_core.package_identification:_identify(config/node_modules/jquery/src/css) by extension 'cmake'
[1.128s] Level 1:colcon.colcon_core.package_identification:_identify(config/node_modules/jquery/src/css) by extension 'python'
[1.128s] Level 1:colcon.colcon_core.package_identification:_identify(config/node_modules/jquery/src/css) by extensions ['python_setup_py']
[1.128s] Level 1:colcon.colcon_core.package_identification:_identify(config/node_modules/jquery/src/css) by extension 'python_setup_py'
[1.128s] Level 1:colcon.colcon_core.package_identification:_identify(config/node_modules/jquery/src/css/var) by extensions ['ignore', 'ignore_ament_install']
[1.128s] Level 1:colcon.colcon_core.package_identification:_identify(config/node_modules/jquery/src/css/var) by extension 'ignore'
[1.128s] Level 1:colcon.colcon_core.package_identification:_identify(config/node_modules/jquery/src/css/var) by extension 'ignore_ament_install'
[1.128s] Level 1:colcon.colcon_core.package_identification:_identify(config/node_modules/jquery/src/css/var) by extensions ['colcon_pkg']
[1.128s] Level 1:colcon.colcon_core.package_identification:_identify(config/node_modules/jquery/src/css/var) by extension 'colcon_pkg'
[1.128s] Level 1:colcon.colcon_core.package_identification:_identify(config/node_modules/jquery/src/css/var) by extensions ['colcon_meta']
[1.128s] Level 1:colcon.colcon_core.package_identification:_identify(config/node_modules/jquery/src/css/var) by extension 'colcon_meta'
[1.128s] Level 1:colcon.colcon_core.package_identification:_identify(config/node_modules/jquery/src/css/var) by extensions ['ros']
[1.128s] Level 1:colcon.colcon_core.package_identification:_identify(config/node_modules/jquery/src/css/var) by extension 'ros'
[1.128s] Level 1:colcon.colcon_core.package_identification:_identify(config/node_modules/jquery/src/css/var) by extensions ['cmake', 'python']
[1.128s] Level 1:colcon.colcon_core.package_identification:_identify(config/node_modules/jquery/src/css/var) by extension 'cmake'
[1.128s] Level 1:colcon.colcon_core.package_identification:_identify(config/node_modules/jquery/src/css/var) by extension 'python'
[1.129s] Level 1:colcon.colcon_core.package_identification:_identify(config/node_modules/jquery/src/css/var) by extensions ['python_setup_py']
[1.129s] Level 1:colcon.colcon_core.package_identification:_identify(config/node_modules/jquery/src/css/var) by extension 'python_setup_py'
[1.129s] Level 1:colcon.colcon_core.package_identification:_identify(config/node_modules/jquery/src/data) by extensions ['ignore', 'ignore_ament_install']
[1.129s] Level 1:colcon.colcon_core.package_identification:_identify(config/node_modules/jquery/src/data) by extension 'ignore'
[1.129s] Level 1:colcon.colcon_core.package_identification:_identify(config/node_modules/jquery/src/data) by extension 'ignore_ament_install'
[1.129s] Level 1:colcon.colcon_core.package_identification:_identify(config/node_modules/jquery/src/data) by extensions ['colcon_pkg']
[1.129s] Level 1:colcon.colcon_core.package_identification:_identify(config/node_modules/jquery/src/data) by extension 'colcon_pkg'
[1.129s] Level 1:colcon.colcon_core.package_identification:_identify(config/node_modules/jquery/src/data) by extensions ['colcon_meta']
[1.129s] Level 1:colcon.colcon_core.package_identification:_identify(config/node_modules/jquery/src/data) by extension 'colcon_meta'
[1.129s] Level 1:colcon.colcon_core.package_identification:_identify(config/node_modules/jquery/src/data) by extensions ['ros']
[1.129s] Level 1:colcon.colcon_core.package_identification:_identify(config/node_modules/jquery/src/data) by extension 'ros'
[1.129s] Level 1:colcon.colcon_core.package_identification:_identify(config/node_modules/jquery/src/data) by extensions ['cmake', 'python']
[1.129s] Level 1:colcon.colcon_core.package_identification:_identify(config/node_modules/jquery/src/data) by extension 'cmake'
[1.130s] Level 1:colcon.colcon_core.package_identification:_identify(config/node_modules/jquery/src/data) by extension 'python'
[1.130s] Level 1:colcon.colcon_core.package_identification:_identify(config/node_modules/jquery/src/data) by extensions ['python_setup_py']
[1.130s] Level 1:colcon.colcon_core.package_identification:_identify(config/node_modules/jquery/src/data) by extension 'python_setup_py'
[1.130s] Level 1:colcon.colcon_core.package_identification:_identify(config/node_modules/jquery/src/data/var) by extensions ['ignore', 'ignore_ament_install']
[1.130s] Level 1:colcon.colcon_core.package_identification:_identify(config/node_modules/jquery/src/data/var) by extension 'ignore'
[1.130s] Level 1:colcon.colcon_core.package_identification:_identify(config/node_modules/jquery/src/data/var) by extension 'ignore_ament_install'
[1.130s] Level 1:colcon.colcon_core.package_identification:_identify(config/node_modules/jquery/src/data/var) by extensions ['colcon_pkg']
[1.130s] Level 1:colcon.colcon_core.package_identification:_identify(config/node_modules/jquery/src/data/var) by extension 'colcon_pkg'
[1.130s] Level 1:colcon.colcon_core.package_identification:_identify(config/node_modules/jquery/src/data/var) by extensions ['colcon_meta']
[1.130s] Level 1:colcon.colcon_core.package_identification:_identify(config/node_modules/jquery/src/data/var) by extension 'colcon_meta'
[1.130s] Level 1:colcon.colcon_core.package_identification:_identify(config/node_modules/jquery/src/data/var) by extensions ['ros']
[1.130s] Level 1:colcon.colcon_core.package_identification:_identify(config/node_modules/jquery/src/data/var) by extension 'ros'
[1.130s] Level 1:colcon.colcon_core.package_identification:_identify(config/node_modules/jquery/src/data/var) by extensions ['cmake', 'python']
[1.130s] Level 1:colcon.colcon_core.package_identification:_identify(config/node_modules/jquery/src/data/var) by extension 'cmake'
[1.130s] Level 1:colcon.colcon_core.package_identification:_identify(config/node_modules/jquery/src/data/var) by extension 'python'
[1.130s] Level 1:colcon.colcon_core.package_identification:_identify(config/node_modules/jquery/src/data/var) by extensions ['python_setup_py']
[1.130s] Level 1:colcon.colcon_core.package_identification:_identify(config/node_modules/jquery/src/data/var) by extension 'python_setup_py'
[1.131s] Level 1:colcon.colcon_core.package_identification:_identify(config/node_modules/jquery/src/deferred) by extensions ['ignore', 'ignore_ament_install']
[1.131s] Level 1:colcon.colcon_core.package_identification:_identify(config/node_modules/jquery/src/deferred) by extension 'ignore'
[1.131s] Level 1:colcon.colcon_core.package_identification:_identify(config/node_modules/jquery/src/deferred) by extension 'ignore_ament_install'
[1.131s] Level 1:colcon.colcon_core.package_identification:_identify(config/node_modules/jquery/src/deferred) by extensions ['colcon_pkg']
[1.131s] Level 1:colcon.colcon_core.package_identification:_identify(config/node_modules/jquery/src/deferred) by extension 'colcon_pkg'
[1.131s] Level 1:colcon.colcon_core.package_identification:_identify(config/node_modules/jquery/src/deferred) by extensions ['colcon_meta']
[1.131s] Level 1:colcon.colcon_core.package_identification:_identify(config/node_modules/jquery/src/deferred) by extension 'colcon_meta'
[1.131s] Level 1:colcon.colcon_core.package_identification:_identify(config/node_modules/jquery/src/deferred) by extensions ['ros']
[1.131s] Level 1:colcon.colcon_core.package_identification:_identify(config/node_modules/jquery/src/deferred) by extension 'ros'
[1.131s] Level 1:colcon.colcon_core.package_identification:_identify(config/node_modules/jquery/src/deferred) by extensions ['cmake', 'python']
[1.131s] Level 1:colcon.colcon_core.package_identification:_identify(config/node_modules/jquery/src/deferred) by extension 'cmake'
[1.132s] Level 1:colcon.colcon_core.package_identification:_identify(config/node_modules/jquery/src/deferred) by extension 'python'
[1.132s] Level 1:colcon.colcon_core.package_identification:_identify(config/node_modules/jquery/src/deferred) by extensions ['python_setup_py']
[1.132s] Level 1:colcon.colcon_core.package_identification:_identify(config/node_modules/jquery/src/deferred) by extension 'python_setup_py'
[1.132s] Level 1:colcon.colcon_core.package_identification:_identify(config/node_modules/jquery/src/deprecated) by extensions ['ignore', 'ignore_ament_install']
[1.132s] Level 1:colcon.colcon_core.package_identification:_identify(config/node_modules/jquery/src/deprecated) by extension 'ignore'
[1.132s] Level 1:colcon.colcon_core.package_identification:_identify(config/node_modules/jquery/src/deprecated) by extension 'ignore_ament_install'
[1.132s] Level 1:colcon.colcon_core.package_identification:_identify(config/node_modules/jquery/src/deprecated) by extensions ['colcon_pkg']
[1.132s] Level 1:colcon.colcon_core.package_identification:_identify(config/node_modules/jquery/src/deprecated) by extension 'colcon_pkg'
[1.132s] Level 1:colcon.colcon_core.package_identification:_identify(config/node_modules/jquery/src/deprecated) by extensions ['colcon_meta']
[1.132s] Level 1:colcon.colcon_core.package_identification:_identify(config/node_modules/jquery/src/deprecated) by extension 'colcon_meta'
[1.132s] Level 1:colcon.colcon_core.package_identification:_identify(config/node_modules/jquery/src/deprecated) by extensions ['ros']
[1.132s] Level 1:colcon.colcon_core.package_identification:_identify(config/node_modules/jquery/src/deprecated) by extension 'ros'
[1.133s] Level 1:colcon.colcon_core.package_identification:_identify(config/node_modules/jquery/src/deprecated) by extensions ['cmake', 'python']
[1.133s] Level 1:colcon.colcon_core.package_identification:_identify(config/node_modules/jquery/src/deprecated) by extension 'cmake'
[1.133s] Level 1:colcon.colcon_core.package_identification:_identify(config/node_modules/jquery/src/deprecated) by extension 'python'
[1.133s] Level 1:colcon.colcon_core.package_identification:_identify(config/node_modules/jquery/src/deprecated) by extensions ['python_setup_py']
[1.133s] Level 1:colcon.colcon_core.package_identification:_identify(config/node_modules/jquery/src/deprecated) by extension 'python_setup_py'
[1.133s] Level 1:colcon.colcon_core.package_identification:_identify(config/node_modules/jquery/src/effects) by extensions ['ignore', 'ignore_ament_install']
[1.133s] Level 1:colcon.colcon_core.package_identification:_identify(config/node_modules/jquery/src/effects) by extension 'ignore'
[1.133s] Level 1:colcon.colcon_core.package_identification:_identify(config/node_modules/jquery/src/effects) by extension 'ignore_ament_install'
[1.133s] Level 1:colcon.colcon_core.package_identification:_identify(config/node_modules/jquery/src/effects) by extensions ['colcon_pkg']
[1.133s] Level 1:colcon.colcon_core.package_identification:_identify(config/node_modules/jquery/src/effects) by extension 'colcon_pkg'
[1.133s] Level 1:colcon.colcon_core.package_identification:_identify(config/node_modules/jquery/src/effects) by extensions ['colcon_meta']
[1.133s] Level 1:colcon.colcon_core.package_identification:_identify(config/node_modules/jquery/src/effects) by extension 'colcon_meta'
[1.133s] Level 1:colcon.colcon_core.package_identification:_identify(config/node_modules/jquery/src/effects) by extensions ['ros']
[1.133s] Level 1:colcon.colcon_core.package_identification:_identify(config/node_modules/jquery/src/effects) by extension 'ros'
[1.133s] Level 1:colcon.colcon_core.package_identification:_identify(config/node_modules/jquery/src/effects) by extensions ['cmake', 'python']
[1.133s] Level 1:colcon.colcon_core.package_identification:_identify(config/node_modules/jquery/src/effects) by extension 'cmake'
[1.133s] Level 1:colcon.colcon_core.package_identification:_identify(config/node_modules/jquery/src/effects) by extension 'python'
[1.133s] Level 1:colcon.colcon_core.package_identification:_identify(config/node_modules/jquery/src/effects) by extensions ['python_setup_py']
[1.133s] Level 1:colcon.colcon_core.package_identification:_identify(config/node_modules/jquery/src/effects) by extension 'python_setup_py'
[1.134s] Level 1:colcon.colcon_core.package_identification:_identify(config/node_modules/jquery/src/event) by extensions ['ignore', 'ignore_ament_install']
[1.134s] Level 1:colcon.colcon_core.package_identification:_identify(config/node_modules/jquery/src/event) by extension 'ignore'
[1.134s] Level 1:colcon.colcon_core.package_identification:_identify(config/node_modules/jquery/src/event) by extension 'ignore_ament_install'
[1.134s] Level 1:colcon.colcon_core.package_identification:_identify(config/node_modules/jquery/src/event) by extensions ['colcon_pkg']
[1.134s] Level 1:colcon.colcon_core.package_identification:_identify(config/node_modules/jquery/src/event) by extension 'colcon_pkg'
[1.134s] Level 1:colcon.colcon_core.package_identification:_identify(config/node_modules/jquery/src/event) by extensions ['colcon_meta']
[1.134s] Level 1:colcon.colcon_core.package_identification:_identify(config/node_modules/jquery/src/event) by extension 'colcon_meta'
[1.134s] Level 1:colcon.colcon_core.package_identification:_identify(config/node_modules/jquery/src/event) by extensions ['ros']
[1.134s] Level 1:colcon.colcon_core.package_identification:_identify(config/node_modules/jquery/src/event) by extension 'ros'
[1.134s] Level 1:colcon.colcon_core.package_identification:_identify(config/node_modules/jquery/src/event) by extensions ['cmake', 'python']
[1.134s] Level 1:colcon.colcon_core.package_identification:_identify(config/node_modules/jquery/src/event) by extension 'cmake'
[1.134s] Level 1:colcon.colcon_core.package_identification:_identify(config/node_modules/jquery/src/event) by extension 'python'
[1.134s] Level 1:colcon.colcon_core.package_identification:_identify(config/node_modules/jquery/src/event) by extensions ['python_setup_py']
[1.134s] Level 1:colcon.colcon_core.package_identification:_identify(config/node_modules/jquery/src/event) by extension 'python_setup_py'
[1.134s] Level 1:colcon.colcon_core.package_identification:_identify(config/node_modules/jquery/src/exports) by extensions ['ignore', 'ignore_ament_install']
[1.135s] Level 1:colcon.colcon_core.package_identification:_identify(config/node_modules/jquery/src/exports) by extension 'ignore'
[1.135s] Level 1:colcon.colcon_core.package_identification:_identify(config/node_modules/jquery/src/exports) by extension 'ignore_ament_install'
[1.135s] Level 1:colcon.colcon_core.package_identification:_identify(config/node_modules/jquery/src/exports) by extensions ['colcon_pkg']
[1.135s] Level 1:colcon.colcon_core.package_identification:_identify(config/node_modules/jquery/src/exports) by extension 'colcon_pkg'
[1.135s] Level 1:colcon.colcon_core.package_identification:_identify(config/node_modules/jquery/src/exports) by extensions ['colcon_meta']
[1.135s] Level 1:colcon.colcon_core.package_identification:_identify(config/node_modules/jquery/src/exports) by extension 'colcon_meta'
[1.135s] Level 1:colcon.colcon_core.package_identification:_identify(config/node_modules/jquery/src/exports) by extensions ['ros']
[1.135s] Level 1:colcon.colcon_core.package_identification:_identify(config/node_modules/jquery/src/exports) by extension 'ros'
[1.135s] Level 1:colcon.colcon_core.package_identification:_identify(config/node_modules/jquery/src/exports) by extensions ['cmake', 'python']
[1.135s] Level 1:colcon.colcon_core.package_identification:_identify(config/node_modules/jquery/src/exports) by extension 'cmake'
[1.135s] Level 1:colcon.colcon_core.package_identification:_identify(config/node_modules/jquery/src/exports) by extension 'python'
[1.135s] Level 1:colcon.colcon_core.package_identification:_identify(config/node_modules/jquery/src/exports) by extensions ['python_setup_py']
[1.135s] Level 1:colcon.colcon_core.package_identification:_identify(config/node_modules/jquery/src/exports) by extension 'python_setup_py'
[1.136s] Level 1:colcon.colcon_core.package_identification:_identify(config/node_modules/jquery/src/manipulation) by extensions ['ignore', 'ignore_ament_install']
[1.136s] Level 1:colcon.colcon_core.package_identification:_identify(config/node_modules/jquery/src/manipulation) by extension 'ignore'
[1.136s] Level 1:colcon.colcon_core.package_identification:_identify(config/node_modules/jquery/src/manipulation) by extension 'ignore_ament_install'
[1.136s] Level 1:colcon.colcon_core.package_identification:_identify(config/node_modules/jquery/src/manipulation) by extensions ['colcon_pkg']
[1.136s] Level 1:colcon.colcon_core.package_identification:_identify(config/node_modules/jquery/src/manipulation) by extension 'colcon_pkg'
[1.136s] Level 1:colcon.colcon_core.package_identification:_identify(config/node_modules/jquery/src/manipulation) by extensions ['colcon_meta']
[1.136s] Level 1:colcon.colcon_core.package_identification:_identify(config/node_modules/jquery/src/manipulation) by extension 'colcon_meta'
[1.136s] Level 1:colcon.colcon_core.package_identification:_identify(config/node_modules/jquery/src/manipulation) by extensions ['ros']
[1.136s] Level 1:colcon.colcon_core.package_identification:_identify(config/node_modules/jquery/src/manipulation) by extension 'ros'
[1.136s] Level 1:colcon.colcon_core.package_identification:_identify(config/node_modules/jquery/src/manipulation) by extensions ['cmake', 'python']
[1.136s] Level 1:colcon.colcon_core.package_identification:_identify(config/node_modules/jquery/src/manipulation) by extension 'cmake'
[1.136s] Level 1:colcon.colcon_core.package_identification:_identify(config/node_modules/jquery/src/manipulation) by extension 'python'
[1.136s] Level 1:colcon.colcon_core.package_identification:_identify(config/node_modules/jquery/src/manipulation) by extensions ['python_setup_py']
[1.136s] Level 1:colcon.colcon_core.package_identification:_identify(config/node_modules/jquery/src/manipulation) by extension 'python_setup_py'
[1.136s] Level 1:colcon.colcon_core.package_identification:_identify(config/node_modules/jquery/src/manipulation/var) by extensions ['ignore', 'ignore_ament_install']
[1.136s] Level 1:colcon.colcon_core.package_identification:_identify(config/node_modules/jquery/src/manipulation/var) by extension 'ignore'
[1.136s] Level 1:colcon.colcon_core.package_identification:_identify(config/node_modules/jquery/src/manipulation/var) by extension 'ignore_ament_install'
[1.136s] Level 1:colcon.colcon_core.package_identification:_identify(config/node_modules/jquery/src/manipulation/var) by extensions ['colcon_pkg']
[1.137s] Level 1:colcon.colcon_core.package_identification:_identify(config/node_modules/jquery/src/manipulation/var) by extension 'colcon_pkg'
[1.137s] Level 1:colcon.colcon_core.package_identification:_identify(config/node_modules/jquery/src/manipulation/var) by extensions ['colcon_meta']
[1.137s] Level 1:colcon.colcon_core.package_identification:_identify(config/node_modules/jquery/src/manipulation/var) by extension 'colcon_meta'
[1.137s] Level 1:colcon.colcon_core.package_identification:_identify(config/node_modules/jquery/src/manipulation/var) by extensions ['ros']
[1.137s] Level 1:colcon.colcon_core.package_identification:_identify(config/node_modules/jquery/src/manipulation/var) by extension 'ros'
[1.137s] Level 1:colcon.colcon_core.package_identification:_identify(config/node_modules/jquery/src/manipulation/var) by extensions ['cmake', 'python']
[1.137s] Level 1:colcon.colcon_core.package_identification:_identify(config/node_modules/jquery/src/manipulation/var) by extension 'cmake'
[1.137s] Level 1:colcon.colcon_core.package_identification:_identify(config/node_modules/jquery/src/manipulation/var) by extension 'python'
[1.137s] Level 1:colcon.colcon_core.package_identification:_identify(config/node_modules/jquery/src/manipulation/var) by extensions ['python_setup_py']
[1.137s] Level 1:colcon.colcon_core.package_identification:_identify(config/node_modules/jquery/src/manipulation/var) by extension 'python_setup_py'
[1.137s] Level 1:colcon.colcon_core.package_identification:_identify(config/node_modules/jquery/src/queue) by extensions ['ignore', 'ignore_ament_install']
[1.137s] Level 1:colcon.colcon_core.package_identification:_identify(config/node_modules/jquery/src/queue) by extension 'ignore'
[1.137s] Level 1:colcon.colcon_core.package_identification:_identify(config/node_modules/jquery/src/queue) by extension 'ignore_ament_install'
[1.138s] Level 1:colcon.colcon_core.package_identification:_identify(config/node_modules/jquery/src/queue) by extensions ['colcon_pkg']
[1.138s] Level 1:colcon.colcon_core.package_identification:_identify(config/node_modules/jquery/src/queue) by extension 'colcon_pkg'
[1.138s] Level 1:colcon.colcon_core.package_identification:_identify(config/node_modules/jquery/src/queue) by extensions ['colcon_meta']
[1.138s] Level 1:colcon.colcon_core.package_identification:_identify(config/node_modules/jquery/src/queue) by extension 'colcon_meta'
[1.138s] Level 1:colcon.colcon_core.package_identification:_identify(config/node_modules/jquery/src/queue) by extensions ['ros']
[1.138s] Level 1:colcon.colcon_core.package_identification:_identify(config/node_modules/jquery/src/queue) by extension 'ros'
[1.138s] Level 1:colcon.colcon_core.package_identification:_identify(config/node_modules/jquery/src/queue) by extensions ['cmake', 'python']
[1.138s] Level 1:colcon.colcon_core.package_identification:_identify(config/node_modules/jquery/src/queue) by extension 'cmake'
[1.138s] Level 1:colcon.colcon_core.package_identification:_identify(config/node_modules/jquery/src/queue) by extension 'python'
[1.138s] Level 1:colcon.colcon_core.package_identification:_identify(config/node_modules/jquery/src/queue) by extensions ['python_setup_py']
[1.138s] Level 1:colcon.colcon_core.package_identification:_identify(config/node_modules/jquery/src/queue) by extension 'python_setup_py'
[1.138s] Level 1:colcon.colcon_core.package_identification:_identify(config/node_modules/jquery/src/selector) by extensions ['ignore', 'ignore_ament_install']
[1.138s] Level 1:colcon.colcon_core.package_identification:_identify(config/node_modules/jquery/src/selector) by extension 'ignore'
[1.138s] Level 1:colcon.colcon_core.package_identification:_identify(config/node_modules/jquery/src/selector) by extension 'ignore_ament_install'
[1.138s] Level 1:colcon.colcon_core.package_identification:_identify(config/node_modules/jquery/src/selector) by extensions ['colcon_pkg']
[1.139s] Level 1:colcon.colcon_core.package_identification:_identify(config/node_modules/jquery/src/selector) by extension 'colcon_pkg'
[1.139s] Level 1:colcon.colcon_core.package_identification:_identify(config/node_modules/jquery/src/selector) by extensions ['colcon_meta']
[1.139s] Level 1:colcon.colcon_core.package_identification:_identify(config/node_modules/jquery/src/selector) by extension 'colcon_meta'
[1.139s] Level 1:colcon.colcon_core.package_identification:_identify(config/node_modules/jquery/src/selector) by extensions ['ros']
[1.139s] Level 1:colcon.colcon_core.package_identification:_identify(config/node_modules/jquery/src/selector) by extension 'ros'
[1.139s] Level 1:colcon.colcon_core.package_identification:_identify(config/node_modules/jquery/src/selector) by extensions ['cmake', 'python']
[1.139s] Level 1:colcon.colcon_core.package_identification:_identify(config/node_modules/jquery/src/selector) by extension 'cmake'
[1.139s] Level 1:colcon.colcon_core.package_identification:_identify(config/node_modules/jquery/src/selector) by extension 'python'
[1.139s] Level 1:colcon.colcon_core.package_identification:_identify(config/node_modules/jquery/src/selector) by extensions ['python_setup_py']
[1.139s] Level 1:colcon.colcon_core.package_identification:_identify(config/node_modules/jquery/src/selector) by extension 'python_setup_py'
[1.139s] Level 1:colcon.colcon_core.package_identification:_identify(config/node_modules/jquery/src/traversing) by extensions ['ignore', 'ignore_ament_install']
[1.139s] Level 1:colcon.colcon_core.package_identification:_identify(config/node_modules/jquery/src/traversing) by extension 'ignore'
[1.139s] Level 1:colcon.colcon_core.package_identification:_identify(config/node_modules/jquery/src/traversing) by extension 'ignore_ament_install'
[1.139s] Level 1:colcon.colcon_core.package_identification:_identify(config/node_modules/jquery/src/traversing) by extensions ['colcon_pkg']
[1.139s] Level 1:colcon.colcon_core.package_identification:_identify(config/node_modules/jquery/src/traversing) by extension 'colcon_pkg'
[1.140s] Level 1:colcon.colcon_core.package_identification:_identify(config/node_modules/jquery/src/traversing) by extensions ['colcon_meta']
[1.140s] Level 1:colcon.colcon_core.package_identification:_identify(config/node_modules/jquery/src/traversing) by extension 'colcon_meta'
[1.140s] Level 1:colcon.colcon_core.package_identification:_identify(config/node_modules/jquery/src/traversing) by extensions ['ros']
[1.140s] Level 1:colcon.colcon_core.package_identification:_identify(config/node_modules/jquery/src/traversing) by extension 'ros'
[1.140s] Level 1:colcon.colcon_core.package_identification:_identify(config/node_modules/jquery/src/traversing) by extensions ['cmake', 'python']
[1.140s] Level 1:colcon.colcon_core.package_identification:_identify(config/node_modules/jquery/src/traversing) by extension 'cmake'
[1.140s] Level 1:colcon.colcon_core.package_identification:_identify(config/node_modules/jquery/src/traversing) by extension 'python'
[1.140s] Level 1:colcon.colcon_core.package_identification:_identify(config/node_modules/jquery/src/traversing) by extensions ['python_setup_py']
[1.140s] Level 1:colcon.colcon_core.package_identification:_identify(config/node_modules/jquery/src/traversing) by extension 'python_setup_py'
[1.140s] Level 1:colcon.colcon_core.package_identification:_identify(config/node_modules/jquery/src/traversing/var) by extensions ['ignore', 'ignore_ament_install']
[1.140s] Level 1:colcon.colcon_core.package_identification:_identify(config/node_modules/jquery/src/traversing/var) by extension 'ignore'
[1.140s] Level 1:colcon.colcon_core.package_identification:_identify(config/node_modules/jquery/src/traversing/var) by extension 'ignore_ament_install'
[1.141s] Level 1:colcon.colcon_core.package_identification:_identify(config/node_modules/jquery/src/traversing/var) by extensions ['colcon_pkg']
[1.141s] Level 1:colcon.colcon_core.package_identification:_identify(config/node_modules/jquery/src/traversing/var) by extension 'colcon_pkg'
[1.141s] Level 1:colcon.colcon_core.package_identification:_identify(config/node_modules/jquery/src/traversing/var) by extensions ['colcon_meta']
[1.141s] Level 1:colcon.colcon_core.package_identification:_identify(config/node_modules/jquery/src/traversing/var) by extension 'colcon_meta'
[1.141s] Level 1:colcon.colcon_core.package_identification:_identify(config/node_modules/jquery/src/traversing/var) by extensions ['ros']
[1.141s] Level 1:colcon.colcon_core.package_identification:_identify(config/node_modules/jquery/src/traversing/var) by extension 'ros'
[1.141s] Level 1:colcon.colcon_core.package_identification:_identify(config/node_modules/jquery/src/traversing/var) by extensions ['cmake', 'python']
[1.141s] Level 1:colcon.colcon_core.package_identification:_identify(config/node_modules/jquery/src/traversing/var) by extension 'cmake'
[1.141s] Level 1:colcon.colcon_core.package_identification:_identify(config/node_modules/jquery/src/traversing/var) by extension 'python'
[1.141s] Level 1:colcon.colcon_core.package_identification:_identify(config/node_modules/jquery/src/traversing/var) by extensions ['python_setup_py']
[1.141s] Level 1:colcon.colcon_core.package_identification:_identify(config/node_modules/jquery/src/traversing/var) by extension 'python_setup_py'
[1.141s] Level 1:colcon.colcon_core.package_identification:_identify(config/node_modules/jquery/src/var) by extensions ['ignore', 'ignore_ament_install']
[1.141s] Level 1:colcon.colcon_core.package_identification:_identify(config/node_modules/jquery/src/var) by extension 'ignore'
[1.141s] Level 1:colcon.colcon_core.package_identification:_identify(config/node_modules/jquery/src/var) by extension 'ignore_ament_install'
[1.141s] Level 1:colcon.colcon_core.package_identification:_identify(config/node_modules/jquery/src/var) by extensions ['colcon_pkg']
[1.141s] Level 1:colcon.colcon_core.package_identification:_identify(config/node_modules/jquery/src/var) by extension 'colcon_pkg'
[1.141s] Level 1:colcon.colcon_core.package_identification:_identify(config/node_modules/jquery/src/var) by extensions ['colcon_meta']
[1.141s] Level 1:colcon.colcon_core.package_identification:_identify(config/node_modules/jquery/src/var) by extension 'colcon_meta'
[1.142s] Level 1:colcon.colcon_core.package_identification:_identify(config/node_modules/jquery/src/var) by extensions ['ros']
[1.142s] Level 1:colcon.colcon_core.package_identification:_identify(config/node_modules/jquery/src/var) by extension 'ros'
[1.142s] Level 1:colcon.colcon_core.package_identification:_identify(config/node_modules/jquery/src/var) by extensions ['cmake', 'python']
[1.142s] Level 1:colcon.colcon_core.package_identification:_identify(config/node_modules/jquery/src/var) by extension 'cmake'
[1.142s] Level 1:colcon.colcon_core.package_identification:_identify(config/node_modules/jquery/src/var) by extension 'python'
[1.142s] Level 1:colcon.colcon_core.package_identification:_identify(config/node_modules/jquery/src/var) by extensions ['python_setup_py']
[1.142s] Level 1:colcon.colcon_core.package_identification:_identify(config/node_modules/jquery/src/var) by extension 'python_setup_py'
[1.142s] Level 1:colcon.colcon_core.package_identification:_identify(config/node_modules/mime) by extensions ['ignore', 'ignore_ament_install']
[1.142s] Level 1:colcon.colcon_core.package_identification:_identify(config/node_modules/mime) by extension 'ignore'
[1.142s] Level 1:colcon.colcon_core.package_identification:_identify(config/node_modules/mime) by extension 'ignore_ament_install'
[1.142s] Level 1:colcon.colcon_core.package_identification:_identify(config/node_modules/mime) by extensions ['colcon_pkg']
[1.142s] Level 1:colcon.colcon_core.package_identification:_identify(config/node_modules/mime) by extension 'colcon_pkg'
[1.142s] Level 1:colcon.colcon_core.package_identification:_identify(config/node_modules/mime) by extensions ['colcon_meta']
[1.142s] Level 1:colcon.colcon_core.package_identification:_identify(config/node_modules/mime) by extension 'colcon_meta'
[1.142s] Level 1:colcon.colcon_core.package_identification:_identify(config/node_modules/mime) by extensions ['ros']
[1.142s] Level 1:colcon.colcon_core.package_identification:_identify(config/node_modules/mime) by extension 'ros'
[1.143s] Level 1:colcon.colcon_core.package_identification:_identify(config/node_modules/mime) by extensions ['cmake', 'python']
[1.143s] Level 1:colcon.colcon_core.package_identification:_identify(config/node_modules/mime) by extension 'cmake'
[1.143s] Level 1:colcon.colcon_core.package_identification:_identify(config/node_modules/mime) by extension 'python'
[1.143s] Level 1:colcon.colcon_core.package_identification:_identify(config/node_modules/mime) by extensions ['python_setup_py']
[1.143s] Level 1:colcon.colcon_core.package_identification:_identify(config/node_modules/mime) by extension 'python_setup_py'
[1.143s] Level 1:colcon.colcon_core.package_identification:_identify(config/node_modules/mime/src) by extensions ['ignore', 'ignore_ament_install']
[1.143s] Level 1:colcon.colcon_core.package_identification:_identify(config/node_modules/mime/src) by extension 'ignore'
[1.143s] Level 1:colcon.colcon_core.package_identification:_identify(config/node_modules/mime/src) by extension 'ignore_ament_install'
[1.143s] Level 1:colcon.colcon_core.package_identification:_identify(config/node_modules/mime/src) by extensions ['colcon_pkg']
[1.143s] Level 1:colcon.colcon_core.package_identification:_identify(config/node_modules/mime/src) by extension 'colcon_pkg'
[1.143s] Level 1:colcon.colcon_core.package_identification:_identify(config/node_modules/mime/src) by extensions ['colcon_meta']
[1.143s] Level 1:colcon.colcon_core.package_identification:_identify(config/node_modules/mime/src) by extension 'colcon_meta'
[1.143s] Level 1:colcon.colcon_core.package_identification:_identify(config/node_modules/mime/src) by extensions ['ros']
[1.143s] Level 1:colcon.colcon_core.package_identification:_identify(config/node_modules/mime/src) by extension 'ros'
[1.144s] Level 1:colcon.colcon_core.package_identification:_identify(config/node_modules/mime/src) by extensions ['cmake', 'python']
[1.144s] Level 1:colcon.colcon_core.package_identification:_identify(config/node_modules/mime/src) by extension 'cmake'
[1.144s] Level 1:colcon.colcon_core.package_identification:_identify(config/node_modules/mime/src) by extension 'python'
[1.144s] Level 1:colcon.colcon_core.package_identification:_identify(config/node_modules/mime/src) by extensions ['python_setup_py']
[1.144s] Level 1:colcon.colcon_core.package_identification:_identify(config/node_modules/mime/src) by extension 'python_setup_py'
[1.144s] Level 1:colcon.colcon_core.package_identification:_identify(config/node_modules/mime-db) by extensions ['ignore', 'ignore_ament_install']
[1.144s] Level 1:colcon.colcon_core.package_identification:_identify(config/node_modules/mime-db) by extension 'ignore'
[1.144s] Level 1:colcon.colcon_core.package_identification:_identify(config/node_modules/mime-db) by extension 'ignore_ament_install'
[1.144s] Level 1:colcon.colcon_core.package_identification:_identify(config/node_modules/mime-db) by extensions ['colcon_pkg']
[1.144s] Level 1:colcon.colcon_core.package_identification:_identify(config/node_modules/mime-db) by extension 'colcon_pkg'
[1.144s] Level 1:colcon.colcon_core.package_identification:_identify(config/node_modules/mime-db) by extensions ['colcon_meta']
[1.144s] Level 1:colcon.colcon_core.package_identification:_identify(config/node_modules/mime-db) by extension 'colcon_meta'
[1.144s] Level 1:colcon.colcon_core.package_identification:_identify(config/node_modules/mime-db) by extensions ['ros']
[1.144s] Level 1:colcon.colcon_core.package_identification:_identify(config/node_modules/mime-db) by extension 'ros'
[1.145s] Level 1:colcon.colcon_core.package_identification:_identify(config/node_modules/mime-db) by extensions ['cmake', 'python']
[1.145s] Level 1:colcon.colcon_core.package_identification:_identify(config/node_modules/mime-db) by extension 'cmake'
[1.145s] Level 1:colcon.colcon_core.package_identification:_identify(config/node_modules/mime-db) by extension 'python'
[1.145s] Level 1:colcon.colcon_core.package_identification:_identify(config/node_modules/mime-db) by extensions ['python_setup_py']
[1.145s] Level 1:colcon.colcon_core.package_identification:_identify(config/node_modules/mime-db) by extension 'python_setup_py'
[1.145s] Level 1:colcon.colcon_core.package_identification:_identify(config/node_modules/mime-types) by extensions ['ignore', 'ignore_ament_install']
[1.145s] Level 1:colcon.colcon_core.package_identification:_identify(config/node_modules/mime-types) by extension 'ignore'
[1.145s] Level 1:colcon.colcon_core.package_identification:_identify(config/node_modules/mime-types) by extension 'ignore_ament_install'
[1.145s] Level 1:colcon.colcon_core.package_identification:_identify(config/node_modules/mime-types) by extensions ['colcon_pkg']
[1.145s] Level 1:colcon.colcon_core.package_identification:_identify(config/node_modules/mime-types) by extension 'colcon_pkg'
[1.145s] Level 1:colcon.colcon_core.package_identification:_identify(config/node_modules/mime-types) by extensions ['colcon_meta']
[1.145s] Level 1:colcon.colcon_core.package_identification:_identify(config/node_modules/mime-types) by extension 'colcon_meta'
[1.145s] Level 1:colcon.colcon_core.package_identification:_identify(config/node_modules/mime-types) by extensions ['ros']
[1.145s] Level 1:colcon.colcon_core.package_identification:_identify(config/node_modules/mime-types) by extension 'ros'
[1.146s] Level 1:colcon.colcon_core.package_identification:_identify(config/node_modules/mime-types) by extensions ['cmake', 'python']
[1.146s] Level 1:colcon.colcon_core.package_identification:_identify(config/node_modules/mime-types) by extension 'cmake'
[1.146s] Level 1:colcon.colcon_core.package_identification:_identify(config/node_modules/mime-types) by extension 'python'
[1.146s] Level 1:colcon.colcon_core.package_identification:_identify(config/node_modules/mime-types) by extensions ['python_setup_py']
[1.146s] Level 1:colcon.colcon_core.package_identification:_identify(config/node_modules/mime-types) by extension 'python_setup_py'
[1.146s] Level 1:colcon.colcon_core.package_identification:_identify(config/node_modules/mime-types/node_modules) by extensions ['ignore', 'ignore_ament_install']
[1.146s] Level 1:colcon.colcon_core.package_identification:_identify(config/node_modules/mime-types/node_modules) by extension 'ignore'
[1.146s] Level 1:colcon.colcon_core.package_identification:_identify(config/node_modules/mime-types/node_modules) by extension 'ignore_ament_install'
[1.146s] Level 1:colcon.colcon_core.package_identification:_identify(config/node_modules/mime-types/node_modules) by extensions ['colcon_pkg']
[1.146s] Level 1:colcon.colcon_core.package_identification:_identify(config/node_modules/mime-types/node_modules) by extension 'colcon_pkg'
[1.146s] Level 1:colcon.colcon_core.package_identification:_identify(config/node_modules/mime-types/node_modules) by extensions ['colcon_meta']
[1.147s] Level 1:colcon.colcon_core.package_identification:_identify(config/node_modules/mime-types/node_modules) by extension 'colcon_meta'
[1.147s] Level 1:colcon.colcon_core.package_identification:_identify(config/node_modules/mime-types/node_modules) by extensions ['ros']
[1.147s] Level 1:colcon.colcon_core.package_identification:_identify(config/node_modules/mime-types/node_modules) by extension 'ros'
[1.147s] Level 1:colcon.colcon_core.package_identification:_identify(config/node_modules/mime-types/node_modules) by extensions ['cmake', 'python']
[1.147s] Level 1:colcon.colcon_core.package_identification:_identify(config/node_modules/mime-types/node_modules) by extension 'cmake'
[1.147s] Level 1:colcon.colcon_core.package_identification:_identify(config/node_modules/mime-types/node_modules) by extension 'python'
[1.147s] Level 1:colcon.colcon_core.package_identification:_identify(config/node_modules/mime-types/node_modules) by extensions ['python_setup_py']
[1.147s] Level 1:colcon.colcon_core.package_identification:_identify(config/node_modules/mime-types/node_modules) by extension 'python_setup_py'
[1.147s] Level 1:colcon.colcon_core.package_identification:_identify(config/node_modules/mime-types/node_modules/mime-db) by extensions ['ignore', 'ignore_ament_install']
[1.147s] Level 1:colcon.colcon_core.package_identification:_identify(config/node_modules/mime-types/node_modules/mime-db) by extension 'ignore'
[1.147s] Level 1:colcon.colcon_core.package_identification:_identify(config/node_modules/mime-types/node_modules/mime-db) by extension 'ignore_ament_install'
[1.147s] Level 1:colcon.colcon_core.package_identification:_identify(config/node_modules/mime-types/node_modules/mime-db) by extensions ['colcon_pkg']
[1.147s] Level 1:colcon.colcon_core.package_identification:_identify(config/node_modules/mime-types/node_modules/mime-db) by extension 'colcon_pkg'
[1.148s] Level 1:colcon.colcon_core.package_identification:_identify(config/node_modules/mime-types/node_modules/mime-db) by extensions ['colcon_meta']
[1.148s] Level 1:colcon.colcon_core.package_identification:_identify(config/node_modules/mime-types/node_modules/mime-db) by extension 'colcon_meta'
[1.148s] Level 1:colcon.colcon_core.package_identification:_identify(config/node_modules/mime-types/node_modules/mime-db) by extensions ['ros']
[1.148s] Level 1:colcon.colcon_core.package_identification:_identify(config/node_modules/mime-types/node_modules/mime-db) by extension 'ros'
[1.148s] Level 1:colcon.colcon_core.package_identification:_identify(config/node_modules/mime-types/node_modules/mime-db) by extensions ['cmake', 'python']
[1.148s] Level 1:colcon.colcon_core.package_identification:_identify(config/node_modules/mime-types/node_modules/mime-db) by extension 'cmake'
[1.148s] Level 1:colcon.colcon_core.package_identification:_identify(config/node_modules/mime-types/node_modules/mime-db) by extension 'python'
[1.148s] Level 1:colcon.colcon_core.package_identification:_identify(config/node_modules/mime-types/node_modules/mime-db) by extensions ['python_setup_py']
[1.148s] Level 1:colcon.colcon_core.package_identification:_identify(config/node_modules/mime-types/node_modules/mime-db) by extension 'python_setup_py'
[1.148s] Level 1:colcon.colcon_core.package_identification:_identify(config/node_modules/ms) by extensions ['ignore', 'ignore_ament_install']
[1.148s] Level 1:colcon.colcon_core.package_identification:_identify(config/node_modules/ms) by extension 'ignore'
[1.148s] Level 1:colcon.colcon_core.package_identification:_identify(config/node_modules/ms) by extension 'ignore_ament_install'
[1.148s] Level 1:colcon.colcon_core.package_identification:_identify(config/node_modules/ms) by extensions ['colcon_pkg']
[1.148s] Level 1:colcon.colcon_core.package_identification:_identify(config/node_modules/ms) by extension 'colcon_pkg'
[1.149s] Level 1:colcon.colcon_core.package_identification:_identify(config/node_modules/ms) by extensions ['colcon_meta']
[1.149s] Level 1:colcon.colcon_core.package_identification:_identify(config/node_modules/ms) by extension 'colcon_meta'
[1.149s] Level 1:colcon.colcon_core.package_identification:_identify(config/node_modules/ms) by extensions ['ros']
[1.149s] Level 1:colcon.colcon_core.package_identification:_identify(config/node_modules/ms) by extension 'ros'
[1.149s] Level 1:colcon.colcon_core.package_identification:_identify(config/node_modules/ms) by extensions ['cmake', 'python']
[1.149s] Level 1:colcon.colcon_core.package_identification:_identify(config/node_modules/ms) by extension 'cmake'
[1.149s] Level 1:colcon.colcon_core.package_identification:_identify(config/node_modules/ms) by extension 'python'
[1.149s] Level 1:colcon.colcon_core.package_identification:_identify(config/node_modules/ms) by extensions ['python_setup_py']
[1.149s] Level 1:colcon.colcon_core.package_identification:_identify(config/node_modules/ms) by extension 'python_setup_py'
[1.149s] Level 1:colcon.colcon_core.package_identification:_identify(config/node_modules/negotiator) by extensions ['ignore', 'ignore_ament_install']
[1.149s] Level 1:colcon.colcon_core.package_identification:_identify(config/node_modules/negotiator) by extension 'ignore'
[1.149s] Level 1:colcon.colcon_core.package_identification:_identify(config/node_modules/negotiator) by extension 'ignore_ament_install'
[1.150s] Level 1:colcon.colcon_core.package_identification:_identify(config/node_modules/negotiator) by extensions ['colcon_pkg']
[1.150s] Level 1:colcon.colcon_core.package_identification:_identify(config/node_modules/negotiator) by extension 'colcon_pkg'
[1.150s] Level 1:colcon.colcon_core.package_identification:_identify(config/node_modules/negotiator) by extensions ['colcon_meta']
[1.150s] Level 1:colcon.colcon_core.package_identification:_identify(config/node_modules/negotiator) by extension 'colcon_meta'
[1.150s] Level 1:colcon.colcon_core.package_identification:_identify(config/node_modules/negotiator) by extensions ['ros']
[1.150s] Level 1:colcon.colcon_core.package_identification:_identify(config/node_modules/negotiator) by extension 'ros'
[1.150s] Level 1:colcon.colcon_core.package_identification:_identify(config/node_modules/negotiator) by extensions ['cmake', 'python']
[1.150s] Level 1:colcon.colcon_core.package_identification:_identify(config/node_modules/negotiator) by extension 'cmake'
[1.150s] Level 1:colcon.colcon_core.package_identification:_identify(config/node_modules/negotiator) by extension 'python'
[1.150s] Level 1:colcon.colcon_core.package_identification:_identify(config/node_modules/negotiator) by extensions ['python_setup_py']
[1.150s] Level 1:colcon.colcon_core.package_identification:_identify(config/node_modules/negotiator) by extension 'python_setup_py'
[1.150s] Level 1:colcon.colcon_core.package_identification:_identify(config/node_modules/negotiator/lib) by extensions ['ignore', 'ignore_ament_install']
[1.150s] Level 1:colcon.colcon_core.package_identification:_identify(config/node_modules/negotiator/lib) by extension 'ignore'
[1.150s] Level 1:colcon.colcon_core.package_identification:_identify(config/node_modules/negotiator/lib) by extension 'ignore_ament_install'
[1.150s] Level 1:colcon.colcon_core.package_identification:_identify(config/node_modules/negotiator/lib) by extensions ['colcon_pkg']
[1.150s] Level 1:colcon.colcon_core.package_identification:_identify(config/node_modules/negotiator/lib) by extension 'colcon_pkg'
[1.150s] Level 1:colcon.colcon_core.package_identification:_identify(config/node_modules/negotiator/lib) by extensions ['colcon_meta']
[1.150s] Level 1:colcon.colcon_core.package_identification:_identify(config/node_modules/negotiator/lib) by extension 'colcon_meta'
[1.151s] Level 1:colcon.colcon_core.package_identification:_identify(config/node_modules/negotiator/lib) by extensions ['ros']
[1.151s] Level 1:colcon.colcon_core.package_identification:_identify(config/node_modules/negotiator/lib) by extension 'ros'
[1.151s] Level 1:colcon.colcon_core.package_identification:_identify(config/node_modules/negotiator/lib) by extensions ['cmake', 'python']
[1.151s] Level 1:colcon.colcon_core.package_identification:_identify(config/node_modules/negotiator/lib) by extension 'cmake'
[1.151s] Level 1:colcon.colcon_core.package_identification:_identify(config/node_modules/negotiator/lib) by extension 'python'
[1.151s] Level 1:colcon.colcon_core.package_identification:_identify(config/node_modules/negotiator/lib) by extensions ['python_setup_py']
[1.151s] Level 1:colcon.colcon_core.package_identification:_identify(config/node_modules/negotiator/lib) by extension 'python_setup_py'
[1.151s] Level 1:colcon.colcon_core.package_identification:_identify(config/node_modules/node-red-dashboard) by extensions ['ignore', 'ignore_ament_install']
[1.151s] Level 1:colcon.colcon_core.package_identification:_identify(config/node_modules/node-red-dashboard) by extension 'ignore'
[1.151s] Level 1:colcon.colcon_core.package_identification:_identify(config/node_modules/node-red-dashboard) by extension 'ignore_ament_install'
[1.151s] Level 1:colcon.colcon_core.package_identification:_identify(config/node_modules/node-red-dashboard) by extensions ['colcon_pkg']
[1.151s] Level 1:colcon.colcon_core.package_identification:_identify(config/node_modules/node-red-dashboard) by extension 'colcon_pkg'
[1.151s] Level 1:colcon.colcon_core.package_identification:_identify(config/node_modules/node-red-dashboard) by extensions ['colcon_meta']
[1.151s] Level 1:colcon.colcon_core.package_identification:_identify(config/node_modules/node-red-dashboard) by extension 'colcon_meta'
[1.152s] Level 1:colcon.colcon_core.package_identification:_identify(config/node_modules/node-red-dashboard) by extensions ['ros']
[1.152s] Level 1:colcon.colcon_core.package_identification:_identify(config/node_modules/node-red-dashboard) by extension 'ros'
[1.152s] Level 1:colcon.colcon_core.package_identification:_identify(config/node_modules/node-red-dashboard) by extensions ['cmake', 'python']
[1.152s] Level 1:colcon.colcon_core.package_identification:_identify(config/node_modules/node-red-dashboard) by extension 'cmake'
[1.152s] Level 1:colcon.colcon_core.package_identification:_identify(config/node_modules/node-red-dashboard) by extension 'python'
[1.152s] Level 1:colcon.colcon_core.package_identification:_identify(config/node_modules/node-red-dashboard) by extensions ['python_setup_py']
[1.152s] Level 1:colcon.colcon_core.package_identification:_identify(config/node_modules/node-red-dashboard) by extension 'python_setup_py'
[1.152s] Level 1:colcon.colcon_core.package_identification:_identify(config/node_modules/node-red-dashboard/dist) by extensions ['ignore', 'ignore_ament_install']
[1.152s] Level 1:colcon.colcon_core.package_identification:_identify(config/node_modules/node-red-dashboard/dist) by extension 'ignore'
[1.152s] Level 1:colcon.colcon_core.package_identification:_identify(config/node_modules/node-red-dashboard/dist) by extension 'ignore_ament_install'
[1.152s] Level 1:colcon.colcon_core.package_identification:_identify(config/node_modules/node-red-dashboard/dist) by extensions ['colcon_pkg']
[1.152s] Level 1:colcon.colcon_core.package_identification:_identify(config/node_modules/node-red-dashboard/dist) by extension 'colcon_pkg'
[1.152s] Level 1:colcon.colcon_core.package_identification:_identify(config/node_modules/node-red-dashboard/dist) by extensions ['colcon_meta']
[1.152s] Level 1:colcon.colcon_core.package_identification:_identify(config/node_modules/node-red-dashboard/dist) by extension 'colcon_meta'
[1.152s] Level 1:colcon.colcon_core.package_identification:_identify(config/node_modules/node-red-dashboard/dist) by extensions ['ros']
[1.152s] Level 1:colcon.colcon_core.package_identification:_identify(config/node_modules/node-red-dashboard/dist) by extension 'ros'
[1.153s] Level 1:colcon.colcon_core.package_identification:_identify(config/node_modules/node-red-dashboard/dist) by extensions ['cmake', 'python']
[1.153s] Level 1:colcon.colcon_core.package_identification:_identify(config/node_modules/node-red-dashboard/dist) by extension 'cmake'
[1.153s] Level 1:colcon.colcon_core.package_identification:_identify(config/node_modules/node-red-dashboard/dist) by extension 'python'
[1.153s] Level 1:colcon.colcon_core.package_identification:_identify(config/node_modules/node-red-dashboard/dist) by extensions ['python_setup_py']
[1.153s] Level 1:colcon.colcon_core.package_identification:_identify(config/node_modules/node-red-dashboard/dist) by extension 'python_setup_py'
[1.153s] Level 1:colcon.colcon_core.package_identification:_identify(config/node_modules/node-red-dashboard/dist/css) by extensions ['ignore', 'ignore_ament_install']
[1.153s] Level 1:colcon.colcon_core.package_identification:_identify(config/node_modules/node-red-dashboard/dist/css) by extension 'ignore'
[1.153s] Level 1:colcon.colcon_core.package_identification:_identify(config/node_modules/node-red-dashboard/dist/css) by extension 'ignore_ament_install'
[1.153s] Level 1:colcon.colcon_core.package_identification:_identify(config/node_modules/node-red-dashboard/dist/css) by extensions ['colcon_pkg']
[1.153s] Level 1:colcon.colcon_core.package_identification:_identify(config/node_modules/node-red-dashboard/dist/css) by extension 'colcon_pkg'
[1.153s] Level 1:colcon.colcon_core.package_identification:_identify(config/node_modules/node-red-dashboard/dist/css) by extensions ['colcon_meta']
[1.153s] Level 1:colcon.colcon_core.package_identification:_identify(config/node_modules/node-red-dashboard/dist/css) by extension 'colcon_meta'
[1.153s] Level 1:colcon.colcon_core.package_identification:_identify(config/node_modules/node-red-dashboard/dist/css) by extensions ['ros']
[1.153s] Level 1:colcon.colcon_core.package_identification:_identify(config/node_modules/node-red-dashboard/dist/css) by extension 'ros'
[1.153s] Level 1:colcon.colcon_core.package_identification:_identify(config/node_modules/node-red-dashboard/dist/css) by extensions ['cmake', 'python']
[1.154s] Level 1:colcon.colcon_core.package_identification:_identify(config/node_modules/node-red-dashboard/dist/css) by extension 'cmake'
[1.154s] Level 1:colcon.colcon_core.package_identification:_identify(config/node_modules/node-red-dashboard/dist/css) by extension 'python'
[1.154s] Level 1:colcon.colcon_core.package_identification:_identify(config/node_modules/node-red-dashboard/dist/css) by extensions ['python_setup_py']
[1.154s] Level 1:colcon.colcon_core.package_identification:_identify(config/node_modules/node-red-dashboard/dist/css) by extension 'python_setup_py'
[1.154s] Level 1:colcon.colcon_core.package_identification:_identify(config/node_modules/node-red-dashboard/dist/fonts) by extensions ['ignore', 'ignore_ament_install']
[1.154s] Level 1:colcon.colcon_core.package_identification:_identify(config/node_modules/node-red-dashboard/dist/fonts) by extension 'ignore'
[1.154s] Level 1:colcon.colcon_core.package_identification:_identify(config/node_modules/node-red-dashboard/dist/fonts) by extension 'ignore_ament_install'
[1.154s] Level 1:colcon.colcon_core.package_identification:_identify(config/node_modules/node-red-dashboard/dist/fonts) by extensions ['colcon_pkg']
[1.154s] Level 1:colcon.colcon_core.package_identification:_identify(config/node_modules/node-red-dashboard/dist/fonts) by extension 'colcon_pkg'
[1.154s] Level 1:colcon.colcon_core.package_identification:_identify(config/node_modules/node-red-dashboard/dist/fonts) by extensions ['colcon_meta']
[1.154s] Level 1:colcon.colcon_core.package_identification:_identify(config/node_modules/node-red-dashboard/dist/fonts) by extension 'colcon_meta'
[1.154s] Level 1:colcon.colcon_core.package_identification:_identify(config/node_modules/node-red-dashboard/dist/fonts) by extensions ['ros']
[1.154s] Level 1:colcon.colcon_core.package_identification:_identify(config/node_modules/node-red-dashboard/dist/fonts) by extension 'ros'
[1.154s] Level 1:colcon.colcon_core.package_identification:_identify(config/node_modules/node-red-dashboard/dist/fonts) by extensions ['cmake', 'python']
[1.155s] Level 1:colcon.colcon_core.package_identification:_identify(config/node_modules/node-red-dashboard/dist/fonts) by extension 'cmake'
[1.155s] Level 1:colcon.colcon_core.package_identification:_identify(config/node_modules/node-red-dashboard/dist/fonts) by extension 'python'
[1.155s] Level 1:colcon.colcon_core.package_identification:_identify(config/node_modules/node-red-dashboard/dist/fonts) by extensions ['python_setup_py']
[1.155s] Level 1:colcon.colcon_core.package_identification:_identify(config/node_modules/node-red-dashboard/dist/fonts) by extension 'python_setup_py'
[1.155s] Level 1:colcon.colcon_core.package_identification:_identify(config/node_modules/node-red-dashboard/dist/js) by extensions ['ignore', 'ignore_ament_install']
[1.155s] Level 1:colcon.colcon_core.package_identification:_identify(config/node_modules/node-red-dashboard/dist/js) by extension 'ignore'
[1.155s] Level 1:colcon.colcon_core.package_identification:_identify(config/node_modules/node-red-dashboard/dist/js) by extension 'ignore_ament_install'
[1.156s] Level 1:colcon.colcon_core.package_identification:_identify(config/node_modules/node-red-dashboard/dist/js) by extensions ['colcon_pkg']
[1.156s] Level 1:colcon.colcon_core.package_identification:_identify(config/node_modules/node-red-dashboard/dist/js) by extension 'colcon_pkg'
[1.156s] Level 1:colcon.colcon_core.package_identification:_identify(config/node_modules/node-red-dashboard/dist/js) by extensions ['colcon_meta']
[1.156s] Level 1:colcon.colcon_core.package_identification:_identify(config/node_modules/node-red-dashboard/dist/js) by extension 'colcon_meta'
[1.156s] Level 1:colcon.colcon_core.package_identification:_identify(config/node_modules/node-red-dashboard/dist/js) by extensions ['ros']
[1.156s] Level 1:colcon.colcon_core.package_identification:_identify(config/node_modules/node-red-dashboard/dist/js) by extension 'ros'
[1.156s] Level 1:colcon.colcon_core.package_identification:_identify(config/node_modules/node-red-dashboard/dist/js) by extensions ['cmake', 'python']
[1.156s] Level 1:colcon.colcon_core.package_identification:_identify(config/node_modules/node-red-dashboard/dist/js) by extension 'cmake'
[1.156s] Level 1:colcon.colcon_core.package_identification:_identify(config/node_modules/node-red-dashboard/dist/js) by extension 'python'
[1.156s] Level 1:colcon.colcon_core.package_identification:_identify(config/node_modules/node-red-dashboard/dist/js) by extensions ['python_setup_py']
[1.156s] Level 1:colcon.colcon_core.package_identification:_identify(config/node_modules/node-red-dashboard/dist/js) by extension 'python_setup_py'
[1.156s] Level 1:colcon.colcon_core.package_identification:_identify(config/node_modules/node-red-dashboard/nodes) by extensions ['ignore', 'ignore_ament_install']
[1.157s] Level 1:colcon.colcon_core.package_identification:_identify(config/node_modules/node-red-dashboard/nodes) by extension 'ignore'
[1.157s] Level 1:colcon.colcon_core.package_identification:_identify(config/node_modules/node-red-dashboard/nodes) by extension 'ignore_ament_install'
[1.157s] Level 1:colcon.colcon_core.package_identification:_identify(config/node_modules/node-red-dashboard/nodes) by extensions ['colcon_pkg']
[1.157s] Level 1:colcon.colcon_core.package_identification:_identify(config/node_modules/node-red-dashboard/nodes) by extension 'colcon_pkg'
[1.157s] Level 1:colcon.colcon_core.package_identification:_identify(config/node_modules/node-red-dashboard/nodes) by extensions ['colcon_meta']
[1.157s] Level 1:colcon.colcon_core.package_identification:_identify(config/node_modules/node-red-dashboard/nodes) by extension 'colcon_meta'
[1.157s] Level 1:colcon.colcon_core.package_identification:_identify(config/node_modules/node-red-dashboard/nodes) by extensions ['ros']
[1.157s] Level 1:colcon.colcon_core.package_identification:_identify(config/node_modules/node-red-dashboard/nodes) by extension 'ros'
[1.157s] Level 1:colcon.colcon_core.package_identification:_identify(config/node_modules/node-red-dashboard/nodes) by extensions ['cmake', 'python']
[1.157s] Level 1:colcon.colcon_core.package_identification:_identify(config/node_modules/node-red-dashboard/nodes) by extension 'cmake'
[1.157s] Level 1:colcon.colcon_core.package_identification:_identify(config/node_modules/node-red-dashboard/nodes) by extension 'python'
[1.157s] Level 1:colcon.colcon_core.package_identification:_identify(config/node_modules/node-red-dashboard/nodes) by extensions ['python_setup_py']
[1.157s] Level 1:colcon.colcon_core.package_identification:_identify(config/node_modules/node-red-dashboard/nodes) by extension 'python_setup_py'
[1.157s] Level 1:colcon.colcon_core.package_identification:_identify(config/node_modules/node-red-dashboard/nodes/icons) by extensions ['ignore', 'ignore_ament_install']
[1.157s] Level 1:colcon.colcon_core.package_identification:_identify(config/node_modules/node-red-dashboard/nodes/icons) by extension 'ignore'
[1.157s] Level 1:colcon.colcon_core.package_identification:_identify(config/node_modules/node-red-dashboard/nodes/icons) by extension 'ignore_ament_install'
[1.158s] Level 1:colcon.colcon_core.package_identification:_identify(config/node_modules/node-red-dashboard/nodes/icons) by extensions ['colcon_pkg']
[1.158s] Level 1:colcon.colcon_core.package_identification:_identify(config/node_modules/node-red-dashboard/nodes/icons) by extension 'colcon_pkg'
[1.158s] Level 1:colcon.colcon_core.package_identification:_identify(config/node_modules/node-red-dashboard/nodes/icons) by extensions ['colcon_meta']
[1.158s] Level 1:colcon.colcon_core.package_identification:_identify(config/node_modules/node-red-dashboard/nodes/icons) by extension 'colcon_meta'
[1.158s] Level 1:colcon.colcon_core.package_identification:_identify(config/node_modules/node-red-dashboard/nodes/icons) by extensions ['ros']
[1.158s] Level 1:colcon.colcon_core.package_identification:_identify(config/node_modules/node-red-dashboard/nodes/icons) by extension 'ros'
[1.158s] Level 1:colcon.colcon_core.package_identification:_identify(config/node_modules/node-red-dashboard/nodes/icons) by extensions ['cmake', 'python']
[1.158s] Level 1:colcon.colcon_core.package_identification:_identify(config/node_modules/node-red-dashboard/nodes/icons) by extension 'cmake'
[1.158s] Level 1:colcon.colcon_core.package_identification:_identify(config/node_modules/node-red-dashboard/nodes/icons) by extension 'python'
[1.158s] Level 1:colcon.colcon_core.package_identification:_identify(config/node_modules/node-red-dashboard/nodes/icons) by extensions ['python_setup_py']
[1.158s] Level 1:colcon.colcon_core.package_identification:_identify(config/node_modules/node-red-dashboard/nodes/icons) by extension 'python_setup_py'
[1.158s] Level 1:colcon.colcon_core.package_identification:_identify(config/node_modules/node-red-dashboard/nodes/locales) by extensions ['ignore', 'ignore_ament_install']
[1.158s] Level 1:colcon.colcon_core.package_identification:_identify(config/node_modules/node-red-dashboard/nodes/locales) by extension 'ignore'
[1.158s] Level 1:colcon.colcon_core.package_identification:_identify(config/node_modules/node-red-dashboard/nodes/locales) by extension 'ignore_ament_install'
[1.158s] Level 1:colcon.colcon_core.package_identification:_identify(config/node_modules/node-red-dashboard/nodes/locales) by extensions ['colcon_pkg']
[1.158s] Level 1:colcon.colcon_core.package_identification:_identify(config/node_modules/node-red-dashboard/nodes/locales) by extension 'colcon_pkg'
[1.158s] Level 1:colcon.colcon_core.package_identification:_identify(config/node_modules/node-red-dashboard/nodes/locales) by extensions ['colcon_meta']
[1.158s] Level 1:colcon.colcon_core.package_identification:_identify(config/node_modules/node-red-dashboard/nodes/locales) by extension 'colcon_meta'
[1.159s] Level 1:colcon.colcon_core.package_identification:_identify(config/node_modules/node-red-dashboard/nodes/locales) by extensions ['ros']
[1.159s] Level 1:colcon.colcon_core.package_identification:_identify(config/node_modules/node-red-dashboard/nodes/locales) by extension 'ros'
[1.159s] Level 1:colcon.colcon_core.package_identification:_identify(config/node_modules/node-red-dashboard/nodes/locales) by extensions ['cmake', 'python']
[1.159s] Level 1:colcon.colcon_core.package_identification:_identify(config/node_modules/node-red-dashboard/nodes/locales) by extension 'cmake'
[1.159s] Level 1:colcon.colcon_core.package_identification:_identify(config/node_modules/node-red-dashboard/nodes/locales) by extension 'python'
[1.159s] Level 1:colcon.colcon_core.package_identification:_identify(config/node_modules/node-red-dashboard/nodes/locales) by extensions ['python_setup_py']
[1.159s] Level 1:colcon.colcon_core.package_identification:_identify(config/node_modules/node-red-dashboard/nodes/locales) by extension 'python_setup_py'
[1.159s] Level 1:colcon.colcon_core.package_identification:_identify(config/node_modules/node-red-dashboard/nodes/locales/de) by extensions ['ignore', 'ignore_ament_install']
[1.159s] Level 1:colcon.colcon_core.package_identification:_identify(config/node_modules/node-red-dashboard/nodes/locales/de) by extension 'ignore'
[1.159s] Level 1:colcon.colcon_core.package_identification:_identify(config/node_modules/node-red-dashboard/nodes/locales/de) by extension 'ignore_ament_install'
[1.159s] Level 1:colcon.colcon_core.package_identification:_identify(config/node_modules/node-red-dashboard/nodes/locales/de) by extensions ['colcon_pkg']
[1.159s] Level 1:colcon.colcon_core.package_identification:_identify(config/node_modules/node-red-dashboard/nodes/locales/de) by extension 'colcon_pkg'
[1.159s] Level 1:colcon.colcon_core.package_identification:_identify(config/node_modules/node-red-dashboard/nodes/locales/de) by extensions ['colcon_meta']
[1.160s] Level 1:colcon.colcon_core.package_identification:_identify(config/node_modules/node-red-dashboard/nodes/locales/de) by extension 'colcon_meta'
[1.160s] Level 1:colcon.colcon_core.package_identification:_identify(config/node_modules/node-red-dashboard/nodes/locales/de) by extensions ['ros']
[1.160s] Level 1:colcon.colcon_core.package_identification:_identify(config/node_modules/node-red-dashboard/nodes/locales/de) by extension 'ros'
[1.160s] Level 1:colcon.colcon_core.package_identification:_identify(config/node_modules/node-red-dashboard/nodes/locales/de) by extensions ['cmake', 'python']
[1.160s] Level 1:colcon.colcon_core.package_identification:_identify(config/node_modules/node-red-dashboard/nodes/locales/de) by extension 'cmake'
[1.160s] Level 1:colcon.colcon_core.package_identification:_identify(config/node_modules/node-red-dashboard/nodes/locales/de) by extension 'python'
[1.160s] Level 1:colcon.colcon_core.package_identification:_identify(config/node_modules/node-red-dashboard/nodes/locales/de) by extensions ['python_setup_py']
[1.160s] Level 1:colcon.colcon_core.package_identification:_identify(config/node_modules/node-red-dashboard/nodes/locales/de) by extension 'python_setup_py'
[1.160s] Level 1:colcon.colcon_core.package_identification:_identify(config/node_modules/node-red-dashboard/nodes/locales/en-US) by extensions ['ignore', 'ignore_ament_install']
[1.160s] Level 1:colcon.colcon_core.package_identification:_identify(config/node_modules/node-red-dashboard/nodes/locales/en-US) by extension 'ignore'
[1.160s] Level 1:colcon.colcon_core.package_identification:_identify(config/node_modules/node-red-dashboard/nodes/locales/en-US) by extension 'ignore_ament_install'
[1.160s] Level 1:colcon.colcon_core.package_identification:_identify(config/node_modules/node-red-dashboard/nodes/locales/en-US) by extensions ['colcon_pkg']
[1.160s] Level 1:colcon.colcon_core.package_identification:_identify(config/node_modules/node-red-dashboard/nodes/locales/en-US) by extension 'colcon_pkg'
[1.160s] Level 1:colcon.colcon_core.package_identification:_identify(config/node_modules/node-red-dashboard/nodes/locales/en-US) by extensions ['colcon_meta']
[1.161s] Level 1:colcon.colcon_core.package_identification:_identify(config/node_modules/node-red-dashboard/nodes/locales/en-US) by extension 'colcon_meta'
[1.161s] Level 1:colcon.colcon_core.package_identification:_identify(config/node_modules/node-red-dashboard/nodes/locales/en-US) by extensions ['ros']
[1.161s] Level 1:colcon.colcon_core.package_identification:_identify(config/node_modules/node-red-dashboard/nodes/locales/en-US) by extension 'ros'
[1.161s] Level 1:colcon.colcon_core.package_identification:_identify(config/node_modules/node-red-dashboard/nodes/locales/en-US) by extensions ['cmake', 'python']
[1.161s] Level 1:colcon.colcon_core.package_identification:_identify(config/node_modules/node-red-dashboard/nodes/locales/en-US) by extension 'cmake'
[1.161s] Level 1:colcon.colcon_core.package_identification:_identify(config/node_modules/node-red-dashboard/nodes/locales/en-US) by extension 'python'
[1.161s] Level 1:colcon.colcon_core.package_identification:_identify(config/node_modules/node-red-dashboard/nodes/locales/en-US) by extensions ['python_setup_py']
[1.161s] Level 1:colcon.colcon_core.package_identification:_identify(config/node_modules/node-red-dashboard/nodes/locales/en-US) by extension 'python_setup_py'
[1.161s] Level 1:colcon.colcon_core.package_identification:_identify(config/node_modules/node-red-dashboard/nodes/locales/ja) by extensions ['ignore', 'ignore_ament_install']
[1.161s] Level 1:colcon.colcon_core.package_identification:_identify(config/node_modules/node-red-dashboard/nodes/locales/ja) by extension 'ignore'
[1.161s] Level 1:colcon.colcon_core.package_identification:_identify(config/node_modules/node-red-dashboard/nodes/locales/ja) by extension 'ignore_ament_install'
[1.161s] Level 1:colcon.colcon_core.package_identification:_identify(config/node_modules/node-red-dashboard/nodes/locales/ja) by extensions ['colcon_pkg']
[1.161s] Level 1:colcon.colcon_core.package_identification:_identify(config/node_modules/node-red-dashboard/nodes/locales/ja) by extension 'colcon_pkg'
[1.162s] Level 1:colcon.colcon_core.package_identification:_identify(config/node_modules/node-red-dashboard/nodes/locales/ja) by extensions ['colcon_meta']
[1.162s] Level 1:colcon.colcon_core.package_identification:_identify(config/node_modules/node-red-dashboard/nodes/locales/ja) by extension 'colcon_meta'
[1.162s] Level 1:colcon.colcon_core.package_identification:_identify(config/node_modules/node-red-dashboard/nodes/locales/ja) by extensions ['ros']
[1.162s] Level 1:colcon.colcon_core.package_identification:_identify(config/node_modules/node-red-dashboard/nodes/locales/ja) by extension 'ros'
[1.162s] Level 1:colcon.colcon_core.package_identification:_identify(config/node_modules/node-red-dashboard/nodes/locales/ja) by extensions ['cmake', 'python']
[1.162s] Level 1:colcon.colcon_core.package_identification:_identify(config/node_modules/node-red-dashboard/nodes/locales/ja) by extension 'cmake'
[1.162s] Level 1:colcon.colcon_core.package_identification:_identify(config/node_modules/node-red-dashboard/nodes/locales/ja) by extension 'python'
[1.162s] Level 1:colcon.colcon_core.package_identification:_identify(config/node_modules/node-red-dashboard/nodes/locales/ja) by extensions ['python_setup_py']
[1.162s] Level 1:colcon.colcon_core.package_identification:_identify(config/node_modules/node-red-dashboard/nodes/locales/ja) by extension 'python_setup_py'
[1.162s] Level 1:colcon.colcon_core.package_identification:_identify(config/node_modules/object-assign) by extensions ['ignore', 'ignore_ament_install']
[1.162s] Level 1:colcon.colcon_core.package_identification:_identify(config/node_modules/object-assign) by extension 'ignore'
[1.162s] Level 1:colcon.colcon_core.package_identification:_identify(config/node_modules/object-assign) by extension 'ignore_ament_install'
[1.162s] Level 1:colcon.colcon_core.package_identification:_identify(config/node_modules/object-assign) by extensions ['colcon_pkg']
[1.162s] Level 1:colcon.colcon_core.package_identification:_identify(config/node_modules/object-assign) by extension 'colcon_pkg'
[1.162s] Level 1:colcon.colcon_core.package_identification:_identify(config/node_modules/object-assign) by extensions ['colcon_meta']
[1.162s] Level 1:colcon.colcon_core.package_identification:_identify(config/node_modules/object-assign) by extension 'colcon_meta'
[1.163s] Level 1:colcon.colcon_core.package_identification:_identify(config/node_modules/object-assign) by extensions ['ros']
[1.163s] Level 1:colcon.colcon_core.package_identification:_identify(config/node_modules/object-assign) by extension 'ros'
[1.163s] Level 1:colcon.colcon_core.package_identification:_identify(config/node_modules/object-assign) by extensions ['cmake', 'python']
[1.163s] Level 1:colcon.colcon_core.package_identification:_identify(config/node_modules/object-assign) by extension 'cmake'
[1.163s] Level 1:colcon.colcon_core.package_identification:_identify(config/node_modules/object-assign) by extension 'python'
[1.163s] Level 1:colcon.colcon_core.package_identification:_identify(config/node_modules/object-assign) by extensions ['python_setup_py']
[1.163s] Level 1:colcon.colcon_core.package_identification:_identify(config/node_modules/object-assign) by extension 'python_setup_py'
[1.163s] Level 1:colcon.colcon_core.package_identification:_identify(config/node_modules/on-finished) by extensions ['ignore', 'ignore_ament_install']
[1.163s] Level 1:colcon.colcon_core.package_identification:_identify(config/node_modules/on-finished) by extension 'ignore'
[1.163s] Level 1:colcon.colcon_core.package_identification:_identify(config/node_modules/on-finished) by extension 'ignore_ament_install'
[1.163s] Level 1:colcon.colcon_core.package_identification:_identify(config/node_modules/on-finished) by extensions ['colcon_pkg']
[1.163s] Level 1:colcon.colcon_core.package_identification:_identify(config/node_modules/on-finished) by extension 'colcon_pkg'
[1.163s] Level 1:colcon.colcon_core.package_identification:_identify(config/node_modules/on-finished) by extensions ['colcon_meta']
[1.163s] Level 1:colcon.colcon_core.package_identification:_identify(config/node_modules/on-finished) by extension 'colcon_meta'
[1.163s] Level 1:colcon.colcon_core.package_identification:_identify(config/node_modules/on-finished) by extensions ['ros']
[1.164s] Level 1:colcon.colcon_core.package_identification:_identify(config/node_modules/on-finished) by extension 'ros'
[1.164s] Level 1:colcon.colcon_core.package_identification:_identify(config/node_modules/on-finished) by extensions ['cmake', 'python']
[1.164s] Level 1:colcon.colcon_core.package_identification:_identify(config/node_modules/on-finished) by extension 'cmake'
[1.164s] Level 1:colcon.colcon_core.package_identification:_identify(config/node_modules/on-finished) by extension 'python'
[1.164s] Level 1:colcon.colcon_core.package_identification:_identify(config/node_modules/on-finished) by extensions ['python_setup_py']
[1.164s] Level 1:colcon.colcon_core.package_identification:_identify(config/node_modules/on-finished) by extension 'python_setup_py'
[1.164s] Level 1:colcon.colcon_core.package_identification:_identify(config/node_modules/on-headers) by extensions ['ignore', 'ignore_ament_install']
[1.164s] Level 1:colcon.colcon_core.package_identification:_identify(config/node_modules/on-headers) by extension 'ignore'
[1.164s] Level 1:colcon.colcon_core.package_identification:_identify(config/node_modules/on-headers) by extension 'ignore_ament_install'
[1.164s] Level 1:colcon.colcon_core.package_identification:_identify(config/node_modules/on-headers) by extensions ['colcon_pkg']
[1.164s] Level 1:colcon.colcon_core.package_identification:_identify(config/node_modules/on-headers) by extension 'colcon_pkg'
[1.164s] Level 1:colcon.colcon_core.package_identification:_identify(config/node_modules/on-headers) by extensions ['colcon_meta']
[1.164s] Level 1:colcon.colcon_core.package_identification:_identify(config/node_modules/on-headers) by extension 'colcon_meta'
[1.165s] Level 1:colcon.colcon_core.package_identification:_identify(config/node_modules/on-headers) by extensions ['ros']
[1.165s] Level 1:colcon.colcon_core.package_identification:_identify(config/node_modules/on-headers) by extension 'ros'
[1.165s] Level 1:colcon.colcon_core.package_identification:_identify(config/node_modules/on-headers) by extensions ['cmake', 'python']
[1.165s] Level 1:colcon.colcon_core.package_identification:_identify(config/node_modules/on-headers) by extension 'cmake'
[1.165s] Level 1:colcon.colcon_core.package_identification:_identify(config/node_modules/on-headers) by extension 'python'
[1.165s] Level 1:colcon.colcon_core.package_identification:_identify(config/node_modules/on-headers) by extensions ['python_setup_py']
[1.165s] Level 1:colcon.colcon_core.package_identification:_identify(config/node_modules/on-headers) by extension 'python_setup_py'
[1.165s] Level 1:colcon.colcon_core.package_identification:_identify(config/node_modules/parseurl) by extensions ['ignore', 'ignore_ament_install']
[1.165s] Level 1:colcon.colcon_core.package_identification:_identify(config/node_modules/parseurl) by extension 'ignore'
[1.165s] Level 1:colcon.colcon_core.package_identification:_identify(config/node_modules/parseurl) by extension 'ignore_ament_install'
[1.166s] Level 1:colcon.colcon_core.package_identification:_identify(config/node_modules/parseurl) by extensions ['colcon_pkg']
[1.166s] Level 1:colcon.colcon_core.package_identification:_identify(config/node_modules/parseurl) by extension 'colcon_pkg'
[1.166s] Level 1:colcon.colcon_core.package_identification:_identify(config/node_modules/parseurl) by extensions ['colcon_meta']
[1.166s] Level 1:colcon.colcon_core.package_identification:_identify(config/node_modules/parseurl) by extension 'colcon_meta'
[1.166s] Level 1:colcon.colcon_core.package_identification:_identify(config/node_modules/parseurl) by extensions ['ros']
[1.166s] Level 1:colcon.colcon_core.package_identification:_identify(config/node_modules/parseurl) by extension 'ros'
[1.166s] Level 1:colcon.colcon_core.package_identification:_identify(config/node_modules/parseurl) by extensions ['cmake', 'python']
[1.166s] Level 1:colcon.colcon_core.package_identification:_identify(config/node_modules/parseurl) by extension 'cmake'
[1.166s] Level 1:colcon.colcon_core.package_identification:_identify(config/node_modules/parseurl) by extension 'python'
[1.166s] Level 1:colcon.colcon_core.package_identification:_identify(config/node_modules/parseurl) by extensions ['python_setup_py']
[1.167s] Level 1:colcon.colcon_core.package_identification:_identify(config/node_modules/parseurl) by extension 'python_setup_py'
[1.167s] Level 1:colcon.colcon_core.package_identification:_identify(config/node_modules/range-parser) by extensions ['ignore', 'ignore_ament_install']
[1.167s] Level 1:colcon.colcon_core.package_identification:_identify(config/node_modules/range-parser) by extension 'ignore'
[1.167s] Level 1:colcon.colcon_core.package_identification:_identify(config/node_modules/range-parser) by extension 'ignore_ament_install'
[1.167s] Level 1:colcon.colcon_core.package_identification:_identify(config/node_modules/range-parser) by extensions ['colcon_pkg']
[1.167s] Level 1:colcon.colcon_core.package_identification:_identify(config/node_modules/range-parser) by extension 'colcon_pkg'
[1.167s] Level 1:colcon.colcon_core.package_identification:_identify(config/node_modules/range-parser) by extensions ['colcon_meta']
[1.167s] Level 1:colcon.colcon_core.package_identification:_identify(config/node_modules/range-parser) by extension 'colcon_meta'
[1.168s] Level 1:colcon.colcon_core.package_identification:_identify(config/node_modules/range-parser) by extensions ['ros']
[1.168s] Level 1:colcon.colcon_core.package_identification:_identify(config/node_modules/range-parser) by extension 'ros'
[1.168s] Level 1:colcon.colcon_core.package_identification:_identify(config/node_modules/range-parser) by extensions ['cmake', 'python']
[1.168s] Level 1:colcon.colcon_core.package_identification:_identify(config/node_modules/range-parser) by extension 'cmake'
[1.168s] Level 1:colcon.colcon_core.package_identification:_identify(config/node_modules/range-parser) by extension 'python'
[1.168s] Level 1:colcon.colcon_core.package_identification:_identify(config/node_modules/range-parser) by extensions ['python_setup_py']
[1.168s] Level 1:colcon.colcon_core.package_identification:_identify(config/node_modules/range-parser) by extension 'python_setup_py'
[1.168s] Level 1:colcon.colcon_core.package_identification:_identify(config/node_modules/safe-buffer) by extensions ['ignore', 'ignore_ament_install']
[1.168s] Level 1:colcon.colcon_core.package_identification:_identify(config/node_modules/safe-buffer) by extension 'ignore'
[1.169s] Level 1:colcon.colcon_core.package_identification:_identify(config/node_modules/safe-buffer) by extension 'ignore_ament_install'
[1.169s] Level 1:colcon.colcon_core.package_identification:_identify(config/node_modules/safe-buffer) by extensions ['colcon_pkg']
[1.169s] Level 1:colcon.colcon_core.package_identification:_identify(config/node_modules/safe-buffer) by extension 'colcon_pkg'
[1.169s] Level 1:colcon.colcon_core.package_identification:_identify(config/node_modules/safe-buffer) by extensions ['colcon_meta']
[1.169s] Level 1:colcon.colcon_core.package_identification:_identify(config/node_modules/safe-buffer) by extension 'colcon_meta'
[1.169s] Level 1:colcon.colcon_core.package_identification:_identify(config/node_modules/safe-buffer) by extensions ['ros']
[1.169s] Level 1:colcon.colcon_core.package_identification:_identify(config/node_modules/safe-buffer) by extension 'ros'
[1.169s] Level 1:colcon.colcon_core.package_identification:_identify(config/node_modules/safe-buffer) by extensions ['cmake', 'python']
[1.169s] Level 1:colcon.colcon_core.package_identification:_identify(config/node_modules/safe-buffer) by extension 'cmake'
[1.169s] Level 1:colcon.colcon_core.package_identification:_identify(config/node_modules/safe-buffer) by extension 'python'
[1.170s] Level 1:colcon.colcon_core.package_identification:_identify(config/node_modules/safe-buffer) by extensions ['python_setup_py']
[1.170s] Level 1:colcon.colcon_core.package_identification:_identify(config/node_modules/safe-buffer) by extension 'python_setup_py'
[1.170s] Level 1:colcon.colcon_core.package_identification:_identify(config/node_modules/send) by extensions ['ignore', 'ignore_ament_install']
[1.170s] Level 1:colcon.colcon_core.package_identification:_identify(config/node_modules/send) by extension 'ignore'
[1.170s] Level 1:colcon.colcon_core.package_identification:_identify(config/node_modules/send) by extension 'ignore_ament_install'
[1.170s] Level 1:colcon.colcon_core.package_identification:_identify(config/node_modules/send) by extensions ['colcon_pkg']
[1.170s] Level 1:colcon.colcon_core.package_identification:_identify(config/node_modules/send) by extension 'colcon_pkg'
[1.170s] Level 1:colcon.colcon_core.package_identification:_identify(config/node_modules/send) by extensions ['colcon_meta']
[1.170s] Level 1:colcon.colcon_core.package_identification:_identify(config/node_modules/send) by extension 'colcon_meta'
[1.170s] Level 1:colcon.colcon_core.package_identification:_identify(config/node_modules/send) by extensions ['ros']
[1.170s] Level 1:colcon.colcon_core.package_identification:_identify(config/node_modules/send) by extension 'ros'
[1.171s] Level 1:colcon.colcon_core.package_identification:_identify(config/node_modules/send) by extensions ['cmake', 'python']
[1.171s] Level 1:colcon.colcon_core.package_identification:_identify(config/node_modules/send) by extension 'cmake'
[1.171s] Level 1:colcon.colcon_core.package_identification:_identify(config/node_modules/send) by extension 'python'
[1.171s] Level 1:colcon.colcon_core.package_identification:_identify(config/node_modules/send) by extensions ['python_setup_py']
[1.171s] Level 1:colcon.colcon_core.package_identification:_identify(config/node_modules/send) by extension 'python_setup_py'
[1.171s] Level 1:colcon.colcon_core.package_identification:_identify(config/node_modules/send/node_modules) by extensions ['ignore', 'ignore_ament_install']
[1.171s] Level 1:colcon.colcon_core.package_identification:_identify(config/node_modules/send/node_modules) by extension 'ignore'
[1.171s] Level 1:colcon.colcon_core.package_identification:_identify(config/node_modules/send/node_modules) by extension 'ignore_ament_install'
[1.171s] Level 1:colcon.colcon_core.package_identification:_identify(config/node_modules/send/node_modules) by extensions ['colcon_pkg']
[1.172s] Level 1:colcon.colcon_core.package_identification:_identify(config/node_modules/send/node_modules) by extension 'colcon_pkg'
[1.172s] Level 1:colcon.colcon_core.package_identification:_identify(config/node_modules/send/node_modules) by extensions ['colcon_meta']
[1.172s] Level 1:colcon.colcon_core.package_identification:_identify(config/node_modules/send/node_modules) by extension 'colcon_meta'
[1.172s] Level 1:colcon.colcon_core.package_identification:_identify(config/node_modules/send/node_modules) by extensions ['ros']
[1.172s] Level 1:colcon.colcon_core.package_identification:_identify(config/node_modules/send/node_modules) by extension 'ros'
[1.172s] Level 1:colcon.colcon_core.package_identification:_identify(config/node_modules/send/node_modules) by extensions ['cmake', 'python']
[1.172s] Level 1:colcon.colcon_core.package_identification:_identify(config/node_modules/send/node_modules) by extension 'cmake'
[1.172s] Level 1:colcon.colcon_core.package_identification:_identify(config/node_modules/send/node_modules) by extension 'python'
[1.172s] Level 1:colcon.colcon_core.package_identification:_identify(config/node_modules/send/node_modules) by extensions ['python_setup_py']
[1.172s] Level 1:colcon.colcon_core.package_identification:_identify(config/node_modules/send/node_modules) by extension 'python_setup_py'
[1.173s] Level 1:colcon.colcon_core.package_identification:_identify(config/node_modules/send/node_modules/ms) by extensions ['ignore', 'ignore_ament_install']
[1.173s] Level 1:colcon.colcon_core.package_identification:_identify(config/node_modules/send/node_modules/ms) by extension 'ignore'
[1.173s] Level 1:colcon.colcon_core.package_identification:_identify(config/node_modules/send/node_modules/ms) by extension 'ignore_ament_install'
[1.173s] Level 1:colcon.colcon_core.package_identification:_identify(config/node_modules/send/node_modules/ms) by extensions ['colcon_pkg']
[1.173s] Level 1:colcon.colcon_core.package_identification:_identify(config/node_modules/send/node_modules/ms) by extension 'colcon_pkg'
[1.173s] Level 1:colcon.colcon_core.package_identification:_identify(config/node_modules/send/node_modules/ms) by extensions ['colcon_meta']
[1.173s] Level 1:colcon.colcon_core.package_identification:_identify(config/node_modules/send/node_modules/ms) by extension 'colcon_meta'
[1.173s] Level 1:colcon.colcon_core.package_identification:_identify(config/node_modules/send/node_modules/ms) by extensions ['ros']
[1.173s] Level 1:colcon.colcon_core.package_identification:_identify(config/node_modules/send/node_modules/ms) by extension 'ros'
[1.173s] Level 1:colcon.colcon_core.package_identification:_identify(config/node_modules/send/node_modules/ms) by extensions ['cmake', 'python']
[1.173s] Level 1:colcon.colcon_core.package_identification:_identify(config/node_modules/send/node_modules/ms) by extension 'cmake'
[1.174s] Level 1:colcon.colcon_core.package_identification:_identify(config/node_modules/send/node_modules/ms) by extension 'python'
[1.174s] Level 1:colcon.colcon_core.package_identification:_identify(config/node_modules/send/node_modules/ms) by extensions ['python_setup_py']
[1.174s] Level 1:colcon.colcon_core.package_identification:_identify(config/node_modules/send/node_modules/ms) by extension 'python_setup_py'
[1.174s] Level 1:colcon.colcon_core.package_identification:_identify(config/node_modules/serve-static) by extensions ['ignore', 'ignore_ament_install']
[1.174s] Level 1:colcon.colcon_core.package_identification:_identify(config/node_modules/serve-static) by extension 'ignore'
[1.174s] Level 1:colcon.colcon_core.package_identification:_identify(config/node_modules/serve-static) by extension 'ignore_ament_install'
[1.174s] Level 1:colcon.colcon_core.package_identification:_identify(config/node_modules/serve-static) by extensions ['colcon_pkg']
[1.174s] Level 1:colcon.colcon_core.package_identification:_identify(config/node_modules/serve-static) by extension 'colcon_pkg'
[1.174s] Level 1:colcon.colcon_core.package_identification:_identify(config/node_modules/serve-static) by extensions ['colcon_meta']
[1.174s] Level 1:colcon.colcon_core.package_identification:_identify(config/node_modules/serve-static) by extension 'colcon_meta'
[1.174s] Level 1:colcon.colcon_core.package_identification:_identify(config/node_modules/serve-static) by extensions ['ros']
[1.175s] Level 1:colcon.colcon_core.package_identification:_identify(config/node_modules/serve-static) by extension 'ros'
[1.175s] Level 1:colcon.colcon_core.package_identification:_identify(config/node_modules/serve-static) by extensions ['cmake', 'python']
[1.175s] Level 1:colcon.colcon_core.package_identification:_identify(config/node_modules/serve-static) by extension 'cmake'
[1.175s] Level 1:colcon.colcon_core.package_identification:_identify(config/node_modules/serve-static) by extension 'python'
[1.175s] Level 1:colcon.colcon_core.package_identification:_identify(config/node_modules/serve-static) by extensions ['python_setup_py']
[1.175s] Level 1:colcon.colcon_core.package_identification:_identify(config/node_modules/serve-static) by extension 'python_setup_py'
[1.175s] Level 1:colcon.colcon_core.package_identification:_identify(config/node_modules/setprototypeof) by extensions ['ignore', 'ignore_ament_install']
[1.175s] Level 1:colcon.colcon_core.package_identification:_identify(config/node_modules/setprototypeof) by extension 'ignore'
[1.175s] Level 1:colcon.colcon_core.package_identification:_identify(config/node_modules/setprototypeof) by extension 'ignore_ament_install'
[1.176s] Level 1:colcon.colcon_core.package_identification:_identify(config/node_modules/setprototypeof) by extensions ['colcon_pkg']
[1.176s] Level 1:colcon.colcon_core.package_identification:_identify(config/node_modules/setprototypeof) by extension 'colcon_pkg'
[1.176s] Level 1:colcon.colcon_core.package_identification:_identify(config/node_modules/setprototypeof) by extensions ['colcon_meta']
[1.176s] Level 1:colcon.colcon_core.package_identification:_identify(config/node_modules/setprototypeof) by extension 'colcon_meta'
[1.176s] Level 1:colcon.colcon_core.package_identification:_identify(config/node_modules/setprototypeof) by extensions ['ros']
[1.176s] Level 1:colcon.colcon_core.package_identification:_identify(config/node_modules/setprototypeof) by extension 'ros'
[1.176s] Level 1:colcon.colcon_core.package_identification:_identify(config/node_modules/setprototypeof) by extensions ['cmake', 'python']
[1.176s] Level 1:colcon.colcon_core.package_identification:_identify(config/node_modules/setprototypeof) by extension 'cmake'
[1.176s] Level 1:colcon.colcon_core.package_identification:_identify(config/node_modules/setprototypeof) by extension 'python'
[1.176s] Level 1:colcon.colcon_core.package_identification:_identify(config/node_modules/setprototypeof) by extensions ['python_setup_py']
[1.176s] Level 1:colcon.colcon_core.package_identification:_identify(config/node_modules/setprototypeof) by extension 'python_setup_py'
[1.176s] Level 1:colcon.colcon_core.package_identification:_identify(config/node_modules/setprototypeof/test) by extensions ['ignore', 'ignore_ament_install']
[1.177s] Level 1:colcon.colcon_core.package_identification:_identify(config/node_modules/setprototypeof/test) by extension 'ignore'
[1.177s] Level 1:colcon.colcon_core.package_identification:_identify(config/node_modules/setprototypeof/test) by extension 'ignore_ament_install'
[1.177s] Level 1:colcon.colcon_core.package_identification:_identify(config/node_modules/setprototypeof/test) by extensions ['colcon_pkg']
[1.177s] Level 1:colcon.colcon_core.package_identification:_identify(config/node_modules/setprototypeof/test) by extension 'colcon_pkg'
[1.177s] Level 1:colcon.colcon_core.package_identification:_identify(config/node_modules/setprototypeof/test) by extensions ['colcon_meta']
[1.177s] Level 1:colcon.colcon_core.package_identification:_identify(config/node_modules/setprototypeof/test) by extension 'colcon_meta'
[1.177s] Level 1:colcon.colcon_core.package_identification:_identify(config/node_modules/setprototypeof/test) by extensions ['ros']
[1.177s] Level 1:colcon.colcon_core.package_identification:_identify(config/node_modules/setprototypeof/test) by extension 'ros'
[1.177s] Level 1:colcon.colcon_core.package_identification:_identify(config/node_modules/setprototypeof/test) by extensions ['cmake', 'python']
[1.177s] Level 1:colcon.colcon_core.package_identification:_identify(config/node_modules/setprototypeof/test) by extension 'cmake'
[1.178s] Level 1:colcon.colcon_core.package_identification:_identify(config/node_modules/setprototypeof/test) by extension 'python'
[1.178s] Level 1:colcon.colcon_core.package_identification:_identify(config/node_modules/setprototypeof/test) by extensions ['python_setup_py']
[1.178s] Level 1:colcon.colcon_core.package_identification:_identify(config/node_modules/setprototypeof/test) by extension 'python_setup_py'
[1.178s] Level 1:colcon.colcon_core.package_identification:_identify(config/node_modules/socket.io) by extensions ['ignore', 'ignore_ament_install']
[1.178s] Level 1:colcon.colcon_core.package_identification:_identify(config/node_modules/socket.io) by extension 'ignore'
[1.178s] Level 1:colcon.colcon_core.package_identification:_identify(config/node_modules/socket.io) by extension 'ignore_ament_install'
[1.178s] Level 1:colcon.colcon_core.package_identification:_identify(config/node_modules/socket.io) by extensions ['colcon_pkg']
[1.178s] Level 1:colcon.colcon_core.package_identification:_identify(config/node_modules/socket.io) by extension 'colcon_pkg'
[1.178s] Level 1:colcon.colcon_core.package_identification:_identify(config/node_modules/socket.io) by extensions ['colcon_meta']
[1.179s] Level 1:colcon.colcon_core.package_identification:_identify(config/node_modules/socket.io) by extension 'colcon_meta'
[1.179s] Level 1:colcon.colcon_core.package_identification:_identify(config/node_modules/socket.io) by extensions ['ros']
[1.179s] Level 1:colcon.colcon_core.package_identification:_identify(config/node_modules/socket.io) by extension 'ros'
[1.179s] Level 1:colcon.colcon_core.package_identification:_identify(config/node_modules/socket.io) by extensions ['cmake', 'python']
[1.179s] Level 1:colcon.colcon_core.package_identification:_identify(config/node_modules/socket.io) by extension 'cmake'
[1.179s] Level 1:colcon.colcon_core.package_identification:_identify(config/node_modules/socket.io) by extension 'python'
[1.179s] Level 1:colcon.colcon_core.package_identification:_identify(config/node_modules/socket.io) by extensions ['python_setup_py']
[1.179s] Level 1:colcon.colcon_core.package_identification:_identify(config/node_modules/socket.io) by extension 'python_setup_py'
[1.179s] Level 1:colcon.colcon_core.package_identification:_identify(config/node_modules/socket.io/client-dist) by extensions ['ignore', 'ignore_ament_install']
[1.179s] Level 1:colcon.colcon_core.package_identification:_identify(config/node_modules/socket.io/client-dist) by extension 'ignore'
[1.179s] Level 1:colcon.colcon_core.package_identification:_identify(config/node_modules/socket.io/client-dist) by extension 'ignore_ament_install'
[1.180s] Level 1:colcon.colcon_core.package_identification:_identify(config/node_modules/socket.io/client-dist) by extensions ['colcon_pkg']
[1.180s] Level 1:colcon.colcon_core.package_identification:_identify(config/node_modules/socket.io/client-dist) by extension 'colcon_pkg'
[1.180s] Level 1:colcon.colcon_core.package_identification:_identify(config/node_modules/socket.io/client-dist) by extensions ['colcon_meta']
[1.180s] Level 1:colcon.colcon_core.package_identification:_identify(config/node_modules/socket.io/client-dist) by extension 'colcon_meta'
[1.180s] Level 1:colcon.colcon_core.package_identification:_identify(config/node_modules/socket.io/client-dist) by extensions ['ros']
[1.180s] Level 1:colcon.colcon_core.package_identification:_identify(config/node_modules/socket.io/client-dist) by extension 'ros'
[1.180s] Level 1:colcon.colcon_core.package_identification:_identify(config/node_modules/socket.io/client-dist) by extensions ['cmake', 'python']
[1.180s] Level 1:colcon.colcon_core.package_identification:_identify(config/node_modules/socket.io/client-dist) by extension 'cmake'
[1.180s] Level 1:colcon.colcon_core.package_identification:_identify(config/node_modules/socket.io/client-dist) by extension 'python'
[1.180s] Level 1:colcon.colcon_core.package_identification:_identify(config/node_modules/socket.io/client-dist) by extensions ['python_setup_py']
[1.180s] Level 1:colcon.colcon_core.package_identification:_identify(config/node_modules/socket.io/client-dist) by extension 'python_setup_py'
[1.181s] Level 1:colcon.colcon_core.package_identification:_identify(config/node_modules/socket.io/dist) by extensions ['ignore', 'ignore_ament_install']
[1.181s] Level 1:colcon.colcon_core.package_identification:_identify(config/node_modules/socket.io/dist) by extension 'ignore'
[1.181s] Level 1:colcon.colcon_core.package_identification:_identify(config/node_modules/socket.io/dist) by extension 'ignore_ament_install'
[1.181s] Level 1:colcon.colcon_core.package_identification:_identify(config/node_modules/socket.io/dist) by extensions ['colcon_pkg']
[1.181s] Level 1:colcon.colcon_core.package_identification:_identify(config/node_modules/socket.io/dist) by extension 'colcon_pkg'
[1.181s] Level 1:colcon.colcon_core.package_identification:_identify(config/node_modules/socket.io/dist) by extensions ['colcon_meta']
[1.181s] Level 1:colcon.colcon_core.package_identification:_identify(config/node_modules/socket.io/dist) by extension 'colcon_meta'
[1.181s] Level 1:colcon.colcon_core.package_identification:_identify(config/node_modules/socket.io/dist) by extensions ['ros']
[1.181s] Level 1:colcon.colcon_core.package_identification:_identify(config/node_modules/socket.io/dist) by extension 'ros'
[1.182s] Level 1:colcon.colcon_core.package_identification:_identify(config/node_modules/socket.io/dist) by extensions ['cmake', 'python']
[1.182s] Level 1:colcon.colcon_core.package_identification:_identify(config/node_modules/socket.io/dist) by extension 'cmake'
[1.182s] Level 1:colcon.colcon_core.package_identification:_identify(config/node_modules/socket.io/dist) by extension 'python'
[1.182s] Level 1:colcon.colcon_core.package_identification:_identify(config/node_modules/socket.io/dist) by extensions ['python_setup_py']
[1.182s] Level 1:colcon.colcon_core.package_identification:_identify(config/node_modules/socket.io/dist) by extension 'python_setup_py'
[1.182s] Level 1:colcon.colcon_core.package_identification:_identify(config/node_modules/socket.io/node_modules) by extensions ['ignore', 'ignore_ament_install']
[1.182s] Level 1:colcon.colcon_core.package_identification:_identify(config/node_modules/socket.io/node_modules) by extension 'ignore'
[1.182s] Level 1:colcon.colcon_core.package_identification:_identify(config/node_modules/socket.io/node_modules) by extension 'ignore_ament_install'
[1.182s] Level 1:colcon.colcon_core.package_identification:_identify(config/node_modules/socket.io/node_modules) by extensions ['colcon_pkg']
[1.182s] Level 1:colcon.colcon_core.package_identification:_identify(config/node_modules/socket.io/node_modules) by extension 'colcon_pkg'
[1.183s] Level 1:colcon.colcon_core.package_identification:_identify(config/node_modules/socket.io/node_modules) by extensions ['colcon_meta']
[1.183s] Level 1:colcon.colcon_core.package_identification:_identify(config/node_modules/socket.io/node_modules) by extension 'colcon_meta'
[1.183s] Level 1:colcon.colcon_core.package_identification:_identify(config/node_modules/socket.io/node_modules) by extensions ['ros']
[1.183s] Level 1:colcon.colcon_core.package_identification:_identify(config/node_modules/socket.io/node_modules) by extension 'ros'
[1.183s] Level 1:colcon.colcon_core.package_identification:_identify(config/node_modules/socket.io/node_modules) by extensions ['cmake', 'python']
[1.183s] Level 1:colcon.colcon_core.package_identification:_identify(config/node_modules/socket.io/node_modules) by extension 'cmake'
[1.183s] Level 1:colcon.colcon_core.package_identification:_identify(config/node_modules/socket.io/node_modules) by extension 'python'
[1.183s] Level 1:colcon.colcon_core.package_identification:_identify(config/node_modules/socket.io/node_modules) by extensions ['python_setup_py']
[1.183s] Level 1:colcon.colcon_core.package_identification:_identify(config/node_modules/socket.io/node_modules) by extension 'python_setup_py'
[1.183s] Level 1:colcon.colcon_core.package_identification:_identify(config/node_modules/socket.io/node_modules/debug) by extensions ['ignore', 'ignore_ament_install']
[1.184s] Level 1:colcon.colcon_core.package_identification:_identify(config/node_modules/socket.io/node_modules/debug) by extension 'ignore'
[1.184s] Level 1:colcon.colcon_core.package_identification:_identify(config/node_modules/socket.io/node_modules/debug) by extension 'ignore_ament_install'
[1.184s] Level 1:colcon.colcon_core.package_identification:_identify(config/node_modules/socket.io/node_modules/debug) by extensions ['colcon_pkg']
[1.184s] Level 1:colcon.colcon_core.package_identification:_identify(config/node_modules/socket.io/node_modules/debug) by extension 'colcon_pkg'
[1.184s] Level 1:colcon.colcon_core.package_identification:_identify(config/node_modules/socket.io/node_modules/debug) by extensions ['colcon_meta']
[1.184s] Level 1:colcon.colcon_core.package_identification:_identify(config/node_modules/socket.io/node_modules/debug) by extension 'colcon_meta'
[1.184s] Level 1:colcon.colcon_core.package_identification:_identify(config/node_modules/socket.io/node_modules/debug) by extensions ['ros']
[1.184s] Level 1:colcon.colcon_core.package_identification:_identify(config/node_modules/socket.io/node_modules/debug) by extension 'ros'
[1.184s] Level 1:colcon.colcon_core.package_identification:_identify(config/node_modules/socket.io/node_modules/debug) by extensions ['cmake', 'python']
[1.184s] Level 1:colcon.colcon_core.package_identification:_identify(config/node_modules/socket.io/node_modules/debug) by extension 'cmake'
[1.185s] Level 1:colcon.colcon_core.package_identification:_identify(config/node_modules/socket.io/node_modules/debug) by extension 'python'
[1.185s] Level 1:colcon.colcon_core.package_identification:_identify(config/node_modules/socket.io/node_modules/debug) by extensions ['python_setup_py']
[1.185s] Level 1:colcon.colcon_core.package_identification:_identify(config/node_modules/socket.io/node_modules/debug) by extension 'python_setup_py'
[1.185s] Level 1:colcon.colcon_core.package_identification:_identify(config/node_modules/socket.io/node_modules/debug/src) by extensions ['ignore', 'ignore_ament_install']
[1.185s] Level 1:colcon.colcon_core.package_identification:_identify(config/node_modules/socket.io/node_modules/debug/src) by extension 'ignore'
[1.185s] Level 1:colcon.colcon_core.package_identification:_identify(config/node_modules/socket.io/node_modules/debug/src) by extension 'ignore_ament_install'
[1.185s] Level 1:colcon.colcon_core.package_identification:_identify(config/node_modules/socket.io/node_modules/debug/src) by extensions ['colcon_pkg']
[1.185s] Level 1:colcon.colcon_core.package_identification:_identify(config/node_modules/socket.io/node_modules/debug/src) by extension 'colcon_pkg'
[1.185s] Level 1:colcon.colcon_core.package_identification:_identify(config/node_modules/socket.io/node_modules/debug/src) by extensions ['colcon_meta']
[1.185s] Level 1:colcon.colcon_core.package_identification:_identify(config/node_modules/socket.io/node_modules/debug/src) by extension 'colcon_meta'
[1.186s] Level 1:colcon.colcon_core.package_identification:_identify(config/node_modules/socket.io/node_modules/debug/src) by extensions ['ros']
[1.186s] Level 1:colcon.colcon_core.package_identification:_identify(config/node_modules/socket.io/node_modules/debug/src) by extension 'ros'
[1.186s] Level 1:colcon.colcon_core.package_identification:_identify(config/node_modules/socket.io/node_modules/debug/src) by extensions ['cmake', 'python']
[1.186s] Level 1:colcon.colcon_core.package_identification:_identify(config/node_modules/socket.io/node_modules/debug/src) by extension 'cmake'
[1.186s] Level 1:colcon.colcon_core.package_identification:_identify(config/node_modules/socket.io/node_modules/debug/src) by extension 'python'
[1.186s] Level 1:colcon.colcon_core.package_identification:_identify(config/node_modules/socket.io/node_modules/debug/src) by extensions ['python_setup_py']
[1.186s] Level 1:colcon.colcon_core.package_identification:_identify(config/node_modules/socket.io/node_modules/debug/src) by extension 'python_setup_py'
[1.186s] Level 1:colcon.colcon_core.package_identification:_identify(config/node_modules/socket.io/node_modules/ms) by extensions ['ignore', 'ignore_ament_install']
[1.186s] Level 1:colcon.colcon_core.package_identification:_identify(config/node_modules/socket.io/node_modules/ms) by extension 'ignore'
[1.186s] Level 1:colcon.colcon_core.package_identification:_identify(config/node_modules/socket.io/node_modules/ms) by extension 'ignore_ament_install'
[1.187s] Level 1:colcon.colcon_core.package_identification:_identify(config/node_modules/socket.io/node_modules/ms) by extensions ['colcon_pkg']
[1.187s] Level 1:colcon.colcon_core.package_identification:_identify(config/node_modules/socket.io/node_modules/ms) by extension 'colcon_pkg'
[1.187s] Level 1:colcon.colcon_core.package_identification:_identify(config/node_modules/socket.io/node_modules/ms) by extensions ['colcon_meta']
[1.187s] Level 1:colcon.colcon_core.package_identification:_identify(config/node_modules/socket.io/node_modules/ms) by extension 'colcon_meta'
[1.187s] Level 1:colcon.colcon_core.package_identification:_identify(config/node_modules/socket.io/node_modules/ms) by extensions ['ros']
[1.187s] Level 1:colcon.colcon_core.package_identification:_identify(config/node_modules/socket.io/node_modules/ms) by extension 'ros'
[1.187s] Level 1:colcon.colcon_core.package_identification:_identify(config/node_modules/socket.io/node_modules/ms) by extensions ['cmake', 'python']
[1.187s] Level 1:colcon.colcon_core.package_identification:_identify(config/node_modules/socket.io/node_modules/ms) by extension 'cmake'
[1.187s] Level 1:colcon.colcon_core.package_identification:_identify(config/node_modules/socket.io/node_modules/ms) by extension 'python'
[1.187s] Level 1:colcon.colcon_core.package_identification:_identify(config/node_modules/socket.io/node_modules/ms) by extensions ['python_setup_py']
[1.187s] Level 1:colcon.colcon_core.package_identification:_identify(config/node_modules/socket.io/node_modules/ms) by extension 'python_setup_py'
[1.187s] Level 1:colcon.colcon_core.package_identification:_identify(config/node_modules/socket.io-adapter) by extensions ['ignore', 'ignore_ament_install']
[1.188s] Level 1:colcon.colcon_core.package_identification:_identify(config/node_modules/socket.io-adapter) by extension 'ignore'
[1.188s] Level 1:colcon.colcon_core.package_identification:_identify(config/node_modules/socket.io-adapter) by extension 'ignore_ament_install'
[1.188s] Level 1:colcon.colcon_core.package_identification:_identify(config/node_modules/socket.io-adapter) by extensions ['colcon_pkg']
[1.188s] Level 1:colcon.colcon_core.package_identification:_identify(config/node_modules/socket.io-adapter) by extension 'colcon_pkg'
[1.188s] Level 1:colcon.colcon_core.package_identification:_identify(config/node_modules/socket.io-adapter) by extensions ['colcon_meta']
[1.188s] Level 1:colcon.colcon_core.package_identification:_identify(config/node_modules/socket.io-adapter) by extension 'colcon_meta'
[1.188s] Level 1:colcon.colcon_core.package_identification:_identify(config/node_modules/socket.io-adapter) by extensions ['ros']
[1.188s] Level 1:colcon.colcon_core.package_identification:_identify(config/node_modules/socket.io-adapter) by extension 'ros'
[1.188s] Level 1:colcon.colcon_core.package_identification:_identify(config/node_modules/socket.io-adapter) by extensions ['cmake', 'python']
[1.189s] Level 1:colcon.colcon_core.package_identification:_identify(config/node_modules/socket.io-adapter) by extension 'cmake'
[1.189s] Level 1:colcon.colcon_core.package_identification:_identify(config/node_modules/socket.io-adapter) by extension 'python'
[1.189s] Level 1:colcon.colcon_core.package_identification:_identify(config/node_modules/socket.io-adapter) by extensions ['python_setup_py']
[1.189s] Level 1:colcon.colcon_core.package_identification:_identify(config/node_modules/socket.io-adapter) by extension 'python_setup_py'
[1.189s] Level 1:colcon.colcon_core.package_identification:_identify(config/node_modules/socket.io-adapter/dist) by extensions ['ignore', 'ignore_ament_install']
[1.189s] Level 1:colcon.colcon_core.package_identification:_identify(config/node_modules/socket.io-adapter/dist) by extension 'ignore'
[1.189s] Level 1:colcon.colcon_core.package_identification:_identify(config/node_modules/socket.io-adapter/dist) by extension 'ignore_ament_install'
[1.189s] Level 1:colcon.colcon_core.package_identification:_identify(config/node_modules/socket.io-adapter/dist) by extensions ['colcon_pkg']
[1.190s] Level 1:colcon.colcon_core.package_identification:_identify(config/node_modules/socket.io-adapter/dist) by extension 'colcon_pkg'
[1.190s] Level 1:colcon.colcon_core.package_identification:_identify(config/node_modules/socket.io-adapter/dist) by extensions ['colcon_meta']
[1.190s] Level 1:colcon.colcon_core.package_identification:_identify(config/node_modules/socket.io-adapter/dist) by extension 'colcon_meta'
[1.190s] Level 1:colcon.colcon_core.package_identification:_identify(config/node_modules/socket.io-adapter/dist) by extensions ['ros']
[1.190s] Level 1:colcon.colcon_core.package_identification:_identify(config/node_modules/socket.io-adapter/dist) by extension 'ros'
[1.190s] Level 1:colcon.colcon_core.package_identification:_identify(config/node_modules/socket.io-adapter/dist) by extensions ['cmake', 'python']
[1.190s] Level 1:colcon.colcon_core.package_identification:_identify(config/node_modules/socket.io-adapter/dist) by extension 'cmake'
[1.190s] Level 1:colcon.colcon_core.package_identification:_identify(config/node_modules/socket.io-adapter/dist) by extension 'python'
[1.191s] Level 1:colcon.colcon_core.package_identification:_identify(config/node_modules/socket.io-adapter/dist) by extensions ['python_setup_py']
[1.191s] Level 1:colcon.colcon_core.package_identification:_identify(config/node_modules/socket.io-adapter/dist) by extension 'python_setup_py'
[1.191s] Level 1:colcon.colcon_core.package_identification:_identify(config/node_modules/socket.io-adapter/dist/contrib) by extensions ['ignore', 'ignore_ament_install']
[1.191s] Level 1:colcon.colcon_core.package_identification:_identify(config/node_modules/socket.io-adapter/dist/contrib) by extension 'ignore'
[1.191s] Level 1:colcon.colcon_core.package_identification:_identify(config/node_modules/socket.io-adapter/dist/contrib) by extension 'ignore_ament_install'
[1.191s] Level 1:colcon.colcon_core.package_identification:_identify(config/node_modules/socket.io-adapter/dist/contrib) by extensions ['colcon_pkg']
[1.191s] Level 1:colcon.colcon_core.package_identification:_identify(config/node_modules/socket.io-adapter/dist/contrib) by extension 'colcon_pkg'
[1.191s] Level 1:colcon.colcon_core.package_identification:_identify(config/node_modules/socket.io-adapter/dist/contrib) by extensions ['colcon_meta']
[1.191s] Level 1:colcon.colcon_core.package_identification:_identify(config/node_modules/socket.io-adapter/dist/contrib) by extension 'colcon_meta'
[1.192s] Level 1:colcon.colcon_core.package_identification:_identify(config/node_modules/socket.io-adapter/dist/contrib) by extensions ['ros']
[1.192s] Level 1:colcon.colcon_core.package_identification:_identify(config/node_modules/socket.io-adapter/dist/contrib) by extension 'ros'
[1.192s] Level 1:colcon.colcon_core.package_identification:_identify(config/node_modules/socket.io-adapter/dist/contrib) by extensions ['cmake', 'python']
[1.192s] Level 1:colcon.colcon_core.package_identification:_identify(config/node_modules/socket.io-adapter/dist/contrib) by extension 'cmake'
[1.192s] Level 1:colcon.colcon_core.package_identification:_identify(config/node_modules/socket.io-adapter/dist/contrib) by extension 'python'
[1.192s] Level 1:colcon.colcon_core.package_identification:_identify(config/node_modules/socket.io-adapter/dist/contrib) by extensions ['python_setup_py']
[1.192s] Level 1:colcon.colcon_core.package_identification:_identify(config/node_modules/socket.io-adapter/dist/contrib) by extension 'python_setup_py'
[1.192s] Level 1:colcon.colcon_core.package_identification:_identify(config/node_modules/socket.io-adapter/node_modules) by extensions ['ignore', 'ignore_ament_install']
[1.192s] Level 1:colcon.colcon_core.package_identification:_identify(config/node_modules/socket.io-adapter/node_modules) by extension 'ignore'
[1.192s] Level 1:colcon.colcon_core.package_identification:_identify(config/node_modules/socket.io-adapter/node_modules) by extension 'ignore_ament_install'
[1.193s] Level 1:colcon.colcon_core.package_identification:_identify(config/node_modules/socket.io-adapter/node_modules) by extensions ['colcon_pkg']
[1.193s] Level 1:colcon.colcon_core.package_identification:_identify(config/node_modules/socket.io-adapter/node_modules) by extension 'colcon_pkg'
[1.193s] Level 1:colcon.colcon_core.package_identification:_identify(config/node_modules/socket.io-adapter/node_modules) by extensions ['colcon_meta']
[1.193s] Level 1:colcon.colcon_core.package_identification:_identify(config/node_modules/socket.io-adapter/node_modules) by extension 'colcon_meta'
[1.193s] Level 1:colcon.colcon_core.package_identification:_identify(config/node_modules/socket.io-adapter/node_modules) by extensions ['ros']
[1.193s] Level 1:colcon.colcon_core.package_identification:_identify(config/node_modules/socket.io-adapter/node_modules) by extension 'ros'
[1.194s] Level 1:colcon.colcon_core.package_identification:_identify(config/node_modules/socket.io-adapter/node_modules) by extensions ['cmake', 'python']
[1.194s] Level 1:colcon.colcon_core.package_identification:_identify(config/node_modules/socket.io-adapter/node_modules) by extension 'cmake'
[1.194s] Level 1:colcon.colcon_core.package_identification:_identify(config/node_modules/socket.io-adapter/node_modules) by extension 'python'
[1.194s] Level 1:colcon.colcon_core.package_identification:_identify(config/node_modules/socket.io-adapter/node_modules) by extensions ['python_setup_py']
[1.194s] Level 1:colcon.colcon_core.package_identification:_identify(config/node_modules/socket.io-adapter/node_modules) by extension 'python_setup_py'
[1.194s] Level 1:colcon.colcon_core.package_identification:_identify(config/node_modules/socket.io-adapter/node_modules/debug) by extensions ['ignore', 'ignore_ament_install']
[1.195s] Level 1:colcon.colcon_core.package_identification:_identify(config/node_modules/socket.io-adapter/node_modules/debug) by extension 'ignore'
[1.195s] Level 1:colcon.colcon_core.package_identification:_identify(config/node_modules/socket.io-adapter/node_modules/debug) by extension 'ignore_ament_install'
[1.195s] Level 1:colcon.colcon_core.package_identification:_identify(config/node_modules/socket.io-adapter/node_modules/debug) by extensions ['colcon_pkg']
[1.195s] Level 1:colcon.colcon_core.package_identification:_identify(config/node_modules/socket.io-adapter/node_modules/debug) by extension 'colcon_pkg'
[1.195s] Level 1:colcon.colcon_core.package_identification:_identify(config/node_modules/socket.io-adapter/node_modules/debug) by extensions ['colcon_meta']
[1.195s] Level 1:colcon.colcon_core.package_identification:_identify(config/node_modules/socket.io-adapter/node_modules/debug) by extension 'colcon_meta'
[1.195s] Level 1:colcon.colcon_core.package_identification:_identify(config/node_modules/socket.io-adapter/node_modules/debug) by extensions ['ros']
[1.195s] Level 1:colcon.colcon_core.package_identification:_identify(config/node_modules/socket.io-adapter/node_modules/debug) by extension 'ros'
[1.195s] Level 1:colcon.colcon_core.package_identification:_identify(config/node_modules/socket.io-adapter/node_modules/debug) by extensions ['cmake', 'python']
[1.195s] Level 1:colcon.colcon_core.package_identification:_identify(config/node_modules/socket.io-adapter/node_modules/debug) by extension 'cmake'
[1.195s] Level 1:colcon.colcon_core.package_identification:_identify(config/node_modules/socket.io-adapter/node_modules/debug) by extension 'python'
[1.195s] Level 1:colcon.colcon_core.package_identification:_identify(config/node_modules/socket.io-adapter/node_modules/debug) by extensions ['python_setup_py']
[1.195s] Level 1:colcon.colcon_core.package_identification:_identify(config/node_modules/socket.io-adapter/node_modules/debug) by extension 'python_setup_py'
[1.196s] Level 1:colcon.colcon_core.package_identification:_identify(config/node_modules/socket.io-adapter/node_modules/debug/src) by extensions ['ignore', 'ignore_ament_install']
[1.196s] Level 1:colcon.colcon_core.package_identification:_identify(config/node_modules/socket.io-adapter/node_modules/debug/src) by extension 'ignore'
[1.196s] Level 1:colcon.colcon_core.package_identification:_identify(config/node_modules/socket.io-adapter/node_modules/debug/src) by extension 'ignore_ament_install'
[1.196s] Level 1:colcon.colcon_core.package_identification:_identify(config/node_modules/socket.io-adapter/node_modules/debug/src) by extensions ['colcon_pkg']
[1.196s] Level 1:colcon.colcon_core.package_identification:_identify(config/node_modules/socket.io-adapter/node_modules/debug/src) by extension 'colcon_pkg'
[1.196s] Level 1:colcon.colcon_core.package_identification:_identify(config/node_modules/socket.io-adapter/node_modules/debug/src) by extensions ['colcon_meta']
[1.196s] Level 1:colcon.colcon_core.package_identification:_identify(config/node_modules/socket.io-adapter/node_modules/debug/src) by extension 'colcon_meta'
[1.196s] Level 1:colcon.colcon_core.package_identification:_identify(config/node_modules/socket.io-adapter/node_modules/debug/src) by extensions ['ros']
[1.196s] Level 1:colcon.colcon_core.package_identification:_identify(config/node_modules/socket.io-adapter/node_modules/debug/src) by extension 'ros'
[1.196s] Level 1:colcon.colcon_core.package_identification:_identify(config/node_modules/socket.io-adapter/node_modules/debug/src) by extensions ['cmake', 'python']
[1.196s] Level 1:colcon.colcon_core.package_identification:_identify(config/node_modules/socket.io-adapter/node_modules/debug/src) by extension 'cmake'
[1.196s] Level 1:colcon.colcon_core.package_identification:_identify(config/node_modules/socket.io-adapter/node_modules/debug/src) by extension 'python'
[1.196s] Level 1:colcon.colcon_core.package_identification:_identify(config/node_modules/socket.io-adapter/node_modules/debug/src) by extensions ['python_setup_py']
[1.196s] Level 1:colcon.colcon_core.package_identification:_identify(config/node_modules/socket.io-adapter/node_modules/debug/src) by extension 'python_setup_py'
[1.196s] Level 1:colcon.colcon_core.package_identification:_identify(config/node_modules/socket.io-adapter/node_modules/ms) by extensions ['ignore', 'ignore_ament_install']
[1.196s] Level 1:colcon.colcon_core.package_identification:_identify(config/node_modules/socket.io-adapter/node_modules/ms) by extension 'ignore'
[1.196s] Level 1:colcon.colcon_core.package_identification:_identify(config/node_modules/socket.io-adapter/node_modules/ms) by extension 'ignore_ament_install'
[1.196s] Level 1:colcon.colcon_core.package_identification:_identify(config/node_modules/socket.io-adapter/node_modules/ms) by extensions ['colcon_pkg']
[1.196s] Level 1:colcon.colcon_core.package_identification:_identify(config/node_modules/socket.io-adapter/node_modules/ms) by extension 'colcon_pkg'
[1.196s] Level 1:colcon.colcon_core.package_identification:_identify(config/node_modules/socket.io-adapter/node_modules/ms) by extensions ['colcon_meta']
[1.196s] Level 1:colcon.colcon_core.package_identification:_identify(config/node_modules/socket.io-adapter/node_modules/ms) by extension 'colcon_meta'
[1.197s] Level 1:colcon.colcon_core.package_identification:_identify(config/node_modules/socket.io-adapter/node_modules/ms) by extensions ['ros']
[1.197s] Level 1:colcon.colcon_core.package_identification:_identify(config/node_modules/socket.io-adapter/node_modules/ms) by extension 'ros'
[1.197s] Level 1:colcon.colcon_core.package_identification:_identify(config/node_modules/socket.io-adapter/node_modules/ms) by extensions ['cmake', 'python']
[1.197s] Level 1:colcon.colcon_core.package_identification:_identify(config/node_modules/socket.io-adapter/node_modules/ms) by extension 'cmake'
[1.197s] Level 1:colcon.colcon_core.package_identification:_identify(config/node_modules/socket.io-adapter/node_modules/ms) by extension 'python'
[1.197s] Level 1:colcon.colcon_core.package_identification:_identify(config/node_modules/socket.io-adapter/node_modules/ms) by extensions ['python_setup_py']
[1.197s] Level 1:colcon.colcon_core.package_identification:_identify(config/node_modules/socket.io-adapter/node_modules/ms) by extension 'python_setup_py'
[1.197s] Level 1:colcon.colcon_core.package_identification:_identify(config/node_modules/socket.io-parser) by extensions ['ignore', 'ignore_ament_install']
[1.197s] Level 1:colcon.colcon_core.package_identification:_identify(config/node_modules/socket.io-parser) by extension 'ignore'
[1.197s] Level 1:colcon.colcon_core.package_identification:_identify(config/node_modules/socket.io-parser) by extension 'ignore_ament_install'
[1.197s] Level 1:colcon.colcon_core.package_identification:_identify(config/node_modules/socket.io-parser) by extensions ['colcon_pkg']
[1.197s] Level 1:colcon.colcon_core.package_identification:_identify(config/node_modules/socket.io-parser) by extension 'colcon_pkg'
[1.197s] Level 1:colcon.colcon_core.package_identification:_identify(config/node_modules/socket.io-parser) by extensions ['colcon_meta']
[1.197s] Level 1:colcon.colcon_core.package_identification:_identify(config/node_modules/socket.io-parser) by extension 'colcon_meta'
[1.197s] Level 1:colcon.colcon_core.package_identification:_identify(config/node_modules/socket.io-parser) by extensions ['ros']
[1.197s] Level 1:colcon.colcon_core.package_identification:_identify(config/node_modules/socket.io-parser) by extension 'ros'
[1.197s] Level 1:colcon.colcon_core.package_identification:_identify(config/node_modules/socket.io-parser) by extensions ['cmake', 'python']
[1.197s] Level 1:colcon.colcon_core.package_identification:_identify(config/node_modules/socket.io-parser) by extension 'cmake'
[1.197s] Level 1:colcon.colcon_core.package_identification:_identify(config/node_modules/socket.io-parser) by extension 'python'
[1.197s] Level 1:colcon.colcon_core.package_identification:_identify(config/node_modules/socket.io-parser) by extensions ['python_setup_py']
[1.197s] Level 1:colcon.colcon_core.package_identification:_identify(config/node_modules/socket.io-parser) by extension 'python_setup_py'
[1.197s] Level 1:colcon.colcon_core.package_identification:_identify(config/node_modules/socket.io-parser/build) by extensions ['ignore', 'ignore_ament_install']
[1.197s] Level 1:colcon.colcon_core.package_identification:_identify(config/node_modules/socket.io-parser/build) by extension 'ignore'
[1.197s] Level 1:colcon.colcon_core.package_identification:_identify(config/node_modules/socket.io-parser/build) by extension 'ignore_ament_install'
[1.198s] Level 1:colcon.colcon_core.package_identification:_identify(config/node_modules/socket.io-parser/build) by extensions ['colcon_pkg']
[1.198s] Level 1:colcon.colcon_core.package_identification:_identify(config/node_modules/socket.io-parser/build) by extension 'colcon_pkg'
[1.198s] Level 1:colcon.colcon_core.package_identification:_identify(config/node_modules/socket.io-parser/build) by extensions ['colcon_meta']
[1.198s] Level 1:colcon.colcon_core.package_identification:_identify(config/node_modules/socket.io-parser/build) by extension 'colcon_meta'
[1.198s] Level 1:colcon.colcon_core.package_identification:_identify(config/node_modules/socket.io-parser/build) by extensions ['ros']
[1.198s] Level 1:colcon.colcon_core.package_identification:_identify(config/node_modules/socket.io-parser/build) by extension 'ros'
[1.198s] Level 1:colcon.colcon_core.package_identification:_identify(config/node_modules/socket.io-parser/build) by extensions ['cmake', 'python']
[1.198s] Level 1:colcon.colcon_core.package_identification:_identify(config/node_modules/socket.io-parser/build) by extension 'cmake'
[1.198s] Level 1:colcon.colcon_core.package_identification:_identify(config/node_modules/socket.io-parser/build) by extension 'python'
[1.198s] Level 1:colcon.colcon_core.package_identification:_identify(config/node_modules/socket.io-parser/build) by extensions ['python_setup_py']
[1.198s] Level 1:colcon.colcon_core.package_identification:_identify(config/node_modules/socket.io-parser/build) by extension 'python_setup_py'
[1.198s] Level 1:colcon.colcon_core.package_identification:_identify(config/node_modules/socket.io-parser/build/cjs) by extensions ['ignore', 'ignore_ament_install']
[1.198s] Level 1:colcon.colcon_core.package_identification:_identify(config/node_modules/socket.io-parser/build/cjs) by extension 'ignore'
[1.198s] Level 1:colcon.colcon_core.package_identification:_identify(config/node_modules/socket.io-parser/build/cjs) by extension 'ignore_ament_install'
[1.198s] Level 1:colcon.colcon_core.package_identification:_identify(config/node_modules/socket.io-parser/build/cjs) by extensions ['colcon_pkg']
[1.198s] Level 1:colcon.colcon_core.package_identification:_identify(config/node_modules/socket.io-parser/build/cjs) by extension 'colcon_pkg'
[1.198s] Level 1:colcon.colcon_core.package_identification:_identify(config/node_modules/socket.io-parser/build/cjs) by extensions ['colcon_meta']
[1.198s] Level 1:colcon.colcon_core.package_identification:_identify(config/node_modules/socket.io-parser/build/cjs) by extension 'colcon_meta'
[1.198s] Level 1:colcon.colcon_core.package_identification:_identify(config/node_modules/socket.io-parser/build/cjs) by extensions ['ros']
[1.198s] Level 1:colcon.colcon_core.package_identification:_identify(config/node_modules/socket.io-parser/build/cjs) by extension 'ros'
[1.198s] Level 1:colcon.colcon_core.package_identification:_identify(config/node_modules/socket.io-parser/build/cjs) by extensions ['cmake', 'python']
[1.199s] Level 1:colcon.colcon_core.package_identification:_identify(config/node_modules/socket.io-parser/build/cjs) by extension 'cmake'
[1.199s] Level 1:colcon.colcon_core.package_identification:_identify(config/node_modules/socket.io-parser/build/cjs) by extension 'python'
[1.199s] Level 1:colcon.colcon_core.package_identification:_identify(config/node_modules/socket.io-parser/build/cjs) by extensions ['python_setup_py']
[1.199s] Level 1:colcon.colcon_core.package_identification:_identify(config/node_modules/socket.io-parser/build/cjs) by extension 'python_setup_py'
[1.199s] Level 1:colcon.colcon_core.package_identification:_identify(config/node_modules/socket.io-parser/build/esm) by extensions ['ignore', 'ignore_ament_install']
[1.199s] Level 1:colcon.colcon_core.package_identification:_identify(config/node_modules/socket.io-parser/build/esm) by extension 'ignore'
[1.199s] Level 1:colcon.colcon_core.package_identification:_identify(config/node_modules/socket.io-parser/build/esm) by extension 'ignore_ament_install'
[1.199s] Level 1:colcon.colcon_core.package_identification:_identify(config/node_modules/socket.io-parser/build/esm) by extensions ['colcon_pkg']
[1.199s] Level 1:colcon.colcon_core.package_identification:_identify(config/node_modules/socket.io-parser/build/esm) by extension 'colcon_pkg'
[1.199s] Level 1:colcon.colcon_core.package_identification:_identify(config/node_modules/socket.io-parser/build/esm) by extensions ['colcon_meta']
[1.199s] Level 1:colcon.colcon_core.package_identification:_identify(config/node_modules/socket.io-parser/build/esm) by extension 'colcon_meta'
[1.199s] Level 1:colcon.colcon_core.package_identification:_identify(config/node_modules/socket.io-parser/build/esm) by extensions ['ros']
[1.199s] Level 1:colcon.colcon_core.package_identification:_identify(config/node_modules/socket.io-parser/build/esm) by extension 'ros'
[1.199s] Level 1:colcon.colcon_core.package_identification:_identify(config/node_modules/socket.io-parser/build/esm) by extensions ['cmake', 'python']
[1.199s] Level 1:colcon.colcon_core.package_identification:_identify(config/node_modules/socket.io-parser/build/esm) by extension 'cmake'
[1.199s] Level 1:colcon.colcon_core.package_identification:_identify(config/node_modules/socket.io-parser/build/esm) by extension 'python'
[1.199s] Level 1:colcon.colcon_core.package_identification:_identify(config/node_modules/socket.io-parser/build/esm) by extensions ['python_setup_py']
[1.199s] Level 1:colcon.colcon_core.package_identification:_identify(config/node_modules/socket.io-parser/build/esm) by extension 'python_setup_py'
[1.199s] Level 1:colcon.colcon_core.package_identification:_identify(config/node_modules/socket.io-parser/build/esm-debug) by extensions ['ignore', 'ignore_ament_install']
[1.199s] Level 1:colcon.colcon_core.package_identification:_identify(config/node_modules/socket.io-parser/build/esm-debug) by extension 'ignore'
[1.199s] Level 1:colcon.colcon_core.package_identification:_identify(config/node_modules/socket.io-parser/build/esm-debug) by extension 'ignore_ament_install'
[1.199s] Level 1:colcon.colcon_core.package_identification:_identify(config/node_modules/socket.io-parser/build/esm-debug) by extensions ['colcon_pkg']
[1.199s] Level 1:colcon.colcon_core.package_identification:_identify(config/node_modules/socket.io-parser/build/esm-debug) by extension 'colcon_pkg'
[1.199s] Level 1:colcon.colcon_core.package_identification:_identify(config/node_modules/socket.io-parser/build/esm-debug) by extensions ['colcon_meta']
[1.199s] Level 1:colcon.colcon_core.package_identification:_identify(config/node_modules/socket.io-parser/build/esm-debug) by extension 'colcon_meta'
[1.199s] Level 1:colcon.colcon_core.package_identification:_identify(config/node_modules/socket.io-parser/build/esm-debug) by extensions ['ros']
[1.199s] Level 1:colcon.colcon_core.package_identification:_identify(config/node_modules/socket.io-parser/build/esm-debug) by extension 'ros'
[1.199s] Level 1:colcon.colcon_core.package_identification:_identify(config/node_modules/socket.io-parser/build/esm-debug) by extensions ['cmake', 'python']
[1.199s] Level 1:colcon.colcon_core.package_identification:_identify(config/node_modules/socket.io-parser/build/esm-debug) by extension 'cmake'
[1.199s] Level 1:colcon.colcon_core.package_identification:_identify(config/node_modules/socket.io-parser/build/esm-debug) by extension 'python'
[1.199s] Level 1:colcon.colcon_core.package_identification:_identify(config/node_modules/socket.io-parser/build/esm-debug) by extensions ['python_setup_py']
[1.199s] Level 1:colcon.colcon_core.package_identification:_identify(config/node_modules/socket.io-parser/build/esm-debug) by extension 'python_setup_py'
[1.200s] Level 1:colcon.colcon_core.package_identification:_identify(config/node_modules/socket.io-parser/node_modules) by extensions ['ignore', 'ignore_ament_install']
[1.200s] Level 1:colcon.colcon_core.package_identification:_identify(config/node_modules/socket.io-parser/node_modules) by extension 'ignore'
[1.200s] Level 1:colcon.colcon_core.package_identification:_identify(config/node_modules/socket.io-parser/node_modules) by extension 'ignore_ament_install'
[1.200s] Level 1:colcon.colcon_core.package_identification:_identify(config/node_modules/socket.io-parser/node_modules) by extensions ['colcon_pkg']
[1.200s] Level 1:colcon.colcon_core.package_identification:_identify(config/node_modules/socket.io-parser/node_modules) by extension 'colcon_pkg'
[1.200s] Level 1:colcon.colcon_core.package_identification:_identify(config/node_modules/socket.io-parser/node_modules) by extensions ['colcon_meta']
[1.200s] Level 1:colcon.colcon_core.package_identification:_identify(config/node_modules/socket.io-parser/node_modules) by extension 'colcon_meta'
[1.200s] Level 1:colcon.colcon_core.package_identification:_identify(config/node_modules/socket.io-parser/node_modules) by extensions ['ros']
[1.200s] Level 1:colcon.colcon_core.package_identification:_identify(config/node_modules/socket.io-parser/node_modules) by extension 'ros'
[1.200s] Level 1:colcon.colcon_core.package_identification:_identify(config/node_modules/socket.io-parser/node_modules) by extensions ['cmake', 'python']
[1.200s] Level 1:colcon.colcon_core.package_identification:_identify(config/node_modules/socket.io-parser/node_modules) by extension 'cmake'
[1.200s] Level 1:colcon.colcon_core.package_identification:_identify(config/node_modules/socket.io-parser/node_modules) by extension 'python'
[1.200s] Level 1:colcon.colcon_core.package_identification:_identify(config/node_modules/socket.io-parser/node_modules) by extensions ['python_setup_py']
[1.200s] Level 1:colcon.colcon_core.package_identification:_identify(config/node_modules/socket.io-parser/node_modules) by extension 'python_setup_py'
[1.200s] Level 1:colcon.colcon_core.package_identification:_identify(config/node_modules/socket.io-parser/node_modules/debug) by extensions ['ignore', 'ignore_ament_install']
[1.200s] Level 1:colcon.colcon_core.package_identification:_identify(config/node_modules/socket.io-parser/node_modules/debug) by extension 'ignore'
[1.200s] Level 1:colcon.colcon_core.package_identification:_identify(config/node_modules/socket.io-parser/node_modules/debug) by extension 'ignore_ament_install'
[1.200s] Level 1:colcon.colcon_core.package_identification:_identify(config/node_modules/socket.io-parser/node_modules/debug) by extensions ['colcon_pkg']
[1.200s] Level 1:colcon.colcon_core.package_identification:_identify(config/node_modules/socket.io-parser/node_modules/debug) by extension 'colcon_pkg'
[1.200s] Level 1:colcon.colcon_core.package_identification:_identify(config/node_modules/socket.io-parser/node_modules/debug) by extensions ['colcon_meta']
[1.200s] Level 1:colcon.colcon_core.package_identification:_identify(config/node_modules/socket.io-parser/node_modules/debug) by extension 'colcon_meta'
[1.200s] Level 1:colcon.colcon_core.package_identification:_identify(config/node_modules/socket.io-parser/node_modules/debug) by extensions ['ros']
[1.200s] Level 1:colcon.colcon_core.package_identification:_identify(config/node_modules/socket.io-parser/node_modules/debug) by extension 'ros'
[1.200s] Level 1:colcon.colcon_core.package_identification:_identify(config/node_modules/socket.io-parser/node_modules/debug) by extensions ['cmake', 'python']
[1.200s] Level 1:colcon.colcon_core.package_identification:_identify(config/node_modules/socket.io-parser/node_modules/debug) by extension 'cmake'
[1.200s] Level 1:colcon.colcon_core.package_identification:_identify(config/node_modules/socket.io-parser/node_modules/debug) by extension 'python'
[1.200s] Level 1:colcon.colcon_core.package_identification:_identify(config/node_modules/socket.io-parser/node_modules/debug) by extensions ['python_setup_py']
[1.200s] Level 1:colcon.colcon_core.package_identification:_identify(config/node_modules/socket.io-parser/node_modules/debug) by extension 'python_setup_py'
[1.200s] Level 1:colcon.colcon_core.package_identification:_identify(config/node_modules/socket.io-parser/node_modules/debug/src) by extensions ['ignore', 'ignore_ament_install']
[1.200s] Level 1:colcon.colcon_core.package_identification:_identify(config/node_modules/socket.io-parser/node_modules/debug/src) by extension 'ignore'
[1.201s] Level 1:colcon.colcon_core.package_identification:_identify(config/node_modules/socket.io-parser/node_modules/debug/src) by extension 'ignore_ament_install'
[1.201s] Level 1:colcon.colcon_core.package_identification:_identify(config/node_modules/socket.io-parser/node_modules/debug/src) by extensions ['colcon_pkg']
[1.201s] Level 1:colcon.colcon_core.package_identification:_identify(config/node_modules/socket.io-parser/node_modules/debug/src) by extension 'colcon_pkg'
[1.201s] Level 1:colcon.colcon_core.package_identification:_identify(config/node_modules/socket.io-parser/node_modules/debug/src) by extensions ['colcon_meta']
[1.201s] Level 1:colcon.colcon_core.package_identification:_identify(config/node_modules/socket.io-parser/node_modules/debug/src) by extension 'colcon_meta'
[1.201s] Level 1:colcon.colcon_core.package_identification:_identify(config/node_modules/socket.io-parser/node_modules/debug/src) by extensions ['ros']
[1.201s] Level 1:colcon.colcon_core.package_identification:_identify(config/node_modules/socket.io-parser/node_modules/debug/src) by extension 'ros'
[1.201s] Level 1:colcon.colcon_core.package_identification:_identify(config/node_modules/socket.io-parser/node_modules/debug/src) by extensions ['cmake', 'python']
[1.201s] Level 1:colcon.colcon_core.package_identification:_identify(config/node_modules/socket.io-parser/node_modules/debug/src) by extension 'cmake'
[1.201s] Level 1:colcon.colcon_core.package_identification:_identify(config/node_modules/socket.io-parser/node_modules/debug/src) by extension 'python'
[1.201s] Level 1:colcon.colcon_core.package_identification:_identify(config/node_modules/socket.io-parser/node_modules/debug/src) by extensions ['python_setup_py']
[1.201s] Level 1:colcon.colcon_core.package_identification:_identify(config/node_modules/socket.io-parser/node_modules/debug/src) by extension 'python_setup_py'
[1.201s] Level 1:colcon.colcon_core.package_identification:_identify(config/node_modules/socket.io-parser/node_modules/ms) by extensions ['ignore', 'ignore_ament_install']
[1.201s] Level 1:colcon.colcon_core.package_identification:_identify(config/node_modules/socket.io-parser/node_modules/ms) by extension 'ignore'
[1.201s] Level 1:colcon.colcon_core.package_identification:_identify(config/node_modules/socket.io-parser/node_modules/ms) by extension 'ignore_ament_install'
[1.201s] Level 1:colcon.colcon_core.package_identification:_identify(config/node_modules/socket.io-parser/node_modules/ms) by extensions ['colcon_pkg']
[1.201s] Level 1:colcon.colcon_core.package_identification:_identify(config/node_modules/socket.io-parser/node_modules/ms) by extension 'colcon_pkg'
[1.201s] Level 1:colcon.colcon_core.package_identification:_identify(config/node_modules/socket.io-parser/node_modules/ms) by extensions ['colcon_meta']
[1.201s] Level 1:colcon.colcon_core.package_identification:_identify(config/node_modules/socket.io-parser/node_modules/ms) by extension 'colcon_meta'
[1.202s] Level 1:colcon.colcon_core.package_identification:_identify(config/node_modules/socket.io-parser/node_modules/ms) by extensions ['ros']
[1.202s] Level 1:colcon.colcon_core.package_identification:_identify(config/node_modules/socket.io-parser/node_modules/ms) by extension 'ros'
[1.202s] Level 1:colcon.colcon_core.package_identification:_identify(config/node_modules/socket.io-parser/node_modules/ms) by extensions ['cmake', 'python']
[1.202s] Level 1:colcon.colcon_core.package_identification:_identify(config/node_modules/socket.io-parser/node_modules/ms) by extension 'cmake'
[1.202s] Level 1:colcon.colcon_core.package_identification:_identify(config/node_modules/socket.io-parser/node_modules/ms) by extension 'python'
[1.202s] Level 1:colcon.colcon_core.package_identification:_identify(config/node_modules/socket.io-parser/node_modules/ms) by extensions ['python_setup_py']
[1.202s] Level 1:colcon.colcon_core.package_identification:_identify(config/node_modules/socket.io-parser/node_modules/ms) by extension 'python_setup_py'
[1.202s] Level 1:colcon.colcon_core.package_identification:_identify(config/node_modules/statuses) by extensions ['ignore', 'ignore_ament_install']
[1.202s] Level 1:colcon.colcon_core.package_identification:_identify(config/node_modules/statuses) by extension 'ignore'
[1.202s] Level 1:colcon.colcon_core.package_identification:_identify(config/node_modules/statuses) by extension 'ignore_ament_install'
[1.202s] Level 1:colcon.colcon_core.package_identification:_identify(config/node_modules/statuses) by extensions ['colcon_pkg']
[1.202s] Level 1:colcon.colcon_core.package_identification:_identify(config/node_modules/statuses) by extension 'colcon_pkg'
[1.202s] Level 1:colcon.colcon_core.package_identification:_identify(config/node_modules/statuses) by extensions ['colcon_meta']
[1.202s] Level 1:colcon.colcon_core.package_identification:_identify(config/node_modules/statuses) by extension 'colcon_meta'
[1.202s] Level 1:colcon.colcon_core.package_identification:_identify(config/node_modules/statuses) by extensions ['ros']
[1.202s] Level 1:colcon.colcon_core.package_identification:_identify(config/node_modules/statuses) by extension 'ros'
[1.202s] Level 1:colcon.colcon_core.package_identification:_identify(config/node_modules/statuses) by extensions ['cmake', 'python']
[1.202s] Level 1:colcon.colcon_core.package_identification:_identify(config/node_modules/statuses) by extension 'cmake'
[1.202s] Level 1:colcon.colcon_core.package_identification:_identify(config/node_modules/statuses) by extension 'python'
[1.203s] Level 1:colcon.colcon_core.package_identification:_identify(config/node_modules/statuses) by extensions ['python_setup_py']
[1.203s] Level 1:colcon.colcon_core.package_identification:_identify(config/node_modules/statuses) by extension 'python_setup_py'
[1.203s] Level 1:colcon.colcon_core.package_identification:_identify(config/node_modules/toidentifier) by extensions ['ignore', 'ignore_ament_install']
[1.203s] Level 1:colcon.colcon_core.package_identification:_identify(config/node_modules/toidentifier) by extension 'ignore'
[1.203s] Level 1:colcon.colcon_core.package_identification:_identify(config/node_modules/toidentifier) by extension 'ignore_ament_install'
[1.203s] Level 1:colcon.colcon_core.package_identification:_identify(config/node_modules/toidentifier) by extensions ['colcon_pkg']
[1.203s] Level 1:colcon.colcon_core.package_identification:_identify(config/node_modules/toidentifier) by extension 'colcon_pkg'
[1.203s] Level 1:colcon.colcon_core.package_identification:_identify(config/node_modules/toidentifier) by extensions ['colcon_meta']
[1.203s] Level 1:colcon.colcon_core.package_identification:_identify(config/node_modules/toidentifier) by extension 'colcon_meta'
[1.203s] Level 1:colcon.colcon_core.package_identification:_identify(config/node_modules/toidentifier) by extensions ['ros']
[1.203s] Level 1:colcon.colcon_core.package_identification:_identify(config/node_modules/toidentifier) by extension 'ros'
[1.203s] Level 1:colcon.colcon_core.package_identification:_identify(config/node_modules/toidentifier) by extensions ['cmake', 'python']
[1.203s] Level 1:colcon.colcon_core.package_identification:_identify(config/node_modules/toidentifier) by extension 'cmake'
[1.204s] Level 1:colcon.colcon_core.package_identification:_identify(config/node_modules/toidentifier) by extension 'python'
[1.204s] Level 1:colcon.colcon_core.package_identification:_identify(config/node_modules/toidentifier) by extensions ['python_setup_py']
[1.204s] Level 1:colcon.colcon_core.package_identification:_identify(config/node_modules/toidentifier) by extension 'python_setup_py'
[1.204s] Level 1:colcon.colcon_core.package_identification:_identify(config/node_modules/undici-types) by extensions ['ignore', 'ignore_ament_install']
[1.204s] Level 1:colcon.colcon_core.package_identification:_identify(config/node_modules/undici-types) by extension 'ignore'
[1.204s] Level 1:colcon.colcon_core.package_identification:_identify(config/node_modules/undici-types) by extension 'ignore_ament_install'
[1.204s] Level 1:colcon.colcon_core.package_identification:_identify(config/node_modules/undici-types) by extensions ['colcon_pkg']
[1.204s] Level 1:colcon.colcon_core.package_identification:_identify(config/node_modules/undici-types) by extension 'colcon_pkg'
[1.204s] Level 1:colcon.colcon_core.package_identification:_identify(config/node_modules/undici-types) by extensions ['colcon_meta']
[1.204s] Level 1:colcon.colcon_core.package_identification:_identify(config/node_modules/undici-types) by extension 'colcon_meta'
[1.204s] Level 1:colcon.colcon_core.package_identification:_identify(config/node_modules/undici-types) by extensions ['ros']
[1.204s] Level 1:colcon.colcon_core.package_identification:_identify(config/node_modules/undici-types) by extension 'ros'
[1.204s] Level 1:colcon.colcon_core.package_identification:_identify(config/node_modules/undici-types) by extensions ['cmake', 'python']
[1.204s] Level 1:colcon.colcon_core.package_identification:_identify(config/node_modules/undici-types) by extension 'cmake'
[1.204s] Level 1:colcon.colcon_core.package_identification:_identify(config/node_modules/undici-types) by extension 'python'
[1.204s] Level 1:colcon.colcon_core.package_identification:_identify(config/node_modules/undici-types) by extensions ['python_setup_py']
[1.204s] Level 1:colcon.colcon_core.package_identification:_identify(config/node_modules/undici-types) by extension 'python_setup_py'
[1.205s] Level 1:colcon.colcon_core.package_identification:_identify(config/node_modules/vary) by extensions ['ignore', 'ignore_ament_install']
[1.205s] Level 1:colcon.colcon_core.package_identification:_identify(config/node_modules/vary) by extension 'ignore'
[1.205s] Level 1:colcon.colcon_core.package_identification:_identify(config/node_modules/vary) by extension 'ignore_ament_install'
[1.205s] Level 1:colcon.colcon_core.package_identification:_identify(config/node_modules/vary) by extensions ['colcon_pkg']
[1.205s] Level 1:colcon.colcon_core.package_identification:_identify(config/node_modules/vary) by extension 'colcon_pkg'
[1.205s] Level 1:colcon.colcon_core.package_identification:_identify(config/node_modules/vary) by extensions ['colcon_meta']
[1.205s] Level 1:colcon.colcon_core.package_identification:_identify(config/node_modules/vary) by extension 'colcon_meta'
[1.205s] Level 1:colcon.colcon_core.package_identification:_identify(config/node_modules/vary) by extensions ['ros']
[1.205s] Level 1:colcon.colcon_core.package_identification:_identify(config/node_modules/vary) by extension 'ros'
[1.205s] Level 1:colcon.colcon_core.package_identification:_identify(config/node_modules/vary) by extensions ['cmake', 'python']
[1.205s] Level 1:colcon.colcon_core.package_identification:_identify(config/node_modules/vary) by extension 'cmake'
[1.205s] Level 1:colcon.colcon_core.package_identification:_identify(config/node_modules/vary) by extension 'python'
[1.205s] Level 1:colcon.colcon_core.package_identification:_identify(config/node_modules/vary) by extensions ['python_setup_py']
[1.205s] Level 1:colcon.colcon_core.package_identification:_identify(config/node_modules/vary) by extension 'python_setup_py'
[1.205s] Level 1:colcon.colcon_core.package_identification:_identify(config/node_modules/ws) by extensions ['ignore', 'ignore_ament_install']
[1.205s] Level 1:colcon.colcon_core.package_identification:_identify(config/node_modules/ws) by extension 'ignore'
[1.205s] Level 1:colcon.colcon_core.package_identification:_identify(config/node_modules/ws) by extension 'ignore_ament_install'
[1.205s] Level 1:colcon.colcon_core.package_identification:_identify(config/node_modules/ws) by extensions ['colcon_pkg']
[1.205s] Level 1:colcon.colcon_core.package_identification:_identify(config/node_modules/ws) by extension 'colcon_pkg'
[1.206s] Level 1:colcon.colcon_core.package_identification:_identify(config/node_modules/ws) by extensions ['colcon_meta']
[1.206s] Level 1:colcon.colcon_core.package_identification:_identify(config/node_modules/ws) by extension 'colcon_meta'
[1.206s] Level 1:colcon.colcon_core.package_identification:_identify(config/node_modules/ws) by extensions ['ros']
[1.206s] Level 1:colcon.colcon_core.package_identification:_identify(config/node_modules/ws) by extension 'ros'
[1.206s] Level 1:colcon.colcon_core.package_identification:_identify(config/node_modules/ws) by extensions ['cmake', 'python']
[1.206s] Level 1:colcon.colcon_core.package_identification:_identify(config/node_modules/ws) by extension 'cmake'
[1.206s] Level 1:colcon.colcon_core.package_identification:_identify(config/node_modules/ws) by extension 'python'
[1.206s] Level 1:colcon.colcon_core.package_identification:_identify(config/node_modules/ws) by extensions ['python_setup_py']
[1.206s] Level 1:colcon.colcon_core.package_identification:_identify(config/node_modules/ws) by extension 'python_setup_py'
[1.206s] Level 1:colcon.colcon_core.package_identification:_identify(config/node_modules/ws/lib) by extensions ['ignore', 'ignore_ament_install']
[1.206s] Level 1:colcon.colcon_core.package_identification:_identify(config/node_modules/ws/lib) by extension 'ignore'
[1.206s] Level 1:colcon.colcon_core.package_identification:_identify(config/node_modules/ws/lib) by extension 'ignore_ament_install'
[1.207s] Level 1:colcon.colcon_core.package_identification:_identify(config/node_modules/ws/lib) by extensions ['colcon_pkg']
[1.207s] Level 1:colcon.colcon_core.package_identification:_identify(config/node_modules/ws/lib) by extension 'colcon_pkg'
[1.207s] Level 1:colcon.colcon_core.package_identification:_identify(config/node_modules/ws/lib) by extensions ['colcon_meta']
[1.207s] Level 1:colcon.colcon_core.package_identification:_identify(config/node_modules/ws/lib) by extension 'colcon_meta'
[1.207s] Level 1:colcon.colcon_core.package_identification:_identify(config/node_modules/ws/lib) by extensions ['ros']
[1.207s] Level 1:colcon.colcon_core.package_identification:_identify(config/node_modules/ws/lib) by extension 'ros'
[1.207s] Level 1:colcon.colcon_core.package_identification:_identify(config/node_modules/ws/lib) by extensions ['cmake', 'python']
[1.207s] Level 1:colcon.colcon_core.package_identification:_identify(config/node_modules/ws/lib) by extension 'cmake'
[1.207s] Level 1:colcon.colcon_core.package_identification:_identify(config/node_modules/ws/lib) by extension 'python'
[1.207s] Level 1:colcon.colcon_core.package_identification:_identify(config/node_modules/ws/lib) by extensions ['python_setup_py']
[1.207s] Level 1:colcon.colcon_core.package_identification:_identify(config/node_modules/ws/lib) by extension 'python_setup_py'
[1.207s] Level 1:colcon.colcon_core.package_identification:_identify(install) by extensions ['ignore', 'ignore_ament_install']
[1.207s] Level 1:colcon.colcon_core.package_identification:_identify(install) by extension 'ignore'
[1.207s] Level 1:colcon.colcon_core.package_identification:_identify(install) ignored
[1.207s] Level 1:colcon.colcon_core.package_identification:_identify(log) by extensions ['ignore', 'ignore_ament_install']
[1.208s] Level 1:colcon.colcon_core.package_identification:_identify(log) by extension 'ignore'
[1.208s] Level 1:colcon.colcon_core.package_identification:_identify(log) ignored
[1.208s] Level 1:colcon.colcon_core.package_identification:_identify(src) by extensions ['ignore', 'ignore_ament_install']
[1.208s] Level 1:colcon.colcon_core.package_identification:_identify(src) by extension 'ignore'
[1.208s] Level 1:colcon.colcon_core.package_identification:_identify(src) by extension 'ignore_ament_install'
[1.208s] Level 1:colcon.colcon_core.package_identification:_identify(src) by extensions ['colcon_pkg']
[1.208s] Level 1:colcon.colcon_core.package_identification:_identify(src) by extension 'colcon_pkg'
[1.208s] Level 1:colcon.colcon_core.package_identification:_identify(src) by extensions ['colcon_meta']
[1.208s] Level 1:colcon.colcon_core.package_identification:_identify(src) by extension 'colcon_meta'
[1.208s] Level 1:colcon.colcon_core.package_identification:_identify(src) by extensions ['ros']
[1.208s] Level 1:colcon.colcon_core.package_identification:_identify(src) by extension 'ros'
[1.208s] Level 1:colcon.colcon_core.package_identification:_identify(src) by extensions ['cmake', 'python']
[1.208s] Level 1:colcon.colcon_core.package_identification:_identify(src) by extension 'cmake'
[1.209s] Level 1:colcon.colcon_core.package_identification:_identify(src) by extension 'python'
[1.209s] Level 1:colcon.colcon_core.package_identification:_identify(src) by extensions ['python_setup_py']
[1.209s] Level 1:colcon.colcon_core.package_identification:_identify(src) by extension 'python_setup_py'
[1.209s] Level 1:colcon.colcon_core.package_identification:_identify(src/bridge_manette) by extensions ['ignore', 'ignore_ament_install']
[1.209s] Level 1:colcon.colcon_core.package_identification:_identify(src/bridge_manette) by extension 'ignore'
[1.209s] Level 1:colcon.colcon_core.package_identification:_identify(src/bridge_manette) by extension 'ignore_ament_install'
[1.209s] Level 1:colcon.colcon_core.package_identification:_identify(src/bridge_manette) by extensions ['colcon_pkg']
[1.209s] Level 1:colcon.colcon_core.package_identification:_identify(src/bridge_manette) by extension 'colcon_pkg'
[1.209s] Level 1:colcon.colcon_core.package_identification:_identify(src/bridge_manette) by extensions ['colcon_meta']
[1.209s] Level 1:colcon.colcon_core.package_identification:_identify(src/bridge_manette) by extension 'colcon_meta'
[1.209s] Level 1:colcon.colcon_core.package_identification:_identify(src/bridge_manette) by extensions ['ros']
[1.209s] Level 1:colcon.colcon_core.package_identification:_identify(src/bridge_manette) by extension 'ros'
[1.216s] DEBUG:colcon.colcon_core.package_identification:Package 'src/bridge_manette' with type 'ros.ament_python' and name 'bridge_manette'
[1.216s] Level 1:colcon.colcon_core.package_discovery:discover_packages(recursive) using defaults
[1.216s] Level 1:colcon.colcon_core.package_discovery:discover_packages(ignore) discover
[1.216s] Level 1:colcon.colcon_core.package_discovery:discover_packages(ignore) using defaults
[1.216s] Level 1:colcon.colcon_core.package_discovery:discover_packages(path) discover
[1.216s] Level 1:colcon.colcon_core.package_discovery:discover_packages(path) using defaults
[1.276s] Level 1:colcon.colcon_core.package_discovery:discover_packages(prefix_path) check parameters
[1.276s] Level 1:colcon.colcon_core.package_discovery:discover_packages(prefix_path) discover
[1.282s] DEBUG:colcon.colcon_installed_package_information.package_discovery:Found 285 installed packages in /opt/ros/humble
[1.284s] Level 1:colcon.colcon_core.package_discovery:discover_packages(prefix_path) using defaults
[1.317s] Level 5:colcon.colcon_core.verb:set package 'bridge_manette' build argument 'cmake_args' from command line to 'None'
[1.318s] Level 5:colcon.colcon_core.verb:set package 'bridge_manette' build argument 'cmake_target' from command line to 'None'
[1.318s] Level 5:colcon.colcon_core.verb:set package 'bridge_manette' build argument 'cmake_target_skip_unavailable' from command line to 'False'
[1.318s] Level 5:colcon.colcon_core.verb:set package 'bridge_manette' build argument 'cmake_clean_cache' from command line to 'False'
[1.318s] Level 5:colcon.colcon_core.verb:set package 'bridge_manette' build argument 'cmake_clean_first' from command line to 'False'
[1.318s] Level 5:colcon.colcon_core.verb:set package 'bridge_manette' build argument 'cmake_force_configure' from command line to 'False'
[1.318s] Level 5:colcon.colcon_core.verb:set package 'bridge_manette' build argument 'ament_cmake_args' from command line to 'None'
[1.318s] Level 5:colcon.colcon_core.verb:set package 'bridge_manette' build argument 'catkin_cmake_args' from command line to 'None'
[1.318s] Level 5:colcon.colcon_core.verb:set package 'bridge_manette' build argument 'catkin_skip_building_tests' from command line to 'False'
[1.318s] DEBUG:colcon.colcon_core.verb:Building package 'bridge_manette' with the following arguments: {'ament_cmake_args': None, 'build_base': '/home/util/Documents/Projet/ros2_remote/ros_ws/build/bridge_manette', 'catkin_cmake_args': None, 'catkin_skip_building_tests': False, 'cmake_args': None, 'cmake_clean_cache': False, 'cmake_clean_first': False, 'cmake_force_configure': False, 'cmake_target': None, 'cmake_target_skip_unavailable': False, 'install_base': '/home/util/Documents/Projet/ros2_remote/ros_ws/install/bridge_manette', 'merge_install': False, 'path': '/home/util/Documents/Projet/ros2_remote/ros_ws/src/bridge_manette', 'symlink_install': False, 'test_result_base': None}
[1.318s] INFO:colcon.colcon_core.executor:Executing jobs using 'parallel' executor
[1.320s] DEBUG:colcon.colcon_parallel_executor.executor.parallel:run_until_complete
[1.320s] INFO:colcon.colcon_ros.task.ament_python.build:Building ROS package in '/home/util/Documents/Projet/ros2_remote/ros_ws/src/bridge_manette' with build type 'ament_python'
[1.320s] Level 1:colcon.colcon_core.shell:create_environment_hook('bridge_manette', 'ament_prefix_path')
[1.329s] INFO:colcon.colcon_core.plugin_system:Skipping extension 'colcon_core.shell.bat': Not used on non-Windows systems
[1.330s] INFO:colcon.colcon_core.shell:Creating environment hook '/home/util/Documents/Projet/ros2_remote/ros_ws/install/bridge_manette/share/bridge_manette/hook/ament_prefix_path.ps1'
[1.331s] INFO:colcon.colcon_core.shell:Creating environment descriptor '/home/util/Documents/Projet/ros2_remote/ros_ws/install/bridge_manette/share/bridge_manette/hook/ament_prefix_path.dsv'
[1.333s] INFO:colcon.colcon_core.shell:Creating environment hook '/home/util/Documents/Projet/ros2_remote/ros_ws/install/bridge_manette/share/bridge_manette/hook/ament_prefix_path.sh'
[1.334s] INFO:colcon.colcon_core.shell:Skip shell extension 'powershell' for command environment: Not usable outside of PowerShell
[1.335s] DEBUG:colcon.colcon_core.shell:Skip shell extension 'dsv' for command environment
[1.564s] INFO:colcon.colcon_core.task.python.build:Building Python package in '/home/util/Documents/Projet/ros2_remote/ros_ws/src/bridge_manette'
[1.564s] INFO:colcon.colcon_core.shell:Skip shell extension 'powershell' for command environment: Not usable outside of PowerShell
[1.565s] DEBUG:colcon.colcon_core.shell:Skip shell extension 'dsv' for command environment
[1.951s] DEBUG:colcon.colcon_core.event_handler.log_command:Invoking command in '/home/util/Documents/Projet/ros2_remote/ros_ws/src/bridge_manette': PYTHONPATH=/home/util/Documents/Projet/ros2_remote/ros_ws/build/bridge_manette/prefix_override:/usr/lib/python3/dist-packages/colcon_core/task/python/colcon_distutils_commands:/home/util/Documents/Projet/ros2_remote/ros_ws/install/bridge_manette/lib/python3.10/site-packages:${PYTHONPATH} /usr/bin/python3 -W ignore:setup.py install is deprecated -W ignore:easy_install command is deprecated setup.py egg_info --egg-base ../../build/bridge_manette build --build-base /home/util/Documents/Projet/ros2_remote/ros_ws/build/bridge_manette/build install --record /home/util/Documents/Projet/ros2_remote/ros_ws/build/bridge_manette/install.log --single-version-externally-managed install_data
[2.224s] DEBUG:colcon.colcon_core.event_handler.log_command:Invoked command in '/home/util/Documents/Projet/ros2_remote/ros_ws/src/bridge_manette' returned '0': PYTHONPATH=/home/util/Documents/Projet/ros2_remote/ros_ws/build/bridge_manette/prefix_override:/usr/lib/python3/dist-packages/colcon_core/task/python/colcon_distutils_commands:/home/util/Documents/Projet/ros2_remote/ros_ws/install/bridge_manette/lib/python3.10/site-packages:${PYTHONPATH} /usr/bin/python3 -W ignore:setup.py install is deprecated -W ignore:easy_install command is deprecated setup.py egg_info --egg-base ../../build/bridge_manette build --build-base /home/util/Documents/Projet/ros2_remote/ros_ws/build/bridge_manette/build install --record /home/util/Documents/Projet/ros2_remote/ros_ws/build/bridge_manette/install.log --single-version-externally-managed install_data
[2.238s] Level 1:colcon.colcon_core.environment:checking '/home/util/Documents/Projet/ros2_remote/ros_ws/install/bridge_manette' for CMake module files
[2.239s] Level 1:colcon.colcon_core.environment:checking '/home/util/Documents/Projet/ros2_remote/ros_ws/install/bridge_manette' for CMake config files
[2.239s] Level 1:colcon.colcon_core.environment:checking '/home/util/Documents/Projet/ros2_remote/ros_ws/install/bridge_manette/lib'
[2.239s] Level 1:colcon.colcon_core.environment:checking '/home/util/Documents/Projet/ros2_remote/ros_ws/install/bridge_manette/bin'
[2.239s] Level 1:colcon.colcon_core.environment:checking '/home/util/Documents/Projet/ros2_remote/ros_ws/install/bridge_manette/lib/pkgconfig/bridge_manette.pc'
[2.240s] Level 1:colcon.colcon_core.environment:checking '/home/util/Documents/Projet/ros2_remote/ros_ws/install/bridge_manette/lib/python3.10/site-packages'
[2.240s] Level 1:colcon.colcon_core.shell:create_environment_hook('bridge_manette', 'pythonpath')
[2.240s] INFO:colcon.colcon_core.shell:Creating environment hook '/home/util/Documents/Projet/ros2_remote/ros_ws/install/bridge_manette/share/bridge_manette/hook/pythonpath.ps1'
[2.241s] INFO:colcon.colcon_core.shell:Creating environment descriptor '/home/util/Documents/Projet/ros2_remote/ros_ws/install/bridge_manette/share/bridge_manette/hook/pythonpath.dsv'
[2.241s] INFO:colcon.colcon_core.shell:Creating environment hook '/home/util/Documents/Projet/ros2_remote/ros_ws/install/bridge_manette/share/bridge_manette/hook/pythonpath.sh'
[2.242s] Level 1:colcon.colcon_core.environment:checking '/home/util/Documents/Projet/ros2_remote/ros_ws/install/bridge_manette/bin'
[2.242s] Level 1:colcon.colcon_core.environment:create_environment_scripts_only(bridge_manette)
[2.242s] INFO:colcon.colcon_core.shell:Creating package script '/home/util/Documents/Projet/ros2_remote/ros_ws/install/bridge_manette/share/bridge_manette/package.ps1'
[2.244s] INFO:colcon.colcon_core.shell:Creating package descriptor '/home/util/Documents/Projet/ros2_remote/ros_ws/install/bridge_manette/share/bridge_manette/package.dsv'
[2.245s] INFO:colcon.colcon_core.shell:Creating package script '/home/util/Documents/Projet/ros2_remote/ros_ws/install/bridge_manette/share/bridge_manette/package.sh'
[2.247s] INFO:colcon.colcon_core.shell:Creating package script '/home/util/Documents/Projet/ros2_remote/ros_ws/install/bridge_manette/share/bridge_manette/package.bash'
[2.248s] INFO:colcon.colcon_core.shell:Creating package script '/home/util/Documents/Projet/ros2_remote/ros_ws/install/bridge_manette/share/bridge_manette/package.zsh'
[2.250s] Level 1:colcon.colcon_core.environment:create_file_with_runtime_dependencies(/home/util/Documents/Projet/ros2_remote/ros_ws/install/bridge_manette/share/colcon-core/packages/bridge_manette)
[2.251s] DEBUG:colcon.colcon_parallel_executor.executor.parallel:closing loop
[2.251s] DEBUG:colcon.colcon_parallel_executor.executor.parallel:loop closed
[2.251s] DEBUG:colcon.colcon_parallel_executor.executor.parallel:run_until_complete finished with '0'
[2.251s] DEBUG:colcon.colcon_core.event_reactor:joining thread
[2.261s] INFO:colcon.colcon_core.plugin_system:Skipping extension 'colcon_notification.desktop_notification.terminal_notifier': Not used on non-Darwin systems
[2.261s] INFO:colcon.colcon_core.plugin_system:Skipping extension 'colcon_notification.desktop_notification.win32': Not used on non-Windows systems
[2.261s] INFO:colcon.colcon_notification.desktop_notification:Sending desktop notification using 'notify2'
[2.318s] DEBUG:colcon.colcon_core.event_reactor:joined thread
[2.319s] INFO:colcon.colcon_core.shell:Creating prefix script '/home/util/Documents/Projet/ros2_remote/ros_ws/install/local_setup.ps1'
[2.322s] INFO:colcon.colcon_core.shell:Creating prefix util module '/home/util/Documents/Projet/ros2_remote/ros_ws/install/_local_setup_util_ps1.py'
[2.333s] INFO:colcon.colcon_core.shell:Creating prefix chain script '/home/util/Documents/Projet/ros2_remote/ros_ws/install/setup.ps1'
[2.337s] INFO:colcon.colcon_core.shell:Creating prefix script '/home/util/Documents/Projet/ros2_remote/ros_ws/install/local_setup.sh'
[2.339s] INFO:colcon.colcon_core.shell:Creating prefix util module '/home/util/Documents/Projet/ros2_remote/ros_ws/install/_local_setup_util_sh.py'
[2.339s] INFO:colcon.colcon_core.shell:Creating prefix chain script '/home/util/Documents/Projet/ros2_remote/ros_ws/install/setup.sh'
[2.341s] INFO:colcon.colcon_core.shell:Creating prefix script '/home/util/Documents/Projet/ros2_remote/ros_ws/install/local_setup.bash'
[2.343s] INFO:colcon.colcon_core.shell:Creating prefix chain script '/home/util/Documents/Projet/ros2_remote/ros_ws/install/setup.bash'
[2.345s] INFO:colcon.colcon_core.shell:Creating prefix script '/home/util/Documents/Projet/ros2_remote/ros_ws/install/local_setup.zsh'
[2.346s] INFO:colcon.colcon_core.shell:Creating prefix chain script '/home/util/Documents/Projet/ros2_remote/ros_ws/install/setup.zsh'
